# ax (m/s^2), ay (m/s^2), az (m/s^2)
0.000000 0.000000 9.810000
0.000000 0.000000 9.810000
0.000000 0.000000 9.810000
0.000000 0.000000 9.810000
0.000000 0.000000 9.810000
0.000000 0.000000 9.810000
0.000000 0.000000 9.810000
0.000000 0.000000 9.810000
0.000000 0.000000 9.810000
0.000000 0.000000 9.810000
0.000000 0.000000 9.810000
0.000000 0.000000 9.810000
0.000000 0.000000 9.810000
0.000000 0.000000 9.810000
0.000000 0.000000 9.810000
0.000000 0.000000 9.810000
0.000000 0.000000 9.810000
0.000000 0.000000 9.810000
0.000000 0.000000 9.810000
0.000000 0.000000 9.810000
0.000000 0.000000 9.810000
0.000000 0.000000 9.810000
0.000000 0.000000 9.810000
0.000000 0.000000 9.810000
0.000000 0.000000 9.810000
0.000000 0.000000 9.810000
0.000000 0.000000 9.810000
0.000000 0.000000 9.810000
0.000000 0.000000 9.810000
0.000000 0.000000 9.810000
0.000000 0.000000 9.810000
0.000000 0.000000 9.810000
0.000000 0.000000 9.810000
0.000000 0.000000 9.810000
0.000000 0.000000 9.810000
0.000000 0.000000 9.810000
0.000000 0.000000 9.810000
0.021794 0.000000 9.839058
0.085908 0.000000 9.924544
0.188617 0.000000 10.061489
0.323951 0.000000 10.241935
0.484046 0.000000 10.455395
0.659597 0.000000 10.689463
0.840403 0.000000 10.930537
1.015954 0.000000 11.164605
1.176049 0.000000 11.378065
1.311383 0.000000 11.558511
1.414092 0.000000 11.695456
1.478206 0.000000 11.780942
1.500000 0.000000 11.810000
1.478206 0.000000 11.780942
1.414092 0.000000 11.695456
1.311383 0.000000 11.558511
1.176049 0.000000 11.378065
1.015954 0.000000 11.164605
0.840403 0.000000 10.930537
0.659597 0.000000 10.689463
0.484046 0.000000 10.455395
0.323951 0.000000 10.241935
0.188617 0.000000 10.061489
0.085908 0.000000 9.924544
0.021794 0.000000 9.839058
0.000000 0.000000 9.810000
0.000000 0.000000 9.810000
0.000000 0.000000 9.810000
0.000000 0.000000 9.810000
0.000000 0.000000 9.810000
0.000000 0.000000 9.810000
0.000000 0.000000 9.810000
0.000000 0.000000 9.810000
0.000000 0.000000 9.810000
0.000000 0.000000 9.810000
0.000000 0.000000 9.810000
0.000000 0.000000 9.810000
0.000000 0.000000 9.810000
0.000000 0.000000 9.810000
0.000000 0.000000 9.810000
0.000000 0.000000 9.810000
0.000000 0.000000 9.810000
0.000000 0.000000 9.810000
0.000000 0.000000 9.810000
0.000000 0.000000 9.810000
0.000000 0.000000 9.810000
0.000000 0.000000 9.810000
0.000000 0.000000 9.810000
0.000000 0.000000 9.810000
0.000000 0.000000 9.810000
0.021794 0.000000 9.839058
0.085908 0.000000 9.924544
0.188617 0.000000 10.061489
0.323951 0.000000 10.241935
0.484046 0.000000 10.455395
0.659597 0.000000 10.689463
0.840403 0.000000 10.930537
1.015954 0.000000 11.164605
1.176049 0.000000 11.378065
1.311383 0.000000 11.558511
1.414092 0.000000 11.695456
1.478206 0.000000 11.780942
1.500000 0.000000 11.810000
1.478206 0.000000 11.780942
1.414092 0.000000 11.695456
1.311383 0.000000 11.558511
1.176049 0.000000 11.378065
1.015954 0.000000 11.164605
0.840403 0.000000 10.930537
0.659597 0.000000 10.689463
0.484046 0.000000 10.455395
0.323951 0.000000 10.241935
0.188617 0.000000 10.061489
0.085908 0.000000 9.924544
0.021794 0.000000 9.839058
0.000000 0.000000 9.810000
0.000000 0.000000 9.810000
0.000000 0.000000 9.810000
0.000000 0.000000 9.810000
0.000000 0.000000 9.810000
0.000000 0.000000 9.810000
0.000000 0.000000 9.810000
0.000000 0.000000 9.810000
0.000000 0.000000 9.810000
0.000000 0.000000 9.810000
0.000000 0.000000 9.810000
0.000000 0.000000 9.810000
0.000000 0.000000 9.810000
0.000000 0.000000 9.810000
0.000000 0.000000 9.810000
0.000000 0.000000 9.810000
0.000000 0.000000 9.810000
0.000000 0.000000 9.810000
0.000000 0.000000 9.810000
0.000000 0.000000 9.810000
0.000000 0.000000 9.810000
0.000000 0.000000 9.810000
0.000000 0.000000 9.810000
0.000000 0.000000 9.810000
0.000000 0.000000 9.810000
0.021794 0.000000 9.839058
0.085908 0.000000 9.924544
0.188617 0.000000 10.061489
0.323951 0.000000 10.241935
0.484046 0.000000 10.455395
0.659597 0.000000 10.689463
0.840403 0.000000 10.930537
1.015954 0.000000 11.164605
1.176049 0.000000 11.378065
1.311383 0.000000 11.558511
1.414092 0.000000 11.695456
1.478206 0.000000 11.780942
1.500000 0.000000 11.810000
1.478206 0.000000 11.780942
1.414092 0.000000 11.695456
1.311383 0.000000 11.558511
1.176049 0.000000 11.378065
1.015954 0.000000 11.164605
0.840403 0.000000 10.930537
0.659597 0.000000 10.689463
0.484046 0.000000 10.455395
0.323951 0.000000 10.241935
0.188617 0.000000 10.061489
0.085908 0.000000 9.924544
0.021794 0.000000 9.839058
0.000000 0.000000 9.810000
0.000000 0.000000 9.810000
0.000000 0.000000 9.810000
0.000000 0.000000 9.810000
0.000000 0.000000 9.810000
0.000000 0.000000 9.810000
0.000000 0.000000 9.810000
0.000000 0.000000 9.810000
0.000000 0.000000 9.810000
0.000000 0.000000 9.810000
0.000000 0.000000 9.810000
0.000000 0.000000 9.810000
0.000000 0.000000 9.810000
0.000000 0.000000 9.810000
0.000000 0.000000 9.810000
0.000000 0.000000 9.810000
0.000000 0.000000 9.810000
0.000000 0.000000 9.810000
0.000000 0.000000 9.810000
0.000000 0.000000 9.810000
0.000000 0.000000 9.810000
0.000000 0.000000 9.810000
0.000000 0.000000 9.810000
0.000000 0.000000 9.810000
0.000000 0.000000 9.810000
0.021794 0.000000 9.839058
0.085908 0.000000 9.924544
0.188617 0.000000 10.061489
0.323951 0.000000 10.241935
0.484046 0.000000 10.455395
0.659597 0.000000 10.689463
0.840403 0.000000 10.930537
1.015954 0.000000 11.164605
1.176049 0.000000 11.378065
1.311383 0.000000 11.558511
1.414092 0.000000 11.695456
1.478206 0.000000 11.780942
1.500000 0.000000 11.810000
1.478206 0.000000 11.780942
1.414092 0.000000 11.695456
1.311383 0.000000 11.558511
1.176049 0.000000 11.378065
1.015954 0.000000 11.164605
0.840403 0.000000 10.930537
0.659597 0.000000 10.689463
0.484046 0.000000 10.455395
0.323951 0.000000 10.241935
0.188617 0.000000 10.061489
0.085908 0.000000 9.924544
0.021794 0.000000 9.839058
0.000000 0.000000 9.810000
0.000000 0.000000 9.810000
0.000000 0.000000 9.810000
0.000000 0.000000 9.810000
0.000000 0.000000 9.810000
0.000000 0.000000 9.810000
0.000000 0.000000 9.810000
0.000000 0.000000 9.810000
0.000000 0.000000 9.810000
0.000000 0.000000 9.810000
0.000000 0.000000 9.810000
0.000000 0.000000 9.810000
0.000000 0.000000 9.810000
0.000000 0.000000 9.810000
0.000000 0.000000 9.810000
0.000000 0.000000 9.810000
0.000000 0.000000 9.810000
0.000000 0.000000 9.810000
0.000000 0.000000 9.810000
0.000000 0.000000 9.810000
0.000000 0.000000 9.810000
0.000000 0.000000 9.810000
0.000000 0.000000 9.810000
0.000000 0.000000 9.810000
0.000000 0.000000 9.810000
0.021794 0.000000 9.839058
0.085908 0.000000 9.924544
0.188617 0.000000 10.061489
0.323951 0.000000 10.241935
0.484046 0.000000 10.455395
0.659597 0.000000 10.689463
0.840403 0.000000 10.930537
1.015954 0.000000 11.164605
1.176049 0.000000 11.378065
1.311383 0.000000 11.558511
1.414092 0.000000 11.695456
1.478206 0.000000 11.780942
1.500000 0.000000 11.810000
1.478206 0.000000 11.780942
1.414092 0.000000 11.695456
1.311383 0.000000 11.558511
1.176049 0.000000 11.378065
1.015954 0.000000 11.164605
0.840403 0.000000 10.930537
0.659597 0.000000 10.689463
0.484046 0.000000 10.455395
0.323951 0.000000 10.241935
0.188617 0.000000 10.061489
0.085908 0.000000 9.924544
0.021794 0.000000 9.839058
0.000000 0.000000 9.810000
0.000000 0.000000 9.810000
0.000000 0.000000 9.810000
0.000000 0.000000 9.810000
0.000000 0.000000 9.810000
0.000000 0.000000 9.810000
0.000000 0.000000 9.810000
0.000000 0.000000 9.810000
0.000000 0.000000 9.810000
0.000000 0.000000 9.810000
0.000000 0.000000 9.810000
0.000000 0.000000 9.810000
0.000000 0.000000 9.810000
0.000000 0.000000 9.810000
0.000000 0.000000 9.810000
0.000000 0.000000 9.810000
0.000000 0.000000 9.810000
0.000000 0.000000 9.810000
0.000000 0.000000 9.810000
0.000000 0.000000 9.810000
0.000000 0.000000 9.810000
0.000000 0.000000 9.810000
0.000000 0.000000 9.810000
0.000000 0.000000 9.810000
0.000000 0.000000 9.810000
0.021794 0.000000 9.839058
0.085908 0.000000 9.924544
0.188617 0.000000 10.061489
0.323951 0.000000 10.241935
0.484046 0.000000 10.455395
0.659597 0.000000 10.689463
0.840403 0.000000 10.930537
1.015954 0.000000 11.164605
1.176049 0.000000 11.378065
1.311383 0.000000 11.558511
1.414092 0.000000 11.695456
1.478206 0.000000 11.780942
1.500000 0.000000 11.810000
1.478206 0.000000 11.780942
1.414092 0.000000 11.695456
1.311383 0.000000 11.558511
1.176049 0.000000 11.378065
1.015954 0.000000 11.164605
0.840403 0.000000 10.930537
0.659597 0.000000 10.689463
0.484046 0.000000 10.455395
0.323951 0.000000 10.241935
0.188617 0.000000 10.061489
0.085908 0.000000 9.924544
0.021794 0.000000 9.839058
0.000000 0.000000 9.810000
0.000000 0.000000 9.810000
0.000000 0.000000 9.810000
0.000000 0.000000 9.810000
0.000000 0.000000 9.810000
0.000000 0.000000 9.810000
0.000000 0.000000 9.810000
0.000000 0.000000 9.810000
0.000000 0.000000 9.810000
0.000000 0.000000 9.810000
0.000000 0.000000 9.810000
0.000000 0.000000 9.810000
0.000000 0.000000 9.810000
0.000000 0.000000 9.810000
0.000000 0.000000 9.810000
0.000000 0.000000 9.810000
0.000000 0.000000 9.810000
0.000000 0.000000 9.810000
0.000000 0.000000 9.810000
0.000000 0.000000 9.810000
0.000000 0.000000 9.810000
0.000000 0.000000 9.810000
0.000000 0.000000 9.810000
0.000000 0.000000 9.810000
0.000000 0.000000 9.810000
0.021794 0.000000 9.839058
0.085908 0.000000 9.924544
0.188617 0.000000 10.061489
0.323951 0.000000 10.241935
0.484046 0.000000 10.455395
0.659597 0.000000 10.689463
0.840403 0.000000 10.930537
1.015954 0.000000 11.164605
1.176049 0.000000 11.378065
1.311383 0.000000 11.558511
1.414092 0.000000 11.695456
1.478206 0.000000 11.780942
1.500000 0.000000 11.810000
1.478206 0.000000 11.780942
1.414092 0.000000 11.695456
1.311383 0.000000 11.558511
1.176049 0.000000 11.378065
1.015954 0.000000 11.164605
0.840403 0.000000 10.930537
0.659597 0.000000 10.689463
0.484046 0.000000 10.455395
0.323951 0.000000 10.241935
0.188617 0.000000 10.061489
0.085908 0.000000 9.924544
0.021794 0.000000 9.839058
0.000000 0.000000 9.810000
0.000000 0.000000 9.810000
0.000000 0.000000 9.810000
0.000000 0.000000 9.810000
0.000000 0.000000 9.810000
0.000000 0.000000 9.810000
0.000000 0.000000 9.810000
0.000000 0.000000 9.810000
0.000000 0.000000 9.810000
0.000000 0.000000 9.810000
0.000000 0.000000 9.810000
0.000000 0.000000 9.810000
0.000000 0.000000 9.810000
0.000000 0.000000 9.810000
0.000000 0.000000 9.810000
0.000000 0.000000 9.810000
0.000000 0.000000 9.810000
0.000000 0.000000 9.810000
0.000000 0.000000 9.810000
0.000000 0.000000 9.810000
0.000000 0.000000 9.810000
0.000000 0.000000 9.810000
0.000000 0.000000 9.810000
0.000000 0.000000 9.810000
0.000000 0.000000 9.810000
0.021794 0.000000 9.839058
0.085908 0.000000 9.924544
0.188617 0.000000 10.061489
0.323951 0.000000 10.241935
0.484046 0.000000 10.455395
0.659597 0.000000 10.689463
0.840403 0.000000 10.930537
1.015954 0.000000 11.164605
1.176049 0.000000 11.378065
1.311383 0.000000 11.558511
1.414092 0.000000 11.695456
1.478206 0.000000 11.780942
1.500000 0.000000 11.810000
1.478206 0.000000 11.780942
1.414092 0.000000 11.695456
1.311383 0.000000 11.558511
1.176049 0.000000 11.378065
1.015954 0.000000 11.164605
0.840403 0.000000 10.930537
0.659597 0.000000 10.689463
0.484046 0.000000 10.455395
0.323951 0.000000 10.241935
0.188617 0.000000 10.061489
0.085908 0.000000 9.924544
0.021794 0.000000 9.839058
0.000000 0.000000 9.810000
0.000000 0.000000 9.810000
0.000000 0.000000 9.810000
0.000000 0.000000 9.810000
0.000000 0.000000 9.810000
0.000000 0.000000 9.810000
0.000000 0.000000 9.810000
0.000000 0.000000 9.810000
0.000000 0.000000 9.810000
0.000000 0.000000 9.810000
0.000000 0.000000 9.810000
0.000000 0.000000 9.810000
0.000000 0.000000 9.810000
0.000000 0.000000 9.810000
0.000000 0.000000 9.810000
0.000000 0.000000 9.810000
0.000000 0.000000 9.810000
0.000000 0.000000 9.810000
0.000000 0.000000 9.810000
0.000000 0.000000 9.810000
0.000000 0.000000 9.810000
0.000000 0.000000 9.810000
0.000000 0.000000 9.810000
0.000000 0.000000 9.810000
0.000000 0.000000 9.810000
0.021794 0.000000 9.839058
0.085908 0.000000 9.924544
0.188617 0.000000 10.061489
0.323951 0.000000 10.241935
0.484046 0.000000 10.455395
0.659597 0.000000 10.689463
0.840403 0.000000 10.930537
1.015954 0.000000 11.164605
1.176049 0.000000 11.378065
1.311383 0.000000 11.558511
1.414092 0.000000 11.695456
1.478206 0.000000 11.780942
1.500000 0.000000 11.810000
1.478206 0.000000 11.780942
1.414092 0.000000 11.695456
1.311383 0.000000 11.558511
1.176049 0.000000 11.378065
1.015954 0.000000 11.164605
0.840403 0.000000 10.930537
0.659597 0.000000 10.689463
0.484046 0.000000 10.455395
0.323951 0.000000 10.241935
0.188617 0.000000 10.061489
0.085908 0.000000 9.924544
0.021794 0.000000 9.839058
0.000000 0.000000 9.810000
0.000000 0.000000 9.810000
0.000000 0.000000 9.810000
0.000000 0.000000 9.810000
0.000000 0.000000 9.810000
0.000000 0.000000 9.810000
0.000000 0.000000 9.810000
0.000000 0.000000 9.810000
0.000000 0.000000 9.810000
0.000000 0.000000 9.810000
0.000000 0.000000 9.810000
0.000000 0.000000 9.810000
0.000000 0.000000 9.810000
0.000000 0.000000 9.810000
0.000000 0.000000 9.810000
0.000000 0.000000 9.810000
0.000000 0.000000 9.810000
0.000000 0.000000 9.810000
0.000000 0.000000 9.810000
0.000000 0.000000 9.810000
0.000000 0.000000 9.810000
0.000000 0.000000 9.810000
0.000000 0.000000 9.810000
0.000000 0.000000 9.810000
0.000000 0.000000 9.810000
0.021794 0.000000 9.839058
0.085908 0.000000 9.924544
0.188617 0.000000 10.061489
0.323951 0.000000 10.241935
0.484046 0.000000 10.455395
0.659597 0.000000 10.689463
0.840403 0.000000 10.930537
1.015954 0.000000 11.164605
1.176049 0.000000 11.378065
1.311383 0.000000 11.558511
1.414092 0.000000 11.695456
1.478206 0.000000 11.780942
1.500000 0.000000 11.810000
1.478206 0.000000 11.780942
1.414092 0.000000 11.695456
1.311383 0.000000 11.558511
1.176049 0.000000 11.378065
1.015954 0.000000 11.164605
0.840403 0.000000 10.930537
0.659597 0.000000 10.689463
0.484046 0.000000 10.455395
0.323951 0.000000 10.241935
0.188617 0.000000 10.061489
0.085908 0.000000 9.924544
0.021794 0.000000 9.839058
0.000000 0.000000 9.810000
0.000000 0.000000 9.810000
0.000000 0.000000 9.810000
0.000000 0.000000 9.810000
0.000000 0.000000 9.810000
0.000000 0.000000 9.810000
0.000000 0.000000 9.810000
0.000000 0.000000 9.810000
0.000000 0.000000 9.810000
0.000000 0.000000 9.810000
0.000000 0.000000 9.810000
0.000000 0.000000 9.810000
0.000000 0.000000 9.810000
0.000000 0.000000 9.810000
0.000000 0.000000 9.810000
0.000000 0.000000 9.810000
0.000000 0.000000 9.810000
0.000000 0.000000 9.810000
0.000000 0.000000 9.810000
0.000000 0.000000 9.810000
0.000000 0.000000 9.810000
0.000000 0.000000 9.810000
0.000000 0.000000 9.810000
0.000000 0.000000 9.810000
0.000000 0.000000 9.810000
0.021794 0.000000 9.839058
0.085908 0.000000 9.924544
0.188617 0.000000 10.061489
0.323951 0.000000 10.241935
0.484046 0.000000 10.455395
0.659597 0.000000 10.689463
0.840403 0.000000 10.930537
1.015954 0.000000 11.164605
1.176049 0.000000 11.378065
1.311383 0.000000 11.558511
1.414092 0.000000 11.695456
1.478206 0.000000 11.780942
1.500000 0.000000 11.810000
1.478206 0.000000 11.780942
1.414092 0.000000 11.695456
1.311383 0.000000 11.558511
1.176049 0.000000 11.378065
1.015954 0.000000 11.164605
0.840403 0.000000 10.930537
0.659597 0.000000 10.689463
0.484046 0.000000 10.455395
0.323951 0.000000 10.241935
0.188617 0.000000 10.061489
0.085908 0.000000 9.924544
0.021794 0.000000 9.839058
0.000000 0.000000 9.810000
0.000000 0.000000 9.810000
0.000000 0.000000 9.810000
0.000000 0.000000 9.810000
0.000000 0.000000 9.810000
0.000000 0.000000 9.810000
0.000000 0.000000 9.810000
0.000000 0.000000 9.810000
0.000000 0.000000 9.810000
0.000000 0.000000 9.810000
0.000000 0.000000 9.810000
0.000000 0.000000 9.810000
0.000000 0.000000 9.810000
0.000000 0.000000 9.810000
0.000000 0.000000 9.810000
0.000000 0.000000 9.810000
0.000000 0.000000 9.810000
0.000000 0.000000 9.810000
0.000000 0.000000 9.810000
0.000000 0.000000 9.810000
0.000000 0.000000 9.810000
0.000000 0.000000 9.810000
0.000000 0.000000 9.810000
0.000000 0.000000 9.810000
0.000000 0.000000 9.810000
0.021794 0.000000 9.839058
0.085908 0.000000 9.924544
0.188617 0.000000 10.061489
0.323951 0.000000 10.241935
0.484046 0.000000 10.455395
0.659597 0.000000 10.689463
0.840403 0.000000 10.930537
1.015954 0.000000 11.164605
1.176049 0.000000 11.378065
1.311383 0.000000 11.558511
1.414092 0.000000 11.695456
1.478206 0.000000 11.780942
1.500000 0.000000 11.810000
1.478206 0.000000 11.780942
1.414092 0.000000 11.695456
1.311383 0.000000 11.558511
1.176049 0.000000 11.378065
1.015954 0.000000 11.164605
0.840403 0.000000 10.930537
0.659597 0.000000 10.689463
0.484046 0.000000 10.455395
0.323951 0.000000 10.241935
0.188617 0.000000 10.061489
0.085908 0.000000 9.924544
0.021794 0.000000 9.839058
0.000000 0.000000 9.810000
0.000000 0.000000 9.810000
0.000000 0.000000 9.810000
0.000000 0.000000 9.810000
0.000000 0.000000 9.810000
0.000000 0.000000 9.810000
0.000000 0.000000 9.810000
0.000000 0.000000 9.810000
0.000000 0.000000 9.810000
0.000000 0.000000 9.810000
0.000000 0.000000 9.810000
0.000000 0.000000 9.810000
0.000000 0.000000 9.810000
0.000000 0.000000 9.810000
0.000000 0.000000 9.810000
0.000000 0.000000 9.810000
0.000000 0.000000 9.810000
0.000000 0.000000 9.810000
0.000000 0.000000 9.810000
0.000000 0.000000 9.810000
0.000000 0.000000 9.810000
0.000000 0.000000 9.810000
0.000000 0.000000 9.810000
0.000000 0.000000 9.810000
0.000000 0.000000 9.810000
0.021794 0.000000 9.839058
0.085908 0.000000 9.924544
0.188617 0.000000 10.061489
0.323951 0.000000 10.241935
0.484046 0.000000 10.455395
0.659597 0.000000 10.689463
0.840403 0.000000 10.930537
1.015954 0.000000 11.164605
1.176049 0.000000 11.378065
1.311383 0.000000 11.558511
1.414092 0.000000 11.695456
1.478206 0.000000 11.780942
1.500000 0.000000 11.810000
1.478206 0.000000 11.780942
1.414092 0.000000 11.695456
1.311383 0.000000 11.558511
1.176049 0.000000 11.378065
1.015954 0.000000 11.164605
0.840403 0.000000 10.930537
0.659597 0.000000 10.689463
0.484046 0.000000 10.455395
0.323951 0.000000 10.241935
0.188617 0.000000 10.061489
0.085908 0.000000 9.924544
0.021794 0.000000 9.839058
0.000000 0.000000 9.810000
0.000000 0.000000 9.810000
0.000000 0.000000 9.810000
0.000000 0.000000 9.810000
0.000000 0.000000 9.810000
0.000000 0.000000 9.810000
0.000000 0.000000 9.810000
0.000000 0.000000 9.810000
0.000000 0.000000 9.810000
0.000000 0.000000 9.810000
0.000000 0.000000 9.810000
0.000000 0.000000 9.810000
0.000000 0.000000 9.810000
0.000000 0.000000 9.810000
0.000000 0.000000 9.810000
0.000000 0.000000 9.810000
0.000000 0.000000 9.810000
0.000000 0.000000 9.810000
0.000000 0.000000 9.810000
0.000000 0.000000 9.810000
0.000000 0.000000 9.810000
0.000000 0.000000 9.810000
0.000000 0.000000 9.810000
0.000000 0.000000 9.810000
0.000000 0.000000 9.810000
0.021794 0.000000 9.839058
0.085908 0.000000 9.924544
0.188617 0.000000 10.061489
0.323951 0.000000 10.241935
0.484046 0.000000 10.455395
0.659597 0.000000 10.689463
0.840403 0.000000 10.930537
1.015954 0.000000 11.164605
1.176049 0.000000 11.378065
1.311383 0.000000 11.558511
1.414092 0.000000 11.695456
1.478206 0.000000 11.780942
1.500000 0.000000 11.810000
1.478206 0.000000 11.780942
1.414092 0.000000 11.695456
1.311383 0.000000 11.558511
1.176049 0.000000 11.378065
1.015954 0.000000 11.164605
0.840403 0.000000 10.930537
0.659597 0.000000 10.689463
0.484046 0.000000 10.455395
0.323951 0.000000 10.241935
0.188617 0.000000 10.061489
0.085908 0.000000 9.924544
0.021794 0.000000 9.839058
0.000000 0.000000 9.810000
0.000000 0.000000 9.810000
0.000000 0.000000 9.810000
0.000000 0.000000 9.810000
0.000000 0.000000 9.810000
0.000000 0.000000 9.810000
0.000000 0.000000 9.810000
0.000000 0.000000 9.810000
0.000000 0.000000 9.810000
0.000000 0.000000 9.810000
0.000000 0.000000 9.810000
0.000000 0.000000 9.810000
0.000000 0.000000 9.810000
0.000000 0.000000 9.810000
0.000000 0.000000 9.810000
0.000000 0.000000 9.810000
0.000000 0.000000 9.810000
0.000000 0.000000 9.810000
0.000000 0.000000 9.810000
0.000000 0.000000 9.810000
0.000000 0.000000 9.810000
0.000000 0.000000 9.810000
0.000000 0.000000 9.810000
0.000000 0.000000 9.810000
0.000000 0.000000 9.810000
0.021794 0.000000 9.839058
0.085908 0.000000 9.924544
0.188617 0.000000 10.061489
0.323951 0.000000 10.241935
0.484046 0.000000 10.455395
0.659597 0.000000 10.689463
0.840403 0.000000 10.930537
1.015954 0.000000 11.164605
1.176049 0.000000 11.378065
1.311383 0.000000 11.558511
1.414092 0.000000 11.695456
1.478206 0.000000 11.780942
1.500000 0.000000 11.810000
1.478206 0.000000 11.780942
1.414092 0.000000 11.695456
1.311383 0.000000 11.558511
1.176049 0.000000 11.378065
1.015954 0.000000 11.164605
0.840403 0.000000 10.930537
0.659597 0.000000 10.689463
0.484046 0.000000 10.455395
0.323951 0.000000 10.241935
0.188617 0.000000 10.061489
0.085908 0.000000 9.924544
0.021794 0.000000 9.839058
0.000000 0.000000 9.810000
0.000000 0.000000 9.810000
0.000000 0.000000 9.810000
0.000000 0.000000 9.810000
0.000000 0.000000 9.810000
0.000000 0.000000 9.810000
0.000000 0.000000 9.810000
0.000000 0.000000 9.810000
0.000000 0.000000 9.810000
0.000000 0.000000 9.810000
0.000000 0.000000 9.810000
0.000000 0.000000 9.810000
0.000000 0.000000 9.810000
0.000000 0.000000 9.810000
0.000000 0.000000 9.810000
0.000000 0.000000 9.810000
0.000000 0.000000 9.810000
0.000000 0.000000 9.810000
0.000000 0.000000 9.810000
0.000000 0.000000 9.810000
0.000000 0.000000 9.810000
0.000000 0.000000 9.810000
0.000000 0.000000 9.810000
0.000000 0.000000 9.810000
0.000000 0.000000 9.810000
0.021794 0.000000 9.839058
0.085908 0.000000 9.924544
0.188617 0.000000 10.061489
0.323951 0.000000 10.241935
0.484046 0.000000 10.455395
0.659597 0.000000 10.689463
0.840403 0.000000 10.930537
1.015954 0.000000 11.164605
1.176049 0.000000 11.378065
1.311383 0.000000 11.558511
1.414092 0.000000 11.695456
1.478206 0.000000 11.780942
1.500000 0.000000 11.810000
1.478206 0.000000 11.780942
1.414092 0.000000 11.695456
1.311383 0.000000 11.558511
1.176049 0.000000 11.378065
1.015954 0.000000 11.164605
0.840403 0.000000 10.930537
0.659597 0.000000 10.689463
0.484046 0.000000 10.455395
0.323951 0.000000 10.241935
0.188617 0.000000 10.061489
0.085908 0.000000 9.924544
0.021794 0.000000 9.839058
0.000000 0.000000 9.810000
0.000000 0.000000 9.810000
0.000000 0.000000 9.810000
0.000000 0.000000 9.810000
0.000000 0.000000 9.810000
0.000000 0.000000 9.810000
0.000000 0.000000 9.810000
0.000000 0.000000 9.810000
0.000000 0.000000 9.810000
0.000000 0.000000 9.810000
0.000000 0.000000 9.810000
0.000000 0.000000 9.810000
0.000000 0.000000 9.810000
0.000000 0.000000 9.810000
0.000000 0.000000 9.810000
0.000000 0.000000 9.810000
0.000000 0.000000 9.810000
0.000000 0.000000 9.810000
0.000000 0.000000 9.810000
0.000000 0.000000 9.810000
0.000000 0.000000 9.810000
0.000000 0.000000 9.810000
0.000000 0.000000 9.810000
0.000000 0.000000 9.810000
0.000000 0.000000 9.810000
0.021794 0.000000 9.839058
0.085908 0.000000 9.924544
0.188617 0.000000 10.061489
0.323951 0.000000 10.241935
0.484046 0.000000 10.455395
0.659597 0.000000 10.689463
0.840403 0.000000 10.930537
1.015954 0.000000 11.164605
1.176049 0.000000 11.378065
1.311383 0.000000 11.558511
1.414092 0.000000 11.695456
1.478206 0.000000 11.780942
1.500000 0.000000 11.810000
1.478206 0.000000 11.780942
1.414092 0.000000 11.695456
1.311383 0.000000 11.558511
1.176049 0.000000 11.378065
1.015954 0.000000 11.164605
0.840403 0.000000 10.930537
0.659597 0.000000 10.689463
0.484046 0.000000 10.455395
0.323951 0.000000 10.241935
0.188617 0.000000 10.061489
0.085908 0.000000 9.924544
0.021794 0.000000 9.839058
0.000000 0.000000 9.810000
0.000000 0.000000 9.810000
0.000000 0.000000 9.810000
0.000000 0.000000 9.810000
0.000000 0.000000 9.810000
0.000000 0.000000 9.810000
0.000000 0.000000 9.810000
0.000000 0.000000 9.810000
0.000000 0.000000 9.810000
0.000000 0.000000 9.810000
0.000000 0.000000 9.810000
0.000000 0.000000 9.810000
0.000000 0.000000 9.810000
0.000000 0.000000 9.810000
0.000000 0.000000 9.810000
0.000000 0.000000 9.810000
0.000000 0.000000 9.810000
0.000000 0.000000 9.810000
0.000000 0.000000 9.810000
0.000000 0.000000 9.810000
0.000000 0.000000 9.810000
0.000000 0.000000 9.810000
0.000000 0.000000 9.810000
0.000000 0.000000 9.810000
0.000000 0.000000 9.810000
0.021794 0.000000 9.839058
0.085908 0.000000 9.924544
0.188617 0.000000 10.061489
0.323951 0.000000 10.241935
0.484046 0.000000 10.455395
0.659597 0.000000 10.689463
0.840403 0.000000 10.930537
1.015954 0.000000 11.164605
1.176049 0.000000 11.378065
1.311383 0.000000 11.558511
1.414092 0.000000 11.695456
1.478206 0.000000 11.780942
1.500000 0.000000 11.810000
1.478206 0.000000 11.780942
1.414092 0.000000 11.695456
1.311383 0.000000 11.558511
1.176049 0.000000 11.378065
1.015954 0.000000 11.164605
0.840403 0.000000 10.930537
0.659597 0.000000 10.689463
0.484046 0.000000 10.455395
0.323951 0.000000 10.241935
0.188617 0.000000 10.061489
0.085908 0.000000 9.924544
0.021794 0.000000 9.839058
0.000000 0.000000 9.810000
0.000000 0.000000 9.810000
0.000000 0.000000 9.810000
0.000000 0.000000 9.810000
0.000000 0.000000 9.810000
0.000000 0.000000 9.810000
0.000000 0.000000 9.810000
0.000000 0.000000 9.810000
0.000000 0.000000 9.810000
0.000000 0.000000 9.810000
0.000000 0.000000 9.810000
0.000000 0.000000 9.810000
0.000000 0.000000 9.810000
0.000000 0.000000 9.810000
0.000000 0.000000 9.810000
0.000000 0.000000 9.810000
0.000000 0.000000 9.810000
0.000000 0.000000 9.810000
0.000000 0.000000 9.810000
0.000000 0.000000 9.810000
0.000000 0.000000 9.810000
0.000000 0.000000 9.810000
0.000000 0.000000 9.810000
0.000000 0.000000 9.810000
0.000000 0.000000 9.810000
0.021794 0.000000 9.839058
0.085908 0.000000 9.924544
0.188617 0.000000 10.061489
0.323951 0.000000 10.241935
0.484046 0.000000 10.455395
0.659597 0.000000 10.689463
0.840403 0.000000 10.930537
1.015954 0.000000 11.164605
1.176049 0.000000 11.378065
1.311383 0.000000 11.558511
1.414092 0.000000 11.695456
1.478206 0.000000 11.780942
1.500000 0.000000 11.810000
1.478206 0.000000 11.780942
1.414092 0.000000 11.695456
1.311383 0.000000 11.558511
1.176049 0.000000 11.378065
1.015954 0.000000 11.164605
0.840403 0.000000 10.930537
0.659597 0.000000 10.689463
0.484046 0.000000 10.455395
0.323951 0.000000 10.241935
0.188617 0.000000 10.061489
0.085908 0.000000 9.924544
0.021794 0.000000 9.839058
0.000000 0.000000 9.810000
0.000000 0.000000 9.810000
0.000000 0.000000 9.810000
0.000000 0.000000 9.810000
0.000000 0.000000 9.810000
0.000000 0.000000 9.810000
0.000000 0.000000 9.810000
0.000000 0.000000 9.810000
0.000000 0.000000 9.810000
0.000000 0.000000 9.810000
0.000000 0.000000 9.810000
0.000000 0.000000 9.810000
0.000000 0.000000 9.810000
0.000000 0.000000 9.810000
0.000000 0.000000 9.810000
0.000000 0.000000 9.810000
0.000000 0.000000 9.810000
0.000000 0.000000 9.810000
0.000000 0.000000 9.810000
0.000000 0.000000 9.810000
0.000000 0.000000 9.810000
0.000000 0.000000 9.810000
0.000000 0.000000 9.810000
0.000000 0.000000 9.810000
0.000000 0.000000 9.810000
0.021794 0.000000 9.839058
0.085908 0.000000 9.924544
0.188617 0.000000 10.061489
0.323951 0.000000 10.241935
0.484046 0.000000 10.455395
0.659597 0.000000 10.689463
0.840403 0.000000 10.930537
1.015954 0.000000 11.164605
1.176049 0.000000 11.378065
1.311383 0.000000 11.558511
1.414092 0.000000 11.695456
1.478206 0.000000 11.780942
1.500000 0.000000 11.810000
1.478206 0.000000 11.780942
1.414092 0.000000 11.695456
1.311383 0.000000 11.558511
1.176049 0.000000 11.378065
1.015954 0.000000 11.164605
0.840403 0.000000 10.930537
0.659597 0.000000 10.689463
0.484046 0.000000 10.455395
0.323951 0.000000 10.241935
0.188617 0.000000 10.061489
0.085908 0.000000 9.924544
0.021794 0.000000 9.839058
0.000000 0.000000 9.810000
0.000000 0.000000 9.810000
0.000000 0.000000 9.810000
0.000000 0.000000 9.810000
0.000000 0.000000 9.810000
0.000000 0.000000 9.810000
0.000000 0.000000 9.810000
0.000000 0.000000 9.810000
0.000000 0.000000 9.810000
0.000000 0.000000 9.810000
0.000000 0.000000 9.810000
0.000000 0.000000 9.810000
0.000000 0.000000 9.810000
0.000000 0.000000 9.810000
0.000000 0.000000 9.810000
0.000000 0.000000 9.810000
0.000000 0.000000 9.810000
0.000000 0.000000 9.810000
0.000000 0.000000 9.810000
0.000000 0.000000 9.810000
0.000000 0.000000 9.810000
0.000000 0.000000 9.810000
0.000000 0.000000 9.810000
0.000000 0.000000 9.810000
0.000000 0.000000 9.810000
0.021794 0.000000 9.839058
0.085908 0.000000 9.924544
0.188617 0.000000 10.061489
0.323951 0.000000 10.241935
0.484046 0.000000 10.455395
0.659597 0.000000 10.689463
0.840403 0.000000 10.930537
1.015954 0.000000 11.164605
1.176049 0.000000 11.378065
1.311383 0.000000 11.558511
1.414092 0.000000 11.695456
1.478206 0.000000 11.780942
1.500000 0.000000 11.810000
1.478206 0.000000 11.780942
1.414092 0.000000 11.695456
1.311383 0.000000 11.558511
1.176049 0.000000 11.378065
1.015954 0.000000 11.164605
0.840403 0.000000 10.930537
0.659597 0.000000 10.689463
0.484046 0.000000 10.455395
0.323951 0.000000 10.241935
0.188617 0.000000 10.061489
0.085908 0.000000 9.924544
0.021794 0.000000 9.839058
0.000000 0.000000 9.810000
0.000000 0.000000 9.810000
0.000000 0.000000 9.810000
0.000000 0.000000 9.810000
0.000000 0.000000 9.810000
0.000000 0.000000 9.810000
0.000000 0.000000 9.810000
0.000000 0.000000 9.810000
0.000000 0.000000 9.810000
0.000000 0.000000 9.810000
0.000000 0.000000 9.810000
0.000000 0.000000 9.810000
0.000000 0.000000 9.810000
0.000000 0.000000 9.810000
0.000000 0.000000 9.810000
0.000000 0.000000 9.810000
0.000000 0.000000 9.810000
0.000000 0.000000 9.810000
0.000000 0.000000 9.810000
0.000000 0.000000 9.810000
0.000000 0.000000 9.810000
0.000000 0.000000 9.810000
0.000000 0.000000 9.810000
0.000000 0.000000 9.810000
0.000000 0.000000 9.810000
0.021794 0.000000 9.839058
0.085908 0.000000 9.924544
0.188617 0.000000 10.061489
0.323951 0.000000 10.241935
0.484046 0.000000 10.455395
0.659597 0.000000 10.689463
0.840403 0.000000 10.930537
1.015954 0.000000 11.164605
1.176049 0.000000 11.378065
1.311383 0.000000 11.558511
1.414092 0.000000 11.695456
1.478206 0.000000 11.780942
1.500000 0.000000 11.810000
1.478206 0.000000 11.780942
1.414092 0.000000 11.695456
1.311383 0.000000 11.558511
1.176049 0.000000 11.378065
1.015954 0.000000 11.164605
0.840403 0.000000 10.930537
0.659597 0.000000 10.689463
0.484046 0.000000 10.455395
0.323951 0.000000 10.241935
0.188617 0.000000 10.061489
0.085908 0.000000 9.924544
0.021794 0.000000 9.839058
0.000000 0.000000 9.810000
0.000000 0.000000 9.810000
0.000000 0.000000 9.810000
0.000000 0.000000 9.810000
0.000000 0.000000 9.810000
0.000000 0.000000 9.810000
0.000000 0.000000 9.810000
0.000000 0.000000 9.810000
0.000000 0.000000 9.810000
0.000000 0.000000 9.810000
0.000000 0.000000 9.810000
0.000000 0.000000 9.810000
0.000000 0.000000 9.810000
0.000000 0.000000 9.810000
0.000000 0.000000 9.810000
0.000000 0.000000 9.810000
0.000000 0.000000 9.810000
0.000000 0.000000 9.810000
0.000000 0.000000 9.810000
0.000000 0.000000 9.810000
0.000000 0.000000 9.810000
0.000000 0.000000 9.810000
0.000000 0.000000 9.810000
0.000000 0.000000 9.810000
0.000000 0.000000 9.810000
0.021794 0.000000 9.839058
0.085908 0.000000 9.924544
0.188617 0.000000 10.061489
0.323951 0.000000 10.241935
0.484046 0.000000 10.455395
0.659597 0.000000 10.689463
0.840403 0.000000 10.930537
1.015954 0.000000 11.164605
1.176049 0.000000 11.378065
1.311383 0.000000 11.558511
1.414092 0.000000 11.695456
1.478206 0.000000 11.780942
1.500000 0.000000 11.810000
1.478206 0.000000 11.780942
1.414092 0.000000 11.695456
1.311383 0.000000 11.558511
1.176049 0.000000 11.378065
1.015954 0.000000 11.164605
0.840403 0.000000 10.930537
0.659597 0.000000 10.689463
0.484046 0.000000 10.455395
0.323951 0.000000 10.241935
0.188617 0.000000 10.061489
0.085908 0.000000 9.924544
0.021794 0.000000 9.839058
0.000000 0.000000 9.810000
0.000000 0.000000 9.810000
0.000000 0.000000 9.810000
0.000000 0.000000 9.810000
0.000000 0.000000 9.810000
0.000000 0.000000 9.810000
0.000000 0.000000 9.810000
0.000000 0.000000 9.810000
0.000000 0.000000 9.810000
0.000000 0.000000 9.810000
0.000000 0.000000 9.810000
0.000000 0.000000 9.810000
0.000000 0.000000 9.810000
0.000000 0.000000 9.810000
0.000000 0.000000 9.810000
0.000000 0.000000 9.810000
0.000000 0.000000 9.810000
0.000000 0.000000 9.810000
0.000000 0.000000 9.810000
0.000000 0.000000 9.810000
0.000000 0.000000 9.810000
0.000000 0.000000 9.810000
0.000000 0.000000 9.810000
0.000000 0.000000 9.810000
0.000000 0.000000 9.810000
0.021794 0.000000 9.839058
0.085908 0.000000 9.924544
0.188617 0.000000 10.061489
0.323951 0.000000 10.241935
0.484046 0.000000 10.455395
0.659597 0.000000 10.689463
0.840403 0.000000 10.930537
1.015954 0.000000 11.164605
1.176049 0.000000 11.378065
1.311383 0.000000 11.558511
1.414092 0.000000 11.695456
1.478206 0.000000 11.780942
1.500000 0.000000 11.810000
1.478206 0.000000 11.780942
1.414092 0.000000 11.695456
1.311383 0.000000 11.558511
1.176049 0.000000 11.378065
1.015954 0.000000 11.164605
0.840403 0.000000 10.930537
0.659597 0.000000 10.689463
0.484046 0.000000 10.455395
0.323951 0.000000 10.241935
0.188617 0.000000 10.061489
0.085908 0.000000 9.924544
0.021794 0.000000 9.839058
0.000000 0.000000 9.810000
0.000000 0.000000 9.810000
0.000000 0.000000 9.810000
0.000000 0.000000 9.810000
0.000000 0.000000 9.810000
0.000000 0.000000 9.810000
0.000000 0.000000 9.810000
0.000000 0.000000 9.810000
0.000000 0.000000 9.810000
0.000000 0.000000 9.810000
0.000000 0.000000 9.810000
0.000000 0.000000 9.810000
0.000000 0.000000 9.810000
0.000000 0.000000 9.810000
0.000000 0.000000 9.810000
0.000000 0.000000 9.810000
0.000000 0.000000 9.810000
0.000000 0.000000 9.810000
0.000000 0.000000 9.810000
0.000000 0.000000 9.810000
0.000000 0.000000 9.810000
0.000000 0.000000 9.810000
0.000000 0.000000 9.810000
0.000000 0.000000 9.810000
0.000000 0.000000 9.810000
0.021794 0.000000 9.839058
0.085908 0.000000 9.924544
0.188617 0.000000 10.061489
0.323951 0.000000 10.241935
0.484046 0.000000 10.455395
0.659597 0.000000 10.689463
0.840403 0.000000 10.930537
1.015954 0.000000 11.164605
1.176049 0.000000 11.378065
1.311383 0.000000 11.558511
1.414092 0.000000 11.695456
1.478206 0.000000 11.780942
1.500000 0.000000 11.810000
1.478206 0.000000 11.780942
1.414092 0.000000 11.695456
1.311383 0.000000 11.558511
1.176049 0.000000 11.378065
1.015954 0.000000 11.164605
0.840403 0.000000 10.930537
0.659597 0.000000 10.689463
0.484046 0.000000 10.455395
0.323951 0.000000 10.241935
0.188617 0.000000 10.061489
0.085908 0.000000 9.924544
0.021794 0.000000 9.839058
0.000000 0.000000 9.810000
0.000000 0.000000 9.810000
0.000000 0.000000 9.810000
0.000000 0.000000 9.810000
0.000000 0.000000 9.810000
0.000000 0.000000 9.810000
0.000000 0.000000 9.810000
0.000000 0.000000 9.810000
0.000000 0.000000 9.810000
0.000000 0.000000 9.810000
0.000000 0.000000 9.810000
0.000000 0.000000 9.810000
0.000000 0.000000 9.810000
0.000000 0.000000 9.810000
0.000000 0.000000 9.810000
0.000000 0.000000 9.810000
0.000000 0.000000 9.810000
0.000000 0.000000 9.810000
0.000000 0.000000 9.810000
0.000000 0.000000 9.810000
0.000000 0.000000 9.810000
0.000000 0.000000 9.810000
0.000000 0.000000 9.810000
0.000000 0.000000 9.810000
0.000000 0.000000 9.810000
0.021794 0.000000 9.839058
0.085908 0.000000 9.924544
0.188617 0.000000 10.061489
0.323951 0.000000 10.241935
0.484046 0.000000 10.455395
0.659597 0.000000 10.689463
0.840403 0.000000 10.930537
1.015954 0.000000 11.164605
1.176049 0.000000 11.378065
1.311383 0.000000 11.558511
1.414092 0.000000 11.695456
1.478206 0.000000 11.780942
1.500000 0.000000 11.810000
1.478206 0.000000 11.780942
1.414092 0.000000 11.695456
1.311383 0.000000 11.558511
1.176049 0.000000 11.378065
1.015954 0.000000 11.164605
0.840403 0.000000 10.930537
0.659597 0.000000 10.689463
0.484046 0.000000 10.455395
0.323951 0.000000 10.241935
0.188617 0.000000 10.061489
0.085908 0.000000 9.924544
0.021794 0.000000 9.839058
0.000000 0.000000 9.810000
0.000000 0.000000 9.810000
0.000000 0.000000 9.810000
0.000000 0.000000 9.810000
0.000000 0.000000 9.810000
0.000000 0.000000 9.810000
0.000000 0.000000 9.810000
0.000000 0.000000 9.810000
0.000000 0.000000 9.810000
0.000000 0.000000 9.810000
0.000000 0.000000 9.810000
0.000000 0.000000 9.810000
0.000000 0.000000 9.810000
0.000000 0.000000 9.810000
0.000000 0.000000 9.810000
0.000000 0.000000 9.810000
0.000000 0.000000 9.810000
0.000000 0.000000 9.810000
0.000000 0.000000 9.810000
0.000000 0.000000 9.810000
0.000000 0.000000 9.810000
0.000000 0.000000 9.810000
0.000000 0.000000 9.810000
0.000000 0.000000 9.810000
0.000000 0.000000 9.810000
0.021794 0.000000 9.839058
0.085908 0.000000 9.924544
0.188617 0.000000 10.061489
0.323951 0.000000 10.241935
0.484046 0.000000 10.455395
0.659597 0.000000 10.689463
0.840403 0.000000 10.930537
1.015954 0.000000 11.164605
1.176049 0.000000 11.378065
1.311383 0.000000 11.558511
1.414092 0.000000 11.695456
1.478206 0.000000 11.780942
1.500000 0.000000 11.810000
1.478206 0.000000 11.780942
1.414092 0.000000 11.695456
1.311383 0.000000 11.558511
1.176049 0.000000 11.378065
1.015954 0.000000 11.164605
0.840403 0.000000 10.930537
0.659597 0.000000 10.689463
0.484046 0.000000 10.455395
0.323951 0.000000 10.241935
0.188617 0.000000 10.061489
0.085908 0.000000 9.924544
0.021794 0.000000 9.839058
0.000000 0.000000 9.810000
0.000000 0.000000 9.810000
0.000000 0.000000 9.810000
0.000000 0.000000 9.810000
0.000000 0.000000 9.810000
0.000000 0.000000 9.810000
0.000000 0.000000 9.810000
0.000000 0.000000 9.810000
0.000000 0.000000 9.810000
0.000000 0.000000 9.810000
0.000000 0.000000 9.810000
0.000000 0.000000 9.810000
0.000000 0.000000 9.810000
0.000000 0.000000 9.810000
0.000000 0.000000 9.810000
0.000000 0.000000 9.810000
0.000000 0.000000 9.810000
0.000000 0.000000 9.810000
0.000000 0.000000 9.810000
0.000000 0.000000 9.810000
0.000000 0.000000 9.810000
0.000000 0.000000 9.810000
0.000000 0.000000 9.810000
0.000000 0.000000 9.810000
0.000000 0.000000 9.810000
0.021794 0.000000 9.839058
0.085908 0.000000 9.924544
0.188617 0.000000 10.061489
0.323951 0.000000 10.241935
0.484046 0.000000 10.455395
0.659597 0.000000 10.689463
0.840403 0.000000 10.930537
1.015954 0.000000 11.164605
1.176049 0.000000 11.378065
1.311383 0.000000 11.558511
1.414092 0.000000 11.695456
1.478206 0.000000 11.780942
1.500000 0.000000 11.810000
1.478206 0.000000 11.780942
1.414092 0.000000 11.695456
1.311383 0.000000 11.558511
1.176049 0.000000 11.378065
1.015954 0.000000 11.164605
0.840403 0.000000 10.930537
0.659597 0.000000 10.689463
0.484046 0.000000 10.455395
0.323951 0.000000 10.241935
0.188617 0.000000 10.061489
0.085908 0.000000 9.924544
0.021794 0.000000 9.839058
0.000000 0.000000 9.810000
0.000000 0.000000 9.810000
0.000000 0.000000 9.810000
0.000000 0.000000 9.810000
0.000000 0.000000 9.810000
0.000000 0.000000 9.810000
0.000000 0.000000 9.810000
0.000000 0.000000 9.810000
0.000000 0.000000 9.810000
0.000000 0.000000 9.810000
0.000000 0.000000 9.810000
0.000000 0.000000 9.810000
0.000000 0.000000 9.810000
0.000000 0.000000 9.810000
0.000000 0.000000 9.810000
0.000000 0.000000 9.810000
0.000000 0.000000 9.810000
0.000000 0.000000 9.810000
0.000000 0.000000 9.810000
0.000000 0.000000 9.810000
0.000000 0.000000 9.810000
0.000000 0.000000 9.810000
0.000000 0.000000 9.810000
0.000000 0.000000 9.810000
0.000000 0.000000 9.810000
0.021794 0.000000 9.839058
0.085908 0.000000 9.924544
0.188617 0.000000 10.061489
0.323951 0.000000 10.241935
0.484046 0.000000 10.455395
0.659597 0.000000 10.689463
0.840403 0.000000 10.930537
1.015954 0.000000 11.164605
1.176049 0.000000 11.378065
1.311383 0.000000 11.558511
1.414092 0.000000 11.695456
1.478206 0.000000 11.780942
1.500000 0.000000 11.810000
1.478206 0.000000 11.780942
1.414092 0.000000 11.695456
1.311383 0.000000 11.558511
1.176049 0.000000 11.378065
1.015954 0.000000 11.164605
0.840403 0.000000 10.930537
0.659597 0.000000 10.689463
0.484046 0.000000 10.455395
0.323951 0.000000 10.241935
0.188617 0.000000 10.061489
0.085908 0.000000 9.924544
0.021794 0.000000 9.839058
0.000000 0.000000 9.810000
0.000000 0.000000 9.810000
0.000000 0.000000 9.810000
0.000000 0.000000 9.810000
0.000000 0.000000 9.810000
0.000000 0.000000 9.810000
0.000000 0.000000 9.810000
0.000000 0.000000 9.810000
0.000000 0.000000 9.810000
0.000000 0.000000 9.810000
0.000000 0.000000 9.810000
0.000000 0.000000 9.810000
0.000000 0.000000 9.810000
0.000000 0.000000 9.810000
0.000000 0.000000 9.810000
0.000000 0.000000 9.810000
0.000000 0.000000 9.810000
0.000000 0.000000 9.810000
0.000000 0.000000 9.810000
0.000000 0.000000 9.810000
0.000000 0.000000 9.810000
0.000000 0.000000 9.810000
0.000000 0.000000 9.810000
0.000000 0.000000 9.810000
0.000000 0.000000 9.810000
0.021794 0.000000 9.839058
0.085908 0.000000 9.924544
0.188617 0.000000 10.061489
0.323951 0.000000 10.241935
0.484046 0.000000 10.455395
0.659597 0.000000 10.689463
0.840403 0.000000 10.930537
1.015954 0.000000 11.164605
1.176049 0.000000 11.378065
1.311383 0.000000 11.558511
1.414092 0.000000 11.695456
1.478206 0.000000 11.780942
1.500000 0.000000 11.810000
1.478206 0.000000 11.780942
1.414092 0.000000 11.695456
1.311383 0.000000 11.558511
1.176049 0.000000 11.378065
1.015954 0.000000 11.164605
0.840403 0.000000 10.930537
0.659597 0.000000 10.689463
0.484046 0.000000 10.455395
0.323951 0.000000 10.241935
0.188617 0.000000 10.061489
0.085908 0.000000 9.924544
0.021794 0.000000 9.839058
0.000000 0.000000 9.810000
0.000000 0.000000 9.810000
0.000000 0.000000 9.810000
0.000000 0.000000 9.810000
0.000000 0.000000 9.810000
0.000000 0.000000 9.810000
0.000000 0.000000 9.810000
0.000000 0.000000 9.810000
0.000000 0.000000 9.810000
0.000000 0.000000 9.810000
0.000000 0.000000 9.810000
0.000000 0.000000 9.810000
0.000000 0.000000 9.810000
0.000000 0.000000 9.810000
0.000000 0.000000 9.810000
0.000000 0.000000 9.810000
0.000000 0.000000 9.810000
0.000000 0.000000 9.810000
0.000000 0.000000 9.810000
0.000000 0.000000 9.810000
0.000000 0.000000 9.810000
0.000000 0.000000 9.810000
0.000000 0.000000 9.810000
0.000000 0.000000 9.810000
0.000000 0.000000 9.810000
0.021794 0.000000 9.839058
0.085908 0.000000 9.924544
0.188617 0.000000 10.061489
0.323951 0.000000 10.241935
0.484046 0.000000 10.455395
0.659597 0.000000 10.689463
0.840403 0.000000 10.930537
1.015954 0.000000 11.164605
1.176049 0.000000 11.378065
1.311383 0.000000 11.558511
1.414092 0.000000 11.695456
1.478206 0.000000 11.780942
1.500000 0.000000 11.810000
1.478206 0.000000 11.780942
1.414092 0.000000 11.695456
1.311383 0.000000 11.558511
1.176049 0.000000 11.378065
1.015954 0.000000 11.164605
0.840403 0.000000 10.930537
0.659597 0.000000 10.689463
0.484046 0.000000 10.455395
0.323951 0.000000 10.241935
0.188617 0.000000 10.061489
0.085908 0.000000 9.924544
0.021794 0.000000 9.839058
0.000000 0.000000 9.810000
0.000000 0.000000 9.810000
0.000000 0.000000 9.810000
0.000000 0.000000 9.810000
0.000000 0.000000 9.810000
0.000000 0.000000 9.810000
0.000000 0.000000 9.810000
0.000000 0.000000 9.810000
0.000000 0.000000 9.810000
0.000000 0.000000 9.810000
0.000000 0.000000 9.810000
0.000000 0.000000 9.810000
0.000000 0.000000 9.810000
0.000000 0.000000 9.810000
0.000000 0.000000 9.810000
0.000000 0.000000 9.810000
0.000000 0.000000 9.810000
0.000000 0.000000 9.810000
0.000000 0.000000 9.810000
0.000000 0.000000 9.810000
0.000000 0.000000 9.810000
0.000000 0.000000 9.810000
0.000000 0.000000 9.810000
0.000000 0.000000 9.810000
0.000000 0.000000 9.810000
0.021794 0.000000 9.839058
0.085908 0.000000 9.924544
0.188617 0.000000 10.061489
0.323951 0.000000 10.241935
0.484046 0.000000 10.455395
0.659597 0.000000 10.689463
0.840403 0.000000 10.930537
1.015954 0.000000 11.164605
1.176049 0.000000 11.378065
1.311383 0.000000 11.558511
1.414092 0.000000 11.695456
1.478206 0.000000 11.780942
1.500000 0.000000 11.810000
1.478206 0.000000 11.780942
1.414092 0.000000 11.695456
1.311383 0.000000 11.558511
1.176049 0.000000 11.378065
1.015954 0.000000 11.164605
0.840403 0.000000 10.930537
0.659597 0.000000 10.689463
0.484046 0.000000 10.455395
0.323951 0.000000 10.241935
0.188617 0.000000 10.061489
0.085908 0.000000 9.924544
0.021794 0.000000 9.839058
0.000000 0.000000 9.810000
0.000000 0.000000 9.810000
0.000000 0.000000 9.810000
0.000000 0.000000 9.810000
0.000000 0.000000 9.810000
0.000000 0.000000 9.810000
0.000000 0.000000 9.810000
0.000000 0.000000 9.810000
0.000000 0.000000 9.810000
0.000000 0.000000 9.810000
0.000000 0.000000 9.810000
0.000000 0.000000 9.810000
0.000000 0.000000 9.810000
0.000000 0.000000 9.810000
0.000000 0.000000 9.810000
0.000000 0.000000 9.810000
0.000000 0.000000 9.810000
0.000000 0.000000 9.810000
0.000000 0.000000 9.810000
0.000000 0.000000 9.810000
0.000000 0.000000 9.810000
0.000000 0.000000 9.810000
0.000000 0.000000 9.810000
0.000000 0.000000 9.810000
0.000000 0.000000 9.810000
0.021794 0.000000 9.839058
0.085908 0.000000 9.924544
0.188617 0.000000 10.061489
0.323951 0.000000 10.241935
0.484046 0.000000 10.455395
0.659597 0.000000 10.689463
0.840403 0.000000 10.930537
1.015954 0.000000 11.164605
1.176049 0.000000 11.378065
1.311383 0.000000 11.558511
1.414092 0.000000 11.695456
1.478206 0.000000 11.780942
1.500000 0.000000 11.810000
1.478206 0.000000 11.780942
1.414092 0.000000 11.695456
1.311383 0.000000 11.558511
1.176049 0.000000 11.378065
1.015954 0.000000 11.164605
0.840403 0.000000 10.930537
0.659597 0.000000 10.689463
0.484046 0.000000 10.455395
0.323951 0.000000 10.241935
0.188617 0.000000 10.061489
0.085908 0.000000 9.924544
0.021794 0.000000 9.839058
0.000000 0.000000 9.810000
0.000000 0.000000 9.810000
0.000000 0.000000 9.810000
0.000000 0.000000 9.810000
0.000000 0.000000 9.810000
0.000000 0.000000 9.810000
0.000000 0.000000 9.810000
0.000000 0.000000 9.810000
0.000000 0.000000 9.810000
0.000000 0.000000 9.810000
0.000000 0.000000 9.810000
0.000000 0.000000 9.810000
0.000000 0.000000 9.810000
0.000000 0.000000 9.810000
0.000000 0.000000 9.810000
0.000000 0.000000 9.810000
0.000000 0.000000 9.810000
0.000000 0.000000 9.810000
0.000000 0.000000 9.810000
0.000000 0.000000 9.810000
0.000000 0.000000 9.810000
0.000000 0.000000 9.810000
0.000000 0.000000 9.810000
0.000000 0.000000 9.810000
0.000000 0.000000 9.810000
0.021794 0.000000 9.839058
0.085908 0.000000 9.924544
0.188617 0.000000 10.061489
0.323951 0.000000 10.241935
0.484046 0.000000 10.455395
0.659597 0.000000 10.689463
0.840403 0.000000 10.930537
1.015954 0.000000 11.164605
1.176049 0.000000 11.378065
1.311383 0.000000 11.558511
1.414092 0.000000 11.695456
1.478206 0.000000 11.780942
1.500000 0.000000 11.810000
1.478206 0.000000 11.780942
1.414092 0.000000 11.695456
1.311383 0.000000 11.558511
1.176049 0.000000 11.378065
1.015954 0.000000 11.164605
0.840403 0.000000 10.930537
0.659597 0.000000 10.689463
0.484046 0.000000 10.455395
0.323951 0.000000 10.241935
0.188617 0.000000 10.061489
0.085908 0.000000 9.924544
0.021794 0.000000 9.839058
0.000000 0.000000 9.810000
0.000000 0.000000 9.810000
0.000000 0.000000 9.810000
0.000000 0.000000 9.810000
0.000000 0.000000 9.810000
0.000000 0.000000 9.810000
0.000000 0.000000 9.810000
0.000000 0.000000 9.810000
0.000000 0.000000 9.810000
0.000000 0.000000 9.810000
0.000000 0.000000 9.810000
0.000000 0.000000 9.810000
0.000000 0.000000 9.810000
0.000000 0.000000 9.810000
0.000000 0.000000 9.810000
0.000000 0.000000 9.810000
0.000000 0.000000 9.810000
0.000000 0.000000 9.810000
0.000000 0.000000 9.810000
0.000000 0.000000 9.810000
0.000000 0.000000 9.810000
0.000000 0.000000 9.810000
0.000000 0.000000 9.810000
0.000000 0.000000 9.810000
0.000000 0.000000 9.810000
0.021794 0.000000 9.839058
0.085908 0.000000 9.924544
0.188617 0.000000 10.061489
0.323951 0.000000 10.241935
0.484046 0.000000 10.455395
0.659597 0.000000 10.689463
0.840403 0.000000 10.930537
1.015954 0.000000 11.164605
1.176049 0.000000 11.378065
1.311383 0.000000 11.558511
1.414092 0.000000 11.695456
1.478206 0.000000 11.780942
1.500000 0.000000 11.810000
1.478206 0.000000 11.780942
1.414092 0.000000 11.695456
1.311383 0.000000 11.558511
1.176049 0.000000 11.378065
1.015954 0.000000 11.164605
0.840403 0.000000 10.930537
0.659597 0.000000 10.689463
0.484046 0.000000 10.455395
0.323951 0.000000 10.241935
0.188617 0.000000 10.061489
0.085908 0.000000 9.924544
0.021794 0.000000 9.839058
0.000000 0.000000 9.810000
0.000000 0.000000 9.810000
0.000000 0.000000 9.810000
0.000000 0.000000 9.810000
0.000000 0.000000 9.810000
0.000000 0.000000 9.810000
0.000000 0.000000 9.810000
0.000000 0.000000 9.810000
0.000000 0.000000 9.810000
0.000000 0.000000 9.810000
0.000000 0.000000 9.810000
0.000000 0.000000 9.810000
0.000000 0.000000 9.810000
0.000000 0.000000 9.810000
0.000000 0.000000 9.810000
0.000000 0.000000 9.810000
0.000000 0.000000 9.810000
0.000000 0.000000 9.810000
0.000000 0.000000 9.810000
0.000000 0.000000 9.810000
0.000000 0.000000 9.810000
0.000000 0.000000 9.810000
0.000000 0.000000 9.810000
0.000000 0.000000 9.810000
0.000000 0.000000 9.810000
0.021794 0.000000 9.839058
0.085908 0.000000 9.924544
0.188617 0.000000 10.061489
0.323951 0.000000 10.241935
0.484046 0.000000 10.455395
0.659597 0.000000 10.689463
0.840403 0.000000 10.930537
1.015954 0.000000 11.164605
1.176049 0.000000 11.378065
1.311383 0.000000 11.558511
1.414092 0.000000 11.695456
1.478206 0.000000 11.780942
1.500000 0.000000 11.810000
1.478206 0.000000 11.780942
1.414092 0.000000 11.695456
1.311383 0.000000 11.558511
1.176049 0.000000 11.378065
1.015954 0.000000 11.164605
0.840403 0.000000 10.930537
0.659597 0.000000 10.689463
0.484046 0.000000 10.455395
0.323951 0.000000 10.241935
0.188617 0.000000 10.061489
0.085908 0.000000 9.924544
0.021794 0.000000 9.839058
0.000000 0.000000 9.810000
0.000000 0.000000 9.810000
0.000000 0.000000 9.810000
0.000000 0.000000 9.810000
0.000000 0.000000 9.810000
0.000000 0.000000 9.810000
0.000000 0.000000 9.810000
0.000000 0.000000 9.810000
0.000000 0.000000 9.810000
0.000000 0.000000 9.810000
0.000000 0.000000 9.810000
0.000000 0.000000 9.810000
0.000000 0.000000 9.810000
0.000000 0.000000 9.810000
0.000000 0.000000 9.810000
0.000000 0.000000 9.810000
0.000000 0.000000 9.810000
0.000000 0.000000 9.810000
0.000000 0.000000 9.810000
0.000000 0.000000 9.810000
0.000000 0.000000 9.810000
0.000000 0.000000 9.810000
0.000000 0.000000 9.810000
0.000000 0.000000 9.810000
0.000000 0.000000 9.810000
0.021794 0.000000 9.839058
0.085908 0.000000 9.924544
0.188617 0.000000 10.061489
0.323951 0.000000 10.241935
0.484046 0.000000 10.455395
0.659597 0.000000 10.689463
0.840403 0.000000 10.930537
1.015954 0.000000 11.164605
1.176049 0.000000 11.378065
1.311383 0.000000 11.558511
1.414092 0.000000 11.695456
1.478206 0.000000 11.780942
1.500000 0.000000 11.810000
1.478206 0.000000 11.780942
1.414092 0.000000 11.695456
1.311383 0.000000 11.558511
1.176049 0.000000 11.378065
1.015954 0.000000 11.164605
0.840403 0.000000 10.930537
0.659597 0.000000 10.689463
0.484046 0.000000 10.455395
0.323951 0.000000 10.241935
0.188617 0.000000 10.061489
0.085908 0.000000 9.924544
0.021794 0.000000 9.839058
0.000000 0.000000 9.810000
0.000000 0.000000 9.810000
0.000000 0.000000 9.810000
0.000000 0.000000 9.810000
0.000000 0.000000 9.810000
0.000000 0.000000 9.810000
0.000000 0.000000 9.810000
0.000000 0.000000 9.810000
0.000000 0.000000 9.810000
0.000000 0.000000 9.810000
0.000000 0.000000 9.810000
0.000000 0.000000 9.810000
0.000000 0.000000 9.810000
0.000000 0.000000 9.810000
0.000000 0.000000 9.810000
0.000000 0.000000 9.810000
0.000000 0.000000 9.810000
0.000000 0.000000 9.810000
0.000000 0.000000 9.810000
0.000000 0.000000 9.810000
0.000000 0.000000 9.810000
0.000000 0.000000 9.810000
0.000000 0.000000 9.810000
0.000000 0.000000 9.810000
0.000000 0.000000 9.810000
0.021794 0.000000 9.839058
0.085908 0.000000 9.924544
0.188617 0.000000 10.061489
0.323951 0.000000 10.241935
0.484046 0.000000 10.455395
0.659597 0.000000 10.689463
0.840403 0.000000 10.930537
1.015954 0.000000 11.164605
1.176049 0.000000 11.378065
1.311383 0.000000 11.558511
1.414092 0.000000 11.695456
1.478206 0.000000 11.780942
1.500000 0.000000 11.810000
1.478206 0.000000 11.780942
1.414092 0.000000 11.695456
1.311383 0.000000 11.558511
1.176049 0.000000 11.378065
1.015954 0.000000 11.164605
0.840403 0.000000 10.930537
0.659597 0.000000 10.689463
0.484046 0.000000 10.455395
0.323951 0.000000 10.241935
0.188617 0.000000 10.061489
0.085908 0.000000 9.924544
0.021794 0.000000 9.839058
0.000000 0.000000 9.810000
0.000000 0.000000 9.810000
0.000000 0.000000 9.810000
0.000000 0.000000 9.810000
0.000000 0.000000 9.810000
0.000000 0.000000 9.810000
0.000000 0.000000 9.810000
0.000000 0.000000 9.810000
0.000000 0.000000 9.810000
0.000000 0.000000 9.810000
0.000000 0.000000 9.810000
0.000000 0.000000 9.810000
0.000000 0.000000 9.810000
0.000000 0.000000 9.810000
0.000000 0.000000 9.810000
0.000000 0.000000 9.810000
0.000000 0.000000 9.810000
0.000000 0.000000 9.810000
0.000000 0.000000 9.810000
0.000000 0.000000 9.810000
0.000000 0.000000 9.810000
0.000000 0.000000 9.810000
0.000000 0.000000 9.810000
0.000000 0.000000 9.810000
0.000000 0.000000 9.810000
0.021794 0.000000 9.839058
0.085908 0.000000 9.924544
0.188617 0.000000 10.061489
0.323951 0.000000 10.241935
0.484046 0.000000 10.455395
0.659597 0.000000 10.689463
0.840403 0.000000 10.930537
1.015954 0.000000 11.164605
1.176049 0.000000 11.378065
1.311383 0.000000 11.558511
1.414092 0.000000 11.695456
1.478206 0.000000 11.780942
1.500000 0.000000 11.810000
1.478206 0.000000 11.780942
1.414092 0.000000 11.695456
1.311383 0.000000 11.558511
1.176049 0.000000 11.378065
1.015954 0.000000 11.164605
0.840403 0.000000 10.930537
0.659597 0.000000 10.689463
0.484046 0.000000 10.455395
0.323951 0.000000 10.241935
0.188617 0.000000 10.061489
0.085908 0.000000 9.924544
0.021794 0.000000 9.839058
0.000000 0.000000 9.810000
0.000000 0.000000 9.810000
0.000000 0.000000 9.810000
0.000000 0.000000 9.810000
0.000000 0.000000 9.810000
0.000000 0.000000 9.810000
0.000000 0.000000 9.810000
0.000000 0.000000 9.810000
0.000000 0.000000 9.810000
0.000000 0.000000 9.810000
0.000000 0.000000 9.810000
0.000000 0.000000 9.810000
0.000000 0.000000 9.810000
0.000000 0.000000 9.810000
0.000000 0.000000 9.810000
0.000000 0.000000 9.810000
0.000000 0.000000 9.810000
0.000000 0.000000 9.810000
0.000000 0.000000 9.810000
0.000000 0.000000 9.810000
0.000000 0.000000 9.810000
0.000000 0.000000 9.810000
0.000000 0.000000 9.810000
0.000000 0.000000 9.810000
0.000000 0.000000 9.810000
0.021794 0.000000 9.839058
0.085908 0.000000 9.924544
0.188617 0.000000 10.061489
0.323951 0.000000 10.241935
0.484046 0.000000 10.455395
0.659597 0.000000 10.689463
0.840403 0.000000 10.930537
1.015954 0.000000 11.164605
1.176049 0.000000 11.378065
1.311383 0.000000 11.558511
1.414092 0.000000 11.695456
1.478206 0.000000 11.780942
1.500000 0.000000 11.810000
1.478206 0.000000 11.780942
1.414092 0.000000 11.695456
1.311383 0.000000 11.558511
1.176049 0.000000 11.378065
1.015954 0.000000 11.164605
0.840403 0.000000 10.930537
0.659597 0.000000 10.689463
0.484046 0.000000 10.455395
0.323951 0.000000 10.241935
0.188617 0.000000 10.061489
0.085908 0.000000 9.924544
0.021794 0.000000 9.839058
0.000000 0.000000 9.810000
0.000000 0.000000 9.810000
0.000000 0.000000 9.810000
0.000000 0.000000 9.810000
0.000000 0.000000 9.810000
0.000000 0.000000 9.810000
0.000000 0.000000 9.810000
0.000000 0.000000 9.810000
0.000000 0.000000 9.810000
0.000000 0.000000 9.810000
0.000000 0.000000 9.810000
0.000000 0.000000 9.810000
0.000000 0.000000 9.810000
0.000000 0.000000 9.810000
0.000000 0.000000 9.810000
0.000000 0.000000 9.810000
0.000000 0.000000 9.810000
0.000000 0.000000 9.810000
0.000000 0.000000 9.810000
0.000000 0.000000 9.810000
0.000000 0.000000 9.810000
0.000000 0.000000 9.810000
0.000000 0.000000 9.810000
0.000000 0.000000 9.810000
0.000000 0.000000 9.810000
0.000000 0.000000 9.810000
0.000000 0.000000 9.810000
0.000000 0.000000 9.810000
0.000000 0.000000 9.810000
0.000000 0.000000 9.810000
0.000000 0.000000 9.810000
0.000000 0.000000 9.810000
0.000000 0.000000 9.810000
0.000000 0.000000 9.810000
0.000000 0.000000 9.810000
0.000000 0.000000 9.810000
0.000000 0.000000 9.810000
0.000000 0.000000 9.810000
0.000000 0.000000 9.810000
0.000000 0.000000 9.810000
0.000000 0.000000 9.810000
0.000000 0.000000 9.810000
0.000000 0.000000 9.810000
0.000000 0.000000 9.810000
0.000000 0.000000 9.810000
0.000000 0.000000 9.810000
0.000000 0.000000 9.810000
0.000000 0.000000 9.810000
0.000000 0.000000 9.810000
0.000000 0.000000 9.810000
0.012144 0.007977 9.831794
0.047868 0.031444 9.895908
0.105098 0.069037 9.998617
0.180507 0.118571 10.133951
0.269713 0.177168 10.294046
0.367531 0.241423 10.469597
0.468276 0.307600 10.650403
0.566094 0.371854 10.825954
0.655300 0.430452 10.986049
0.730709 0.479986 11.121383
0.787939 0.517579 11.224092
0.823664 0.541046 11.288206
0.835807 0.549023 11.310000
0.823664 0.541046 11.288206
0.787939 0.517579 11.224092
0.730709 0.479986 11.121383
0.655300 0.430452 10.986049
0.566094 0.371854 10.825954
0.468276 0.307600 10.650403
0.367531 0.241423 10.469597
0.269713 0.177168 10.294046
0.180507 0.118571 10.133951
0.105098 0.069037 9.998617
0.047868 0.031444 9.895908
0.012144 0.007977 9.831794
0.000000 0.000000 9.810000
0.000000 0.000000 9.810000
0.000000 0.000000 9.810000
0.000000 0.000000 9.810000
0.000000 0.000000 9.810000
0.000000 0.000000 9.810000
0.000000 0.000000 9.810000
0.000000 0.000000 9.810000
0.000000 0.000000 9.810000
0.000000 0.000000 9.810000
0.000000 0.000000 9.810000
0.000000 0.000000 9.810000
0.000000 0.000000 9.810000
0.000000 0.000000 9.810000
0.000000 0.000000 9.810000
0.000000 0.000000 9.810000
0.000000 0.000000 9.810000
0.000000 0.000000 9.810000
0.000000 0.000000 9.810000
0.000000 0.000000 9.810000
0.000000 0.000000 9.810000
0.000000 0.000000 9.810000
0.000000 0.000000 9.810000
0.000000 0.000000 9.810000
0.000000 0.000000 9.810000
0.000000 0.000000 9.810000
0.000000 0.000000 9.810000
0.000000 0.000000 9.810000
0.000000 0.000000 9.810000
0.000000 0.000000 9.810000
0.000000 0.000000 9.810000
0.000000 0.000000 9.810000
0.000000 0.000000 9.810000
0.000000 0.000000 9.810000
0.000000 0.000000 9.810000
0.000000 0.000000 9.810000
0.000000 0.000000 9.810000
0.000000 0.000000 9.810000
0.000000 0.000000 9.810000
0.000000 0.000000 9.810000
0.000000 0.000000 9.810000
0.000000 0.000000 9.810000
0.000000 0.000000 9.810000
0.000000 0.000000 9.810000
0.000000 0.000000 9.810000
0.000000 0.000000 9.810000
0.000000 0.000000 9.810000
0.000000 0.000000 9.810000
0.000000 0.000000 9.810000
0.000000 0.000000 9.810000
0.005665 0.013379 9.831794
0.022332 0.052739 9.895908
0.049031 0.115791 9.998617
0.084212 0.198873 10.133951
0.125829 0.297155 10.294046
0.171464 0.404925 10.469597
0.218464 0.515921 10.650403
0.264099 0.623691 10.825954
0.305716 0.721973 10.986049
0.340896 0.805054 11.121383
0.367596 0.868107 11.224092
0.384262 0.907466 11.288206
0.389928 0.920845 11.310000
0.384262 0.907466 11.288206
0.367596 0.868107 11.224092
0.340896 0.805054 11.121383
0.305716 0.721973 10.986049
0.264099 0.623691 10.825954
0.218464 0.515921 10.650403
0.171464 0.404925 10.469597
0.125829 0.297155 10.294046
0.084212 0.198873 10.133951
0.049031 0.115791 9.998617
0.022332 0.052739 9.895908
0.005665 0.013379 9.831794
0.000000 0.000000 9.810000
0.000000 0.000000 9.810000
0.000000 0.000000 9.810000
0.000000 0.000000 9.810000
0.000000 0.000000 9.810000
0.000000 0.000000 9.810000
0.000000 0.000000 9.810000
0.000000 0.000000 9.810000
0.000000 0.000000 9.810000
0.000000 0.000000 9.810000
0.000000 0.000000 9.810000
0.000000 0.000000 9.810000
0.000000 0.000000 9.810000
0.000000 0.000000 9.810000
0.000000 0.000000 9.810000
0.000000 0.000000 9.810000
0.000000 0.000000 9.810000
0.000000 0.000000 9.810000
0.000000 0.000000 9.810000
0.000000 0.000000 9.810000
0.000000 0.000000 9.810000
0.000000 0.000000 9.810000
0.000000 0.000000 9.810000
0.000000 0.000000 9.810000
0.000000 0.000000 9.810000
0.000000 0.000000 9.810000
0.000000 0.000000 9.810000
0.000000 0.021794 9.839058
0.000000 0.085908 9.924544
0.000000 0.188617 10.061489
0.000000 0.323951 10.241935
0.000000 0.484046 10.455395
0.000000 0.659597 10.689463
0.000000 0.840403 10.930537
0.000000 1.015954 11.164605
0.000000 1.176049 11.378065
0.000000 1.311383 11.558511
0.000000 1.414092 11.695456
0.000000 1.478206 1.970942
0.000000 1.500000 11.810000
0.000000 1.478206 11.780942
0.000000 1.414092 11.695456
0.000000 1.311383 11.558511
0.000000 1.176049 11.378065
0.000000 1.015954 11.164605
0.000000 0.840403 10.930537
0.000000 0.659597 10.689463
0.000000 0.484046 10.455395
0.000000 0.323951 10.241935
0.000000 0.188617 10.061489
0.000000 0.085908 9.924544
0.000000 0.021794 9.839058
0.000000 0.000000 9.810000
0.000000 0.000000 9.810000
0.000000 0.000000 9.810000
0.000000 0.000000 9.810000
0.000000 0.000000 9.810000
0.000000 0.000000 9.810000
0.000000 0.000000 9.810000
0.000000 0.000000 9.810000
0.000000 0.000000 9.810000
0.000000 0.000000 9.810000
0.000000 0.000000 9.810000
0.000000 0.000000 9.810000
0.000000 0.000000 9.810000
0.000000 0.000000 9.810000
0.000000 0.000000 9.810000
0.000000 0.000000 9.810000
0.000000 0.000000 9.810000
0.000000 0.000000 9.810000
0.000000 0.000000 9.810000
0.000000 0.000000 9.810000
0.000000 0.000000 9.810000
0.000000 0.000000 9.810000
0.000000 0.000000 9.810000
0.000000 0.000000 9.810000
0.000000 0.000000 9.810000
0.000000 0.021794 9.839058
0.000000 0.085908 9.924544
0.000000 0.188617 10.061489
0.000000 0.323951 10.241935
0.000000 0.484046 10.455395
0.000000 0.659597 10.689463
0.000000 0.840403 10.930537
0.000000 1.015954 11.164605
0.000000 1.176049 11.378065
0.000000 1.311383 11.558511
0.000000 1.414092 11.695456
0.000000 1.478206 11.780942
0.000000 1.500000 11.810000
0.000000 1.478206 11.780942
0.000000 1.414092 11.695456
0.000000 1.311383 11.558511
0.000000 1.176049 11.378065
0.000000 1.015954 11.164605
0.000000 0.840403 10.930537
0.000000 0.659597 10.689463
0.000000 0.484046 10.455395
0.000000 0.323951 10.241935
0.000000 0.188617 10.061489
0.000000 0.085908 9.924544
0.000000 0.021794 9.839058
0.000000 0.000000 9.810000
0.000000 0.000000 9.810000
0.000000 0.000000 9.810000
0.000000 0.000000 9.810000
0.000000 0.000000 9.810000
0.000000 0.000000 9.810000
0.000000 0.000000 9.810000
0.000000 0.000000 9.810000
0.000000 0.000000 9.810000
0.000000 0.000000 9.810000
0.000000 0.000000 9.810000
0.000000 0.000000 9.810000
0.000000 0.000000 9.810000
0.000000 0.000000 9.810000
0.000000 0.000000 9.810000
0.000000 0.000000 9.810000
0.000000 0.000000 9.810000
0.000000 0.000000 9.810000
0.000000 0.000000 9.810000
0.000000 0.000000 9.810000
0.000000 0.000000 9.810000
0.000000 0.000000 9.810000
0.000000 0.000000 9.810000
0.000000 0.000000 9.810000
0.000000 0.000000 9.810000
0.000000 0.021794 9.839058
0.000000 0.085908 9.924544
0.000000 0.188617 10.061489
0.000000 0.323951 10.241935
0.000000 0.484046 10.455395
0.000000 0.659597 10.689463
0.000000 0.840403 10.930537
0.000000 1.015954 11.164605
0.000000 1.176049 11.378065
0.000000 1.311383 11.558511
0.000000 1.414092 11.695456
0.000000 1.478206 11.780942
0.000000 1.500000 11.810000
0.000000 1.478206 11.780942
0.000000 1.414092 11.695456
0.000000 1.311383 11.558511
0.000000 1.176049 11.378065
0.000000 1.015954 11.164605
0.000000 0.840403 10.930537
0.000000 0.659597 10.689463
0.000000 0.484046 10.455395
0.000000 0.323951 10.241935
0.000000 0.188617 10.061489
0.000000 0.085908 9.924544
0.000000 0.021794 9.839058
0.000000 0.000000 9.810000
0.000000 0.000000 9.810000
0.000000 0.000000 9.810000
0.000000 0.000000 9.810000
0.000000 0.000000 9.810000
0.000000 0.000000 9.810000
0.000000 0.000000 9.810000
0.000000 0.000000 9.810000
0.000000 0.000000 9.810000
0.000000 0.000000 9.810000
0.000000 0.000000 9.810000
0.000000 0.000000 9.810000
0.000000 0.000000 9.810000
0.000000 0.000000 9.810000
0.000000 0.000000 9.810000
0.000000 0.000000 9.810000
0.000000 0.000000 9.810000
0.000000 0.000000 9.810000
0.000000 0.000000 9.810000
0.000000 0.000000 9.810000
0.000000 0.000000 9.810000
0.000000 0.000000 9.810000
0.000000 0.000000 9.810000
0.000000 0.000000 9.810000
0.000000 0.000000 9.810000
0.000000 0.021794 9.839058
0.000000 0.085908 9.924544
0.000000 0.188617 10.061489
0.000000 0.323951 10.241935
0.000000 0.484046 10.455395
0.000000 0.659597 10.689463
0.000000 0.840403 10.930537
0.000000 1.015954 11.164605
0.000000 1.176049 11.378065
0.000000 1.311383 11.558511
0.000000 1.414092 11.695456
0.000000 1.478206 11.780942
0.000000 1.500000 11.810000
0.000000 1.478206 11.780942
0.000000 1.414092 11.695456
0.000000 1.311383 11.558511
0.000000 1.176049 11.378065
0.000000 1.015954 11.164605
0.000000 0.840403 10.930537
0.000000 0.659597 10.689463
0.000000 0.484046 10.455395
0.000000 0.323951 10.241935
0.000000 0.188617 10.061489
0.000000 0.085908 9.924544
0.000000 0.021794 9.839058
0.000000 0.000000 9.810000
0.000000 0.000000 9.810000
0.000000 0.000000 9.810000
0.000000 0.000000 9.810000
0.000000 0.000000 9.810000
0.000000 0.000000 9.810000
0.000000 0.000000 9.810000
0.000000 0.000000 9.810000
0.000000 0.000000 9.810000
0.000000 0.000000 9.810000
0.000000 0.000000 9.810000
0.000000 0.000000 9.810000
0.000000 0.000000 9.810000
0.000000 0.000000 9.810000
0.000000 0.000000 9.810000
0.000000 0.000000 9.810000
0.000000 0.000000 9.810000
0.000000 0.000000 9.810000
0.000000 0.000000 9.810000
0.000000 0.000000 9.810000
0.000000 0.000000 9.810000
0.000000 0.000000 9.810000
0.000000 0.000000 9.810000
0.000000 0.000000 9.810000
0.000000 0.000000 9.810000
0.000000 0.021794 9.839058
0.000000 0.085908 9.924544
0.000000 0.188617 10.061489
0.000000 0.323951 10.241935
0.000000 0.484046 10.455395
0.000000 0.659597 10.689463
0.000000 0.840403 10.930537
0.000000 1.015954 11.164605
0.000000 1.176049 11.378065
0.000000 1.311383 11.558511
0.000000 1.414092 11.695456
0.000000 1.478206 11.780942
0.000000 1.500000 11.810000
0.000000 1.478206 11.780942
0.000000 1.414092 11.695456
0.000000 1.311383 11.558511
0.000000 1.176049 11.378065
0.000000 1.015954 11.164605
0.000000 0.840403 10.930537
0.000000 0.659597 10.689463
0.000000 0.484046 10.455395
0.000000 0.323951 10.241935
0.000000 0.188617 10.061489
0.000000 0.085908 9.924544
0.000000 0.021794 9.839058
0.000000 0.000000 9.810000
0.000000 0.000000 9.810000
0.000000 0.000000 9.810000
0.000000 0.000000 9.810000
0.000000 0.000000 9.810000
0.000000 0.000000 9.810000
0.000000 0.000000 9.810000
0.000000 0.000000 9.810000
0.000000 0.000000 9.810000
0.000000 0.000000 9.810000
0.000000 0.000000 9.810000
0.000000 0.000000 9.810000
0.000000 0.000000 9.810000
0.000000 0.000000 9.810000
0.000000 0.000000 9.810000
0.000000 0.000000 9.810000
0.000000 0.000000 9.810000
0.000000 0.000000 9.810000
0.000000 0.000000 9.810000
0.000000 0.000000 9.810000
0.000000 0.000000 9.810000
0.000000 0.000000 9.810000
0.000000 0.000000 9.810000
0.000000 0.000000 9.810000
0.000000 0.000000 9.810000
0.000000 0.021794 9.839058
0.000000 0.085908 9.924544
0.000000 0.188617 10.061489
0.000000 0.323951 10.241935
0.000000 0.484046 10.455395
0.000000 0.659597 10.689463
0.000000 0.840403 10.930537
0.000000 1.015954 11.164605
0.000000 1.176049 11.378065
0.000000 1.311383 11.558511
0.000000 1.414092 11.695456
0.000000 1.478206 11.780942
0.000000 1.500000 11.810000
0.000000 1.478206 11.780942
0.000000 1.414092 11.695456
0.000000 1.311383 11.558511
0.000000 1.176049 11.378065
0.000000 1.015954 11.164605
0.000000 0.840403 10.930537
0.000000 0.659597 10.689463
0.000000 0.484046 10.455395
0.000000 0.323951 10.241935
0.000000 0.188617 10.061489
0.000000 0.085908 9.924544
0.000000 0.021794 9.839058
0.000000 0.000000 9.810000
0.000000 0.000000 9.810000
0.000000 0.000000 9.810000
0.000000 0.000000 9.810000
0.000000 0.000000 9.810000
0.000000 0.000000 9.810000
0.000000 0.000000 9.810000
0.000000 0.000000 9.810000
0.000000 0.000000 9.810000
0.000000 0.000000 9.810000
0.000000 0.000000 9.810000
0.000000 0.000000 9.810000
0.000000 0.000000 9.810000
0.000000 0.000000 9.810000
0.000000 0.000000 9.810000
0.000000 0.000000 9.810000
0.000000 0.000000 9.810000
0.000000 0.000000 9.810000
0.000000 0.000000 9.810000
0.000000 0.000000 9.810000
0.000000 0.000000 9.810000
0.000000 0.000000 9.810000
0.000000 0.000000 9.810000
0.000000 0.000000 9.810000
0.000000 0.000000 9.810000
0.000000 0.021794 9.839058
0.000000 0.085908 9.924544
0.000000 0.188617 10.061489
0.000000 0.323951 10.241935
0.000000 0.484046 10.455395
0.000000 0.659597 10.689463
0.000000 0.840403 10.930537
0.000000 1.015954 11.164605
0.000000 1.176049 11.378065
0.000000 1.311383 11.558511
0.000000 1.414092 11.695456
0.000000 1.478206 11.780942
0.000000 1.500000 11.810000
0.000000 1.478206 11.780942
0.000000 1.414092 11.695456
0.000000 1.311383 11.558511
0.000000 1.176049 11.378065
0.000000 1.015954 11.164605
0.000000 0.840403 10.930537
0.000000 0.659597 10.689463
0.000000 0.484046 10.455395
0.000000 0.323951 10.241935
0.000000 0.188617 10.061489
0.000000 0.085908 9.924544
0.000000 0.021794 9.839058
0.000000 0.000000 9.810000
0.000000 0.000000 9.810000
0.000000 0.000000 9.810000
0.000000 0.000000 9.810000
0.000000 0.000000 9.810000
0.000000 0.000000 9.810000
0.000000 0.000000 9.810000
0.000000 0.000000 9.810000
0.000000 0.000000 9.810000
0.000000 0.000000 9.810000
0.000000 0.000000 9.810000
0.000000 0.000000 9.810000
0.000000 0.000000 9.810000
0.000000 0.000000 9.810000
0.000000 0.000000 9.810000
0.000000 0.000000 9.810000
0.000000 0.000000 9.810000
0.000000 0.000000 9.810000
0.000000 0.000000 9.810000
0.000000 0.000000 9.810000
0.000000 0.000000 9.810000
0.000000 0.000000 9.810000
0.000000 0.000000 9.810000
0.000000 0.000000 9.810000
0.000000 0.000000 9.810000
0.000000 0.021794 9.839058
0.000000 0.085908 9.924544
0.000000 0.188617 10.061489
0.000000 0.323951 10.241935
0.000000 0.484046 10.455395
0.000000 0.659597 10.689463
0.000000 0.840403 10.930537
0.000000 1.015954 11.164605
0.000000 1.176049 11.378065
0.000000 1.311383 11.558511
0.000000 1.414092 11.695456
0.000000 1.478206 11.780942
0.000000 1.500000 11.810000
0.000000 1.478206 11.780942
0.000000 1.414092 11.695456
0.000000 1.311383 11.558511
0.000000 1.176049 11.378065
0.000000 1.015954 11.164605
0.000000 0.840403 10.930537
0.000000 0.659597 10.689463
0.000000 0.484046 10.455395
0.000000 0.323951 10.241935
0.000000 0.188617 10.061489
0.000000 0.085908 9.924544
0.000000 0.021794 9.839058
0.000000 0.000000 9.810000
0.000000 0.000000 9.810000
0.000000 0.000000 9.810000
0.000000 0.000000 9.810000
0.000000 0.000000 9.810000
0.000000 0.000000 9.810000
0.000000 0.000000 9.810000
0.000000 0.000000 9.810000
0.000000 0.000000 9.810000
0.000000 0.000000 9.810000
0.000000 0.000000 9.810000
0.000000 0.000000 9.810000
0.000000 0.000000 9.810000
0.000000 0.000000 9.810000
0.000000 0.000000 9.810000
0.000000 0.000000 9.810000
0.000000 0.000000 9.810000
0.000000 0.000000 9.810000
0.000000 0.000000 9.810000
0.000000 0.000000 9.810000
0.000000 0.000000 9.810000
0.000000 0.000000 9.810000
0.000000 0.000000 9.810000
0.000000 0.000000 9.810000
0.000000 0.000000 9.810000
0.000000 0.021794 9.839058
0.000000 0.085908 9.924544
0.000000 0.188617 10.061489
0.000000 0.323951 10.241935
0.000000 0.484046 10.455395
0.000000 0.659597 10.689463
0.000000 0.840403 10.930537
0.000000 1.015954 11.164605
0.000000 1.176049 11.378065
0.000000 1.311383 11.558511
0.000000 1.414092 11.695456
0.000000 1.478206 11.780942
0.000000 1.500000 11.810000
0.000000 1.478206 11.780942
0.000000 1.414092 11.695456
0.000000 1.311383 11.558511
0.000000 1.176049 11.378065
0.000000 1.015954 11.164605
0.000000 0.840403 10.930537
0.000000 0.659597 10.689463
0.000000 0.484046 10.455395
0.000000 0.323951 10.241935
0.000000 0.188617 10.061489
0.000000 0.085908 9.924544
0.000000 0.021794 9.839058
0.000000 0.000000 9.810000
0.000000 0.000000 9.810000
0.000000 0.000000 9.810000
0.000000 0.000000 9.810000
0.000000 0.000000 9.810000
0.000000 0.000000 9.810000
0.000000 0.000000 9.810000
0.000000 0.000000 9.810000
0.000000 0.000000 9.810000
0.000000 0.000000 9.810000
0.000000 0.000000 9.810000
0.000000 0.000000 9.810000
0.000000 0.000000 9.810000
0.000000 0.000000 9.810000
0.000000 0.000000 9.810000
0.000000 0.000000 9.810000
0.000000 0.000000 9.810000
0.000000 0.000000 9.810000
0.000000 0.000000 9.810000
0.000000 0.000000 9.810000
0.000000 0.000000 9.810000
0.000000 0.000000 9.810000
0.000000 0.000000 9.810000
0.000000 0.000000 9.810000
0.000000 0.000000 9.810000
0.000000 0.021794 9.839058
0.000000 0.085908 9.924544
0.000000 0.188617 10.061489
0.000000 0.323951 10.241935
0.000000 0.484046 10.455395
0.000000 0.659597 10.689463
0.000000 0.840403 10.930537
0.000000 1.015954 11.164605
0.000000 1.176049 11.378065
0.000000 1.311383 11.558511
0.000000 1.414092 11.695456
0.000000 1.478206 11.780942
0.000000 1.500000 11.810000
0.000000 1.478206 11.780942
0.000000 1.414092 11.695456
0.000000 1.311383 11.558511
0.000000 1.176049 11.378065
0.000000 1.015954 11.164605
0.000000 0.840403 10.930537
0.000000 0.659597 10.689463
0.000000 0.484046 10.455395
0.000000 0.323951 10.241935
0.000000 0.188617 10.061489
0.000000 0.085908 9.924544
0.000000 0.021794 9.839058
0.000000 0.000000 9.810000
0.000000 0.000000 9.810000
0.000000 0.000000 9.810000
0.000000 0.000000 9.810000
0.000000 0.000000 9.810000
0.000000 0.000000 9.810000
0.000000 0.000000 9.810000
0.000000 0.000000 9.810000
0.000000 0.000000 9.810000
0.000000 0.000000 9.810000
0.000000 0.000000 9.810000
0.000000 0.000000 9.810000
0.000000 0.000000 9.810000
0.000000 0.000000 9.810000
0.000000 0.000000 9.810000
0.000000 0.000000 9.810000
0.000000 0.000000 9.810000
0.000000 0.000000 9.810000
0.000000 0.000000 9.810000
0.000000 0.000000 9.810000
0.000000 0.000000 9.810000
0.000000 0.000000 9.810000
0.000000 0.000000 9.810000
0.000000 0.000000 9.810000
0.000000 0.000000 9.810000
0.000000 0.021794 9.839058
0.000000 0.085908 9.924544
0.000000 0.188617 10.061489
0.000000 0.323951 10.241935
0.000000 0.484046 10.455395
0.000000 0.659597 10.689463
0.000000 0.840403 10.930537
0.000000 1.015954 11.164605
0.000000 1.176049 11.378065
0.000000 1.311383 11.558511
0.000000 1.414092 11.695456
0.000000 1.478206 11.780942
0.000000 1.500000 11.810000
0.000000 1.478206 11.780942
0.000000 1.414092 11.695456
0.000000 1.311383 11.558511
0.000000 1.176049 11.378065
0.000000 1.015954 11.164605
0.000000 0.840403 10.930537
0.000000 0.659597 10.689463
0.000000 0.484046 10.455395
0.000000 0.323951 10.241935
0.000000 0.188617 10.061489
0.000000 0.085908 9.924544
0.000000 0.021794 9.839058
0.000000 0.000000 9.810000
0.000000 0.000000 9.810000
0.000000 0.000000 9.810000
0.000000 0.000000 9.810000
0.000000 0.000000 9.810000
0.000000 0.000000 9.810000
0.000000 0.000000 9.810000
0.000000 0.000000 9.810000
0.000000 0.000000 9.810000
0.000000 0.000000 9.810000
0.000000 0.000000 9.810000
0.000000 0.000000 9.810000
0.000000 0.000000 9.810000
0.000000 0.000000 9.810000
0.000000 0.000000 9.810000
0.000000 0.000000 9.810000
0.000000 0.000000 9.810000
0.000000 0.000000 9.810000
0.000000 0.000000 9.810000
0.000000 0.000000 9.810000
0.000000 0.000000 9.810000
0.000000 0.000000 9.810000
0.000000 0.000000 9.810000
0.000000 0.000000 9.810000
0.000000 0.000000 9.810000
0.000000 0.021794 9.839058
0.000000 0.085908 9.924544
0.000000 0.188617 10.061489
0.000000 0.323951 10.241935
0.000000 0.484046 10.455395
0.000000 0.659597 10.689463
0.000000 0.840403 10.930537
0.000000 1.015954 11.164605
0.000000 1.176049 11.378065
0.000000 1.311383 11.558511
0.000000 1.414092 11.695456
0.000000 1.478206 11.780942
0.000000 1.500000 11.810000
0.000000 1.478206 11.780942
0.000000 1.414092 11.695456
0.000000 1.311383 11.558511
0.000000 1.176049 11.378065
0.000000 1.015954 11.164605
0.000000 0.840403 10.930537
0.000000 0.659597 10.689463
0.000000 0.484046 10.455395
0.000000 0.323951 10.241935
0.000000 0.188617 10.061489
0.000000 0.085908 9.924544
0.000000 0.021794 9.839058
0.000000 0.000000 9.810000
0.000000 0.000000 9.810000
0.000000 0.000000 9.810000
0.000000 0.000000 9.810000
0.000000 0.000000 9.810000
0.000000 0.000000 9.810000
0.000000 0.000000 9.810000
0.000000 0.000000 9.810000
0.000000 0.000000 9.810000
0.000000 0.000000 9.810000
0.000000 0.000000 9.810000
0.000000 0.000000 9.810000
0.000000 0.000000 9.810000
0.000000 0.000000 9.810000
0.000000 0.000000 9.810000
0.000000 0.000000 9.810000
0.000000 0.000000 9.810000
0.000000 0.000000 9.810000
0.000000 0.000000 9.810000
0.000000 0.000000 9.810000
0.000000 0.000000 9.810000
0.000000 0.000000 9.810000
0.000000 0.000000 9.810000
0.000000 0.000000 9.810000
0.000000 0.000000 9.810000
0.000000 0.021794 9.839058
0.000000 0.085908 9.924544
0.000000 0.188617 10.061489
0.000000 0.323951 10.241935
0.000000 0.484046 10.455395
0.000000 0.659597 10.689463
0.000000 0.840403 10.930537
0.000000 1.015954 11.164605
0.000000 1.176049 11.378065
0.000000 1.311383 11.558511
0.000000 1.414092 11.695456
0.000000 1.478206 11.780942
0.000000 1.500000 11.810000
0.000000 1.478206 11.780942
0.000000 1.414092 11.695456
0.000000 1.311383 11.558511
0.000000 1.176049 11.378065
0.000000 1.015954 11.164605
0.000000 0.840403 10.930537
0.000000 0.659597 10.689463
0.000000 0.484046 10.455395
0.000000 0.323951 10.241935
0.000000 0.188617 10.061489
0.000000 0.085908 9.924544
0.000000 0.021794 9.839058
0.000000 0.000000 9.810000
0.000000 0.000000 9.810000
0.000000 0.000000 9.810000
0.000000 0.000000 9.810000
0.000000 0.000000 9.810000
0.000000 0.000000 9.810000
0.000000 0.000000 9.810000
0.000000 0.000000 9.810000
0.000000 0.000000 9.810000
0.000000 0.000000 9.810000
0.000000 0.000000 9.810000
0.000000 0.000000 9.810000
0.000000 0.000000 9.810000
0.000000 0.000000 9.810000
0.000000 0.000000 9.810000
0.000000 0.000000 9.810000
0.000000 0.000000 9.810000
0.000000 0.000000 9.810000
0.000000 0.000000 9.810000
0.000000 0.000000 9.810000
0.000000 0.000000 9.810000
0.000000 0.000000 9.810000
0.000000 0.000000 9.810000
0.000000 0.000000 9.810000
0.000000 0.000000 9.810000
0.000000 0.021794 9.839058
0.000000 0.085908 9.924544
0.000000 0.188617 10.061489
0.000000 0.323951 10.241935
0.000000 0.484046 10.455395
0.000000 0.659597 10.689463
0.000000 0.840403 10.930537
0.000000 1.015954 11.164605
0.000000 1.176049 11.378065
0.000000 1.311383 11.558511
0.000000 1.414092 11.695456
0.000000 1.478206 11.780942
0.000000 1.500000 11.810000
0.000000 1.478206 11.780942
0.000000 1.414092 11.695456
0.000000 1.311383 11.558511
0.000000 1.176049 11.378065
0.000000 1.015954 11.164605
0.000000 0.840403 10.930537
0.000000 0.659597 10.689463
0.000000 0.484046 10.455395
0.000000 0.323951 10.241935
0.000000 0.188617 10.061489
0.000000 0.085908 9.924544
0.000000 0.021794 9.839058
0.000000 0.000000 9.810000
0.000000 0.000000 9.810000
0.000000 0.000000 9.810000
0.000000 0.000000 9.810000
0.000000 0.000000 9.810000
0.000000 0.000000 9.810000
0.000000 0.000000 9.810000
0.000000 0.000000 9.810000
0.000000 0.000000 9.810000
0.000000 0.000000 9.810000
0.000000 0.000000 9.810000
0.000000 0.000000 9.810000
0.000000 0.000000 9.810000
0.000000 0.000000 9.810000
0.000000 0.000000 9.810000
0.000000 0.000000 9.810000
0.000000 0.000000 9.810000
0.000000 0.000000 9.810000
0.000000 0.000000 9.810000
0.000000 0.000000 9.810000
0.000000 0.000000 9.810000
0.000000 0.000000 9.810000
0.000000 0.000000 9.810000
0.000000 0.000000 9.810000
0.000000 0.000000 9.810000
0.000000 0.021794 9.839058
0.000000 0.085908 9.924544
0.000000 0.188617 10.061489
0.000000 0.323951 10.241935
0.000000 0.484046 10.455395
0.000000 0.659597 10.689463
0.000000 0.840403 10.930537
0.000000 1.015954 11.164605
0.000000 1.176049 11.378065
0.000000 1.311383 11.558511
0.000000 1.414092 11.695456
0.000000 1.478206 11.780942
0.000000 1.500000 11.810000
0.000000 1.478206 11.780942
0.000000 1.414092 11.695456
0.000000 1.311383 11.558511
0.000000 1.176049 11.378065
0.000000 1.015954 11.164605
0.000000 0.840403 10.930537
0.000000 0.659597 10.689463
0.000000 0.484046 10.455395
0.000000 0.323951 10.241935
0.000000 0.188617 10.061489
0.000000 0.085908 9.924544
0.000000 0.021794 9.839058
0.000000 0.000000 9.810000
0.000000 0.000000 9.810000
0.000000 0.000000 9.810000
0.000000 0.000000 9.810000
0.000000 0.000000 9.810000
0.000000 0.000000 9.810000
0.000000 0.000000 9.810000
0.000000 0.000000 9.810000
0.000000 0.000000 9.810000
0.000000 0.000000 9.810000
0.000000 0.000000 9.810000
0.000000 0.000000 9.810000
0.000000 0.000000 9.810000
0.000000 0.000000 9.810000
0.000000 0.000000 9.810000
0.000000 0.000000 9.810000
0.000000 0.000000 9.810000
0.000000 0.000000 9.810000
0.000000 0.000000 9.810000
0.000000 0.000000 9.810000
0.000000 0.000000 9.810000
0.000000 0.000000 9.810000
0.000000 0.000000 9.810000
0.000000 0.000000 9.810000
0.000000 0.000000 9.810000
0.000000 0.021794 9.839058
0.000000 0.085908 9.924544
0.000000 0.188617 10.061489
0.000000 0.323951 10.241935
0.000000 0.484046 10.455395
0.000000 0.659597 10.689463
0.000000 0.840403 10.930537
0.000000 1.015954 11.164605
0.000000 1.176049 11.378065
0.000000 1.311383 11.558511
0.000000 1.414092 11.695456
0.000000 1.478206 11.780942
0.000000 1.500000 11.810000
0.000000 1.478206 11.780942
0.000000 1.414092 11.695456
0.000000 1.311383 11.558511
0.000000 1.176049 11.378065
0.000000 1.015954 11.164605
0.000000 0.840403 10.930537
0.000000 0.659597 10.689463
0.000000 0.484046 10.455395
0.000000 0.323951 10.241935
0.000000 0.188617 10.061489
0.000000 0.085908 9.924544
0.000000 0.021794 9.839058
0.000000 0.000000 9.810000
0.000000 0.000000 9.810000
0.000000 0.000000 9.810000
0.000000 0.000000 9.810000
0.000000 0.000000 9.810000
0.000000 0.000000 9.810000
0.000000 0.000000 9.810000
0.000000 0.000000 9.810000
0.000000 0.000000 9.810000
0.000000 0.000000 9.810000
0.000000 0.000000 9.810000
0.000000 0.000000 9.810000
0.000000 0.000000 9.810000
0.000000 0.000000 9.810000
0.000000 0.000000 9.810000
0.000000 0.000000 9.810000
0.000000 0.000000 9.810000
0.000000 0.000000 9.810000
0.000000 0.000000 9.810000
0.000000 0.000000 9.810000
0.000000 0.000000 9.810000
0.000000 0.000000 9.810000
0.000000 0.000000 9.810000
0.000000 0.000000 9.810000
0.000000 0.000000 9.810000
0.000000 0.021794 9.839058
0.000000 0.085908 9.924544
0.000000 0.188617 10.061489
0.000000 0.323951 10.241935
0.000000 0.484046 10.455395
0.000000 0.659597 10.689463
0.000000 0.840403 10.930537
0.000000 1.015954 11.164605
0.000000 1.176049 11.378065
0.000000 1.311383 11.558511
0.000000 1.414092 11.695456
0.000000 1.478206 11.780942
0.000000 1.500000 11.810000
0.000000 1.478206 11.780942
0.000000 1.414092 11.695456
0.000000 1.311383 11.558511
0.000000 1.176049 11.378065
0.000000 1.015954 11.164605
0.000000 0.840403 10.930537
0.000000 0.659597 10.689463
0.000000 0.484046 10.455395
0.000000 0.323951 10.241935
0.000000 0.188617 10.061489
0.000000 0.085908 9.924544
0.000000 0.021794 9.839058
0.000000 0.000000 9.810000
0.000000 0.000000 9.810000
0.000000 0.000000 9.810000
0.000000 0.000000 9.810000
0.000000 0.000000 9.810000
0.000000 0.000000 9.810000
0.000000 0.000000 9.810000
0.000000 0.000000 9.810000
0.000000 0.000000 9.810000
0.000000 0.000000 9.810000
0.000000 0.000000 9.810000
0.000000 0.000000 9.810000
0.000000 0.000000 9.810000
0.000000 0.000000 9.810000
0.000000 0.000000 9.810000
0.000000 0.000000 9.810000
0.000000 0.000000 9.810000
0.000000 0.000000 9.810000
0.000000 0.000000 9.810000
0.000000 0.000000 9.810000
0.000000 0.000000 9.810000
0.000000 0.000000 9.810000
0.000000 0.000000 9.810000
0.000000 0.000000 9.810000
0.000000 0.000000 9.810000
0.000000 0.021794 9.839058
0.000000 0.085908 9.924544
0.000000 0.188617 10.061489
0.000000 0.323951 10.241935
0.000000 0.484046 10.455395
0.000000 0.659597 10.689463
0.000000 0.840403 10.930537
0.000000 1.015954 11.164605
0.000000 1.176049 11.378065
0.000000 1.311383 11.558511
0.000000 1.414092 11.695456
0.000000 1.478206 11.780942
0.000000 1.500000 11.810000
0.000000 1.478206 11.780942
0.000000 1.414092 11.695456
0.000000 1.311383 11.558511
0.000000 1.176049 11.378065
0.000000 1.015954 11.164605
0.000000 0.840403 10.930537
0.000000 0.659597 10.689463
0.000000 0.484046 10.455395
0.000000 0.323951 10.241935
0.000000 0.188617 10.061489
0.000000 0.085908 9.924544
0.000000 0.021794 9.839058
0.000000 0.000000 9.810000
0.000000 0.000000 9.810000
0.000000 0.000000 9.810000
0.000000 0.000000 9.810000
0.000000 0.000000 9.810000
0.000000 0.000000 9.810000
0.000000 0.000000 9.810000
0.000000 0.000000 9.810000
0.000000 0.000000 9.810000
0.000000 0.000000 9.810000
0.000000 0.000000 9.810000
0.000000 0.000000 9.810000
0.000000 0.000000 9.810000
0.000000 0.000000 9.810000
0.000000 0.000000 9.810000
0.000000 0.000000 9.810000
0.000000 0.000000 9.810000
0.000000 0.000000 9.810000
0.000000 0.000000 9.810000
0.000000 0.000000 9.810000
0.000000 0.000000 9.810000
0.000000 0.000000 9.810000
0.000000 0.000000 9.810000
0.000000 0.000000 9.810000
0.000000 0.000000 9.810000
0.000000 0.021794 9.839058
0.000000 0.085908 9.924544
0.000000 0.188617 10.061489
0.000000 0.323951 10.241935
0.000000 0.484046 10.455395
0.000000 0.659597 10.689463
0.000000 0.840403 10.930537
0.000000 1.015954 11.164605
0.000000 1.176049 11.378065
0.000000 1.311383 11.558511
0.000000 1.414092 11.695456
0.000000 1.478206 11.780942
0.000000 1.500000 11.810000
0.000000 1.478206 11.780942
0.000000 1.414092 11.695456
0.000000 1.311383 11.558511
0.000000 1.176049 11.378065
0.000000 1.015954 11.164605
0.000000 0.840403 10.930537
0.000000 0.659597 10.689463
0.000000 0.484046 10.455395
0.000000 0.323951 10.241935
0.000000 0.188617 10.061489
0.000000 0.085908 9.924544
0.000000 0.021794 9.839058
0.000000 0.000000 9.810000
0.000000 0.000000 9.810000
0.000000 0.000000 9.810000
0.000000 0.000000 9.810000
0.000000 0.000000 9.810000
0.000000 0.000000 9.810000
0.000000 0.000000 9.810000
0.000000 0.000000 9.810000
0.000000 0.000000 9.810000
0.000000 0.000000 9.810000
0.000000 0.000000 9.810000
0.000000 0.000000 9.810000
0.000000 0.000000 9.810000
0.000000 0.000000 9.810000
0.000000 0.000000 9.810000
0.000000 0.000000 9.810000
0.000000 0.000000 9.810000
0.000000 0.000000 9.810000
0.000000 0.000000 9.810000
0.000000 0.000000 9.810000
0.000000 0.000000 9.810000
0.000000 0.000000 9.810000
0.000000 0.000000 9.810000
0.000000 0.000000 9.810000
0.000000 0.000000 9.810000
0.000000 0.021794 9.839058
0.000000 0.085908 9.924544
0.000000 0.188617 10.061489
0.000000 0.323951 10.241935
0.000000 0.484046 10.455395
0.000000 0.659597 10.689463
0.000000 0.840403 10.930537
0.000000 1.015954 11.164605
0.000000 1.176049 11.378065
0.000000 1.311383 11.558511
0.000000 1.414092 11.695456
0.000000 1.478206 11.780942
0.000000 1.500000 11.810000
0.000000 1.478206 11.780942
0.000000 1.414092 11.695456
0.000000 1.311383 11.558511
0.000000 1.176049 11.378065
0.000000 1.015954 11.164605
0.000000 0.840403 10.930537
0.000000 0.659597 10.689463
0.000000 0.484046 10.455395
0.000000 0.323951 10.241935
0.000000 0.188617 10.061489
0.000000 0.085908 9.924544
0.000000 0.021794 9.839058
0.000000 0.000000 9.810000
0.000000 0.000000 9.810000
0.000000 0.000000 9.810000
0.000000 0.000000 9.810000
0.000000 0.000000 9.810000
0.000000 0.000000 9.810000
0.000000 0.000000 9.810000
0.000000 0.000000 9.810000
0.000000 0.000000 9.810000
0.000000 0.000000 9.810000
0.000000 0.000000 9.810000
0.000000 0.000000 9.810000
0.000000 0.000000 9.810000
0.000000 0.000000 9.810000
0.000000 0.000000 9.810000
0.000000 0.000000 9.810000
0.000000 0.000000 9.810000
0.000000 0.000000 9.810000
0.000000 0.000000 9.810000
0.000000 0.000000 9.810000
0.000000 0.000000 9.810000
0.000000 0.000000 9.810000
0.000000 0.000000 9.810000
0.000000 0.000000 9.810000
0.000000 0.000000 9.810000
0.000000 0.021794 9.839058
0.000000 0.085908 9.924544
0.000000 0.188617 10.061489
0.000000 0.323951 10.241935
0.000000 0.484046 10.455395
0.000000 0.659597 10.689463
0.000000 0.840403 10.930537
0.000000 1.015954 11.164605
0.000000 1.176049 11.378065
0.000000 1.311383 11.558511
0.000000 1.414092 11.695456
0.000000 1.478206 11.780942
0.000000 1.500000 11.810000
0.000000 1.478206 11.780942
0.000000 1.414092 11.695456
0.000000 1.311383 11.558511
0.000000 1.176049 11.378065
0.000000 1.015954 11.164605
0.000000 0.840403 10.930537
0.000000 0.659597 10.689463
0.000000 0.484046 10.455395
0.000000 0.323951 10.241935
0.000000 0.188617 10.061489
0.000000 0.085908 9.924544
0.000000 0.021794 9.839058
0.000000 0.000000 9.810000
0.000000 0.000000 9.810000
0.000000 0.000000 9.810000
0.000000 0.000000 9.810000
0.000000 0.000000 9.810000
0.000000 0.000000 9.810000
0.000000 0.000000 9.810000
0.000000 0.000000 9.810000
0.000000 0.000000 9.810000
0.000000 0.000000 9.810000
0.000000 0.000000 9.810000
0.000000 0.000000 9.810000
0.000000 0.000000 9.810000
0.000000 0.000000 9.810000
0.000000 0.000000 9.810000
0.000000 0.000000 9.810000
0.000000 0.000000 9.810000
0.000000 0.000000 9.810000
0.000000 0.000000 9.810000
0.000000 0.000000 9.810000
0.000000 0.000000 9.810000
0.000000 0.000000 9.810000
0.000000 0.000000 9.810000
0.000000 0.000000 9.810000
0.000000 0.000000 9.810000
0.000000 0.021794 9.839058
0.000000 0.085908 9.924544
0.000000 0.188617 10.061489
0.000000 0.323951 10.241935
0.000000 0.484046 10.455395
0.000000 0.659597 10.689463
0.000000 0.840403 10.930537
0.000000 1.015954 11.164605
0.000000 1.176049 11.378065
0.000000 1.311383 11.558511
0.000000 1.414092 11.695456
0.000000 1.478206 11.780942
0.000000 1.500000 11.810000
0.000000 1.478206 11.780942
0.000000 1.414092 11.695456
0.000000 1.311383 11.558511
0.000000 1.176049 11.378065
0.000000 1.015954 11.164605
0.000000 0.840403 10.930537
0.000000 0.659597 10.689463
0.000000 0.484046 10.455395
0.000000 0.323951 10.241935
0.000000 0.188617 10.061489
0.000000 0.085908 9.924544
0.000000 0.021794 9.839058
0.000000 0.000000 9.810000
0.000000 0.000000 9.810000
0.000000 0.000000 9.810000
0.000000 0.000000 9.810000
0.000000 0.000000 9.810000
0.000000 0.000000 9.810000
0.000000 0.000000 9.810000
0.000000 0.000000 9.810000
0.000000 0.000000 9.810000
0.000000 0.000000 9.810000
0.000000 0.000000 9.810000
0.000000 0.000000 9.810000
0.000000 0.000000 9.810000
0.000000 0.000000 9.810000
0.000000 0.000000 9.810000
0.000000 0.000000 9.810000
0.000000 0.000000 9.810000
0.000000 0.000000 9.810000
0.000000 0.000000 9.810000
0.000000 0.000000 9.810000
0.000000 0.000000 9.810000
0.000000 0.000000 9.810000
0.000000 0.000000 9.810000
0.000000 0.000000 9.810000
0.000000 0.000000 9.810000
0.000000 0.021794 9.839058
0.000000 0.085908 9.924544
0.000000 0.188617 10.061489
0.000000 0.323951 10.241935
0.000000 0.484046 10.455395
0.000000 0.659597 10.689463
0.000000 0.840403 10.930537
0.000000 1.015954 11.164605
0.000000 1.176049 11.378065
0.000000 1.311383 11.558511
0.000000 1.414092 11.695456
0.000000 1.478206 11.780942
0.000000 1.500000 11.810000
0.000000 1.478206 11.780942
0.000000 1.414092 11.695456
0.000000 1.311383 11.558511
0.000000 1.176049 11.378065
0.000000 1.015954 11.164605
0.000000 0.840403 10.930537
0.000000 0.659597 10.689463
0.000000 0.484046 10.455395
0.000000 0.323951 10.241935
0.000000 0.188617 10.061489
0.000000 0.085908 9.924544
0.000000 0.021794 9.839058
0.000000 0.000000 9.810000
0.000000 0.000000 9.810000
0.000000 0.000000 9.810000
0.000000 0.000000 9.810000
0.000000 0.000000 9.810000
0.000000 0.000000 9.810000
0.000000 0.000000 9.810000
0.000000 0.000000 9.810000
0.000000 0.000000 9.810000
0.000000 0.000000 9.810000
0.000000 0.000000 9.810000
0.000000 0.000000 9.810000
0.000000 0.000000 9.810000
0.000000 0.000000 9.810000
0.000000 0.000000 9.810000
0.000000 0.000000 9.810000
0.000000 0.000000 9.810000
0.000000 0.000000 9.810000
0.000000 0.000000 9.810000
0.000000 0.000000 9.810000
0.000000 0.000000 9.810000
0.000000 0.000000 9.810000
0.000000 0.000000 9.810000
0.000000 0.000000 9.810000
0.000000 0.000000 9.810000
0.000000 0.021794 9.839058
0.000000 0.085908 9.924544
0.000000 0.188617 10.061489
0.000000 0.323951 10.241935
0.000000 0.484046 10.455395
0.000000 0.659597 10.689463
0.000000 0.840403 10.930537
0.000000 1.015954 11.164605
0.000000 1.176049 11.378065
0.000000 1.311383 11.558511
0.000000 1.414092 11.695456
0.000000 1.478206 11.780942
0.000000 1.500000 11.810000
0.000000 1.478206 11.780942
0.000000 1.414092 11.695456
0.000000 1.311383 11.558511
0.000000 1.176049 11.378065
0.000000 1.015954 11.164605
0.000000 0.840403 10.930537
0.000000 0.659597 10.689463
0.000000 0.484046 10.455395
0.000000 0.323951 10.241935
0.000000 0.188617 10.061489
0.000000 0.085908 9.924544
0.000000 0.021794 9.839058
0.000000 0.000000 9.810000
0.000000 0.000000 9.810000
0.000000 0.000000 9.810000
0.000000 0.000000 9.810000
0.000000 0.000000 9.810000
0.000000 0.000000 9.810000
0.000000 0.000000 9.810000
0.000000 0.000000 9.810000
0.000000 0.000000 9.810000
0.000000 0.000000 9.810000
0.000000 0.000000 9.810000
0.000000 0.000000 9.810000
0.000000 0.000000 9.810000
0.000000 0.000000 9.810000
0.000000 0.000000 9.810000
0.000000 0.000000 9.810000
0.000000 0.000000 9.810000
0.000000 0.000000 9.810000
0.000000 0.000000 9.810000
0.000000 0.000000 9.810000
0.000000 0.000000 9.810000
0.000000 0.000000 9.810000
0.000000 0.000000 9.810000
0.000000 0.000000 9.810000
0.000000 0.000000 9.810000
0.000000 0.021794 9.839058
0.000000 0.085908 9.924544
0.000000 0.188617 10.061489
0.000000 0.323951 10.241935
0.000000 0.484046 10.455395
0.000000 0.659597 10.689463
0.000000 0.840403 10.930537
0.000000 1.015954 11.164605
0.000000 1.176049 11.378065
0.000000 1.311383 11.558511
0.000000 1.414092 11.695456
0.000000 1.478206 11.780942
0.000000 1.500000 11.810000
0.000000 1.478206 11.780942
0.000000 1.414092 11.695456
0.000000 1.311383 11.558511
0.000000 1.176049 11.378065
0.000000 1.015954 11.164605
0.000000 0.840403 10.930537
0.000000 0.659597 10.689463
0.000000 0.484046 10.455395
0.000000 0.323951 10.241935
0.000000 0.188617 10.061489
0.000000 0.085908 9.924544
0.000000 0.021794 9.839058
0.000000 0.000000 9.810000
0.000000 0.000000 9.810000
0.000000 0.000000 9.810000
0.000000 0.000000 9.810000
0.000000 0.000000 9.810000
0.000000 0.000000 9.810000
0.000000 0.000000 9.810000
0.000000 0.000000 9.810000
0.000000 0.000000 9.810000
0.000000 0.000000 9.810000
0.000000 0.000000 9.810000
0.000000 0.000000 9.810000
0.000000 0.000000 9.810000
0.000000 0.000000 9.810000
0.000000 0.000000 9.810000
0.000000 0.000000 9.810000
0.000000 0.000000 9.810000
0.000000 0.000000 9.810000
0.000000 0.000000 9.810000
0.000000 0.000000 9.810000
0.000000 0.000000 9.810000
0.000000 0.000000 9.810000
0.000000 0.000000 9.810000
0.000000 0.000000 9.810000
0.000000 0.000000 9.810000
0.000000 0.021794 9.839058
0.000000 0.085908 9.924544
0.000000 0.188617 10.061489
0.000000 0.323951 10.241935
0.000000 0.484046 10.455395
0.000000 0.659597 10.689463
0.000000 0.840403 10.930537
0.000000 1.015954 11.164605
0.000000 1.176049 11.378065
0.000000 1.311383 11.558511
0.000000 1.414092 11.695456
0.000000 1.478206 11.780942
0.000000 1.500000 11.810000
0.000000 1.478206 11.780942
0.000000 1.414092 11.695456
0.000000 1.311383 11.558511
0.000000 1.176049 11.378065
0.000000 1.015954 11.164605
0.000000 0.840403 10.930537
0.000000 0.659597 10.689463
0.000000 0.484046 10.455395
0.000000 0.323951 10.241935
0.000000 0.188617 10.061489
0.000000 0.085908 9.924544
0.000000 0.021794 9.839058
0.000000 0.000000 9.810000
0.000000 0.000000 9.810000
0.000000 0.000000 9.810000
0.000000 0.000000 9.810000
0.000000 0.000000 9.810000
0.000000 0.000000 9.810000
0.000000 0.000000 9.810000
0.000000 0.000000 9.810000
0.000000 0.000000 9.810000
0.000000 0.000000 9.810000
0.000000 0.000000 9.810000
0.000000 0.000000 9.810000
0.000000 0.000000 9.810000
0.000000 0.000000 9.810000
0.000000 0.000000 9.810000
0.000000 0.000000 9.810000
0.000000 0.000000 9.810000
0.000000 0.000000 9.810000
0.000000 0.000000 9.810000
0.000000 0.000000 9.810000
0.000000 0.000000 9.810000
0.000000 0.000000 9.810000
0.000000 0.000000 9.810000
0.000000 0.000000 9.810000
0.000000 0.000000 9.810000
0.000000 0.021794 9.839058
0.000000 0.085908 9.924544
0.000000 0.188617 10.061489
0.000000 0.323951 10.241935
0.000000 0.484046 10.455395
0.000000 0.659597 10.689463
0.000000 0.840403 10.930537
0.000000 1.015954 11.164605
0.000000 1.176049 11.378065
0.000000 1.311383 11.558511
0.000000 1.414092 11.695456
0.000000 1.478206 11.780942
0.000000 1.500000 11.810000
0.000000 1.478206 11.780942
0.000000 1.414092 11.695456
0.000000 1.311383 11.558511
0.000000 1.176049 11.378065
0.000000 1.015954 11.164605
0.000000 0.840403 10.930537
0.000000 0.659597 10.689463
0.000000 0.484046 10.455395
0.000000 0.323951 10.241935
0.000000 0.188617 10.061489
0.000000 0.085908 9.924544
0.000000 0.021794 9.839058
0.000000 0.000000 9.810000
0.000000 0.000000 9.810000
0.000000 0.000000 9.810000
0.000000 0.000000 9.810000
0.000000 0.000000 9.810000
0.000000 0.000000 9.810000
0.000000 0.000000 9.810000
0.000000 0.000000 9.810000
0.000000 0.000000 9.810000
0.000000 0.000000 9.810000
0.000000 0.000000 9.810000
0.000000 0.000000 9.810000
0.000000 0.000000 9.810000
0.000000 0.000000 9.810000
0.000000 0.000000 9.810000
0.000000 0.000000 9.810000
0.000000 0.000000 9.810000
0.000000 0.000000 9.810000
0.000000 0.000000 9.810000
0.000000 0.000000 9.810000
0.000000 0.000000 9.810000
0.000000 0.000000 9.810000
0.000000 0.000000 9.810000
0.000000 0.000000 9.810000
0.000000 0.000000 9.810000
0.000000 0.021794 9.839058
0.000000 0.085908 9.924544
0.000000 0.188617 10.061489
0.000000 0.323951 10.241935
0.000000 0.484046 10.455395
0.000000 0.659597 10.689463
0.000000 0.840403 10.930537
0.000000 1.015954 11.164605
0.000000 1.176049 11.378065
0.000000 1.311383 11.558511
0.000000 1.414092 11.695456
0.000000 1.478206 11.780942
0.000000 1.500000 11.810000
0.000000 1.478206 11.780942
0.000000 1.414092 11.695456
0.000000 1.311383 11.558511
0.000000 1.176049 11.378065
0.000000 1.015954 11.164605
0.000000 0.840403 10.930537
0.000000 0.659597 10.689463
0.000000 0.484046 10.455395
0.000000 0.323951 10.241935
0.000000 0.188617 10.061489
0.000000 0.085908 9.924544
0.000000 0.021794 9.839058
0.000000 0.000000 9.810000
0.000000 0.000000 9.810000
0.000000 0.000000 9.810000
0.000000 0.000000 9.810000
0.000000 0.000000 9.810000
0.000000 0.000000 9.810000
0.000000 0.000000 9.810000
0.000000 0.000000 9.810000
0.000000 0.000000 9.810000
0.000000 0.000000 9.810000
0.000000 0.000000 9.810000
0.000000 0.000000 9.810000
0.000000 0.000000 9.810000
0.000000 0.000000 9.810000
0.000000 0.000000 9.810000
0.000000 0.000000 9.810000
0.000000 0.000000 9.810000
0.000000 0.000000 9.810000
0.000000 0.000000 9.810000
0.000000 0.000000 9.810000
0.000000 0.000000 9.810000
0.000000 0.000000 9.810000
0.000000 0.000000 9.810000
0.000000 0.000000 9.810000
0.000000 0.000000 9.810000
0.000000 0.021794 9.839058
0.000000 0.085908 9.924544
0.000000 0.188617 10.061489
0.000000 0.323951 10.241935
0.000000 0.484046 10.455395
0.000000 0.659597 10.689463
0.000000 0.840403 10.930537
0.000000 1.015954 11.164605
0.000000 1.176049 11.378065
0.000000 1.311383 11.558511
0.000000 1.414092 11.695456
0.000000 1.478206 11.780942
0.000000 1.500000 11.810000
0.000000 1.478206 11.780942
0.000000 1.414092 11.695456
0.000000 1.311383 11.558511
0.000000 1.176049 11.378065
0.000000 1.015954 11.164605
0.000000 0.840403 10.930537
0.000000 0.659597 10.689463
0.000000 0.484046 10.455395
0.000000 0.323951 10.241935
0.000000 0.188617 10.061489
0.000000 0.085908 9.924544
0.000000 0.021794 9.839058
0.000000 0.000000 9.810000
0.000000 0.000000 9.810000
0.000000 0.000000 9.810000
0.000000 0.000000 9.810000
0.000000 0.000000 9.810000
0.000000 0.000000 9.810000
0.000000 0.000000 9.810000
0.000000 0.000000 9.810000
0.000000 0.000000 9.810000
0.000000 0.000000 9.810000
0.000000 0.000000 9.810000
0.000000 0.000000 9.810000
0.000000 0.000000 9.810000
0.000000 0.000000 9.810000
0.000000 0.000000 9.810000
0.000000 0.000000 9.810000
0.000000 0.000000 9.810000
0.000000 0.000000 9.810000
0.000000 0.000000 9.810000
0.000000 0.000000 9.810000
0.000000 0.000000 9.810000
0.000000 0.000000 9.810000
0.000000 0.000000 9.810000
0.000000 0.000000 9.810000
0.000000 0.000000 9.810000
0.000000 0.021794 9.839058
0.000000 0.085908 9.924544
0.000000 0.188617 10.061489
0.000000 0.323951 10.241935
0.000000 0.484046 10.455395
0.000000 0.659597 10.689463
0.000000 0.840403 10.930537
0.000000 1.015954 11.164605
0.000000 1.176049 11.378065
0.000000 1.311383 11.558511
0.000000 1.414092 11.695456
0.000000 1.478206 11.780942
0.000000 1.500000 11.810000
0.000000 1.478206 11.780942
0.000000 1.414092 11.695456
0.000000 1.311383 11.558511
0.000000 1.176049 11.378065
0.000000 1.015954 11.164605
0.000000 0.840403 10.930537
0.000000 0.659597 10.689463
0.000000 0.484046 10.455395
0.000000 0.323951 10.241935
0.000000 0.188617 10.061489
0.000000 0.085908 9.924544
0.000000 0.021794 9.839058
0.000000 0.000000 9.810000
0.000000 0.000000 9.810000
0.000000 0.000000 9.810000
0.000000 0.000000 9.810000
0.000000 0.000000 9.810000
0.000000 0.000000 9.810000
0.000000 0.000000 9.810000
0.000000 0.000000 9.810000
0.000000 0.000000 9.810000
0.000000 0.000000 9.810000
0.000000 0.000000 9.810000
0.000000 0.000000 9.810000
0.000000 0.000000 9.810000
0.000000 0.000000 9.810000
0.000000 0.000000 9.810000
0.000000 0.000000 9.810000
0.000000 0.000000 9.810000
0.000000 0.000000 9.810000
0.000000 0.000000 9.810000
0.000000 0.000000 9.810000
0.000000 0.000000 9.810000
0.000000 0.000000 9.810000
0.000000 0.000000 9.810000
0.000000 0.000000 9.810000
0.000000 0.000000 9.810000
0.000000 0.021794 9.839058
0.000000 0.085908 9.924544
0.000000 0.188617 10.061489
0.000000 0.323951 10.241935
0.000000 0.484046 10.455395
0.000000 0.659597 10.689463
0.000000 0.840403 10.930537
0.000000 1.015954 11.164605
0.000000 1.176049 11.378065
0.000000 1.311383 11.558511
0.000000 1.414092 11.695456
0.000000 1.478206 11.780942
0.000000 1.500000 11.810000
0.000000 1.478206 11.780942
0.000000 1.414092 11.695456
0.000000 1.311383 11.558511
0.000000 1.176049 11.378065
0.000000 1.015954 11.164605
0.000000 0.840403 10.930537
0.000000 0.659597 10.689463
0.000000 0.484046 10.455395
0.000000 0.323951 10.241935
0.000000 0.188617 10.061489
0.000000 0.085908 9.924544
0.000000 0.021794 9.839058
0.000000 0.000000 9.810000
0.000000 0.000000 9.810000
0.000000 0.000000 9.810000
0.000000 0.000000 9.810000
0.000000 0.000000 9.810000
0.000000 0.000000 9.810000
0.000000 0.000000 9.810000
0.000000 0.000000 9.810000
0.000000 0.000000 9.810000
0.000000 0.000000 9.810000
0.000000 0.000000 9.810000
0.000000 0.000000 9.810000
0.000000 0.000000 9.810000
0.000000 0.000000 9.810000
0.000000 0.000000 9.810000
0.000000 0.000000 9.810000
0.000000 0.000000 9.810000
0.000000 0.000000 9.810000
0.000000 0.000000 9.810000
0.000000 0.000000 9.810000
0.000000 0.000000 9.810000
0.000000 0.000000 9.810000
0.000000 0.000000 9.810000
0.000000 0.000000 9.810000
0.000000 0.000000 9.810000
0.000000 0.021794 9.839058
0.000000 0.085908 9.924544
0.000000 0.188617 10.061489
0.000000 0.323951 10.241935
0.000000 0.484046 10.455395
0.000000 0.659597 10.689463
0.000000 0.840403 10.930537
0.000000 1.015954 11.164605
0.000000 1.176049 11.378065
0.000000 1.311383 11.558511
0.000000 1.414092 11.695456
0.000000 1.478206 11.780942
0.000000 1.500000 11.810000
0.000000 1.478206 11.780942
0.000000 1.414092 11.695456
0.000000 1.311383 11.558511
0.000000 1.176049 11.378065
0.000000 1.015954 11.164605
0.000000 0.840403 10.930537
0.000000 0.659597 10.689463
0.000000 0.484046 10.455395
0.000000 0.323951 10.241935
0.000000 0.188617 10.061489
0.000000 0.085908 9.924544
0.000000 0.021794 9.839058
0.000000 0.000000 9.810000
0.000000 0.000000 9.810000
0.000000 0.000000 9.810000
0.000000 0.000000 9.810000
0.000000 0.000000 9.810000
0.000000 0.000000 9.810000
0.000000 0.000000 9.810000
0.000000 0.000000 9.810000
0.000000 0.000000 9.810000
0.000000 0.000000 9.810000
0.000000 0.000000 9.810000
0.000000 0.000000 9.810000
0.000000 0.000000 9.810000
0.000000 0.000000 9.810000
0.000000 0.000000 9.810000
0.000000 0.000000 9.810000
0.000000 0.000000 9.810000
0.000000 0.000000 9.810000
0.000000 0.000000 9.810000
0.000000 0.000000 9.810000
0.000000 0.000000 9.810000
0.000000 0.000000 9.810000
0.000000 0.000000 9.810000
0.000000 0.000000 9.810000
0.000000 0.000000 9.810000
0.000000 0.021794 9.839058
0.000000 0.085908 9.924544
0.000000 0.188617 10.061489
0.000000 0.323951 10.241935
0.000000 0.484046 10.455395
0.000000 0.659597 10.689463
0.000000 0.840403 10.930537
0.000000 1.015954 11.164605
0.000000 1.176049 11.378065
0.000000 1.311383 11.558511
0.000000 1.414092 11.695456
0.000000 1.478206 11.780942
0.000000 1.500000 11.810000
0.000000 1.478206 11.780942
0.000000 1.414092 11.695456
0.000000 1.311383 11.558511
0.000000 1.176049 11.378065
0.000000 1.015954 11.164605
0.000000 0.840403 10.930537
0.000000 0.659597 10.689463
0.000000 0.484046 10.455395
0.000000 0.323951 10.241935
0.000000 0.188617 10.061489
0.000000 0.085908 9.924544
0.000000 0.021794 9.839058
0.000000 0.000000 9.810000
0.000000 0.000000 9.810000
0.000000 0.000000 9.810000
0.000000 0.000000 9.810000
0.000000 0.000000 9.810000
0.000000 0.000000 9.810000
0.000000 0.000000 9.810000
0.000000 0.000000 9.810000
0.000000 0.000000 9.810000
0.000000 0.000000 9.810000
0.000000 0.000000 9.810000
0.000000 0.000000 9.810000
0.000000 0.000000 9.810000
0.000000 0.000000 9.810000
0.000000 0.000000 9.810000
0.000000 0.000000 9.810000
0.000000 0.000000 9.810000
0.000000 0.000000 9.810000
0.000000 0.000000 9.810000
0.000000 0.000000 9.810000
0.000000 0.000000 9.810000
0.000000 0.000000 9.810000
0.000000 0.000000 9.810000
0.000000 0.000000 9.810000
0.000000 0.000000 9.810000
0.000000 0.021794 9.839058
0.000000 0.085908 9.924544
0.000000 0.188617 10.061489
0.000000 0.323951 10.241935
0.000000 0.484046 10.455395
0.000000 0.659597 10.689463
0.000000 0.840403 10.930537
0.000000 1.015954 11.164605
0.000000 1.176049 11.378065
0.000000 1.311383 11.558511
0.000000 1.414092 11.695456
0.000000 1.478206 11.780942
0.000000 1.500000 11.810000
0.000000 1.478206 11.780942
0.000000 1.414092 11.695456
0.000000 1.311383 11.558511
0.000000 1.176049 11.378065
0.000000 1.015954 11.164605
0.000000 0.840403 10.930537
0.000000 0.659597 10.689463
0.000000 0.484046 10.455395
0.000000 0.323951 10.241935
0.000000 0.188617 10.061489
0.000000 0.085908 9.924544
0.000000 0.021794 9.839058
0.000000 0.000000 9.810000
0.000000 0.000000 9.810000
0.000000 0.000000 9.810000
0.000000 0.000000 9.810000
0.000000 0.000000 9.810000
0.000000 0.000000 9.810000
0.000000 0.000000 9.810000
0.000000 0.000000 9.810000
0.000000 0.000000 9.810000
0.000000 0.000000 9.810000
0.000000 0.000000 9.810000
0.000000 0.000000 9.810000
0.000000 0.000000 9.810000
0.000000 0.000000 9.810000
0.000000 0.000000 9.810000
0.000000 0.000000 9.810000
0.000000 0.000000 9.810000
0.000000 0.000000 9.810000
0.000000 0.000000 9.810000
0.000000 0.000000 9.810000
0.000000 0.000000 9.810000
0.000000 0.000000 9.810000
0.000000 0.000000 9.810000
0.000000 0.000000 9.810000
0.000000 0.000000 9.810000
0.000000 0.021794 9.839058
0.000000 0.085908 9.924544
0.000000 0.188617 10.061489
0.000000 0.323951 10.241935
0.000000 0.484046 10.455395
0.000000 0.659597 10.689463
0.000000 0.840403 10.930537
0.000000 1.015954 11.164605
0.000000 1.176049 11.378065
0.000000 1.311383 11.558511
0.000000 1.414092 11.695456
0.000000 1.478206 11.780942
0.000000 1.500000 11.810000
0.000000 1.478206 11.780942
0.000000 1.414092 11.695456
0.000000 1.311383 11.558511
0.000000 1.176049 11.378065
0.000000 1.015954 11.164605
0.000000 0.840403 10.930537
0.000000 0.659597 10.689463
0.000000 0.484046 10.455395
0.000000 0.323951 10.241935
0.000000 0.188617 10.061489
0.000000 0.085908 9.924544
0.000000 0.021794 9.839058
0.000000 0.000000 9.810000
0.000000 0.000000 9.810000
0.000000 0.000000 9.810000
0.000000 0.000000 9.810000
0.000000 0.000000 9.810000
0.000000 0.000000 9.810000
0.000000 0.000000 9.810000
0.000000 0.000000 9.810000
0.000000 0.000000 9.810000
0.000000 0.000000 9.810000
0.000000 0.000000 9.810000
0.000000 0.000000 9.810000
0.000000 0.000000 9.810000
0.000000 0.000000 9.810000
0.000000 0.000000 9.810000
0.000000 0.000000 9.810000
0.000000 0.000000 9.810000
0.000000 0.000000 9.810000
0.000000 0.000000 9.810000
0.000000 0.000000 9.810000
0.000000 0.000000 9.810000
0.000000 0.000000 9.810000
0.000000 0.000000 9.810000
0.000000 0.000000 9.810000
0.000000 0.000000 9.810000
0.000000 0.021794 9.839058
0.000000 0.085908 9.924544
0.000000 0.188617 10.061489
0.000000 0.323951 10.241935
0.000000 0.484046 10.455395
0.000000 0.659597 10.689463
0.000000 0.840403 10.930537
0.000000 1.015954 11.164605
0.000000 1.176049 11.378065
0.000000 1.311383 11.558511
0.000000 1.414092 11.695456
0.000000 1.478206 11.780942
0.000000 1.500000 11.810000
0.000000 1.478206 11.780942
0.000000 1.414092 11.695456
0.000000 1.311383 11.558511
0.000000 1.176049 11.378065
0.000000 1.015954 11.164605
0.000000 0.840403 10.930537
0.000000 0.659597 10.689463
0.000000 0.484046 10.455395
0.000000 0.323951 10.241935
0.000000 0.188617 10.061489
0.000000 0.085908 9.924544
0.000000 0.021794 9.839058
0.000000 0.000000 9.810000
0.000000 0.000000 9.810000
0.000000 0.000000 9.810000
0.000000 0.000000 9.810000
0.000000 0.000000 9.810000
0.000000 0.000000 9.810000
0.000000 0.000000 9.810000
0.000000 0.000000 9.810000
0.000000 0.000000 9.810000
0.000000 0.000000 9.810000
0.000000 0.000000 9.810000
0.000000 0.000000 9.810000
0.000000 0.000000 9.810000
0.000000 0.000000 9.810000
0.000000 0.000000 9.810000
0.000000 0.000000 9.810000
0.000000 0.000000 9.810000
0.000000 0.000000 9.810000
0.000000 0.000000 9.810000
0.000000 0.000000 9.810000
0.000000 0.000000 9.810000
0.000000 0.000000 9.810000
0.000000 0.000000 9.810000
0.000000 0.000000 9.810000
0.000000 0.000000 9.810000
0.000000 0.021794 9.839058
0.000000 0.085908 9.924544
0.000000 0.188617 10.061489
0.000000 0.323951 10.241935
0.000000 0.484046 10.455395
0.000000 0.659597 10.689463
0.000000 0.840403 10.930537
0.000000 1.015954 11.164605
0.000000 1.176049 11.378065
0.000000 1.311383 11.558511
0.000000 1.414092 11.695456
0.000000 1.478206 11.780942
0.000000 1.500000 11.810000
0.000000 1.478206 11.780942
0.000000 1.414092 11.695456
0.000000 1.311383 11.558511
0.000000 1.176049 11.378065
0.000000 1.015954 11.164605
0.000000 0.840403 10.930537
0.000000 0.659597 10.689463
0.000000 0.484046 10.455395
0.000000 0.323951 10.241935
0.000000 0.188617 10.061489
0.000000 0.085908 9.924544
0.000000 0.021794 9.839058
0.000000 0.000000 9.810000
0.000000 0.000000 9.810000
0.000000 0.000000 9.810000
0.000000 0.000000 9.810000
0.000000 0.000000 9.810000
0.000000 0.000000 9.810000
0.000000 0.000000 9.810000
0.000000 0.000000 9.810000
0.000000 0.000000 9.810000
0.000000 0.000000 9.810000
0.000000 0.000000 9.810000
0.000000 0.000000 9.810000
0.000000 0.000000 9.810000
0.000000 0.000000 9.810000
0.000000 0.000000 9.810000
0.000000 0.000000 9.810000
0.000000 0.000000 9.810000
0.000000 0.000000 9.810000
0.000000 0.000000 9.810000
0.000000 0.000000 9.810000
0.000000 0.000000 9.810000
0.000000 0.000000 9.810000
0.000000 0.000000 9.810000
0.000000 0.000000 9.810000
0.000000 0.000000 9.810000
0.000000 0.021794 9.839058
0.000000 0.085908 9.924544
0.000000 0.188617 10.061489
0.000000 0.323951 10.241935
0.000000 0.484046 10.455395
0.000000 0.659597 10.689463
0.000000 0.840403 10.930537
0.000000 1.015954 11.164605
0.000000 1.176049 11.378065
0.000000 1.311383 11.558511
0.000000 1.414092 11.695456
0.000000 1.478206 11.780942
0.000000 1.500000 11.810000
0.000000 1.478206 11.780942
0.000000 1.414092 11.695456
0.000000 1.311383 11.558511
0.000000 1.176049 11.378065
0.000000 1.015954 11.164605
0.000000 0.840403 10.930537
0.000000 0.659597 10.689463
0.000000 0.484046 10.455395
0.000000 0.323951 10.241935
0.000000 0.188617 10.061489
0.000000 0.085908 9.924544
0.000000 0.021794 9.839058
0.000000 0.000000 9.810000
0.000000 0.000000 9.810000
0.000000 0.000000 9.810000
0.000000 0.000000 9.810000
0.000000 0.000000 9.810000
0.000000 0.000000 9.810000
0.000000 0.000000 9.810000
0.000000 0.000000 9.810000
0.000000 0.000000 9.810000
0.000000 0.000000 9.810000
0.000000 0.000000 9.810000
0.000000 0.000000 9.810000
0.000000 0.000000 9.810000
0.000000 0.000000 9.810000
0.000000 0.000000 9.810000
0.000000 0.000000 9.810000
0.000000 0.000000 9.810000
0.000000 0.000000 9.810000
0.000000 0.000000 9.810000
0.000000 0.000000 9.810000
0.000000 0.000000 9.810000
0.000000 0.000000 9.810000
0.000000 0.000000 9.810000
0.000000 0.000000 9.810000
0.000000 0.000000 9.810000
0.000000 0.021794 9.839058
0.000000 0.085908 9.924544
0.000000 0.188617 10.061489
0.000000 0.323951 10.241935
0.000000 0.484046 10.455395
0.000000 0.659597 10.689463
0.000000 0.840403 10.930537
0.000000 1.015954 11.164605
0.000000 1.176049 11.378065
0.000000 1.311383 11.558511
0.000000 1.414092 11.695456
0.000000 1.478206 11.780942
0.000000 1.500000 11.810000
0.000000 1.478206 11.780942
0.000000 1.414092 11.695456
0.000000 1.311383 11.558511
0.000000 1.176049 11.378065
0.000000 1.015954 11.164605
0.000000 0.840403 10.930537
0.000000 0.659597 10.689463
0.000000 0.484046 10.455395
0.000000 0.323951 10.241935
0.000000 0.188617 10.061489
0.000000 0.085908 9.924544
0.000000 0.021794 9.839058
0.000000 0.000000 9.810000
0.000000 0.000000 9.810000
0.000000 0.000000 9.810000
0.000000 0.000000 9.810000
0.000000 0.000000 9.810000
0.000000 0.000000 9.810000
0.000000 0.000000 9.810000
0.000000 0.000000 9.810000
0.000000 0.000000 9.810000
0.000000 0.000000 9.810000
0.000000 0.000000 9.810000
0.000000 0.000000 9.810000
0.000000 0.000000 9.810000
0.000000 0.000000 9.810000
0.000000 0.000000 9.810000
0.000000 0.000000 9.810000
0.000000 0.000000 9.810000
0.000000 0.000000 9.810000
0.000000 0.000000 9.810000
0.000000 0.000000 9.810000
0.000000 0.000000 9.810000
0.000000 0.000000 9.810000
0.000000 0.000000 9.810000
0.000000 0.000000 9.810000
0.000000 0.000000 9.810000
0.000000 0.021794 9.839058
0.000000 0.085908 9.924544
0.000000 0.188617 10.061489
0.000000 0.323951 10.241935
0.000000 0.484046 10.455395
0.000000 0.659597 10.689463
0.000000 0.840403 10.930537
0.000000 1.015954 11.164605
0.000000 1.176049 11.378065
0.000000 1.311383 11.558511
0.000000 1.414092 11.695456
0.000000 1.478206 11.780942
0.000000 1.500000 11.810000
0.000000 1.478206 11.780942
0.000000 1.414092 11.695456
0.000000 1.311383 11.558511
0.000000 1.176049 11.378065
0.000000 1.015954 11.164605
0.000000 0.840403 10.930537
0.000000 0.659597 10.689463
0.000000 0.484046 10.455395
0.000000 0.323951 10.241935
0.000000 0.188617 10.061489
0.000000 0.085908 9.924544
0.000000 0.021794 9.839058
0.000000 0.000000 9.810000
0.000000 0.000000 9.810000
0.000000 0.000000 9.810000
0.000000 0.000000 9.810000
0.000000 0.000000 9.810000
0.000000 0.000000 9.810000
0.000000 0.000000 9.810000
0.000000 0.000000 9.810000
0.000000 0.000000 9.810000
0.000000 0.000000 9.810000
0.000000 0.000000 9.810000
0.000000 0.000000 9.810000
0.000000 0.000000 9.810000
0.000000 0.000000 9.810000
0.000000 0.000000 9.810000
0.000000 0.000000 9.810000
0.000000 0.000000 9.810000
0.000000 0.000000 9.810000
0.000000 0.000000 9.810000
0.000000 0.000000 9.810000
0.000000 0.000000 9.810000
0.000000 0.000000 9.810000
0.000000 0.000000 9.810000
0.000000 0.000000 9.810000
0.000000 0.000000 9.810000
0.000000 0.000000 9.810000
0.000000 0.000000 9.810000
0.000000 0.000000 9.810000
0.000000 0.000000 9.810000
0.000000 0.000000 9.810000
0.000000 0.000000 9.810000
0.000000 0.000000 9.810000
0.000000 0.000000 9.810000
0.000000 0.000000 9.810000
0.000000 0.000000 9.810000
0.000000 0.000000 9.810000
0.000000 0.000000 9.810000
0.000000 0.000000 9.810000
0.000000 0.000000 9.810000
0.000000 0.000000 9.810000
0.000000 0.000000 9.810000
0.000000 0.000000 9.810000
0.000000 0.000000 9.810000
0.000000 0.000000 9.810000
0.000000 0.000000 9.810000
0.000000 0.000000 9.810000
0.000000 0.000000 9.810000
0.000000 0.000000 9.810000
0.000000 0.000000 9.810000
0.000000 0.000000 9.810000
-0.002946 0.014227 9.831794
-0.011614 0.056082 9.895908
-0.025499 0.123132 9.998617
-0.043795 0.211480 10.133951
-0.065439 0.315993 10.294046
-0.089172 0.430595 10.469597
-0.113615 0.548628 10.650403
-0.137348 0.663230 10.825954
-0.158992 0.767742 10.986049
-0.177288 0.856091 11.121383
-0.191173 0.923141 11.224092
-0.199841 0.964996 11.288206
-0.202787 0.979223 11.310000
-0.199841 0.964996 11.288206
-0.191173 0.923141 11.224092
-0.177288 0.856091 11.121383
-0.158992 0.767742 10.986049
-0.137348 0.663230 10.825954
-0.113615 0.548628 10.650403
-0.089172 0.430595 10.469597
-0.065439 0.315993 10.294046
-0.043795 0.211480 10.133951
-0.025499 0.123132 9.998617
-0.011614 0.056082 9.895908
-0.002946 0.014227 9.831794
0.000000 0.000000 9.810000
0.000000 0.000000 9.810000
0.000000 0.000000 9.810000
0.000000 0.000000 9.810000
0.000000 0.000000 9.810000
0.000000 0.000000 9.810000
0.000000 0.000000 9.810000
0.000000 0.000000 9.810000
0.000000 0.000000 9.810000
0.000000 0.000000 9.810000
0.000000 0.000000 9.810000
0.000000 0.000000 9.810000
0.000000 0.000000 9.810000
0.000000 0.000000 9.810000
0.000000 0.000000 9.810000
0.000000 0.000000 9.810000
0.000000 0.000000 9.810000
0.000000 0.000000 9.810000
0.000000 0.000000 9.810000
0.000000 0.000000 9.810000
0.000000 0.000000 9.810000
0.000000 0.000000 9.810000
0.000000 0.000000 9.810000
0.000000 0.000000 9.810000
0.000000 0.000000 9.810000
0.000000 0.000000 9.810000
0.000000 0.000000 9.810000
0.000000 0.000000 9.810000
0.000000 0.000000 9.810000
0.000000 0.000000 9.810000
0.000000 0.000000 9.810000
0.000000 0.000000 9.810000
0.000000 0.000000 9.810000
0.000000 0.000000 9.810000
0.000000 0.000000 9.810000
0.000000 0.000000 9.810000
0.000000 0.000000 9.810000
0.000000 0.000000 9.810000
0.000000 0.000000 9.810000
0.000000 0.000000 9.810000
0.000000 0.000000 9.810000
0.000000 0.000000 9.810000
0.000000 0.000000 9.810000
0.000000 0.000000 9.810000
0.000000 0.000000 9.810000
0.000000 0.000000 9.810000
0.000000 0.000000 9.810000
0.000000 0.000000 9.810000
0.000000 0.000000 9.810000
0.000000 0.000000 9.810000
-0.010354 0.010193 9.831794
-0.040814 0.040178 9.895908
-0.089610 0.088214 9.998617
-0.153907 0.151508 10.133951
-0.229967 0.226382 10.294046
-0.313370 0.308486 10.469597
-0.399269 0.393046 10.650403
-0.482672 0.475149 10.825954
-0.558732 0.550023 10.986049
-0.623028 0.613318 11.121383
-0.671824 0.661353 11.224092
-0.702285 0.691339 11.288206
-0.712639 0.701531 11.310000
-0.702285 0.691339 11.288206
-0.671824 0.661353 11.224092
-0.623028 0.613318 11.121383
-0.558732 0.550023 10.986049
-0.482672 0.475149 10.825954
-0.399269 0.393046 10.650403
-0.313370 0.308486 10.469597
-0.229967 0.226382 10.294046
-0.153907 0.151508 10.133951
-0.089610 0.088214 9.998617
-0.040814 0.040178 9.895908
-0.010354 0.010193 9.831794
0.000000 0.000000 9.810000
0.000000 0.000000 9.810000
0.000000 0.000000 9.810000
0.000000 0.000000 9.810000
0.000000 0.000000 9.810000
0.000000 0.000000 9.810000
0.000000 0.000000 9.810000
0.000000 0.000000 9.810000
0.000000 0.000000 9.810000
0.000000 0.000000 9.810000
0.000000 0.000000 9.810000
0.000000 0.000000 9.810000
0.000000 0.000000 9.810000
0.000000 0.000000 9.810000
0.000000 0.000000 9.810000
0.000000 0.000000 9.810000
0.000000 0.000000 9.810000
0.000000 0.000000 9.810000
0.000000 0.000000 9.810000
0.000000 0.000000 9.810000
0.000000 0.000000 9.810000
0.000000 0.000000 9.810000
0.000000 0.000000 9.810000
0.000000 0.000000 9.810000
0.000000 0.000000 9.810000
0.000000 0.000000 9.810000
0.000000 0.000000 9.810000
0.000000 0.000000 9.810000
0.000000 0.000000 9.810000
0.000000 0.000000 9.810000
0.000000 0.000000 9.810000
0.000000 0.000000 9.810000
0.000000 0.000000 9.810000
0.000000 0.000000 9.810000
0.000000 0.000000 9.810000
0.000000 0.000000 9.810000
0.000000 0.000000 9.810000
0.000000 0.000000 9.810000
0.000000 0.000000 9.810000
0.000000 0.000000 9.810000
0.000000 0.000000 9.810000
0.000000 0.000000 9.810000
0.000000 0.000000 9.810000
0.000000 0.000000 9.810000
0.000000 0.000000 9.810000
0.000000 0.000000 9.810000
0.000000 0.000000 9.810000
0.000000 0.000000 9.810000
0.000000 0.000000 9.810000
0.000000 0.000000 9.810000
-0.014272 0.002722 9.831794
-0.056258 0.010732 9.895908
-0.123517 0.023562 9.998617
-0.212142 0.040468 10.133951
-0.316982 0.060467 10.294046
-0.431943 0.082397 10.469597
-0.550344 0.104984 10.650403
-0.665306 0.126914 10.825954
-0.770145 0.146913 10.986049
-0.858770 0.163819 11.121383
-0.926030 0.176650 11.224092
-0.968016 0.184659 11.288206
-0.982287 0.187381 11.310000
-0.968016 0.184659 11.288206
-0.926030 0.176650 11.224092
-0.858770 0.163819 11.121383
-0.770145 0.146913 10.986049
-0.665306 0.126914 10.825954
-0.550344 0.104984 10.650403
-0.431943 0.082397 10.469597
-0.316982 0.060467 10.294046
-0.212142 0.040468 10.133951
-0.123517 0.023562 9.998617
-0.056258 0.010732 9.895908
-0.014272 0.002722 9.831794
0.000000 0.000000 9.810000
0.000000 0.000000 9.810000
0.000000 0.000000 9.810000
0.000000 0.000000 9.810000
0.000000 0.000000 9.810000
0.000000 0.000000 9.810000
0.000000 0.000000 9.810000
0.000000 0.000000 9.810000
0.000000 0.000000 9.810000
0.000000 0.000000 9.810000
0.000000 0.000000 9.810000
0.000000 0.000000 0.000000
0.000000 0.000000 9.810000
0.000000 0.000000 9.810000
0.000000 0.000000 9.810000
0.000000 0.000000 9.810000
0.000000 0.000000 9.810000
0.000000 0.000000 9.810000
0.000000 0.000000 9.810000
0.000000 0.000000 9.810000
0.000000 0.000000 9.810000
0.000000 0.000000 9.810000
0.000000 0.000000 9.810000
0.000000 0.000000 9.810000
0.000000 0.000000 9.810000
0.000000 0.000000 9.810000
-0.021794 0.000000 9.839058
-0.085908 0.000000 9.924544
-0.188617 0.000000 10.061489
-0.323951 0.000000 10.241935
-0.484046 0.000000 10.455395
-0.659597 0.000000 10.689463
-0.840403 0.000000 10.930537
-1.015954 0.000000 11.164605
-1.176049 0.000000 11.378065
-1.311383 0.000000 11.558511
-1.414092 0.000000 11.695456
-1.478206 0.000000 11.780942
-1.500000 0.000000 11.810000
-1.478206 0.000000 11.780942
-1.414092 0.000000 11.695456
-1.311383 0.000000 11.558511
-1.176049 0.000000 11.378065
-1.015954 0.000000 11.164605
-0.840403 0.000000 10.930537
-0.659597 0.000000 10.689463
-0.484046 0.000000 10.455395
-0.323951 0.000000 10.241935
-0.188617 0.000000 10.061489
-0.085908 0.000000 9.924544
-0.021794 0.000000 9.839058
0.000000 0.000000 9.810000
0.000000 0.000000 9.810000
0.000000 0.000000 9.810000
0.000000 0.000000 9.810000
0.000000 0.000000 9.810000
0.000000 0.000000 9.810000
0.000000 0.000000 9.810000
0.000000 0.000000 9.810000
0.000000 0.000000 9.810000
0.000000 0.000000 9.810000
0.000000 0.000000 9.810000
0.000000 0.000000 9.810000
0.000000 0.000000 9.810000
0.000000 0.000000 9.810000
0.000000 0.000000 9.810000
0.000000 0.000000 9.810000
0.000000 0.000000 9.810000
0.000000 0.000000 9.810000
0.000000 0.000000 9.810000
0.000000 0.000000 9.810000
0.000000 0.000000 9.810000
0.000000 0.000000 9.810000
0.000000 0.000000 9.810000
0.000000 0.000000 9.810000
0.000000 0.000000 9.810000
-0.021794 0.000000 9.839058
-0.085908 0.000000 9.924544
-0.188617 0.000000 10.061489
-0.323951 0.000000 10.241935
-0.484046 0.000000 10.455395
-0.659597 0.000000 10.689463
-0.840403 0.000000 10.930537
-1.015954 0.000000 11.164605
-1.176049 0.000000 11.378065
-1.311383 0.000000 11.558511
-1.414092 0.000000 11.695456
-1.478206 0.000000 11.780942
-1.500000 0.000000 11.810000
-1.478206 0.000000 11.780942
-1.414092 0.000000 11.695456
-1.311383 0.000000 11.558511
-1.176049 0.000000 11.378065
-1.015954 0.000000 11.164605
-0.840403 0.000000 10.930537
-0.659597 0.000000 10.689463
-0.484046 0.000000 10.455395
-0.323951 0.000000 10.241935
-0.188617 0.000000 10.061489
-0.085908 0.000000 9.924544
-0.021794 0.000000 9.839058
0.000000 0.000000 9.810000
0.000000 0.000000 9.810000
0.000000 0.000000 9.810000
0.000000 0.000000 9.810000
0.000000 0.000000 9.810000
0.000000 0.000000 9.810000
0.000000 0.000000 9.810000
0.000000 0.000000 9.810000
0.000000 0.000000 9.810000
0.000000 0.000000 9.810000
0.000000 0.000000 9.810000
0.000000 0.000000 9.810000
0.000000 0.000000 9.810000
0.000000 0.000000 9.810000
0.000000 0.000000 9.810000
0.000000 0.000000 9.810000
0.000000 0.000000 9.810000
0.000000 0.000000 9.810000
0.000000 0.000000 9.810000
0.000000 0.000000 9.810000
0.000000 0.000000 9.810000
0.000000 0.000000 9.810000
0.000000 0.000000 9.810000
0.000000 0.000000 9.810000
0.000000 0.000000 9.810000
-0.021794 0.000000 9.839058
-0.085908 0.000000 9.924544
-0.188617 0.000000 10.061489
-0.323951 0.000000 10.241935
-0.484046 0.000000 10.455395
-0.659597 0.000000 10.689463
-0.840403 0.000000 10.930537
-1.015954 0.000000 11.164605
-1.176049 0.000000 11.378065
-1.311383 0.000000 11.558511
-1.414092 0.000000 11.695456
-1.478206 0.000000 11.780942
-1.500000 0.000000 11.810000
-1.478206 0.000000 11.780942
-1.414092 0.000000 11.695456
-1.311383 0.000000 11.558511
-1.176049 0.000000 11.378065
-1.015954 0.000000 11.164605
-0.840403 0.000000 10.930537
-0.659597 0.000000 10.689463
-0.484046 0.000000 10.455395
-0.323951 0.000000 10.241935
-0.188617 0.000000 10.061489
-0.085908 0.000000 9.924544
-0.021794 0.000000 9.839058
0.000000 0.000000 9.810000
0.000000 0.000000 9.810000
0.000000 0.000000 9.810000
0.000000 0.000000 9.810000
0.000000 0.000000 9.810000
0.000000 0.000000 9.810000
0.000000 0.000000 9.810000
0.000000 0.000000 9.810000
0.000000 0.000000 9.810000
0.000000 0.000000 9.810000
0.000000 0.000000 9.810000
0.000000 0.000000 9.810000
0.000000 0.000000 9.810000
0.000000 0.000000 9.810000
0.000000 0.000000 9.810000
0.000000 0.000000 9.810000
0.000000 0.000000 9.810000
0.000000 0.000000 9.810000
0.000000 0.000000 9.810000
0.000000 0.000000 9.810000
0.000000 0.000000 9.810000
0.000000 0.000000 9.810000
0.000000 0.000000 9.810000
0.000000 0.000000 9.810000
0.000000 0.000000 9.810000
-0.021794 0.000000 9.839058
-0.085908 0.000000 9.924544
-0.188617 0.000000 10.061489
-0.323951 0.000000 10.241935
-0.484046 0.000000 10.455395
-0.659597 0.000000 10.689463
-0.840403 0.000000 10.930537
-1.015954 0.000000 11.164605
-1.176049 0.000000 11.378065
-1.311383 0.000000 11.558511
-1.414092 0.000000 11.695456
-1.478206 0.000000 11.780942
-1.500000 0.000000 11.810000
-1.478206 0.000000 11.780942
-1.414092 0.000000 11.695456
-1.311383 0.000000 11.558511
-1.176049 0.000000 11.378065
-1.015954 0.000000 11.164605
-0.840403 0.000000 10.930537
-0.659597 0.000000 10.689463
-0.484046 0.000000 10.455395
-0.323951 0.000000 10.241935
-0.188617 0.000000 10.061489
-0.085908 0.000000 9.924544
-0.021794 0.000000 9.839058
0.000000 0.000000 9.810000
0.000000 0.000000 9.810000
0.000000 0.000000 9.810000
0.000000 0.000000 9.810000
0.000000 0.000000 9.810000
0.000000 0.000000 9.810000
0.000000 0.000000 9.810000
0.000000 0.000000 9.810000
0.000000 0.000000 9.810000
0.000000 0.000000 9.810000
0.000000 0.000000 9.810000
0.000000 0.000000 9.810000
0.000000 0.000000 9.810000
0.000000 0.000000 9.810000
0.000000 0.000000 9.810000
0.000000 0.000000 9.810000
0.000000 0.000000 9.810000
0.000000 0.000000 9.810000
0.000000 0.000000 9.810000
0.000000 0.000000 9.810000
0.000000 0.000000 9.810000
0.000000 0.000000 9.810000
0.000000 0.000000 9.810000
0.000000 0.000000 9.810000
0.000000 0.000000 9.810000
-0.021794 0.000000 9.839058
-0.085908 0.000000 9.924544
-0.188617 0.000000 10.061489
-0.323951 0.000000 10.241935
-0.484046 0.000000 10.455395
-0.659597 0.000000 10.689463
-0.840403 0.000000 10.930537
-1.015954 0.000000 11.164605
-1.176049 0.000000 11.378065
-1.311383 0.000000 11.558511
-1.414092 0.000000 11.695456
-1.478206 0.000000 11.780942
-1.500000 0.000000 11.810000
-1.478206 0.000000 11.780942
-1.414092 0.000000 11.695456
-1.311383 0.000000 11.558511
-1.176049 0.000000 11.378065
-1.015954 0.000000 11.164605
-0.840403 0.000000 10.930537
-0.659597 0.000000 10.689463
-0.484046 0.000000 10.455395
-0.323951 0.000000 10.241935
-0.188617 0.000000 10.061489
-0.085908 0.000000 9.924544
-0.021794 0.000000 9.839058
0.000000 0.000000 9.810000
0.000000 0.000000 9.810000
0.000000 0.000000 9.810000
0.000000 0.000000 9.810000
0.000000 0.000000 9.810000
0.000000 0.000000 9.810000
0.000000 0.000000 9.810000
0.000000 0.000000 9.810000
0.000000 0.000000 9.810000
0.000000 0.000000 9.810000
0.000000 0.000000 9.810000
0.000000 0.000000 9.810000
0.000000 0.000000 9.810000
0.000000 0.000000 9.810000
0.000000 0.000000 9.810000
0.000000 0.000000 9.810000
0.000000 0.000000 9.810000
0.000000 0.000000 9.810000
0.000000 0.000000 9.810000
0.000000 0.000000 9.810000
0.000000 0.000000 9.810000
0.000000 0.000000 9.810000
0.000000 0.000000 9.810000
0.000000 0.000000 9.810000
0.000000 0.000000 9.810000
-0.021794 0.000000 9.839058
-0.085908 0.000000 9.924544
-0.188617 0.000000 10.061489
-0.323951 0.000000 10.241935
-0.484046 0.000000 10.455395
-0.659597 0.000000 10.689463
-0.840403 0.000000 10.930537
-1.015954 0.000000 11.164605
-1.176049 0.000000 11.378065
-1.311383 0.000000 11.558511
-1.414092 0.000000 11.695456
-1.478206 0.000000 11.780942
-1.500000 0.000000 11.810000
-1.478206 0.000000 11.780942
-1.414092 0.000000 11.695456
-1.311383 0.000000 11.558511
-1.176049 0.000000 11.378065
-1.015954 0.000000 11.164605
-0.840403 0.000000 10.930537
-0.659597 0.000000 10.689463
-0.484046 0.000000 10.455395
-0.323951 0.000000 10.241935
-0.188617 0.000000 10.061489
-0.085908 0.000000 9.924544
-0.021794 0.000000 9.839058
0.000000 0.000000 9.810000
0.000000 0.000000 9.810000
0.000000 0.000000 9.810000
0.000000 0.000000 9.810000
0.000000 0.000000 9.810000
0.000000 0.000000 9.810000
0.000000 0.000000 9.810000
0.000000 0.000000 9.810000
0.000000 0.000000 9.810000
0.000000 0.000000 9.810000
0.000000 0.000000 9.810000
0.000000 0.000000 9.810000
0.000000 0.000000 9.810000
0.000000 0.000000 9.810000
0.000000 0.000000 9.810000
0.000000 0.000000 9.810000
0.000000 0.000000 9.810000
0.000000 0.000000 9.810000
0.000000 0.000000 9.810000
0.000000 0.000000 9.810000
0.000000 0.000000 9.810000
0.000000 0.000000 9.810000
0.000000 0.000000 9.810000
0.000000 0.000000 9.810000
0.000000 0.000000 9.810000
-0.021794 0.000000 9.839058
-0.085908 0.000000 9.924544
-0.188617 0.000000 10.061489
-0.323951 0.000000 10.241935
-0.484046 0.000000 10.455395
-0.659597 0.000000 10.689463
-0.840403 0.000000 10.930537
-1.015954 0.000000 11.164605
-1.176049 0.000000 11.378065
-1.311383 0.000000 11.558511
-1.414092 0.000000 11.695456
-1.478206 0.000000 11.780942
-1.500000 0.000000 11.810000
-1.478206 0.000000 11.780942
-1.414092 0.000000 11.695456
-1.311383 0.000000 11.558511
-1.176049 0.000000 11.378065
-1.015954 0.000000 11.164605
-0.840403 0.000000 10.930537
-0.659597 0.000000 10.689463
-0.484046 0.000000 10.455395
-0.323951 0.000000 10.241935
-0.188617 0.000000 10.061489
-0.085908 0.000000 9.924544
-0.021794 0.000000 9.839058
0.000000 0.000000 9.810000
0.000000 0.000000 9.810000
0.000000 0.000000 9.810000
0.000000 0.000000 9.810000
0.000000 0.000000 9.810000
0.000000 0.000000 9.810000
0.000000 0.000000 9.810000
0.000000 0.000000 9.810000
0.000000 0.000000 9.810000
0.000000 0.000000 9.810000
0.000000 0.000000 9.810000
0.000000 0.000000 9.810000
0.000000 0.000000 9.810000
0.000000 0.000000 9.810000
0.000000 0.000000 9.810000
0.000000 0.000000 9.810000
0.000000 0.000000 9.810000
0.000000 0.000000 9.810000
0.000000 0.000000 9.810000
0.000000 0.000000 9.810000
0.000000 0.000000 9.810000
0.000000 0.000000 9.810000
0.000000 0.000000 9.810000
0.000000 0.000000 9.810000
0.000000 0.000000 9.810000
-0.021794 0.000000 9.839058
-0.085908 0.000000 9.924544
-0.188617 0.000000 10.061489
-0.323951 0.000000 10.241935
-0.484046 0.000000 10.455395
-0.659597 0.000000 10.689463
-0.840403 0.000000 10.930537
-1.015954 0.000000 11.164605
-1.176049 0.000000 11.378065
-1.311383 0.000000 11.558511
-1.414092 0.000000 11.695456
-1.478206 0.000000 11.780942
-1.500000 0.000000 11.810000
-1.478206 0.000000 11.780942
-1.414092 0.000000 11.695456
-1.311383 0.000000 11.558511
-1.176049 0.000000 11.378065
-1.015954 0.000000 11.164605
-0.840403 0.000000 10.930537
-0.659597 0.000000 10.689463
-0.484046 0.000000 10.455395
-0.323951 0.000000 10.241935
-0.188617 0.000000 10.061489
-0.085908 0.000000 9.924544
-0.021794 0.000000 9.839058
0.000000 0.000000 9.810000
0.000000 0.000000 9.810000
0.000000 0.000000 9.810000
0.000000 0.000000 9.810000
0.000000 0.000000 9.810000
0.000000 0.000000 9.810000
0.000000 0.000000 9.810000
0.000000 0.000000 9.810000
0.000000 0.000000 9.810000
0.000000 0.000000 9.810000
0.000000 0.000000 9.810000
0.000000 0.000000 9.810000
0.000000 0.000000 9.810000
0.000000 0.000000 9.810000
0.000000 0.000000 9.810000
0.000000 0.000000 9.810000
0.000000 0.000000 9.810000
0.000000 0.000000 9.810000
0.000000 0.000000 9.810000
0.000000 0.000000 9.810000
0.000000 0.000000 9.810000
0.000000 0.000000 9.810000
0.000000 0.000000 9.810000
0.000000 0.000000 9.810000
0.000000 0.000000 9.810000
-0.021794 0.000000 9.839058
-0.085908 0.000000 9.924544
-0.188617 0.000000 10.061489
-0.323951 0.000000 10.241935
-0.484046 0.000000 10.455395
-0.659597 0.000000 10.689463
-0.840403 0.000000 10.930537
-1.015954 0.000000 11.164605
-1.176049 0.000000 11.378065
-1.311383 0.000000 11.558511
-1.414092 0.000000 11.695456
-1.478206 0.000000 11.780942
-1.500000 0.000000 11.810000
-1.478206 0.000000 11.780942
-1.414092 0.000000 11.695456
-1.311383 0.000000 11.558511
-1.176049 0.000000 11.378065
-1.015954 0.000000 11.164605
-0.840403 0.000000 10.930537
-0.659597 0.000000 10.689463
-0.484046 0.000000 10.455395
-0.323951 0.000000 10.241935
-0.188617 0.000000 10.061489
-0.085908 0.000000 9.924544
-0.021794 0.000000 9.839058
0.000000 0.000000 9.810000
0.000000 0.000000 9.810000
0.000000 0.000000 9.810000
0.000000 0.000000 9.810000
0.000000 0.000000 9.810000
0.000000 0.000000 9.810000
0.000000 0.000000 9.810000
0.000000 0.000000 9.810000
0.000000 0.000000 9.810000
0.000000 0.000000 9.810000
0.000000 0.000000 9.810000
0.000000 0.000000 9.810000
0.000000 0.000000 9.810000
0.000000 0.000000 9.810000
0.000000 0.000000 9.810000
0.000000 0.000000 9.810000
0.000000 0.000000 9.810000
0.000000 0.000000 9.810000
0.000000 0.000000 9.810000
0.000000 0.000000 9.810000
0.000000 0.000000 9.810000
0.000000 0.000000 9.810000
0.000000 0.000000 9.810000
0.000000 0.000000 9.810000
0.000000 0.000000 9.810000
-0.021794 0.000000 9.839058
-0.085908 0.000000 9.924544
-0.188617 0.000000 10.061489
-0.323951 0.000000 10.241935
-0.484046 0.000000 10.455395
-0.659597 0.000000 10.689463
-0.840403 0.000000 10.930537
-1.015954 0.000000 11.164605
-1.176049 0.000000 11.378065
-1.311383 0.000000 11.558511
-1.414092 0.000000 11.695456
-1.478206 0.000000 11.780942
-1.500000 0.000000 11.810000
-1.478206 0.000000 11.780942
-1.414092 0.000000 11.695456
-1.311383 0.000000 11.558511
-1.176049 0.000000 11.378065
-1.015954 0.000000 11.164605
-0.840403 0.000000 10.930537
-0.659597 0.000000 10.689463
-0.484046 0.000000 10.455395
-0.323951 0.000000 10.241935
-0.188617 0.000000 10.061489
-0.085908 0.000000 9.924544
-0.021794 0.000000 9.839058
0.000000 0.000000 9.810000
0.000000 0.000000 9.810000
0.000000 0.000000 9.810000
0.000000 0.000000 9.810000
0.000000 0.000000 9.810000
0.000000 0.000000 9.810000
0.000000 0.000000 9.810000
0.000000 0.000000 9.810000
0.000000 0.000000 9.810000
0.000000 0.000000 9.810000
0.000000 0.000000 9.810000
0.000000 0.000000 9.810000
0.000000 0.000000 9.810000
0.000000 0.000000 9.810000
0.000000 0.000000 9.810000
0.000000 0.000000 9.810000
0.000000 0.000000 9.810000
0.000000 0.000000 9.810000
0.000000 0.000000 9.810000
0.000000 0.000000 9.810000
0.000000 0.000000 9.810000
0.000000 0.000000 9.810000
0.000000 0.000000 9.810000
0.000000 0.000000 9.810000
0.000000 0.000000 9.810000
-0.021794 0.000000 9.839058
-0.085908 0.000000 9.924544
-0.188617 0.000000 10.061489
-0.323951 0.000000 10.241935
-0.484046 0.000000 10.455395
-0.659597 0.000000 10.689463
-0.840403 0.000000 10.930537
-1.015954 0.000000 11.164605
-1.176049 0.000000 11.378065
-1.311383 0.000000 11.558511
-1.414092 0.000000 11.695456
-1.478206 0.000000 11.780942
-1.500000 0.000000 11.810000
-1.478206 0.000000 11.780942
-1.414092 0.000000 11.695456
-1.311383 0.000000 11.558511
-1.176049 0.000000 11.378065
-1.015954 0.000000 11.164605
-0.840403 0.000000 10.930537
-0.659597 0.000000 10.689463
-0.484046 0.000000 10.455395
-0.323951 0.000000 10.241935
-0.188617 0.000000 10.061489
-0.085908 0.000000 9.924544
-0.021794 0.000000 9.839058
0.000000 0.000000 9.810000
0.000000 0.000000 9.810000
0.000000 0.000000 9.810000
0.000000 0.000000 9.810000
0.000000 0.000000 9.810000
0.000000 0.000000 9.810000
0.000000 0.000000 9.810000
0.000000 0.000000 9.810000
0.000000 0.000000 9.810000
0.000000 0.000000 9.810000
0.000000 0.000000 9.810000
0.000000 0.000000 9.810000
0.000000 0.000000 9.810000
0.000000 0.000000 9.810000
0.000000 0.000000 9.810000
0.000000 0.000000 9.810000
0.000000 0.000000 9.810000
0.000000 0.000000 9.810000
0.000000 0.000000 9.810000
0.000000 0.000000 9.810000
0.000000 0.000000 9.810000
0.000000 0.000000 9.810000
0.000000 0.000000 9.810000
0.000000 0.000000 9.810000
0.000000 0.000000 9.810000
-0.021794 0.000000 9.839058
-0.085908 0.000000 9.924544
-0.188617 0.000000 10.061489
-0.323951 0.000000 10.241935
-0.484046 0.000000 10.455395
-0.659597 0.000000 10.689463
-0.840403 0.000000 10.930537
-1.015954 0.000000 11.164605
-1.176049 0.000000 11.378065
-1.311383 0.000000 11.558511
-1.414092 0.000000 11.695456
-1.478206 0.000000 11.780942
-1.500000 0.000000 11.810000
-1.478206 0.000000 11.780942
-1.414092 0.000000 11.695456
-1.311383 0.000000 11.558511
-1.176049 0.000000 11.378065
-1.015954 0.000000 11.164605
-0.840403 0.000000 10.930537
-0.659597 0.000000 10.689463
-0.484046 0.000000 10.455395
-0.323951 0.000000 10.241935
-0.188617 0.000000 10.061489
-0.085908 0.000000 9.924544
-0.021794 0.000000 9.839058
0.000000 0.000000 9.810000
0.000000 0.000000 9.810000
0.000000 0.000000 9.810000
0.000000 0.000000 9.810000
0.000000 0.000000 9.810000
0.000000 0.000000 9.810000
0.000000 0.000000 9.810000
0.000000 0.000000 9.810000
0.000000 0.000000 9.810000
0.000000 0.000000 9.810000
0.000000 0.000000 9.810000
0.000000 0.000000 9.810000
0.000000 0.000000 9.810000
0.000000 0.000000 9.810000
0.000000 0.000000 9.810000
0.000000 0.000000 9.810000
0.000000 0.000000 9.810000
0.000000 0.000000 9.810000
0.000000 0.000000 9.810000
0.000000 0.000000 9.810000
0.000000 0.000000 9.810000
0.000000 0.000000 9.810000
0.000000 0.000000 9.810000
0.000000 0.000000 9.810000
0.000000 0.000000 9.810000
-0.021794 0.000000 9.839058
-0.085908 0.000000 9.924544
-0.188617 0.000000 10.061489
-0.323951 0.000000 10.241935
-0.484046 0.000000 10.455395
-0.659597 0.000000 10.689463
-0.840403 0.000000 10.930537
-1.015954 0.000000 11.164605
-1.176049 0.000000 11.378065
-1.311383 0.000000 11.558511
-1.414092 0.000000 11.695456
-1.478206 0.000000 11.780942
-1.500000 0.000000 11.810000
-1.478206 0.000000 11.780942
-1.414092 0.000000 11.695456
-1.311383 0.000000 11.558511
-1.176049 0.000000 11.378065
-1.015954 0.000000 11.164605
-0.840403 0.000000 10.930537
-0.659597 0.000000 10.689463
-0.484046 0.000000 10.455395
-0.323951 0.000000 10.241935
-0.188617 0.000000 10.061489
-0.085908 0.000000 9.924544
-0.021794 0.000000 9.839058
0.000000 0.000000 9.810000
0.000000 0.000000 9.810000
0.000000 0.000000 9.810000
0.000000 0.000000 9.810000
0.000000 0.000000 9.810000
0.000000 0.000000 9.810000
0.000000 0.000000 9.810000
0.000000 0.000000 9.810000
0.000000 0.000000 9.810000
0.000000 0.000000 9.810000
0.000000 0.000000 9.810000
0.000000 0.000000 9.810000
0.000000 0.000000 9.810000
0.000000 0.000000 9.810000
0.000000 0.000000 9.810000
0.000000 0.000000 9.810000
0.000000 0.000000 9.810000
0.000000 0.000000 9.810000
0.000000 0.000000 9.810000
0.000000 0.000000 9.810000
0.000000 0.000000 9.810000
0.000000 0.000000 9.810000
0.000000 0.000000 9.810000
0.000000 0.000000 9.810000
0.000000 0.000000 9.810000
-0.021794 0.000000 9.839058
-0.085908 0.000000 9.924544
-0.188617 0.000000 10.061489
-0.323951 0.000000 10.241935
-0.484046 0.000000 10.455395
-0.659597 0.000000 10.689463
-0.840403 0.000000 10.930537
-1.015954 0.000000 11.164605
-1.176049 0.000000 11.378065
-1.311383 0.000000 11.558511
-1.414092 0.000000 11.695456
-1.478206 0.000000 11.780942
-1.500000 0.000000 11.810000
-1.478206 0.000000 11.780942
-1.414092 0.000000 11.695456
-1.311383 0.000000 11.558511
-1.176049 0.000000 11.378065
-1.015954 0.000000 11.164605
-0.840403 0.000000 10.930537
-0.659597 0.000000 10.689463
-0.484046 0.000000 10.455395
-0.323951 0.000000 10.241935
-0.188617 0.000000 10.061489
-0.085908 0.000000 9.924544
-0.021794 0.000000 9.839058
0.000000 0.000000 9.810000
0.000000 0.000000 9.810000
0.000000 0.000000 9.810000
0.000000 0.000000 9.810000
0.000000 0.000000 9.810000
0.000000 0.000000 9.810000
0.000000 0.000000 9.810000
0.000000 0.000000 9.810000
0.000000 0.000000 9.810000
0.000000 0.000000 9.810000
0.000000 0.000000 9.810000
0.000000 0.000000 9.810000
0.000000 0.000000 9.810000
0.000000 0.000000 9.810000
0.000000 0.000000 9.810000
0.000000 0.000000 9.810000
0.000000 0.000000 9.810000
0.000000 0.000000 9.810000
0.000000 0.000000 9.810000
0.000000 0.000000 9.810000
0.000000 0.000000 9.810000
0.000000 0.000000 9.810000
0.000000 0.000000 9.810000
0.000000 0.000000 9.810000
0.000000 0.000000 9.810000
-0.021794 0.000000 9.839058
-0.085908 0.000000 9.924544
-0.188617 0.000000 10.061489
-0.323951 0.000000 10.241935
-0.484046 0.000000 10.455395
-0.659597 0.000000 10.689463
-0.840403 0.000000 10.930537
-1.015954 0.000000 11.164605
-1.176049 0.000000 11.378065
-1.311383 0.000000 11.558511
-1.414092 0.000000 11.695456
-1.478206 0.000000 11.780942
-1.500000 0.000000 11.810000
-1.478206 0.000000 11.780942
-1.414092 0.000000 11.695456
-1.311383 0.000000 11.558511
-1.176049 0.000000 11.378065
-1.015954 0.000000 11.164605
-0.840403 0.000000 10.930537
-0.659597 0.000000 10.689463
-0.484046 0.000000 10.455395
-0.323951 0.000000 10.241935
-0.188617 0.000000 10.061489
-0.085908 0.000000 9.924544
-0.021794 0.000000 9.839058
0.000000 0.000000 9.810000
0.000000 0.000000 9.810000
0.000000 0.000000 9.810000
0.000000 0.000000 9.810000
0.000000 0.000000 9.810000
0.000000 0.000000 9.810000
0.000000 0.000000 9.810000
0.000000 0.000000 9.810000
0.000000 0.000000 9.810000
0.000000 0.000000 9.810000
0.000000 0.000000 9.810000
0.000000 0.000000 9.810000
0.000000 0.000000 9.810000
0.000000 0.000000 9.810000
0.000000 0.000000 9.810000
0.000000 0.000000 9.810000
0.000000 0.000000 9.810000
0.000000 0.000000 9.810000
0.000000 0.000000 9.810000
0.000000 0.000000 9.810000
0.000000 0.000000 9.810000
0.000000 0.000000 9.810000
0.000000 0.000000 9.810000
0.000000 0.000000 9.810000
0.000000 0.000000 9.810000
-0.021794 0.000000 9.839058
-0.085908 0.000000 9.924544
-0.188617 0.000000 10.061489
-0.323951 0.000000 10.241935
-0.484046 0.000000 10.455395
-0.659597 0.000000 10.689463
-0.840403 0.000000 10.930537
-1.015954 0.000000 11.164605
-1.176049 0.000000 11.378065
-1.311383 0.000000 11.558511
-1.414092 0.000000 11.695456
-1.478206 0.000000 11.780942
-1.500000 0.000000 11.810000
-1.478206 0.000000 11.780942
-1.414092 0.000000 11.695456
-1.311383 0.000000 11.558511
-1.176049 0.000000 11.378065
-1.015954 0.000000 11.164605
-0.840403 0.000000 10.930537
-0.659597 0.000000 10.689463
-0.484046 0.000000 10.455395
-0.323951 0.000000 10.241935
-0.188617 0.000000 10.061489
-0.085908 0.000000 9.924544
-0.021794 0.000000 9.839058
0.000000 0.000000 9.810000
0.000000 0.000000 9.810000
0.000000 0.000000 9.810000
0.000000 0.000000 9.810000
0.000000 0.000000 9.810000
0.000000 0.000000 9.810000
0.000000 0.000000 9.810000
0.000000 0.000000 9.810000
0.000000 0.000000 9.810000
0.000000 0.000000 9.810000
0.000000 0.000000 9.810000
0.000000 0.000000 9.810000
0.000000 0.000000 9.810000
0.000000 0.000000 9.810000
0.000000 0.000000 9.810000
0.000000 0.000000 9.810000
0.000000 0.000000 9.810000
0.000000 0.000000 9.810000
0.000000 0.000000 9.810000
0.000000 0.000000 9.810000
0.000000 0.000000 9.810000
0.000000 0.000000 9.810000
0.000000 0.000000 9.810000
0.000000 0.000000 9.810000
0.000000 0.000000 9.810000
-0.021794 0.000000 9.839058
-0.085908 0.000000 9.924544
-0.188617 0.000000 10.061489
-0.323951 0.000000 10.241935
-0.484046 0.000000 10.455395
-0.659597 0.000000 10.689463
-0.840403 0.000000 10.930537
-1.015954 0.000000 11.164605
-1.176049 0.000000 11.378065
-1.311383 0.000000 11.558511
-1.414092 0.000000 11.695456
-1.478206 0.000000 11.780942
-1.500000 0.000000 11.810000
-1.478206 0.000000 11.780942
-1.414092 0.000000 11.695456
-1.311383 0.000000 11.558511
-1.176049 0.000000 11.378065
-1.015954 0.000000 11.164605
-0.840403 0.000000 10.930537
-0.659597 0.000000 10.689463
-0.484046 0.000000 10.455395
-0.323951 0.000000 10.241935
-0.188617 0.000000 10.061489
-0.085908 0.000000 9.924544
-0.021794 0.000000 9.839058
0.000000 0.000000 9.810000
0.000000 0.000000 9.810000
0.000000 0.000000 9.810000
0.000000 0.000000 9.810000
0.000000 0.000000 9.810000
0.000000 0.000000 9.810000
0.000000 0.000000 9.810000
0.000000 0.000000 9.810000
0.000000 0.000000 9.810000
0.000000 0.000000 9.810000
0.000000 0.000000 9.810000
0.000000 0.000000 9.810000
0.000000 0.000000 9.810000
0.000000 0.000000 9.810000
0.000000 0.000000 9.810000
0.000000 0.000000 9.810000
0.000000 0.000000 9.810000
0.000000 0.000000 9.810000
0.000000 0.000000 9.810000
0.000000 0.000000 9.810000
0.000000 0.000000 9.810000
0.000000 0.000000 9.810000
0.000000 0.000000 9.810000
0.000000 0.000000 9.810000
0.000000 0.000000 9.810000
-0.021794 0.000000 9.839058
-0.085908 0.000000 9.924544
-0.188617 0.000000 10.061489
-0.323951 0.000000 10.241935
-0.484046 0.000000 10.455395
-0.659597 0.000000 10.689463
-0.840403 0.000000 10.930537
-1.015954 0.000000 11.164605
-1.176049 0.000000 11.378065
-1.311383 0.000000 11.558511
-1.414092 0.000000 11.695456
-1.478206 0.000000 11.780942
-1.500000 0.000000 11.810000
-1.478206 0.000000 11.780942
-1.414092 0.000000 11.695456
-1.311383 0.000000 11.558511
-1.176049 0.000000 11.378065
-1.015954 0.000000 11.164605
-0.840403 0.000000 10.930537
-0.659597 0.000000 10.689463
-0.484046 0.000000 10.455395
-0.323951 0.000000 10.241935
-0.188617 0.000000 10.061489
-0.085908 0.000000 9.924544
-0.021794 0.000000 9.839058
0.000000 0.000000 9.810000
0.000000 0.000000 9.810000
0.000000 0.000000 9.810000
0.000000 0.000000 9.810000
0.000000 0.000000 9.810000
0.000000 0.000000 9.810000
0.000000 0.000000 9.810000
0.000000 0.000000 9.810000
0.000000 0.000000 9.810000
0.000000 0.000000 9.810000
0.000000 0.000000 9.810000
0.000000 0.000000 9.810000
0.000000 0.000000 9.810000
0.000000 0.000000 9.810000
0.000000 0.000000 9.810000
0.000000 0.000000 9.810000
0.000000 0.000000 9.810000
0.000000 0.000000 9.810000
0.000000 0.000000 9.810000
0.000000 0.000000 9.810000
0.000000 0.000000 9.810000
0.000000 0.000000 9.810000
0.000000 0.000000 9.810000
0.000000 0.000000 9.810000
0.000000 0.000000 9.810000
-0.021794 0.000000 9.839058
-0.085908 0.000000 9.924544
-0.188617 0.000000 10.061489
-0.323951 0.000000 10.241935
-0.484046 0.000000 10.455395
-0.659597 0.000000 10.689463
-0.840403 0.000000 10.930537
-1.015954 0.000000 11.164605
-1.176049 0.000000 11.378065
-1.311383 0.000000 11.558511
-1.414092 0.000000 11.695456
-1.478206 0.000000 11.780942
-1.500000 0.000000 11.810000
-1.478206 0.000000 11.780942
-1.414092 0.000000 11.695456
-1.311383 0.000000 11.558511
-1.176049 0.000000 11.378065
-1.015954 0.000000 11.164605
-0.840403 0.000000 10.930537
-0.659597 0.000000 10.689463
-0.484046 0.000000 10.455395
-0.323951 0.000000 10.241935
-0.188617 0.000000 10.061489
-0.085908 0.000000 9.924544
-0.021794 0.000000 9.839058
0.000000 0.000000 9.810000
0.000000 0.000000 9.810000
0.000000 0.000000 9.810000
0.000000 0.000000 9.810000
0.000000 0.000000 9.810000
0.000000 0.000000 9.810000
0.000000 0.000000 9.810000
0.000000 0.000000 9.810000
0.000000 0.000000 9.810000
0.000000 0.000000 9.810000
0.000000 0.000000 9.810000
0.000000 0.000000 9.810000
0.000000 0.000000 9.810000
0.000000 0.000000 9.810000
0.000000 0.000000 9.810000
0.000000 0.000000 9.810000
0.000000 0.000000 9.810000
0.000000 0.000000 9.810000
0.000000 0.000000 9.810000
0.000000 0.000000 9.810000
0.000000 0.000000 9.810000
0.000000 0.000000 9.810000
0.000000 0.000000 9.810000
0.000000 0.000000 9.810000
0.000000 0.000000 9.810000
-0.021794 0.000000 9.839058
-0.085908 0.000000 9.924544
-0.188617 0.000000 10.061489
-0.323951 0.000000 10.241935
-0.484046 0.000000 10.455395
-0.659597 0.000000 10.689463
-0.840403 0.000000 10.930537
-1.015954 0.000000 11.164605
-1.176049 0.000000 11.378065
-1.311383 0.000000 11.558511
-1.414092 0.000000 11.695456
-1.478206 0.000000 11.780942
-1.500000 0.000000 11.810000
-1.478206 0.000000 11.780942
-1.414092 0.000000 11.695456
-1.311383 0.000000 11.558511
-1.176049 0.000000 11.378065
-1.015954 0.000000 11.164605
-0.840403 0.000000 10.930537
-0.659597 0.000000 10.689463
-0.484046 0.000000 10.455395
-0.323951 0.000000 10.241935
-0.188617 0.000000 10.061489
-0.085908 0.000000 9.924544
-0.021794 0.000000 9.839058
0.000000 0.000000 9.810000
0.000000 0.000000 9.810000
0.000000 0.000000 9.810000
0.000000 0.000000 9.810000
0.000000 0.000000 9.810000
0.000000 0.000000 9.810000
0.000000 0.000000 9.810000
0.000000 0.000000 9.810000
0.000000 0.000000 9.810000
0.000000 0.000000 9.810000
0.000000 0.000000 9.810000
0.000000 0.000000 9.810000
0.000000 0.000000 9.810000
0.000000 0.000000 9.810000
0.000000 0.000000 9.810000
0.000000 0.000000 9.810000
0.000000 0.000000 9.810000
0.000000 0.000000 9.810000
0.000000 0.000000 9.810000
0.000000 0.000000 9.810000
0.000000 0.000000 9.810000
0.000000 0.000000 9.810000
0.000000 0.000000 9.810000
0.000000 0.000000 9.810000
0.000000 0.000000 9.810000
-0.021794 0.000000 9.839058
-0.085908 0.000000 9.924544
-0.188617 0.000000 10.061489
-0.323951 0.000000 10.241935
-0.484046 0.000000 10.455395
-0.659597 0.000000 10.689463
-0.840403 0.000000 10.930537
-1.015954 0.000000 11.164605
-1.176049 0.000000 11.378065
-1.311383 0.000000 11.558511
-1.414092 0.000000 11.695456
-1.478206 0.000000 11.780942
-1.500000 0.000000 11.810000
-1.478206 0.000000 11.780942
-1.414092 0.000000 11.695456
-1.311383 0.000000 11.558511
-1.176049 0.000000 11.378065
-1.015954 0.000000 11.164605
-0.840403 0.000000 10.930537
-0.659597 0.000000 10.689463
-0.484046 0.000000 10.455395
-0.323951 0.000000 10.241935
-0.188617 0.000000 10.061489
-0.085908 0.000000 9.924544
-0.021794 0.000000 9.839058
0.000000 0.000000 9.810000
0.000000 0.000000 9.810000
0.000000 0.000000 9.810000
0.000000 0.000000 9.810000
0.000000 0.000000 9.810000
0.000000 0.000000 9.810000
0.000000 0.000000 9.810000
0.000000 0.000000 9.810000
0.000000 0.000000 9.810000
0.000000 0.000000 9.810000
0.000000 0.000000 9.810000
0.000000 0.000000 9.810000
0.000000 0.000000 9.810000
0.000000 0.000000 9.810000
0.000000 0.000000 9.810000
0.000000 0.000000 9.810000
0.000000 0.000000 9.810000
0.000000 0.000000 9.810000
0.000000 0.000000 9.810000
0.000000 0.000000 9.810000
0.000000 0.000000 9.810000
0.000000 0.000000 9.810000
0.000000 0.000000 9.810000
0.000000 0.000000 9.810000
0.000000 0.000000 9.810000
-0.021794 0.000000 9.839058
-0.085908 0.000000 9.924544
-0.188617 0.000000 10.061489
-0.323951 0.000000 10.241935
-0.484046 0.000000 10.455395
-0.659597 0.000000 10.689463
-0.840403 0.000000 10.930537
-1.015954 0.000000 11.164605
-1.176049 0.000000 11.378065
-1.311383 0.000000 11.558511
-1.414092 0.000000 11.695456
-1.478206 0.000000 11.780942
-1.500000 0.000000 11.810000
-1.478206 0.000000 11.780942
-1.414092 0.000000 11.695456
-1.311383 0.000000 11.558511
-1.176049 0.000000 11.378065
-1.015954 0.000000 11.164605
-0.840403 0.000000 10.930537
-0.659597 0.000000 10.689463
-0.484046 0.000000 10.455395
-0.323951 0.000000 10.241935
-0.188617 0.000000 10.061489
-0.085908 0.000000 9.924544
-0.021794 0.000000 9.839058
0.000000 0.000000 9.810000
0.000000 0.000000 9.810000
0.000000 0.000000 9.810000
0.000000 0.000000 9.810000
0.000000 0.000000 9.810000
0.000000 0.000000 9.810000
0.000000 0.000000 9.810000
0.000000 0.000000 9.810000
0.000000 0.000000 9.810000
0.000000 0.000000 9.810000
0.000000 0.000000 9.810000
0.000000 0.000000 9.810000
0.000000 0.000000 9.810000
0.000000 0.000000 9.810000
0.000000 0.000000 9.810000
0.000000 0.000000 9.810000
0.000000 0.000000 9.810000
0.000000 0.000000 9.810000
0.000000 0.000000 9.810000
0.000000 0.000000 9.810000
0.000000 0.000000 9.810000
0.000000 0.000000 9.810000
0.000000 0.000000 9.810000
0.000000 0.000000 9.810000
0.000000 0.000000 9.810000
-0.021794 0.000000 9.839058
-0.085908 0.000000 9.924544
-0.188617 0.000000 10.061489
-0.323951 0.000000 10.241935
-0.484046 0.000000 10.455395
-0.659597 0.000000 10.689463
-0.840403 0.000000 10.930537
-1.015954 0.000000 11.164605
-1.176049 0.000000 11.378065
-1.311383 0.000000 11.558511
-1.414092 0.000000 11.695456
-1.478206 0.000000 11.780942
-1.500000 0.000000 11.810000
-1.478206 0.000000 11.780942
-1.414092 0.000000 11.695456
-1.311383 0.000000 11.558511
-1.176049 0.000000 11.378065
-1.015954 0.000000 11.164605
-0.840403 0.000000 10.930537
-0.659597 0.000000 10.689463
-0.484046 0.000000 10.455395
-0.323951 0.000000 10.241935
-0.188617 0.000000 10.061489
-0.085908 0.000000 9.924544
-0.021794 0.000000 9.839058
0.000000 0.000000 9.810000
0.000000 0.000000 9.810000
0.000000 0.000000 9.810000
0.000000 0.000000 9.810000
0.000000 0.000000 9.810000
0.000000 0.000000 9.810000
0.000000 0.000000 9.810000
0.000000 0.000000 9.810000
0.000000 0.000000 9.810000
0.000000 0.000000 9.810000
0.000000 0.000000 9.810000
0.000000 0.000000 9.810000
0.000000 0.000000 9.810000
0.000000 0.000000 9.810000
0.000000 0.000000 9.810000
0.000000 0.000000 9.810000
0.000000 0.000000 9.810000
0.000000 0.000000 9.810000
0.000000 0.000000 9.810000
0.000000 0.000000 9.810000
0.000000 0.000000 9.810000
0.000000 0.000000 9.810000
0.000000 0.000000 9.810000
0.000000 0.000000 9.810000
0.000000 0.000000 9.810000
-0.021794 0.000000 9.839058
-0.085908 0.000000 9.924544
-0.188617 0.000000 10.061489
-0.323951 0.000000 10.241935
-0.484046 0.000000 10.455395
-0.659597 0.000000 10.689463
-0.840403 0.000000 10.930537
-1.015954 0.000000 11.164605
-1.176049 0.000000 11.378065
-1.311383 0.000000 11.558511
-1.414092 0.000000 11.695456
-1.478206 0.000000 11.780942
-1.500000 0.000000 11.810000
-1.478206 0.000000 11.780942
-1.414092 0.000000 11.695456
-1.311383 0.000000 11.558511
-1.176049 0.000000 11.378065
-1.015954 0.000000 11.164605
-0.840403 0.000000 10.930537
-0.659597 0.000000 10.689463
-0.484046 0.000000 10.455395
-0.323951 0.000000 10.241935
-0.188617 0.000000 10.061489
-0.085908 0.000000 9.924544
-0.021794 0.000000 9.839058
0.000000 0.000000 9.810000
0.000000 0.000000 9.810000
0.000000 0.000000 9.810000
0.000000 0.000000 9.810000
0.000000 0.000000 9.810000
0.000000 0.000000 9.810000
0.000000 0.000000 9.810000
0.000000 0.000000 9.810000
0.000000 0.000000 9.810000
0.000000 0.000000 9.810000
0.000000 0.000000 9.810000
0.000000 0.000000 9.810000
0.000000 0.000000 9.810000
0.000000 0.000000 9.810000
0.000000 0.000000 9.810000
0.000000 0.000000 9.810000
0.000000 0.000000 9.810000
0.000000 0.000000 9.810000
0.000000 0.000000 9.810000
0.000000 0.000000 9.810000
0.000000 0.000000 9.810000
0.000000 0.000000 9.810000
0.000000 0.000000 9.810000
0.000000 0.000000 9.810000
0.000000 0.000000 9.810000
-0.021794 0.000000 9.839058
-0.085908 0.000000 9.924544
-0.188617 0.000000 10.061489
-0.323951 0.000000 10.241935
-0.484046 0.000000 10.455395
-0.659597 0.000000 10.689463
-0.840403 0.000000 10.930537
-1.015954 0.000000 11.164605
-1.176049 0.000000 11.378065
-1.311383 0.000000 11.558511
-1.414092 0.000000 11.695456
-1.478206 0.000000 11.780942
-1.500000 0.000000 11.810000
-1.478206 0.000000 11.780942
-1.414092 0.000000 11.695456
-1.311383 0.000000 11.558511
-1.176049 0.000000 11.378065
-1.015954 0.000000 11.164605
-0.840403 0.000000 10.930537
-0.659597 0.000000 10.689463
-0.484046 0.000000 10.455395
-0.323951 0.000000 10.241935
-0.188617 0.000000 10.061489
-0.085908 0.000000 9.924544
-0.021794 0.000000 9.839058
0.000000 0.000000 9.810000
0.000000 0.000000 9.810000
0.000000 0.000000 9.810000
0.000000 0.000000 9.810000
0.000000 0.000000 9.810000
0.000000 0.000000 9.810000
0.000000 0.000000 9.810000
0.000000 0.000000 9.810000
0.000000 0.000000 9.810000
0.000000 0.000000 9.810000
0.000000 0.000000 9.810000
0.000000 0.000000 9.810000
0.000000 0.000000 9.810000
0.000000 0.000000 9.810000
0.000000 0.000000 9.810000
0.000000 0.000000 9.810000
0.000000 0.000000 9.810000
0.000000 0.000000 9.810000
0.000000 0.000000 9.810000
0.000000 0.000000 9.810000
0.000000 0.000000 9.810000
0.000000 0.000000 9.810000
0.000000 0.000000 9.810000
0.000000 0.000000 9.810000
0.000000 0.000000 9.810000
-0.021794 0.000000 9.839058
-0.085908 0.000000 9.924544
-0.188617 0.000000 10.061489
-0.323951 0.000000 10.241935
-0.484046 0.000000 10.455395
-0.659597 0.000000 10.689463
-0.840403 0.000000 10.930537
-1.015954 0.000000 11.164605
-1.176049 0.000000 11.378065
-1.311383 0.000000 11.558511
-1.414092 0.000000 11.695456
-1.478206 0.000000 11.780942
-1.500000 0.000000 11.810000
-1.478206 0.000000 11.780942
-1.414092 0.000000 11.695456
-1.311383 0.000000 11.558511
-1.176049 0.000000 11.378065
-1.015954 0.000000 11.164605
-0.840403 0.000000 10.930537
-0.659597 0.000000 10.689463
-0.484046 0.000000 10.455395
-0.323951 0.000000 10.241935
-0.188617 0.000000 10.061489
-0.085908 0.000000 9.924544
-0.021794 0.000000 9.839058
0.000000 0.000000 9.810000
0.000000 0.000000 9.810000
0.000000 0.000000 9.810000
0.000000 0.000000 9.810000
0.000000 0.000000 9.810000
0.000000 0.000000 9.810000
0.000000 0.000000 9.810000
0.000000 0.000000 9.810000
0.000000 0.000000 9.810000
0.000000 0.000000 9.810000
0.000000 0.000000 9.810000
0.000000 0.000000 9.810000
0.000000 0.000000 9.810000
0.000000 0.000000 9.810000
0.000000 0.000000 9.810000
0.000000 0.000000 9.810000
0.000000 0.000000 9.810000
0.000000 0.000000 9.810000
0.000000 0.000000 9.810000
0.000000 0.000000 9.810000
0.000000 0.000000 9.810000
0.000000 0.000000 9.810000
0.000000 0.000000 9.810000
0.000000 0.000000 9.810000
0.000000 0.000000 9.810000
-0.021794 0.000000 9.839058
-0.085908 0.000000 9.924544
-0.188617 0.000000 10.061489
-0.323951 0.000000 10.241935
-0.484046 0.000000 10.455395
-0.659597 0.000000 10.689463
-0.840403 0.000000 10.930537
-1.015954 0.000000 11.164605
-1.176049 0.000000 11.378065
-1.311383 0.000000 11.558511
-1.414092 0.000000 11.695456
-1.478206 0.000000 11.780942
-1.500000 0.000000 11.810000
-1.478206 0.000000 11.780942
-1.414092 0.000000 11.695456
-1.311383 0.000000 11.558511
-1.176049 0.000000 11.378065
-1.015954 0.000000 11.164605
-0.840403 0.000000 10.930537
-0.659597 0.000000 10.689463
-0.484046 0.000000 10.455395
-0.323951 0.000000 10.241935
-0.188617 0.000000 10.061489
-0.085908 0.000000 9.924544
-0.021794 0.000000 9.839058
0.000000 0.000000 9.810000
0.000000 0.000000 9.810000
0.000000 0.000000 9.810000
0.000000 0.000000 9.810000
0.000000 0.000000 9.810000
0.000000 0.000000 9.810000
0.000000 0.000000 9.810000
0.000000 0.000000 9.810000
0.000000 0.000000 9.810000
0.000000 0.000000 9.810000
0.000000 0.000000 9.810000
0.000000 0.000000 9.810000
0.000000 0.000000 9.810000
0.000000 0.000000 9.810000
0.000000 0.000000 9.810000
0.000000 0.000000 9.810000
0.000000 0.000000 9.810000
0.000000 0.000000 9.810000
0.000000 0.000000 9.810000
0.000000 0.000000 9.810000
0.000000 0.000000 9.810000
0.000000 0.000000 9.810000
0.000000 0.000000 9.810000
0.000000 0.000000 9.810000
0.000000 0.000000 9.810000
-0.021794 0.000000 9.839058
-0.085908 0.000000 9.924544
-0.188617 0.000000 10.061489
-0.323951 0.000000 10.241935
-0.484046 0.000000 10.455395
-0.659597 0.000000 10.689463
-0.840403 0.000000 10.930537
-1.015954 0.000000 11.164605
-1.176049 0.000000 11.378065
-1.311383 0.000000 11.558511
-1.414092 0.000000 11.695456
-1.478206 0.000000 11.780942
-1.500000 0.000000 11.810000
-1.478206 0.000000 11.780942
-1.414092 0.000000 11.695456
-1.311383 0.000000 11.558511
-1.176049 0.000000 11.378065
-1.015954 0.000000 11.164605
-0.840403 0.000000 10.930537
-0.659597 0.000000 10.689463
-0.484046 0.000000 10.455395
-0.323951 0.000000 10.241935
-0.188617 0.000000 10.061489
-0.085908 0.000000 9.924544
-0.021794 0.000000 9.839058
0.000000 0.000000 9.810000
0.000000 0.000000 9.810000
0.000000 0.000000 9.810000
0.000000 0.000000 9.810000
0.000000 0.000000 9.810000
0.000000 0.000000 9.810000
0.000000 0.000000 9.810000
0.000000 0.000000 9.810000
0.000000 0.000000 9.810000
0.000000 0.000000 9.810000
0.000000 0.000000 9.810000
0.000000 0.000000 9.810000
0.000000 0.000000 9.810000
0.000000 0.000000 9.810000
0.000000 0.000000 9.810000
0.000000 0.000000 9.810000
0.000000 0.000000 9.810000
0.000000 0.000000 9.810000
0.000000 0.000000 9.810000
0.000000 0.000000 9.810000
0.000000 0.000000 9.810000
0.000000 0.000000 9.810000
0.000000 0.000000 9.810000
0.000000 0.000000 9.810000
0.000000 0.000000 9.810000
-0.021794 0.000000 9.839058
-0.085908 0.000000 9.924544
-0.188617 0.000000 10.061489
-0.323951 0.000000 10.241935
-0.484046 0.000000 10.455395
-0.659597 0.000000 10.689463
-0.840403 0.000000 10.930537
-1.015954 0.000000 11.164605
-1.176049 0.000000 11.378065
-1.311383 0.000000 11.558511
-1.414092 0.000000 11.695456
-1.478206 0.000000 11.780942
-1.500000 0.000000 11.810000
-1.478206 0.000000 11.780942
-1.414092 0.000000 11.695456
-1.311383 0.000000 11.558511
-1.176049 0.000000 11.378065
-1.015954 0.000000 11.164605
-0.840403 0.000000 10.930537
-0.659597 0.000000 10.689463
-0.484046 0.000000 10.455395
-0.323951 0.000000 10.241935
-0.188617 0.000000 10.061489
-0.085908 0.000000 9.924544
-0.021794 0.000000 9.839058
0.000000 0.000000 9.810000
0.000000 0.000000 9.810000
0.000000 0.000000 9.810000
0.000000 0.000000 9.810000
0.000000 0.000000 9.810000
0.000000 0.000000 9.810000
0.000000 0.000000 9.810000
0.000000 0.000000 9.810000
0.000000 0.000000 9.810000
0.000000 0.000000 9.810000
0.000000 0.000000 9.810000
0.000000 0.000000 9.810000
0.000000 0.000000 9.810000
0.000000 0.000000 9.810000
0.000000 0.000000 9.810000
0.000000 0.000000 9.810000
0.000000 0.000000 9.810000
0.000000 0.000000 9.810000
0.000000 0.000000 9.810000
0.000000 0.000000 9.810000
0.000000 0.000000 9.810000
0.000000 0.000000 9.810000
0.000000 0.000000 9.810000
0.000000 0.000000 9.810000
0.000000 0.000000 9.810000
-0.021794 0.000000 9.839058
-0.085908 0.000000 9.924544
-0.188617 0.000000 10.061489
-0.323951 0.000000 10.241935
-0.484046 0.000000 10.455395
-0.659597 0.000000 10.689463
-0.840403 0.000000 10.930537
-1.015954 0.000000 11.164605
-1.176049 0.000000 11.378065
-1.311383 0.000000 11.558511
-1.414092 0.000000 11.695456
-1.478206 0.000000 11.780942
-1.500000 0.000000 11.810000
-1.478206 0.000000 11.780942
-1.414092 0.000000 11.695456
-1.311383 0.000000 11.558511
-1.176049 0.000000 11.378065
-1.015954 0.000000 11.164605
-0.840403 0.000000 10.930537
-0.659597 0.000000 10.689463
-0.484046 0.000000 10.455395
-0.323951 0.000000 10.241935
-0.188617 0.000000 10.061489
-0.085908 0.000000 9.924544
-0.021794 0.000000 9.839058
0.000000 0.000000 9.810000
0.000000 0.000000 9.810000
0.000000 0.000000 9.810000
0.000000 0.000000 9.810000
0.000000 0.000000 9.810000
0.000000 0.000000 9.810000
0.000000 0.000000 9.810000
0.000000 0.000000 9.810000
0.000000 0.000000 9.810000
0.000000 0.000000 9.810000
0.000000 0.000000 9.810000
0.000000 0.000000 9.810000
0.000000 0.000000 9.810000
0.000000 0.000000 9.810000
0.000000 0.000000 9.810000
0.000000 0.000000 9.810000
0.000000 0.000000 9.810000
0.000000 0.000000 9.810000
0.000000 0.000000 9.810000
0.000000 0.000000 9.810000
0.000000 0.000000 9.810000
0.000000 0.000000 9.810000
0.000000 0.000000 9.810000
0.000000 0.000000 9.810000
0.000000 0.000000 9.810000
-0.021794 0.000000 9.839058
-0.085908 0.000000 9.924544
-0.188617 0.000000 10.061489
-0.323951 0.000000 10.241935
-0.484046 0.000000 10.455395
-0.659597 0.000000 10.689463
-0.840403 0.000000 10.930537
-1.015954 0.000000 11.164605
-1.176049 0.000000 11.378065
-1.311383 0.000000 11.558511
-1.414092 0.000000 11.695456
-1.478206 0.000000 11.780942
-1.500000 0.000000 11.810000
-1.478206 0.000000 11.780942
-1.414092 0.000000 11.695456
-1.311383 0.000000 11.558511
-1.176049 0.000000 11.378065
-1.015954 0.000000 11.164605
-0.840403 0.000000 10.930537
-0.659597 0.000000 10.689463
-0.484046 0.000000 10.455395
-0.323951 0.000000 10.241935
-0.188617 0.000000 10.061489
-0.085908 0.000000 9.924544
-0.021794 0.000000 9.839058
0.000000 0.000000 9.810000
0.000000 0.000000 9.810000
0.000000 0.000000 9.810000
0.000000 0.000000 9.810000
0.000000 0.000000 9.810000
0.000000 0.000000 9.810000
0.000000 0.000000 9.810000
0.000000 0.000000 9.810000
0.000000 0.000000 9.810000
0.000000 0.000000 9.810000
0.000000 0.000000 9.810000
0.000000 0.000000 9.810000
0.000000 0.000000 9.810000
0.000000 0.000000 9.810000
0.000000 0.000000 9.810000
0.000000 0.000000 9.810000
0.000000 0.000000 9.810000
0.000000 0.000000 9.810000
0.000000 0.000000 9.810000
0.000000 0.000000 9.810000
0.000000 0.000000 9.810000
0.000000 0.000000 9.810000
0.000000 0.000000 9.810000
0.000000 0.000000 9.810000
0.000000 0.000000 9.810000
-0.021794 0.000000 9.839058
-0.085908 0.000000 9.924544
-0.188617 0.000000 10.061489
-0.323951 0.000000 10.241935
-0.484046 0.000000 10.455395
-0.659597 0.000000 10.689463
-0.840403 0.000000 10.930537
-1.015954 0.000000 11.164605
-1.176049 0.000000 11.378065
-1.311383 0.000000 11.558511
-1.414092 0.000000 11.695456
-1.478206 0.000000 11.780942
-1.500000 0.000000 11.810000
-1.478206 0.000000 11.780942
-1.414092 0.000000 11.695456
-1.311383 0.000000 11.558511
-1.176049 0.000000 11.378065
-1.015954 0.000000 11.164605
-0.840403 0.000000 10.930537
-0.659597 0.000000 10.689463
-0.484046 0.000000 10.455395
-0.323951 0.000000 10.241935
-0.188617 0.000000 10.061489
-0.085908 0.000000 9.924544
-0.021794 0.000000 9.839058
0.000000 0.000000 9.810000
0.000000 0.000000 9.810000
0.000000 0.000000 9.810000
0.000000 0.000000 9.810000
0.000000 0.000000 9.810000
0.000000 0.000000 9.810000
0.000000 0.000000 9.810000
0.000000 0.000000 9.810000
0.000000 0.000000 9.810000
0.000000 0.000000 9.810000
0.000000 0.000000 9.810000
0.000000 0.000000 9.810000
0.000000 0.000000 9.810000
0.000000 0.000000 9.810000
0.000000 0.000000 9.810000
0.000000 0.000000 9.810000
0.000000 0.000000 9.810000
0.000000 0.000000 9.810000
0.000000 0.000000 9.810000
0.000000 0.000000 9.810000
0.000000 0.000000 9.810000
0.000000 0.000000 9.810000
0.000000 0.000000 9.810000
0.000000 0.000000 9.810000
0.000000 0.000000 9.810000
-0.021794 0.000000 9.839058
-0.085908 0.000000 9.924544
-0.188617 0.000000 10.061489
-0.323951 0.000000 10.241935
-0.484046 0.000000 10.455395
-0.659597 0.000000 10.689463
-0.840403 0.000000 10.930537
-1.015954 0.000000 11.164605
-1.176049 0.000000 11.378065
-1.311383 0.000000 11.558511
-1.414092 0.000000 11.695456
-1.478206 0.000000 11.780942
-1.500000 0.000000 11.810000
-1.478206 0.000000 11.780942
-1.414092 0.000000 11.695456
-1.311383 0.000000 11.558511
-1.176049 0.000000 11.378065
-1.015954 0.000000 11.164605
-0.840403 0.000000 10.930537
-0.659597 0.000000 10.689463
-0.484046 0.000000 10.455395
-0.323951 0.000000 10.241935
-0.188617 0.000000 10.061489
-0.085908 0.000000 9.924544
-0.021794 0.000000 9.839058
0.000000 0.000000 9.810000
0.000000 0.000000 9.810000
0.000000 0.000000 9.810000
0.000000 0.000000 9.810000
0.000000 0.000000 9.810000
0.000000 0.000000 9.810000
0.000000 0.000000 9.810000
0.000000 0.000000 9.810000
0.000000 0.000000 9.810000
0.000000 0.000000 9.810000
0.000000 0.000000 9.810000
0.000000 0.000000 9.810000
0.000000 0.000000 9.810000
0.000000 0.000000 9.810000
0.000000 0.000000 9.810000
0.000000 0.000000 9.810000
0.000000 0.000000 9.810000
0.000000 0.000000 9.810000
0.000000 0.000000 9.810000
0.000000 0.000000 9.810000
0.000000 0.000000 9.810000
0.000000 0.000000 9.810000
0.000000 0.000000 9.810000
0.000000 0.000000 9.810000
0.000000 0.000000 9.810000
-0.021794 0.000000 9.839058
-0.085908 0.000000 9.924544
-0.188617 0.000000 10.061489
-0.323951 0.000000 10.241935
-0.484046 0.000000 10.455395
-0.659597 0.000000 10.689463
-0.840403 0.000000 10.930537
-1.015954 0.000000 11.164605
-1.176049 0.000000 11.378065
-1.311383 0.000000 11.558511
-1.414092 0.000000 11.695456
-1.478206 0.000000 11.780942
-1.500000 0.000000 11.810000
-1.478206 0.000000 11.780942
-1.414092 0.000000 11.695456
-1.311383 0.000000 11.558511
-1.176049 0.000000 11.378065
-1.015954 0.000000 11.164605
-0.840403 0.000000 10.930537
-0.659597 0.000000 10.689463
-0.484046 0.000000 10.455395
-0.323951 0.000000 10.241935
-0.188617 0.000000 10.061489
-0.085908 0.000000 9.924544
-0.021794 0.000000 9.839058
0.000000 0.000000 9.810000
0.000000 0.000000 9.810000
0.000000 0.000000 9.810000
0.000000 0.000000 9.810000
0.000000 0.000000 9.810000
0.000000 0.000000 9.810000
0.000000 0.000000 9.810000
0.000000 0.000000 9.810000
0.000000 0.000000 9.810000
0.000000 0.000000 9.810000
0.000000 0.000000 9.810000
0.000000 0.000000 9.810000
0.000000 0.000000 9.810000
0.000000 0.000000 9.810000
0.000000 0.000000 9.810000
0.000000 0.000000 9.810000
0.000000 0.000000 9.810000
0.000000 0.000000 9.810000
0.000000 0.000000 9.810000
0.000000 0.000000 9.810000
0.000000 0.000000 9.810000
0.000000 0.000000 9.810000
0.000000 0.000000 9.810000
0.000000 0.000000 9.810000
0.000000 0.000000 9.810000
-0.021794 0.000000 9.839058
-0.085908 0.000000 9.924544
-0.188617 0.000000 10.061489
-0.323951 0.000000 10.241935
-0.484046 0.000000 10.455395
-0.659597 0.000000 10.689463
-0.840403 0.000000 10.930537
-1.015954 0.000000 11.164605
-1.176049 0.000000 11.378065
-1.311383 0.000000 11.558511
-1.414092 0.000000 11.695456
-1.478206 0.000000 11.780942
-1.500000 0.000000 11.810000
-1.478206 0.000000 11.780942
-1.414092 0.000000 11.695456
-1.311383 0.000000 11.558511
-1.176049 0.000000 11.378065
-1.015954 0.000000 11.164605
-0.840403 0.000000 10.930537
-0.659597 0.000000 10.689463
-0.484046 0.000000 10.455395
-0.323951 0.000000 10.241935
-0.188617 0.000000 10.061489
-0.085908 0.000000 9.924544
-0.021794 0.000000 9.839058
0.000000 0.000000 9.810000
0.000000 0.000000 9.810000
0.000000 0.000000 9.810000
0.000000 0.000000 9.810000
0.000000 0.000000 9.810000
0.000000 0.000000 9.810000
0.000000 0.000000 9.810000
0.000000 0.000000 9.810000
0.000000 0.000000 9.810000
0.000000 0.000000 9.810000
0.000000 0.000000 9.810000
0.000000 0.000000 9.810000
0.000000 0.000000 9.810000
0.000000 0.000000 9.810000
0.000000 0.000000 9.810000
0.000000 0.000000 9.810000
0.000000 0.000000 9.810000
0.000000 0.000000 9.810000
0.000000 0.000000 9.810000
0.000000 0.000000 9.810000
0.000000 0.000000 9.810000
0.000000 0.000000 9.810000
0.000000 0.000000 9.810000
0.000000 0.000000 9.810000
0.000000 0.000000 9.810000
-0.021794 0.000000 9.839058
-0.085908 0.000000 9.924544
-0.188617 0.000000 10.061489
-0.323951 0.000000 10.241935
-0.484046 0.000000 10.455395
-0.659597 0.000000 10.689463
-0.840403 0.000000 10.930537
-1.015954 0.000000 11.164605
-1.176049 0.000000 11.378065
-1.311383 0.000000 11.558511
-1.414092 0.000000 11.695456
-1.478206 0.000000 11.780942
-1.500000 0.000000 11.810000
-1.478206 0.000000 11.780942
-1.414092 0.000000 11.695456
-1.311383 0.000000 11.558511
-1.176049 0.000000 11.378065
-1.015954 0.000000 11.164605
-0.840403 0.000000 10.930537
-0.659597 0.000000 10.689463
-0.484046 0.000000 10.455395
-0.323951 0.000000 10.241935
-0.188617 0.000000 10.061489
-0.085908 0.000000 9.924544
-0.021794 0.000000 9.839058
0.000000 0.000000 9.810000
0.000000 0.000000 9.810000
0.000000 0.000000 9.810000
0.000000 0.000000 9.810000
0.000000 0.000000 9.810000
0.000000 0.000000 9.810000
0.000000 0.000000 9.810000
0.000000 0.000000 9.810000
0.000000 0.000000 9.810000
0.000000 0.000000 9.810000
0.000000 0.000000 9.810000
0.000000 0.000000 9.810000
0.000000 0.000000 9.810000
0.000000 0.000000 9.810000
0.000000 0.000000 9.810000
0.000000 0.000000 9.810000
0.000000 0.000000 9.810000
0.000000 0.000000 9.810000
0.000000 0.000000 9.810000
0.000000 0.000000 9.810000
0.000000 0.000000 9.810000
0.000000 0.000000 9.810000
0.000000 0.000000 9.810000
0.000000 0.000000 9.810000
0.000000 0.000000 9.810000
-0.021794 0.000000 9.839058
-0.085908 0.000000 9.924544
-0.188617 0.000000 10.061489
-0.323951 0.000000 10.241935
-0.484046 0.000000 10.455395
-0.659597 0.000000 10.689463
-0.840403 0.000000 10.930537
-1.015954 0.000000 11.164605
-1.176049 0.000000 11.378065
-1.311383 0.000000 11.558511
-1.414092 0.000000 11.695456
-1.478206 0.000000 11.780942
-1.500000 0.000000 11.810000
-1.478206 0.000000 11.780942
-1.414092 0.000000 11.695456
-1.311383 0.000000 11.558511
-1.176049 0.000000 11.378065
-1.015954 0.000000 11.164605
-0.840403 0.000000 10.930537
-0.659597 0.000000 10.689463
-0.484046 0.000000 10.455395
-0.323951 0.000000 10.241935
-0.188617 0.000000 10.061489
-0.085908 0.000000 9.924544
-0.021794 0.000000 9.839058
0.000000 0.000000 9.810000
0.000000 0.000000 9.810000
0.000000 0.000000 9.810000
0.000000 0.000000 9.810000
0.000000 0.000000 9.810000
0.000000 0.000000 9.810000
0.000000 0.000000 9.810000
0.000000 0.000000 9.810000
0.000000 0.000000 9.810000
0.000000 0.000000 9.810000
0.000000 0.000000 9.810000
0.000000 0.000000 9.810000
0.000000 0.000000 9.810000
0.000000 0.000000 9.810000
0.000000 0.000000 9.810000
0.000000 0.000000 9.810000
0.000000 0.000000 9.810000
0.000000 0.000000 9.810000
0.000000 0.000000 9.810000
0.000000 0.000000 9.810000
0.000000 0.000000 9.810000
0.000000 0.000000 9.810000
0.000000 0.000000 9.810000
0.000000 0.000000 9.810000
0.000000 0.000000 9.810000
-0.021794 0.000000 9.839058
-0.085908 0.000000 9.924544
-0.188617 0.000000 10.061489
-0.323951 0.000000 10.241935
-0.484046 0.000000 10.455395
-0.659597 0.000000 10.689463
-0.840403 0.000000 10.930537
-1.015954 0.000000 11.164605
-1.176049 0.000000 11.378065
-1.311383 0.000000 11.558511
-1.414092 0.000000 11.695456
-1.478206 0.000000 11.780942
-1.500000 0.000000 11.810000
-1.478206 0.000000 11.780942
-1.414092 0.000000 11.695456
-1.311383 0.000000 11.558511
-1.176049 0.000000 11.378065
-1.015954 0.000000 11.164605
-0.840403 0.000000 10.930537
-0.659597 0.000000 10.689463
-0.484046 0.000000 10.455395
-0.323951 0.000000 10.241935
-0.188617 0.000000 10.061489
-0.085908 0.000000 9.924544
-0.021794 0.000000 9.839058
0.000000 0.000000 9.810000
0.000000 0.000000 9.810000
0.000000 0.000000 9.810000
0.000000 0.000000 9.810000
0.000000 0.000000 9.810000
0.000000 0.000000 9.810000
0.000000 0.000000 9.810000
0.000000 0.000000 9.810000
0.000000 0.000000 9.810000
0.000000 0.000000 9.810000
0.000000 0.000000 9.810000
0.000000 0.000000 9.810000
0.000000 0.000000 9.810000
0.000000 0.000000 9.810000
0.000000 0.000000 9.810000
0.000000 0.000000 9.810000
0.000000 0.000000 9.810000
0.000000 0.000000 9.810000
0.000000 0.000000 9.810000
0.000000 0.000000 9.810000
0.000000 0.000000 9.810000
0.000000 0.000000 9.810000
0.000000 0.000000 9.810000
0.000000 0.000000 9.810000
0.000000 0.000000 9.810000
-0.021794 0.000000 9.839058
-0.085908 0.000000 9.924544
-0.188617 0.000000 10.061489
-0.323951 0.000000 10.241935
-0.484046 0.000000 10.455395
-0.659597 0.000000 10.689463
-0.840403 0.000000 10.930537
-1.015954 0.000000 11.164605
-1.176049 0.000000 11.378065
-1.311383 0.000000 11.558511
-1.414092 0.000000 11.695456
-1.478206 0.000000 11.780942
-1.500000 0.000000 11.810000
-1.478206 0.000000 11.780942
-1.414092 0.000000 11.695456
-1.311383 0.000000 11.558511
-1.176049 0.000000 11.378065
-1.015954 0.000000 11.164605
-0.840403 0.000000 10.930537
-0.659597 0.000000 10.689463
-0.484046 0.000000 10.455395
-0.323951 0.000000 10.241935
-0.188617 0.000000 10.061489
-0.085908 0.000000 9.924544
-0.021794 0.000000 9.839058
0.000000 0.000000 9.810000
0.000000 0.000000 9.810000
0.000000 0.000000 9.810000
0.000000 0.000000 9.810000
0.000000 0.000000 9.810000
0.000000 0.000000 9.810000
0.000000 0.000000 9.810000
0.000000 0.000000 9.810000
0.000000 0.000000 9.810000
0.000000 0.000000 9.810000
0.000000 0.000000 9.810000
0.000000 0.000000 9.810000
0.000000 0.000000 9.810000
0.000000 0.000000 9.810000
0.000000 0.000000 9.810000
0.000000 0.000000 9.810000
0.000000 0.000000 9.810000
0.000000 0.000000 9.810000
0.000000 0.000000 9.810000
0.000000 0.000000 9.810000
0.000000 0.000000 9.810000
0.000000 0.000000 9.810000
0.000000 0.000000 9.810000
0.000000 0.000000 9.810000
0.000000 0.000000 9.810000
-0.021794 0.000000 9.839058
-0.085908 0.000000 9.924544
-0.188617 0.000000 10.061489
-0.323951 0.000000 10.241935
-0.484046 0.000000 10.455395
-0.659597 0.000000 10.689463
-0.840403 0.000000 10.930537
-1.015954 0.000000 11.164605
-1.176049 0.000000 11.378065
-1.311383 0.000000 11.558511
-1.414092 0.000000 11.695456
-1.478206 0.000000 11.780942
-1.500000 0.000000 11.810000
-1.478206 0.000000 11.780942
-1.414092 0.000000 11.695456
-1.311383 0.000000 11.558511
-1.176049 0.000000 11.378065
-1.015954 0.000000 11.164605
-0.840403 0.000000 10.930537
-0.659597 0.000000 10.689463
-0.484046 0.000000 10.455395
-0.323951 0.000000 10.241935
-0.188617 0.000000 10.061489
-0.085908 0.000000 9.924544
-0.021794 0.000000 9.839058
0.000000 0.000000 9.810000
0.000000 0.000000 9.810000
0.000000 0.000000 9.810000
0.000000 0.000000 9.810000
0.000000 0.000000 9.810000
0.000000 0.000000 9.810000
0.000000 0.000000 9.810000
0.000000 0.000000 9.810000
0.000000 0.000000 9.810000
0.000000 0.000000 9.810000
0.000000 0.000000 9.810000
0.000000 0.000000 9.810000
0.000000 0.000000 9.810000
0.000000 0.000000 9.810000
0.000000 0.000000 9.810000
0.000000 0.000000 9.810000
0.000000 0.000000 9.810000
0.000000 0.000000 9.810000
0.000000 0.000000 9.810000
0.000000 0.000000 9.810000
0.000000 0.000000 9.810000
0.000000 0.000000 9.810000
0.000000 0.000000 9.810000
0.000000 0.000000 9.810000
0.000000 0.000000 9.810000
0.000000 0.000000 9.810000
0.000000 0.000000 9.810000
0.000000 0.000000 9.810000
0.000000 0.000000 9.810000
0.000000 0.000000 9.810000
0.000000 0.000000 9.810000
0.000000 0.000000 9.810000
0.000000 0.000000 9.810000
0.000000 0.000000 9.810000
0.000000 0.000000 9.810000
0.000000 0.000000 9.810000
0.000000 0.000000 9.810000
0.000000 0.000000 9.810000
0.000000 0.000000 9.810000
0.000000 0.000000 9.810000
0.000000 0.000000 9.810000
0.000000 0.000000 9.810000
0.000000 0.000000 9.810000
0.000000 0.000000 9.810000
0.000000 0.000000 9.810000
0.000000 0.000000 9.810000
0.000000 0.000000 9.810000
0.000000 0.000000 9.810000
0.000000 0.000000 9.810000
0.000000 0.000000 9.810000
-0.013334 -0.005770 9.831794
-0.052562 -0.022745 9.895908
-0.115403 -0.049939 9.998617
-0.198205 -0.085771 10.133951
-0.296157 -0.128159 10.294046
-0.403566 -0.174639 10.469597
-0.514189 -0.222509 10.650403
-0.621597 -0.268989 10.825954
-0.719549 -0.311377 10.986049
-0.802352 -0.347209 11.121383
-0.865193 -0.374402 11.224092
-0.904420 -0.391378 11.288206
-0.917755 -0.397148 11.310000
-0.904420 -0.391378 11.288206
-0.865193 -0.374402 11.224092
-0.802352 -0.347209 11.121383
-0.719549 -0.311377 10.986049
-0.621597 -0.268989 10.825954
-0.514189 -0.222509 10.650403
-0.403566 -0.174639 10.469597
-0.296157 -0.128159 10.294046
-0.198205 -0.085771 10.133951
-0.115403 -0.049939 9.998617
-0.052562 -0.022745 9.895908
-0.013334 -0.005770 9.831794
0.000000 0.000000 9.810000
0.000000 0.000000 9.810000
0.000000 0.000000 9.810000
0.000000 0.000000 9.810000
0.000000 0.000000 9.810000
0.000000 0.000000 9.810000
0.000000 0.000000 9.810000
0.000000 0.000000 9.810000
0.000000 0.000000 9.810000
0.000000 0.000000 9.810000
0.000000 0.000000 9.810000
0.000000 0.000000 9.810000
0.000000 0.000000 9.810000
0.000000 0.000000 9.810000
0.000000 0.000000 9.810000
0.000000 0.000000 9.810000
0.000000 0.000000 9.810000
0.000000 0.000000 9.810000
0.000000 0.000000 9.810000
0.000000 0.000000 9.810000
0.000000 0.000000 9.810000
0.000000 0.000000 9.810000
0.000000 0.000000 9.810000
0.000000 0.000000 9.810000
0.000000 0.000000 9.810000
0.000000 0.000000 9.810000
0.000000 0.000000 9.810000
0.000000 0.000000 9.810000
0.000000 0.000000 9.810000
0.000000 0.000000 9.810000
0.000000 0.000000 9.810000
0.000000 0.000000 9.810000
0.000000 0.000000 9.810000
0.000000 0.000000 9.810000
0.000000 0.000000 9.810000
0.000000 0.000000 9.810000
0.000000 0.000000 9.810000
0.000000 0.000000 9.810000
0.000000 0.000000 9.810000
0.000000 0.000000 9.810000
0.000000 0.000000 9.810000
0.000000 0.000000 9.810000
0.000000 0.000000 9.810000
0.000000 0.000000 9.810000
0.000000 0.000000 9.810000
0.000000 0.000000 9.810000
0.000000 0.000000 9.810000
0.000000 0.000000 9.810000
0.000000 0.000000 9.810000
0.000000 0.000000 9.810000
-0.007881 -0.012206 9.831794
-0.031067 -0.048114 9.895908
-0.068209 -0.105637 9.998617
-0.117150 -0.181433 10.133951
-0.175045 -0.271096 10.294046
-0.238529 -0.369416 10.469597
-0.303913 -0.470678 10.650403
-0.367397 -0.568997 10.825954
-0.425292 -0.658661 10.986049
-0.474232 -0.734456 11.121383
-0.511375 -0.791980 11.224092
-0.534560 -0.827888 11.288206
-0.542442 -0.840094 11.310000
-0.534560 -0.827888 11.288206
-0.511375 -0.791980 11.224092
-0.474232 -0.734456 11.121383
-0.425292 -0.658661 10.986049
-0.367397 -0.568997 10.825954
-0.303913 -0.470678 10.650403
-0.238529 -0.369416 10.469597
-0.175045 -0.271096 10.294046
-0.117150 -0.181433 10.133951
-0.068209 -0.105637 9.998617
-0.031067 -0.048114 9.895908
-0.007881 -0.012206 9.831794
0.000000 0.000000 9.810000
0.000000 0.000000 9.810000
0.000000 0.000000 9.810000
0.000000 0.000000 9.810000
0.000000 0.000000 9.810000
0.000000 0.000000 9.810000
0.000000 0.000000 9.810000
0.000000 0.000000 9.810000
0.000000 0.000000 9.810000
0.000000 0.000000 9.810000
0.000000 0.000000 9.810000
0.000000 0.000000 9.810000
0.000000 0.000000 9.810000
0.000000 0.000000 9.810000
0.000000 0.000000 9.810000
0.000000 0.000000 9.810000
0.000000 0.000000 9.810000
0.000000 0.000000 9.810000
0.000000 0.000000 9.810000
0.000000 0.000000 9.810000
0.000000 0.000000 9.810000
0.000000 0.000000 9.810000
0.000000 0.000000 9.810000
0.000000 0.000000 9.810000
0.000000 0.000000 9.810000
0.000000 0.000000 9.810000
0.000000 0.000000 9.810000
0.000000 0.000000 9.810000
0.000000 0.000000 9.810000
0.000000 0.000000 9.810000
0.000000 0.000000 9.810000
0.000000 0.000000 9.810000
0.000000 0.000000 9.810000
0.000000 0.000000 9.810000
0.000000 0.000000 9.810000
0.000000 0.000000 9.810000
0.000000 0.000000 9.810000
0.000000 0.000000 9.810000
0.000000 0.000000 9.810000
0.000000 0.000000 9.810000
0.000000 0.000000 9.810000
0.000000 0.000000 9.810000
0.000000 0.000000 9.810000
0.000000 0.000000 9.810000
0.000000 0.000000 9.810000
0.000000 0.000000 9.810000
0.000000 0.000000 9.810000
0.000000 0.000000 9.810000
0.000000 0.000000 9.810000
-0.000000 -0.021794 9.839058
-0.000000 -0.085908 9.924544
-0.000000 -0.188617 10.061489
-0.000000 -0.323951 10.241935
-0.000000 -0.484046 10.455395
-0.000000 -0.659597 10.689463
-0.000000 -0.840403 10.930537
-0.000000 -1.015954 11.164605
-0.000000 -1.176049 11.378065
-0.000000 -1.311383 11.558511
-0.000000 -1.414092 11.695456
-0.000000 -1.478206 1.970942
-0.000000 -1.500000 11.810000
-0.000000 -1.478206 11.780942
-0.000000 -1.414092 11.695456
-0.000000 -1.311383 11.558511
-0.000000 -1.176049 11.378065
-0.000000 -1.015954 11.164605
-0.000000 -0.840403 10.930537
-0.000000 -0.659597 10.689463
-0.000000 -0.484046 10.455395
-0.000000 -0.323951 10.241935
-0.000000 -0.188617 10.061489
-0.000000 -0.085908 9.924544
-0.000000 -0.021794 9.839058
0.000000 0.000000 9.810000
0.000000 0.000000 9.810000
0.000000 0.000000 9.810000
0.000000 0.000000 9.810000
0.000000 0.000000 9.810000
0.000000 0.000000 9.810000
0.000000 0.000000 9.810000
0.000000 0.000000 9.810000
0.000000 0.000000 9.810000
0.000000 0.000000 9.810000
0.000000 0.000000 9.810000
0.000000 0.000000 9.810000
0.000000 0.000000 9.810000
0.000000 0.000000 9.810000
0.000000 0.000000 9.810000
0.000000 0.000000 9.810000
0.000000 0.000000 9.810000
0.000000 0.000000 9.810000
0.000000 0.000000 9.810000
0.000000 0.000000 9.810000
0.000000 0.000000 9.810000
0.000000 0.000000 9.810000
0.000000 0.000000 9.810000
0.000000 0.000000 9.810000
0.000000 0.000000 9.810000
-0.000000 -0.021794 9.839058
-0.000000 -0.085908 9.924544
-0.000000 -0.188617 10.061489
-0.000000 -0.323951 10.241935
-0.000000 -0.484046 10.455395
-0.000000 -0.659597 10.689463
-0.000000 -0.840403 10.930537
-0.000000 -1.015954 11.164605
-0.000000 -1.176049 11.378065
-0.000000 -1.311383 11.558511
-0.000000 -1.414092 11.695456
-0.000000 -1.478206 11.780942
-0.000000 -1.500000 11.810000
-0.000000 -1.478206 11.780942
-0.000000 -1.414092 11.695456
-0.000000 -1.311383 11.558511
-0.000000 -1.176049 11.378065
-0.000000 -1.015954 11.164605
-0.000000 -0.840403 10.930537
-0.000000 -0.659597 10.689463
-0.000000 -0.484046 10.455395
-0.000000 -0.323951 10.241935
-0.000000 -0.188617 10.061489
-0.000000 -0.085908 9.924544
-0.000000 -0.021794 9.839058
0.000000 0.000000 9.810000
0.000000 0.000000 9.810000
0.000000 0.000000 9.810000
0.000000 0.000000 9.810000
0.000000 0.000000 9.810000
0.000000 0.000000 9.810000
0.000000 0.000000 9.810000
0.000000 0.000000 9.810000
0.000000 0.000000 9.810000
0.000000 0.000000 9.810000
0.000000 0.000000 9.810000
0.000000 0.000000 9.810000
0.000000 0.000000 9.810000
0.000000 0.000000 9.810000
0.000000 0.000000 9.810000
0.000000 0.000000 9.810000
0.000000 0.000000 9.810000
0.000000 0.000000 9.810000
0.000000 0.000000 9.810000
0.000000 0.000000 9.810000
0.000000 0.000000 9.810000
0.000000 0.000000 9.810000
0.000000 0.000000 9.810000
0.000000 0.000000 9.810000
0.000000 0.000000 9.810000
-0.000000 -0.021794 9.839058
-0.000000 -0.085908 9.924544
-0.000000 -0.188617 10.061489
-0.000000 -0.323951 10.241935
-0.000000 -0.484046 10.455395
-0.000000 -0.659597 10.689463
-0.000000 -0.840403 10.930537
-0.000000 -1.015954 11.164605
-0.000000 -1.176049 11.378065
-0.000000 -1.311383 11.558511
-0.000000 -1.414092 11.695456
-0.000000 -1.478206 11.780942
-0.000000 -1.500000 11.810000
-0.000000 -1.478206 11.780942
-0.000000 -1.414092 11.695456
-0.000000 -1.311383 11.558511
-0.000000 -1.176049 11.378065
-0.000000 -1.015954 11.164605
-0.000000 -0.840403 10.930537
-0.000000 -0.659597 10.689463
-0.000000 -0.484046 10.455395
-0.000000 -0.323951 10.241935
-0.000000 -0.188617 10.061489
-0.000000 -0.085908 9.924544
-0.000000 -0.021794 9.839058
0.000000 0.000000 9.810000
0.000000 0.000000 9.810000
0.000000 0.000000 9.810000
0.000000 0.000000 9.810000
0.000000 0.000000 9.810000
0.000000 0.000000 9.810000
0.000000 0.000000 9.810000
0.000000 0.000000 9.810000
0.000000 0.000000 9.810000
0.000000 0.000000 9.810000
0.000000 0.000000 9.810000
0.000000 0.000000 9.810000
0.000000 0.000000 9.810000
0.000000 0.000000 9.810000
0.000000 0.000000 9.810000
0.000000 0.000000 9.810000
0.000000 0.000000 9.810000
0.000000 0.000000 9.810000
0.000000 0.000000 9.810000
0.000000 0.000000 9.810000
0.000000 0.000000 9.810000
0.000000 0.000000 9.810000
0.000000 0.000000 9.810000
0.000000 0.000000 9.810000
0.000000 0.000000 9.810000
-0.000000 -0.021794 9.839058
-0.000000 -0.085908 9.924544
-0.000000 -0.188617 10.061489
-0.000000 -0.323951 10.241935
-0.000000 -0.484046 10.455395
-0.000000 -0.659597 10.689463
-0.000000 -0.840403 10.930537
-0.000000 -1.015954 11.164605
-0.000000 -1.176049 11.378065
-0.000000 -1.311383 11.558511
-0.000000 -1.414092 11.695456
-0.000000 -1.478206 11.780942
-0.000000 -1.500000 11.810000
-0.000000 -1.478206 11.780942
-0.000000 -1.414092 11.695456
-0.000000 -1.311383 11.558511
-0.000000 -1.176049 11.378065
-0.000000 -1.015954 11.164605
-0.000000 -0.840403 10.930537
-0.000000 -0.659597 10.689463
-0.000000 -0.484046 10.455395
-0.000000 -0.323951 10.241935
-0.000000 -0.188617 10.061489
-0.000000 -0.085908 9.924544
-0.000000 -0.021794 9.839058
0.000000 0.000000 9.810000
0.000000 0.000000 9.810000
0.000000 0.000000 9.810000
0.000000 0.000000 9.810000
0.000000 0.000000 9.810000
0.000000 0.000000 9.810000
0.000000 0.000000 9.810000
0.000000 0.000000 9.810000
0.000000 0.000000 9.810000
0.000000 0.000000 9.810000
0.000000 0.000000 9.810000
0.000000 0.000000 9.810000
0.000000 0.000000 9.810000
0.000000 0.000000 9.810000
0.000000 0.000000 9.810000
0.000000 0.000000 9.810000
0.000000 0.000000 9.810000
0.000000 0.000000 9.810000
0.000000 0.000000 9.810000
0.000000 0.000000 9.810000
0.000000 0.000000 9.810000
0.000000 0.000000 9.810000
0.000000 0.000000 9.810000
0.000000 0.000000 9.810000
0.000000 0.000000 9.810000
-0.000000 -0.021794 9.839058
-0.000000 -0.085908 9.924544
-0.000000 -0.188617 10.061489
-0.000000 -0.323951 10.241935
-0.000000 -0.484046 10.455395
-0.000000 -0.659597 10.689463
-0.000000 -0.840403 10.930537
-0.000000 -1.015954 11.164605
-0.000000 -1.176049 11.378065
-0.000000 -1.311383 11.558511
-0.000000 -1.414092 11.695456
-0.000000 -1.478206 11.780942
-0.000000 -1.500000 11.810000
-0.000000 -1.478206 11.780942
-0.000000 -1.414092 11.695456
-0.000000 -1.311383 11.558511
-0.000000 -1.176049 11.378065
-0.000000 -1.015954 11.164605
-0.000000 -0.840403 10.930537
-0.000000 -0.659597 10.689463
-0.000000 -0.484046 10.455395
-0.000000 -0.323951 10.241935
-0.000000 -0.188617 10.061489
-0.000000 -0.085908 9.924544
-0.000000 -0.021794 9.839058
0.000000 0.000000 9.810000
0.000000 0.000000 9.810000
0.000000 0.000000 9.810000
0.000000 0.000000 9.810000
0.000000 0.000000 9.810000
0.000000 0.000000 9.810000
0.000000 0.000000 9.810000
0.000000 0.000000 9.810000
0.000000 0.000000 9.810000
0.000000 0.000000 9.810000
0.000000 0.000000 9.810000
0.000000 0.000000 9.810000
0.000000 0.000000 9.810000
0.000000 0.000000 9.810000
0.000000 0.000000 9.810000
0.000000 0.000000 9.810000
0.000000 0.000000 9.810000
0.000000 0.000000 9.810000
0.000000 0.000000 9.810000
0.000000 0.000000 9.810000
0.000000 0.000000 9.810000
0.000000 0.000000 9.810000
0.000000 0.000000 9.810000
0.000000 0.000000 9.810000
0.000000 0.000000 9.810000
-0.000000 -0.021794 9.839058
-0.000000 -0.085908 9.924544
-0.000000 -0.188617 10.061489
-0.000000 -0.323951 10.241935
-0.000000 -0.484046 10.455395
-0.000000 -0.659597 10.689463
-0.000000 -0.840403 10.930537
-0.000000 -1.015954 11.164605
-0.000000 -1.176049 11.378065
-0.000000 -1.311383 11.558511
-0.000000 -1.414092 11.695456
-0.000000 -1.478206 11.780942
-0.000000 -1.500000 11.810000
-0.000000 -1.478206 11.780942
-0.000000 -1.414092 11.695456
-0.000000 -1.311383 11.558511
-0.000000 -1.176049 11.378065
-0.000000 -1.015954 11.164605
-0.000000 -0.840403 10.930537
-0.000000 -0.659597 10.689463
-0.000000 -0.484046 10.455395
-0.000000 -0.323951 10.241935
-0.000000 -0.188617 10.061489
-0.000000 -0.085908 9.924544
-0.000000 -0.021794 9.839058
0.000000 0.000000 9.810000
0.000000 0.000000 9.810000
0.000000 0.000000 9.810000
0.000000 0.000000 9.810000
0.000000 0.000000 9.810000
0.000000 0.000000 9.810000
0.000000 0.000000 9.810000
0.000000 0.000000 9.810000
0.000000 0.000000 9.810000
0.000000 0.000000 9.810000
0.000000 0.000000 9.810000
0.000000 0.000000 9.810000
0.000000 0.000000 9.810000
0.000000 0.000000 9.810000
0.000000 0.000000 9.810000
0.000000 0.000000 9.810000
0.000000 0.000000 9.810000
0.000000 0.000000 9.810000
0.000000 0.000000 9.810000
0.000000 0.000000 9.810000
0.000000 0.000000 9.810000
0.000000 0.000000 9.810000
0.000000 0.000000 9.810000
0.000000 0.000000 9.810000
0.000000 0.000000 9.810000
-0.000000 -0.021794 9.839058
-0.000000 -0.085908 9.924544
-0.000000 -0.188617 10.061489
-0.000000 -0.323951 10.241935
-0.000000 -0.484046 10.455395
-0.000000 -0.659597 10.689463
-0.000000 -0.840403 10.930537
-0.000000 -1.015954 11.164605
-0.000000 -1.176049 11.378065
-0.000000 -1.311383 11.558511
-0.000000 -1.414092 11.695456
-0.000000 -1.478206 11.780942
-0.000000 -1.500000 11.810000
-0.000000 -1.478206 11.780942
-0.000000 -1.414092 11.695456
-0.000000 -1.311383 11.558511
-0.000000 -1.176049 11.378065
-0.000000 -1.015954 11.164605
-0.000000 -0.840403 10.930537
-0.000000 -0.659597 10.689463
-0.000000 -0.484046 10.455395
-0.000000 -0.323951 10.241935
-0.000000 -0.188617 10.061489
-0.000000 -0.085908 9.924544
-0.000000 -0.021794 9.839058
0.000000 0.000000 9.810000
0.000000 0.000000 9.810000
0.000000 0.000000 9.810000
0.000000 0.000000 9.810000
0.000000 0.000000 9.810000
0.000000 0.000000 9.810000
0.000000 0.000000 9.810000
0.000000 0.000000 9.810000
0.000000 0.000000 9.810000
0.000000 0.000000 9.810000
0.000000 0.000000 9.810000
0.000000 0.000000 9.810000
0.000000 0.000000 9.810000
0.000000 0.000000 9.810000
0.000000 0.000000 9.810000
0.000000 0.000000 9.810000
0.000000 0.000000 9.810000
0.000000 0.000000 9.810000
0.000000 0.000000 9.810000
0.000000 0.000000 9.810000
0.000000 0.000000 9.810000
0.000000 0.000000 9.810000
0.000000 0.000000 9.810000
0.000000 0.000000 9.810000
0.000000 0.000000 9.810000
-0.000000 -0.021794 9.839058
-0.000000 -0.085908 9.924544
-0.000000 -0.188617 10.061489
-0.000000 -0.323951 10.241935
-0.000000 -0.484046 10.455395
-0.000000 -0.659597 10.689463
-0.000000 -0.840403 10.930537
-0.000000 -1.015954 11.164605
-0.000000 -1.176049 11.378065
-0.000000 -1.311383 11.558511
-0.000000 -1.414092 11.695456
-0.000000 -1.478206 11.780942
-0.000000 -1.500000 11.810000
-0.000000 -1.478206 11.780942
-0.000000 -1.414092 11.695456
-0.000000 -1.311383 11.558511
-0.000000 -1.176049 11.378065
-0.000000 -1.015954 11.164605
-0.000000 -0.840403 10.930537
-0.000000 -0.659597 10.689463
-0.000000 -0.484046 10.455395
-0.000000 -0.323951 10.241935
-0.000000 -0.188617 10.061489
-0.000000 -0.085908 9.924544
-0.000000 -0.021794 9.839058
0.000000 0.000000 9.810000
0.000000 0.000000 9.810000
0.000000 0.000000 9.810000
0.000000 0.000000 9.810000
0.000000 0.000000 9.810000
0.000000 0.000000 9.810000
0.000000 0.000000 9.810000
0.000000 0.000000 9.810000
0.000000 0.000000 9.810000
0.000000 0.000000 9.810000
0.000000 0.000000 9.810000
0.000000 0.000000 9.810000
0.000000 0.000000 9.810000
0.000000 0.000000 9.810000
0.000000 0.000000 9.810000
0.000000 0.000000 9.810000
0.000000 0.000000 9.810000
0.000000 0.000000 9.810000
0.000000 0.000000 9.810000
0.000000 0.000000 9.810000
0.000000 0.000000 9.810000
0.000000 0.000000 9.810000
0.000000 0.000000 9.810000
0.000000 0.000000 9.810000
0.000000 0.000000 9.810000
-0.000000 -0.021794 9.839058
-0.000000 -0.085908 9.924544
-0.000000 -0.188617 10.061489
-0.000000 -0.323951 10.241935
-0.000000 -0.484046 10.455395
-0.000000 -0.659597 10.689463
-0.000000 -0.840403 10.930537
-0.000000 -1.015954 11.164605
-0.000000 -1.176049 11.378065
-0.000000 -1.311383 11.558511
-0.000000 -1.414092 11.695456
-0.000000 -1.478206 11.780942
-0.000000 -1.500000 11.810000
-0.000000 -1.478206 11.780942
-0.000000 -1.414092 11.695456
-0.000000 -1.311383 11.558511
-0.000000 -1.176049 11.378065
-0.000000 -1.015954 11.164605
-0.000000 -0.840403 10.930537
-0.000000 -0.659597 10.689463
-0.000000 -0.484046 10.455395
-0.000000 -0.323951 10.241935
-0.000000 -0.188617 10.061489
-0.000000 -0.085908 9.924544
-0.000000 -0.021794 9.839058
0.000000 0.000000 9.810000
0.000000 0.000000 9.810000
0.000000 0.000000 9.810000
0.000000 0.000000 9.810000
0.000000 0.000000 9.810000
0.000000 0.000000 9.810000
0.000000 0.000000 9.810000
0.000000 0.000000 9.810000
0.000000 0.000000 9.810000
0.000000 0.000000 9.810000
0.000000 0.000000 9.810000
0.000000 0.000000 9.810000
0.000000 0.000000 9.810000
0.000000 0.000000 9.810000
0.000000 0.000000 9.810000
0.000000 0.000000 9.810000
0.000000 0.000000 9.810000
0.000000 0.000000 9.810000
0.000000 0.000000 9.810000
0.000000 0.000000 9.810000
0.000000 0.000000 9.810000
0.000000 0.000000 9.810000
0.000000 0.000000 9.810000
0.000000 0.000000 9.810000
0.000000 0.000000 9.810000
-0.000000 -0.021794 9.839058
-0.000000 -0.085908 9.924544
-0.000000 -0.188617 10.061489
-0.000000 -0.323951 10.241935
-0.000000 -0.484046 10.455395
-0.000000 -0.659597 10.689463
-0.000000 -0.840403 10.930537
-0.000000 -1.015954 11.164605
-0.000000 -1.176049 11.378065
-0.000000 -1.311383 11.558511
-0.000000 -1.414092 11.695456
-0.000000 -1.478206 11.780942
-0.000000 -1.500000 11.810000
-0.000000 -1.478206 11.780942
-0.000000 -1.414092 11.695456
-0.000000 -1.311383 11.558511
-0.000000 -1.176049 11.378065
-0.000000 -1.015954 11.164605
-0.000000 -0.840403 10.930537
-0.000000 -0.659597 10.689463
-0.000000 -0.484046 10.455395
-0.000000 -0.323951 10.241935
-0.000000 -0.188617 10.061489
-0.000000 -0.085908 9.924544
-0.000000 -0.021794 9.839058
0.000000 0.000000 9.810000
0.000000 0.000000 9.810000
0.000000 0.000000 9.810000
0.000000 0.000000 9.810000
0.000000 0.000000 9.810000
0.000000 0.000000 9.810000
0.000000 0.000000 9.810000
0.000000 0.000000 9.810000
0.000000 0.000000 9.810000
0.000000 0.000000 9.810000
0.000000 0.000000 9.810000
0.000000 0.000000 9.810000
0.000000 0.000000 9.810000
0.000000 0.000000 9.810000
0.000000 0.000000 9.810000
0.000000 0.000000 9.810000
0.000000 0.000000 9.810000
0.000000 0.000000 9.810000
0.000000 0.000000 9.810000
0.000000 0.000000 9.810000
0.000000 0.000000 9.810000
0.000000 0.000000 9.810000
0.000000 0.000000 9.810000
0.000000 0.000000 9.810000
0.000000 0.000000 9.810000
-0.000000 -0.021794 9.839058
-0.000000 -0.085908 9.924544
-0.000000 -0.188617 10.061489
-0.000000 -0.323951 10.241935
-0.000000 -0.484046 10.455395
-0.000000 -0.659597 10.689463
-0.000000 -0.840403 10.930537
-0.000000 -1.015954 11.164605
-0.000000 -1.176049 11.378065
-0.000000 -1.311383 11.558511
-0.000000 -1.414092 11.695456
-0.000000 -1.478206 11.780942
-0.000000 -1.500000 11.810000
-0.000000 -1.478206 11.780942
-0.000000 -1.414092 11.695456
-0.000000 -1.311383 11.558511
-0.000000 -1.176049 11.378065
-0.000000 -1.015954 11.164605
-0.000000 -0.840403 10.930537
-0.000000 -0.659597 10.689463
-0.000000 -0.484046 10.455395
-0.000000 -0.323951 10.241935
-0.000000 -0.188617 10.061489
-0.000000 -0.085908 9.924544
-0.000000 -0.021794 9.839058
0.000000 0.000000 9.810000
0.000000 0.000000 9.810000
0.000000 0.000000 9.810000
0.000000 0.000000 9.810000
0.000000 0.000000 9.810000
0.000000 0.000000 9.810000
0.000000 0.000000 9.810000
0.000000 0.000000 9.810000
0.000000 0.000000 9.810000
0.000000 0.000000 9.810000
0.000000 0.000000 9.810000
0.000000 0.000000 9.810000
0.000000 0.000000 9.810000
0.000000 0.000000 9.810000
0.000000 0.000000 9.810000
0.000000 0.000000 9.810000
0.000000 0.000000 9.810000
0.000000 0.000000 9.810000
0.000000 0.000000 9.810000
0.000000 0.000000 9.810000
0.000000 0.000000 9.810000
0.000000 0.000000 9.810000
0.000000 0.000000 9.810000
0.000000 0.000000 9.810000
0.000000 0.000000 9.810000
-0.000000 -0.021794 9.839058
-0.000000 -0.085908 9.924544
-0.000000 -0.188617 10.061489
-0.000000 -0.323951 10.241935
-0.000000 -0.484046 10.455395
-0.000000 -0.659597 10.689463
-0.000000 -0.840403 10.930537
-0.000000 -1.015954 11.164605
-0.000000 -1.176049 11.378065
-0.000000 -1.311383 11.558511
-0.000000 -1.414092 11.695456
-0.000000 -1.478206 11.780942
-0.000000 -1.500000 11.810000
-0.000000 -1.478206 11.780942
-0.000000 -1.414092 11.695456
-0.000000 -1.311383 11.558511
-0.000000 -1.176049 11.378065
-0.000000 -1.015954 11.164605
-0.000000 -0.840403 10.930537
-0.000000 -0.659597 10.689463
-0.000000 -0.484046 10.455395
-0.000000 -0.323951 10.241935
-0.000000 -0.188617 10.061489
-0.000000 -0.085908 9.924544
-0.000000 -0.021794 9.839058
0.000000 0.000000 9.810000
0.000000 0.000000 9.810000
0.000000 0.000000 9.810000
0.000000 0.000000 9.810000
0.000000 0.000000 9.810000
0.000000 0.000000 9.810000
0.000000 0.000000 9.810000
0.000000 0.000000 9.810000
0.000000 0.000000 9.810000
0.000000 0.000000 9.810000
0.000000 0.000000 9.810000
0.000000 0.000000 9.810000
0.000000 0.000000 9.810000
0.000000 0.000000 9.810000
0.000000 0.000000 9.810000
0.000000 0.000000 9.810000
0.000000 0.000000 9.810000
0.000000 0.000000 9.810000
0.000000 0.000000 9.810000
0.000000 0.000000 9.810000
0.000000 0.000000 9.810000
0.000000 0.000000 9.810000
0.000000 0.000000 9.810000
0.000000 0.000000 9.810000
0.000000 0.000000 9.810000
-0.000000 -0.021794 9.839058
-0.000000 -0.085908 9.924544
-0.000000 -0.188617 10.061489
-0.000000 -0.323951 10.241935
-0.000000 -0.484046 10.455395
-0.000000 -0.659597 10.689463
-0.000000 -0.840403 10.930537
-0.000000 -1.015954 11.164605
-0.000000 -1.176049 11.378065
-0.000000 -1.311383 11.558511
-0.000000 -1.414092 11.695456
-0.000000 -1.478206 11.780942
-0.000000 -1.500000 11.810000
-0.000000 -1.478206 11.780942
-0.000000 -1.414092 11.695456
-0.000000 -1.311383 11.558511
-0.000000 -1.176049 11.378065
-0.000000 -1.015954 11.164605
-0.000000 -0.840403 10.930537
-0.000000 -0.659597 10.689463
-0.000000 -0.484046 10.455395
-0.000000 -0.323951 10.241935
-0.000000 -0.188617 10.061489
-0.000000 -0.085908 9.924544
-0.000000 -0.021794 9.839058
0.000000 0.000000 9.810000
0.000000 0.000000 9.810000
0.000000 0.000000 9.810000
0.000000 0.000000 9.810000
0.000000 0.000000 9.810000
0.000000 0.000000 9.810000
0.000000 0.000000 9.810000
0.000000 0.000000 9.810000
0.000000 0.000000 9.810000
0.000000 0.000000 9.810000
0.000000 0.000000 9.810000
0.000000 0.000000 9.810000
0.000000 0.000000 9.810000
0.000000 0.000000 9.810000
0.000000 0.000000 9.810000
0.000000 0.000000 9.810000
0.000000 0.000000 9.810000
0.000000 0.000000 9.810000
0.000000 0.000000 9.810000
0.000000 0.000000 9.810000
0.000000 0.000000 9.810000
0.000000 0.000000 9.810000
0.000000 0.000000 9.810000
0.000000 0.000000 9.810000
0.000000 0.000000 9.810000
-0.000000 -0.021794 9.839058
-0.000000 -0.085908 9.924544
-0.000000 -0.188617 10.061489
-0.000000 -0.323951 10.241935
-0.000000 -0.484046 10.455395
-0.000000 -0.659597 10.689463
-0.000000 -0.840403 10.930537
-0.000000 -1.015954 11.164605
-0.000000 -1.176049 11.378065
-0.000000 -1.311383 11.558511
-0.000000 -1.414092 11.695456
-0.000000 -1.478206 11.780942
-0.000000 -1.500000 11.810000
-0.000000 -1.478206 11.780942
-0.000000 -1.414092 11.695456
-0.000000 -1.311383 11.558511
-0.000000 -1.176049 11.378065
-0.000000 -1.015954 11.164605
-0.000000 -0.840403 10.930537
-0.000000 -0.659597 10.689463
-0.000000 -0.484046 10.455395
-0.000000 -0.323951 10.241935
-0.000000 -0.188617 10.061489
-0.000000 -0.085908 9.924544
-0.000000 -0.021794 9.839058
0.000000 0.000000 9.810000
0.000000 0.000000 9.810000
0.000000 0.000000 9.810000
0.000000 0.000000 9.810000
0.000000 0.000000 9.810000
0.000000 0.000000 9.810000
0.000000 0.000000 9.810000
0.000000 0.000000 9.810000
0.000000 0.000000 9.810000
0.000000 0.000000 9.810000
0.000000 0.000000 9.810000
0.000000 0.000000 9.810000
0.000000 0.000000 9.810000
0.000000 0.000000 9.810000
0.000000 0.000000 9.810000
0.000000 0.000000 9.810000
0.000000 0.000000 9.810000
0.000000 0.000000 9.810000
0.000000 0.000000 9.810000
0.000000 0.000000 9.810000
0.000000 0.000000 9.810000
0.000000 0.000000 9.810000
0.000000 0.000000 9.810000
0.000000 0.000000 9.810000
0.000000 0.000000 9.810000
-0.000000 -0.021794 9.839058
-0.000000 -0.085908 9.924544
-0.000000 -0.188617 10.061489
-0.000000 -0.323951 10.241935
-0.000000 -0.484046 10.455395
-0.000000 -0.659597 10.689463
-0.000000 -0.840403 10.930537
-0.000000 -1.015954 11.164605
-0.000000 -1.176049 11.378065
-0.000000 -1.311383 11.558511
-0.000000 -1.414092 11.695456
-0.000000 -1.478206 11.780942
-0.000000 -1.500000 11.810000
-0.000000 -1.478206 11.780942
-0.000000 -1.414092 11.695456
-0.000000 -1.311383 11.558511
-0.000000 -1.176049 11.378065
-0.000000 -1.015954 11.164605
-0.000000 -0.840403 10.930537
-0.000000 -0.659597 10.689463
-0.000000 -0.484046 10.455395
-0.000000 -0.323951 10.241935
-0.000000 -0.188617 10.061489
-0.000000 -0.085908 9.924544
-0.000000 -0.021794 9.839058
0.000000 0.000000 9.810000
0.000000 0.000000 9.810000
0.000000 0.000000 9.810000
0.000000 0.000000 9.810000
0.000000 0.000000 9.810000
0.000000 0.000000 9.810000
0.000000 0.000000 9.810000
0.000000 0.000000 9.810000
0.000000 0.000000 9.810000
0.000000 0.000000 9.810000
0.000000 0.000000 9.810000
0.000000 0.000000 9.810000
0.000000 0.000000 9.810000
0.000000 0.000000 9.810000
0.000000 0.000000 9.810000
0.000000 0.000000 9.810000
0.000000 0.000000 9.810000
0.000000 0.000000 9.810000
0.000000 0.000000 9.810000
0.000000 0.000000 9.810000
0.000000 0.000000 9.810000
0.000000 0.000000 9.810000
0.000000 0.000000 9.810000
0.000000 0.000000 9.810000
0.000000 0.000000 9.810000
-0.000000 -0.021794 9.839058
-0.000000 -0.085908 9.924544
-0.000000 -0.188617 10.061489
-0.000000 -0.323951 10.241935
-0.000000 -0.484046 10.455395
-0.000000 -0.659597 10.689463
-0.000000 -0.840403 10.930537
-0.000000 -1.015954 11.164605
-0.000000 -1.176049 11.378065
-0.000000 -1.311383 11.558511
-0.000000 -1.414092 11.695456
-0.000000 -1.478206 11.780942
-0.000000 -1.500000 11.810000
-0.000000 -1.478206 11.780942
-0.000000 -1.414092 11.695456
-0.000000 -1.311383 11.558511
-0.000000 -1.176049 11.378065
-0.000000 -1.015954 11.164605
-0.000000 -0.840403 10.930537
-0.000000 -0.659597 10.689463
-0.000000 -0.484046 10.455395
-0.000000 -0.323951 10.241935
-0.000000 -0.188617 10.061489
-0.000000 -0.085908 9.924544
-0.000000 -0.021794 9.839058
0.000000 0.000000 9.810000
0.000000 0.000000 9.810000
0.000000 0.000000 9.810000
0.000000 0.000000 9.810000
0.000000 0.000000 9.810000
0.000000 0.000000 9.810000
0.000000 0.000000 9.810000
0.000000 0.000000 9.810000
0.000000 0.000000 9.810000
0.000000 0.000000 9.810000
0.000000 0.000000 9.810000
0.000000 0.000000 9.810000
0.000000 0.000000 9.810000
0.000000 0.000000 9.810000
0.000000 0.000000 9.810000
0.000000 0.000000 9.810000
0.000000 0.000000 9.810000
0.000000 0.000000 9.810000
0.000000 0.000000 9.810000
0.000000 0.000000 9.810000
0.000000 0.000000 9.810000
0.000000 0.000000 9.810000
0.000000 0.000000 9.810000
0.000000 0.000000 9.810000
0.000000 0.000000 9.810000
-0.000000 -0.021794 9.839058
-0.000000 -0.085908 9.924544
-0.000000 -0.188617 10.061489
-0.000000 -0.323951 10.241935
-0.000000 -0.484046 10.455395
-0.000000 -0.659597 10.689463
-0.000000 -0.840403 10.930537
-0.000000 -1.015954 11.164605
-0.000000 -1.176049 11.378065
-0.000000 -1.311383 11.558511
-0.000000 -1.414092 11.695456
-0.000000 -1.478206 11.780942
-0.000000 -1.500000 11.810000
-0.000000 -1.478206 11.780942
-0.000000 -1.414092 11.695456
-0.000000 -1.311383 11.558511
-0.000000 -1.176049 11.378065
-0.000000 -1.015954 11.164605
-0.000000 -0.840403 10.930537
-0.000000 -0.659597 10.689463
-0.000000 -0.484046 10.455395
-0.000000 -0.323951 10.241935
-0.000000 -0.188617 10.061489
-0.000000 -0.085908 9.924544
-0.000000 -0.021794 9.839058
0.000000 0.000000 9.810000
0.000000 0.000000 9.810000
0.000000 0.000000 9.810000
0.000000 0.000000 9.810000
0.000000 0.000000 9.810000
0.000000 0.000000 9.810000
0.000000 0.000000 9.810000
0.000000 0.000000 9.810000
0.000000 0.000000 9.810000
0.000000 0.000000 9.810000
0.000000 0.000000 9.810000
0.000000 0.000000 9.810000
0.000000 0.000000 9.810000
0.000000 0.000000 9.810000
0.000000 0.000000 9.810000
0.000000 0.000000 9.810000
0.000000 0.000000 9.810000
0.000000 0.000000 9.810000
0.000000 0.000000 9.810000
0.000000 0.000000 9.810000
0.000000 0.000000 9.810000
0.000000 0.000000 9.810000
0.000000 0.000000 9.810000
0.000000 0.000000 9.810000
0.000000 0.000000 9.810000
-0.000000 -0.021794 9.839058
-0.000000 -0.085908 9.924544
-0.000000 -0.188617 10.061489
-0.000000 -0.323951 10.241935
-0.000000 -0.484046 10.455395
-0.000000 -0.659597 10.689463
-0.000000 -0.840403 10.930537
-0.000000 -1.015954 11.164605
-0.000000 -1.176049 11.378065
-0.000000 -1.311383 11.558511
-0.000000 -1.414092 11.695456
-0.000000 -1.478206 11.780942
-0.000000 -1.500000 11.810000
-0.000000 -1.478206 11.780942
-0.000000 -1.414092 11.695456
-0.000000 -1.311383 11.558511
-0.000000 -1.176049 11.378065
-0.000000 -1.015954 11.164605
-0.000000 -0.840403 10.930537
-0.000000 -0.659597 10.689463
-0.000000 -0.484046 10.455395
-0.000000 -0.323951 10.241935
-0.000000 -0.188617 10.061489
-0.000000 -0.085908 9.924544
-0.000000 -0.021794 9.839058
0.000000 0.000000 9.810000
0.000000 0.000000 9.810000
0.000000 0.000000 9.810000
0.000000 0.000000 9.810000
0.000000 0.000000 9.810000
0.000000 0.000000 9.810000
0.000000 0.000000 9.810000
0.000000 0.000000 9.810000
0.000000 0.000000 9.810000
0.000000 0.000000 9.810000
0.000000 0.000000 9.810000
0.000000 0.000000 9.810000
0.000000 0.000000 9.810000
0.000000 0.000000 9.810000
0.000000 0.000000 9.810000
0.000000 0.000000 9.810000
0.000000 0.000000 9.810000
0.000000 0.000000 9.810000
0.000000 0.000000 9.810000
0.000000 0.000000 9.810000
0.000000 0.000000 9.810000
0.000000 0.000000 9.810000
0.000000 0.000000 9.810000
0.000000 0.000000 9.810000
0.000000 0.000000 9.810000
-0.000000 -0.021794 9.839058
-0.000000 -0.085908 9.924544
-0.000000 -0.188617 10.061489
-0.000000 -0.323951 10.241935
-0.000000 -0.484046 10.455395
-0.000000 -0.659597 10.689463
-0.000000 -0.840403 10.930537
-0.000000 -1.015954 11.164605
-0.000000 -1.176049 11.378065
-0.000000 -1.311383 11.558511
-0.000000 -1.414092 11.695456
-0.000000 -1.478206 11.780942
-0.000000 -1.500000 11.810000
-0.000000 -1.478206 11.780942
-0.000000 -1.414092 11.695456
-0.000000 -1.311383 11.558511
-0.000000 -1.176049 11.378065
-0.000000 -1.015954 11.164605
-0.000000 -0.840403 10.930537
-0.000000 -0.659597 10.689463
-0.000000 -0.484046 10.455395
-0.000000 -0.323951 10.241935
-0.000000 -0.188617 10.061489
-0.000000 -0.085908 9.924544
-0.000000 -0.021794 9.839058
0.000000 0.000000 9.810000
0.000000 0.000000 9.810000
0.000000 0.000000 9.810000
0.000000 0.000000 9.810000
0.000000 0.000000 9.810000
0.000000 0.000000 9.810000
0.000000 0.000000 9.810000
0.000000 0.000000 9.810000
0.000000 0.000000 9.810000
0.000000 0.000000 9.810000
0.000000 0.000000 9.810000
0.000000 0.000000 9.810000
0.000000 0.000000 9.810000
0.000000 0.000000 9.810000
0.000000 0.000000 9.810000
0.000000 0.000000 9.810000
0.000000 0.000000 9.810000
0.000000 0.000000 9.810000
0.000000 0.000000 9.810000
0.000000 0.000000 9.810000
0.000000 0.000000 9.810000
0.000000 0.000000 9.810000
0.000000 0.000000 9.810000
0.000000 0.000000 9.810000
0.000000 0.000000 9.810000
-0.000000 -0.021794 9.839058
-0.000000 -0.085908 9.924544
-0.000000 -0.188617 10.061489
-0.000000 -0.323951 10.241935
-0.000000 -0.484046 10.455395
-0.000000 -0.659597 10.689463
-0.000000 -0.840403 10.930537
-0.000000 -1.015954 11.164605
-0.000000 -1.176049 11.378065
-0.000000 -1.311383 11.558511
-0.000000 -1.414092 11.695456
-0.000000 -1.478206 11.780942
-0.000000 -1.500000 11.810000
-0.000000 -1.478206 11.780942
-0.000000 -1.414092 11.695456
-0.000000 -1.311383 11.558511
-0.000000 -1.176049 11.378065
-0.000000 -1.015954 11.164605
-0.000000 -0.840403 10.930537
-0.000000 -0.659597 10.689463
-0.000000 -0.484046 10.455395
-0.000000 -0.323951 10.241935
-0.000000 -0.188617 10.061489
-0.000000 -0.085908 9.924544
-0.000000 -0.021794 9.839058
0.000000 0.000000 9.810000
0.000000 0.000000 9.810000
0.000000 0.000000 9.810000
0.000000 0.000000 9.810000
0.000000 0.000000 9.810000
0.000000 0.000000 9.810000
0.000000 0.000000 9.810000
0.000000 0.000000 9.810000
0.000000 0.000000 9.810000
0.000000 0.000000 9.810000
0.000000 0.000000 9.810000
0.000000 0.000000 9.810000
0.000000 0.000000 9.810000
0.000000 0.000000 9.810000
0.000000 0.000000 9.810000
0.000000 0.000000 9.810000
0.000000 0.000000 9.810000
0.000000 0.000000 9.810000
0.000000 0.000000 9.810000
0.000000 0.000000 9.810000
0.000000 0.000000 9.810000
0.000000 0.000000 9.810000
0.000000 0.000000 9.810000
0.000000 0.000000 9.810000
0.000000 0.000000 9.810000
-0.000000 -0.021794 9.839058
-0.000000 -0.085908 9.924544
-0.000000 -0.188617 10.061489
-0.000000 -0.323951 10.241935
-0.000000 -0.484046 10.455395
-0.000000 -0.659597 10.689463
-0.000000 -0.840403 10.930537
-0.000000 -1.015954 11.164605
-0.000000 -1.176049 11.378065
-0.000000 -1.311383 11.558511
-0.000000 -1.414092 11.695456
-0.000000 -1.478206 11.780942
-0.000000 -1.500000 11.810000
-0.000000 -1.478206 11.780942
-0.000000 -1.414092 11.695456
-0.000000 -1.311383 11.558511
-0.000000 -1.176049 11.378065
-0.000000 -1.015954 11.164605
-0.000000 -0.840403 10.930537
-0.000000 -0.659597 10.689463
-0.000000 -0.484046 10.455395
-0.000000 -0.323951 10.241935
-0.000000 -0.188617 10.061489
-0.000000 -0.085908 9.924544
-0.000000 -0.021794 9.839058
0.000000 0.000000 9.810000
0.000000 0.000000 9.810000
0.000000 0.000000 9.810000
0.000000 0.000000 9.810000
0.000000 0.000000 9.810000
0.000000 0.000000 9.810000
0.000000 0.000000 9.810000
0.000000 0.000000 9.810000
0.000000 0.000000 9.810000
0.000000 0.000000 9.810000
0.000000 0.000000 9.810000
0.000000 0.000000 9.810000
0.000000 0.000000 9.810000
0.000000 0.000000 9.810000
0.000000 0.000000 9.810000
0.000000 0.000000 9.810000
0.000000 0.000000 9.810000
0.000000 0.000000 9.810000
0.000000 0.000000 9.810000
0.000000 0.000000 9.810000
0.000000 0.000000 9.810000
0.000000 0.000000 9.810000
0.000000 0.000000 9.810000
0.000000 0.000000 9.810000
0.000000 0.000000 9.810000
-0.000000 -0.021794 9.839058
-0.000000 -0.085908 9.924544
-0.000000 -0.188617 10.061489
-0.000000 -0.323951 10.241935
-0.000000 -0.484046 10.455395
-0.000000 -0.659597 10.689463
-0.000000 -0.840403 10.930537
-0.000000 -1.015954 11.164605
-0.000000 -1.176049 11.378065
-0.000000 -1.311383 11.558511
-0.000000 -1.414092 11.695456
-0.000000 -1.478206 11.780942
-0.000000 -1.500000 11.810000
-0.000000 -1.478206 11.780942
-0.000000 -1.414092 11.695456
-0.000000 -1.311383 11.558511
-0.000000 -1.176049 11.378065
-0.000000 -1.015954 11.164605
-0.000000 -0.840403 10.930537
-0.000000 -0.659597 10.689463
-0.000000 -0.484046 10.455395
-0.000000 -0.323951 10.241935
-0.000000 -0.188617 10.061489
-0.000000 -0.085908 9.924544
-0.000000 -0.021794 9.839058
0.000000 0.000000 9.810000
0.000000 0.000000 9.810000
0.000000 0.000000 9.810000
0.000000 0.000000 9.810000
0.000000 0.000000 9.810000
0.000000 0.000000 9.810000
0.000000 0.000000 9.810000
0.000000 0.000000 9.810000
0.000000 0.000000 9.810000
0.000000 0.000000 9.810000
0.000000 0.000000 9.810000
0.000000 0.000000 9.810000
0.000000 0.000000 9.810000
0.000000 0.000000 9.810000
0.000000 0.000000 9.810000
0.000000 0.000000 9.810000
0.000000 0.000000 9.810000
0.000000 0.000000 9.810000
0.000000 0.000000 9.810000
0.000000 0.000000 9.810000
0.000000 0.000000 9.810000
0.000000 0.000000 9.810000
0.000000 0.000000 9.810000
0.000000 0.000000 9.810000
0.000000 0.000000 9.810000
-0.000000 -0.021794 9.839058
-0.000000 -0.085908 9.924544
-0.000000 -0.188617 10.061489
-0.000000 -0.323951 10.241935
-0.000000 -0.484046 10.455395
-0.000000 -0.659597 10.689463
-0.000000 -0.840403 10.930537
-0.000000 -1.015954 11.164605
-0.000000 -1.176049 11.378065
-0.000000 -1.311383 11.558511
-0.000000 -1.414092 11.695456
-0.000000 -1.478206 11.780942
-0.000000 -1.500000 11.810000
-0.000000 -1.478206 11.780942
-0.000000 -1.414092 11.695456
-0.000000 -1.311383 11.558511
-0.000000 -1.176049 11.378065
-0.000000 -1.015954 11.164605
-0.000000 -0.840403 10.930537
-0.000000 -0.659597 10.689463
-0.000000 -0.484046 10.455395
-0.000000 -0.323951 10.241935
-0.000000 -0.188617 10.061489
-0.000000 -0.085908 9.924544
-0.000000 -0.021794 9.839058
0.000000 0.000000 9.810000
0.000000 0.000000 9.810000
0.000000 0.000000 9.810000
0.000000 0.000000 9.810000
0.000000 0.000000 9.810000
0.000000 0.000000 9.810000
0.000000 0.000000 9.810000
0.000000 0.000000 9.810000
0.000000 0.000000 9.810000
0.000000 0.000000 9.810000
0.000000 0.000000 9.810000
0.000000 0.000000 9.810000
0.000000 0.000000 9.810000
0.000000 0.000000 9.810000
0.000000 0.000000 9.810000
0.000000 0.000000 9.810000
0.000000 0.000000 9.810000
0.000000 0.000000 9.810000
0.000000 0.000000 9.810000
0.000000 0.000000 9.810000
0.000000 0.000000 9.810000
0.000000 0.000000 9.810000
0.000000 0.000000 9.810000
0.000000 0.000000 9.810000
0.000000 0.000000 9.810000
-0.000000 -0.021794 9.839058
-0.000000 -0.085908 9.924544
-0.000000 -0.188617 10.061489
-0.000000 -0.323951 10.241935
-0.000000 -0.484046 10.455395
-0.000000 -0.659597 10.689463
-0.000000 -0.840403 10.930537
-0.000000 -1.015954 11.164605
-0.000000 -1.176049 11.378065
-0.000000 -1.311383 11.558511
-0.000000 -1.414092 11.695456
-0.000000 -1.478206 11.780942
-0.000000 -1.500000 11.810000
-0.000000 -1.478206 11.780942
-0.000000 -1.414092 11.695456
-0.000000 -1.311383 11.558511
-0.000000 -1.176049 11.378065
-0.000000 -1.015954 11.164605
-0.000000 -0.840403 10.930537
-0.000000 -0.659597 10.689463
-0.000000 -0.484046 10.455395
-0.000000 -0.323951 10.241935
-0.000000 -0.188617 10.061489
-0.000000 -0.085908 9.924544
-0.000000 -0.021794 9.839058
0.000000 0.000000 9.810000
0.000000 0.000000 9.810000
0.000000 0.000000 9.810000
0.000000 0.000000 9.810000
0.000000 0.000000 9.810000
0.000000 0.000000 9.810000
0.000000 0.000000 9.810000
0.000000 0.000000 9.810000
0.000000 0.000000 9.810000
0.000000 0.000000 9.810000
0.000000 0.000000 9.810000
0.000000 0.000000 9.810000
0.000000 0.000000 9.810000
0.000000 0.000000 9.810000
0.000000 0.000000 9.810000
0.000000 0.000000 9.810000
0.000000 0.000000 9.810000
0.000000 0.000000 9.810000
0.000000 0.000000 9.810000
0.000000 0.000000 9.810000
0.000000 0.000000 9.810000
0.000000 0.000000 9.810000
0.000000 0.000000 9.810000
0.000000 0.000000 9.810000
0.000000 0.000000 9.810000
-0.000000 -0.021794 9.839058
-0.000000 -0.085908 9.924544
-0.000000 -0.188617 10.061489
-0.000000 -0.323951 10.241935
-0.000000 -0.484046 10.455395
-0.000000 -0.659597 10.689463
-0.000000 -0.840403 10.930537
-0.000000 -1.015954 11.164605
-0.000000 -1.176049 11.378065
-0.000000 -1.311383 11.558511
-0.000000 -1.414092 11.695456
-0.000000 -1.478206 11.780942
-0.000000 -1.500000 11.810000
-0.000000 -1.478206 11.780942
-0.000000 -1.414092 11.695456
-0.000000 -1.311383 11.558511
-0.000000 -1.176049 11.378065
-0.000000 -1.015954 11.164605
-0.000000 -0.840403 10.930537
-0.000000 -0.659597 10.689463
-0.000000 -0.484046 10.455395
-0.000000 -0.323951 10.241935
-0.000000 -0.188617 10.061489
-0.000000 -0.085908 9.924544
-0.000000 -0.021794 9.839058
0.000000 0.000000 9.810000
0.000000 0.000000 9.810000
0.000000 0.000000 9.810000
0.000000 0.000000 9.810000
0.000000 0.000000 9.810000
0.000000 0.000000 9.810000
0.000000 0.000000 9.810000
0.000000 0.000000 9.810000
0.000000 0.000000 9.810000
0.000000 0.000000 9.810000
0.000000 0.000000 9.810000
0.000000 0.000000 9.810000
0.000000 0.000000 9.810000
0.000000 0.000000 9.810000
0.000000 0.000000 9.810000
0.000000 0.000000 9.810000
0.000000 0.000000 9.810000
0.000000 0.000000 9.810000
0.000000 0.000000 9.810000
0.000000 0.000000 9.810000
0.000000 0.000000 9.810000
0.000000 0.000000 9.810000
0.000000 0.000000 9.810000
0.000000 0.000000 9.810000
0.000000 0.000000 9.810000
-0.000000 -0.021794 9.839058
-0.000000 -0.085908 9.924544
-0.000000 -0.188617 10.061489
-0.000000 -0.323951 10.241935
-0.000000 -0.484046 10.455395
-0.000000 -0.659597 10.689463
-0.000000 -0.840403 10.930537
-0.000000 -1.015954 11.164605
-0.000000 -1.176049 11.378065
-0.000000 -1.311383 11.558511
-0.000000 -1.414092 11.695456
-0.000000 -1.478206 11.780942
-0.000000 -1.500000 11.810000
-0.000000 -1.478206 11.780942
-0.000000 -1.414092 11.695456
-0.000000 -1.311383 11.558511
-0.000000 -1.176049 11.378065
-0.000000 -1.015954 11.164605
-0.000000 -0.840403 10.930537
-0.000000 -0.659597 10.689463
-0.000000 -0.484046 10.455395
-0.000000 -0.323951 10.241935
-0.000000 -0.188617 10.061489
-0.000000 -0.085908 9.924544
-0.000000 -0.021794 9.839058
0.000000 0.000000 9.810000
0.000000 0.000000 9.810000
0.000000 0.000000 9.810000
0.000000 0.000000 9.810000
0.000000 0.000000 9.810000
0.000000 0.000000 9.810000
0.000000 0.000000 9.810000
0.000000 0.000000 9.810000
0.000000 0.000000 9.810000
0.000000 0.000000 9.810000
0.000000 0.000000 9.810000
0.000000 0.000000 9.810000
0.000000 0.000000 9.810000
0.000000 0.000000 9.810000
0.000000 0.000000 9.810000
0.000000 0.000000 9.810000
0.000000 0.000000 9.810000
0.000000 0.000000 9.810000
0.000000 0.000000 9.810000
0.000000 0.000000 9.810000
0.000000 0.000000 9.810000
0.000000 0.000000 9.810000
0.000000 0.000000 9.810000
0.000000 0.000000 9.810000
0.000000 0.000000 9.810000
-0.000000 -0.021794 9.839058
-0.000000 -0.085908 9.924544
-0.000000 -0.188617 10.061489
-0.000000 -0.323951 10.241935
-0.000000 -0.484046 10.455395
-0.000000 -0.659597 10.689463
-0.000000 -0.840403 10.930537
-0.000000 -1.015954 11.164605
-0.000000 -1.176049 11.378065
-0.000000 -1.311383 11.558511
-0.000000 -1.414092 11.695456
-0.000000 -1.478206 11.780942
-0.000000 -1.500000 11.810000
-0.000000 -1.478206 11.780942
-0.000000 -1.414092 11.695456
-0.000000 -1.311383 11.558511
-0.000000 -1.176049 11.378065
-0.000000 -1.015954 11.164605
-0.000000 -0.840403 10.930537
-0.000000 -0.659597 10.689463
-0.000000 -0.484046 10.455395
-0.000000 -0.323951 10.241935
-0.000000 -0.188617 10.061489
-0.000000 -0.085908 9.924544
-0.000000 -0.021794 9.839058
0.000000 0.000000 9.810000
0.000000 0.000000 9.810000
0.000000 0.000000 9.810000
0.000000 0.000000 9.810000
0.000000 0.000000 9.810000
0.000000 0.000000 9.810000
0.000000 0.000000 9.810000
0.000000 0.000000 9.810000
0.000000 0.000000 9.810000
0.000000 0.000000 9.810000
0.000000 0.000000 9.810000
0.000000 0.000000 9.810000
0.000000 0.000000 9.810000
0.000000 0.000000 9.810000
0.000000 0.000000 9.810000
0.000000 0.000000 9.810000
0.000000 0.000000 9.810000
0.000000 0.000000 9.810000
0.000000 0.000000 9.810000
0.000000 0.000000 9.810000
0.000000 0.000000 9.810000
0.000000 0.000000 9.810000
0.000000 0.000000 9.810000
0.000000 0.000000 9.810000
0.000000 0.000000 9.810000
-0.000000 -0.021794 9.839058
-0.000000 -0.085908 9.924544
-0.000000 -0.188617 10.061489
-0.000000 -0.323951 10.241935
-0.000000 -0.484046 10.455395
-0.000000 -0.659597 10.689463
-0.000000 -0.840403 10.930537
-0.000000 -1.015954 11.164605
-0.000000 -1.176049 11.378065
-0.000000 -1.311383 11.558511
-0.000000 -1.414092 11.695456
-0.000000 -1.478206 11.780942
-0.000000 -1.500000 11.810000
-0.000000 -1.478206 11.780942
-0.000000 -1.414092 11.695456
-0.000000 -1.311383 11.558511
-0.000000 -1.176049 11.378065
-0.000000 -1.015954 11.164605
-0.000000 -0.840403 10.930537
-0.000000 -0.659597 10.689463
-0.000000 -0.484046 10.455395
-0.000000 -0.323951 10.241935
-0.000000 -0.188617 10.061489
-0.000000 -0.085908 9.924544
-0.000000 -0.021794 9.839058
0.000000 0.000000 9.810000
0.000000 0.000000 9.810000
0.000000 0.000000 9.810000
0.000000 0.000000 9.810000
0.000000 0.000000 9.810000
0.000000 0.000000 9.810000
0.000000 0.000000 9.810000
0.000000 0.000000 9.810000
0.000000 0.000000 9.810000
0.000000 0.000000 9.810000
0.000000 0.000000 9.810000
0.000000 0.000000 9.810000
0.000000 0.000000 9.810000
0.000000 0.000000 9.810000
0.000000 0.000000 9.810000
0.000000 0.000000 9.810000
0.000000 0.000000 9.810000
0.000000 0.000000 9.810000
0.000000 0.000000 9.810000
0.000000 0.000000 9.810000
0.000000 0.000000 9.810000
0.000000 0.000000 9.810000
0.000000 0.000000 9.810000
0.000000 0.000000 9.810000
0.000000 0.000000 9.810000
-0.000000 -0.021794 9.839058
-0.000000 -0.085908 9.924544
-0.000000 -0.188617 10.061489
-0.000000 -0.323951 10.241935
-0.000000 -0.484046 10.455395
-0.000000 -0.659597 10.689463
-0.000000 -0.840403 10.930537
-0.000000 -1.015954 11.164605
-0.000000 -1.176049 11.378065
-0.000000 -1.311383 11.558511
-0.000000 -1.414092 11.695456
-0.000000 -1.478206 11.780942
-0.000000 -1.500000 11.810000
-0.000000 -1.478206 11.780942
-0.000000 -1.414092 11.695456
-0.000000 -1.311383 11.558511
-0.000000 -1.176049 11.378065
-0.000000 -1.015954 11.164605
-0.000000 -0.840403 10.930537
-0.000000 -0.659597 10.689463
-0.000000 -0.484046 10.455395
-0.000000 -0.323951 10.241935
-0.000000 -0.188617 10.061489
-0.000000 -0.085908 9.924544
-0.000000 -0.021794 9.839058
0.000000 0.000000 9.810000
0.000000 0.000000 9.810000
0.000000 0.000000 9.810000
0.000000 0.000000 9.810000
0.000000 0.000000 9.810000
0.000000 0.000000 9.810000
0.000000 0.000000 9.810000
0.000000 0.000000 9.810000
0.000000 0.000000 9.810000
0.000000 0.000000 9.810000
0.000000 0.000000 9.810000
0.000000 0.000000 9.810000
0.000000 0.000000 9.810000
0.000000 0.000000 9.810000
0.000000 0.000000 9.810000
0.000000 0.000000 9.810000
0.000000 0.000000 9.810000
0.000000 0.000000 9.810000
0.000000 0.000000 9.810000
0.000000 0.000000 9.810000
0.000000 0.000000 9.810000
0.000000 0.000000 9.810000
0.000000 0.000000 9.810000
0.000000 0.000000 9.810000
0.000000 0.000000 9.810000
-0.000000 -0.021794 9.839058
-0.000000 -0.085908 9.924544
-0.000000 -0.188617 10.061489
-0.000000 -0.323951 10.241935
-0.000000 -0.484046 10.455395
-0.000000 -0.659597 10.689463
-0.000000 -0.840403 10.930537
-0.000000 -1.015954 11.164605
-0.000000 -1.176049 11.378065
-0.000000 -1.311383 11.558511
-0.000000 -1.414092 11.695456
-0.000000 -1.478206 11.780942
-0.000000 -1.500000 11.810000
-0.000000 -1.478206 11.780942
-0.000000 -1.414092 11.695456
-0.000000 -1.311383 11.558511
-0.000000 -1.176049 11.378065
-0.000000 -1.015954 11.164605
-0.000000 -0.840403 10.930537
-0.000000 -0.659597 10.689463
-0.000000 -0.484046 10.455395
-0.000000 -0.323951 10.241935
-0.000000 -0.188617 10.061489
-0.000000 -0.085908 9.924544
-0.000000 -0.021794 9.839058
0.000000 0.000000 9.810000
0.000000 0.000000 9.810000
0.000000 0.000000 9.810000
0.000000 0.000000 9.810000
0.000000 0.000000 9.810000
0.000000 0.000000 9.810000
0.000000 0.000000 9.810000
0.000000 0.000000 9.810000
0.000000 0.000000 9.810000
0.000000 0.000000 9.810000
0.000000 0.000000 9.810000
0.000000 0.000000 9.810000
0.000000 0.000000 9.810000
0.000000 0.000000 9.810000
0.000000 0.000000 9.810000
0.000000 0.000000 9.810000
0.000000 0.000000 9.810000
0.000000 0.000000 9.810000
0.000000 0.000000 9.810000
0.000000 0.000000 9.810000
0.000000 0.000000 9.810000
0.000000 0.000000 9.810000
0.000000 0.000000 9.810000
0.000000 0.000000 9.810000
0.000000 0.000000 9.810000
-0.000000 -0.021794 9.839058
-0.000000 -0.085908 9.924544
-0.000000 -0.188617 10.061489
-0.000000 -0.323951 10.241935
-0.000000 -0.484046 10.455395
-0.000000 -0.659597 10.689463
-0.000000 -0.840403 10.930537
-0.000000 -1.015954 11.164605
-0.000000 -1.176049 11.378065
-0.000000 -1.311383 11.558511
-0.000000 -1.414092 11.695456
-0.000000 -1.478206 11.780942
-0.000000 -1.500000 11.810000
-0.000000 -1.478206 11.780942
-0.000000 -1.414092 11.695456
-0.000000 -1.311383 11.558511
-0.000000 -1.176049 11.378065
-0.000000 -1.015954 11.164605
-0.000000 -0.840403 10.930537
-0.000000 -0.659597 10.689463
-0.000000 -0.484046 10.455395
-0.000000 -0.323951 10.241935
-0.000000 -0.188617 10.061489
-0.000000 -0.085908 9.924544
-0.000000 -0.021794 9.839058
0.000000 0.000000 9.810000
0.000000 0.000000 9.810000
0.000000 0.000000 9.810000
0.000000 0.000000 9.810000
0.000000 0.000000 9.810000
0.000000 0.000000 9.810000
0.000000 0.000000 9.810000
0.000000 0.000000 9.810000
0.000000 0.000000 9.810000
0.000000 0.000000 9.810000
0.000000 0.000000 9.810000
0.000000 0.000000 9.810000
0.000000 0.000000 9.810000
0.000000 0.000000 9.810000
0.000000 0.000000 9.810000
0.000000 0.000000 9.810000
0.000000 0.000000 9.810000
0.000000 0.000000 9.810000
0.000000 0.000000 9.810000
0.000000 0.000000 9.810000
0.000000 0.000000 9.810000
0.000000 0.000000 9.810000
0.000000 0.000000 9.810000
0.000000 0.000000 9.810000
0.000000 0.000000 9.810000
-0.000000 -0.021794 9.839058
-0.000000 -0.085908 9.924544
-0.000000 -0.188617 10.061489
-0.000000 -0.323951 10.241935
-0.000000 -0.484046 10.455395
-0.000000 -0.659597 10.689463
-0.000000 -0.840403 10.930537
-0.000000 -1.015954 11.164605
-0.000000 -1.176049 11.378065
-0.000000 -1.311383 11.558511
-0.000000 -1.414092 11.695456
-0.000000 -1.478206 11.780942
-0.000000 -1.500000 11.810000
-0.000000 -1.478206 11.780942
-0.000000 -1.414092 11.695456
-0.000000 -1.311383 11.558511
-0.000000 -1.176049 11.378065
-0.000000 -1.015954 11.164605
-0.000000 -0.840403 10.930537
-0.000000 -0.659597 10.689463
-0.000000 -0.484046 10.455395
-0.000000 -0.323951 10.241935
-0.000000 -0.188617 10.061489
-0.000000 -0.085908 9.924544
-0.000000 -0.021794 9.839058
0.000000 0.000000 9.810000
0.000000 0.000000 9.810000
0.000000 0.000000 9.810000
0.000000 0.000000 9.810000
0.000000 0.000000 9.810000
0.000000 0.000000 9.810000
0.000000 0.000000 9.810000
0.000000 0.000000 9.810000
0.000000 0.000000 9.810000
0.000000 0.000000 9.810000
0.000000 0.000000 9.810000
0.000000 0.000000 9.810000
0.000000 0.000000 9.810000
0.000000 0.000000 9.810000
0.000000 0.000000 9.810000
0.000000 0.000000 9.810000
0.000000 0.000000 9.810000
0.000000 0.000000 9.810000
0.000000 0.000000 9.810000
0.000000 0.000000 9.810000
0.000000 0.000000 9.810000
0.000000 0.000000 9.810000
0.000000 0.000000 9.810000
0.000000 0.000000 9.810000
0.000000 0.000000 9.810000
-0.000000 -0.021794 9.839058
-0.000000 -0.085908 9.924544
-0.000000 -0.188617 10.061489
-0.000000 -0.323951 10.241935
-0.000000 -0.484046 10.455395
-0.000000 -0.659597 10.689463
-0.000000 -0.840403 10.930537
-0.000000 -1.015954 11.164605
-0.000000 -1.176049 11.378065
-0.000000 -1.311383 11.558511
-0.000000 -1.414092 11.695456
-0.000000 -1.478206 11.780942
-0.000000 -1.500000 11.810000
-0.000000 -1.478206 11.780942
-0.000000 -1.414092 11.695456
-0.000000 -1.311383 11.558511
-0.000000 -1.176049 11.378065
-0.000000 -1.015954 11.164605
-0.000000 -0.840403 10.930537
-0.000000 -0.659597 10.689463
-0.000000 -0.484046 10.455395
-0.000000 -0.323951 10.241935
-0.000000 -0.188617 10.061489
-0.000000 -0.085908 9.924544
-0.000000 -0.021794 9.839058
0.000000 0.000000 9.810000
0.000000 0.000000 9.810000
0.000000 0.000000 9.810000
0.000000 0.000000 9.810000
0.000000 0.000000 9.810000
0.000000 0.000000 9.810000
0.000000 0.000000 9.810000
0.000000 0.000000 9.810000
0.000000 0.000000 9.810000
0.000000 0.000000 9.810000
0.000000 0.000000 9.810000
0.000000 0.000000 9.810000
0.000000 0.000000 9.810000
0.000000 0.000000 9.810000
0.000000 0.000000 9.810000
0.000000 0.000000 9.810000
0.000000 0.000000 9.810000
0.000000 0.000000 9.810000
0.000000 0.000000 9.810000
0.000000 0.000000 9.810000
0.000000 0.000000 9.810000
0.000000 0.000000 9.810000
0.000000 0.000000 9.810000
0.000000 0.000000 9.810000
0.000000 0.000000 9.810000
-0.000000 -0.021794 9.839058
-0.000000 -0.085908 9.924544
-0.000000 -0.188617 10.061489
-0.000000 -0.323951 10.241935
-0.000000 -0.484046 10.455395
-0.000000 -0.659597 10.689463
-0.000000 -0.840403 10.930537
-0.000000 -1.015954 11.164605
-0.000000 -1.176049 11.378065
-0.000000 -1.311383 11.558511
-0.000000 -1.414092 11.695456
-0.000000 -1.478206 11.780942
-0.000000 -1.500000 11.810000
-0.000000 -1.478206 11.780942
-0.000000 -1.414092 11.695456
-0.000000 -1.311383 11.558511
-0.000000 -1.176049 11.378065
-0.000000 -1.015954 11.164605
-0.000000 -0.840403 10.930537
-0.000000 -0.659597 10.689463
-0.000000 -0.484046 10.455395
-0.000000 -0.323951 10.241935
-0.000000 -0.188617 10.061489
-0.000000 -0.085908 9.924544
-0.000000 -0.021794 9.839058
0.000000 0.000000 9.810000
0.000000 0.000000 9.810000
0.000000 0.000000 9.810000
0.000000 0.000000 9.810000
0.000000 0.000000 9.810000
0.000000 0.000000 9.810000
0.000000 0.000000 9.810000
0.000000 0.000000 9.810000
0.000000 0.000000 9.810000
0.000000 0.000000 9.810000
0.000000 0.000000 9.810000
0.000000 0.000000 9.810000
0.000000 0.000000 9.810000
0.000000 0.000000 9.810000
0.000000 0.000000 9.810000
0.000000 0.000000 9.810000
0.000000 0.000000 9.810000
0.000000 0.000000 9.810000
0.000000 0.000000 9.810000
0.000000 0.000000 9.810000
0.000000 0.000000 9.810000
0.000000 0.000000 9.810000
0.000000 0.000000 9.810000
0.000000 0.000000 9.810000
0.000000 0.000000 9.810000
-0.000000 -0.021794 9.839058
-0.000000 -0.085908 9.924544
-0.000000 -0.188617 10.061489
-0.000000 -0.323951 10.241935
-0.000000 -0.484046 10.455395
-0.000000 -0.659597 10.689463
-0.000000 -0.840403 10.930537
-0.000000 -1.015954 11.164605
-0.000000 -1.176049 11.378065
-0.000000 -1.311383 11.558511
-0.000000 -1.414092 11.695456
-0.000000 -1.478206 11.780942
-0.000000 -1.500000 11.810000
-0.000000 -1.478206 11.780942
-0.000000 -1.414092 11.695456
-0.000000 -1.311383 11.558511
-0.000000 -1.176049 11.378065
-0.000000 -1.015954 11.164605
-0.000000 -0.840403 10.930537
-0.000000 -0.659597 10.689463
-0.000000 -0.484046 10.455395
-0.000000 -0.323951 10.241935
-0.000000 -0.188617 10.061489
-0.000000 -0.085908 9.924544
-0.000000 -0.021794 9.839058
0.000000 0.000000 9.810000
0.000000 0.000000 9.810000
0.000000 0.000000 9.810000
0.000000 0.000000 9.810000
0.000000 0.000000 9.810000
0.000000 0.000000 9.810000
0.000000 0.000000 9.810000
0.000000 0.000000 9.810000
0.000000 0.000000 9.810000
0.000000 0.000000 9.810000
0.000000 0.000000 9.810000
0.000000 0.000000 9.810000
0.000000 0.000000 9.810000
0.000000 0.000000 9.810000
0.000000 0.000000 9.810000
0.000000 0.000000 9.810000
0.000000 0.000000 9.810000
0.000000 0.000000 9.810000
0.000000 0.000000 9.810000
0.000000 0.000000 9.810000
0.000000 0.000000 9.810000
0.000000 0.000000 9.810000
0.000000 0.000000 9.810000
0.000000 0.000000 9.810000
0.000000 0.000000 9.810000
-0.000000 -0.021794 9.839058
-0.000000 -0.085908 9.924544
-0.000000 -0.188617 10.061489
-0.000000 -0.323951 10.241935
-0.000000 -0.484046 10.455395
-0.000000 -0.659597 10.689463
-0.000000 -0.840403 10.930537
-0.000000 -1.015954 11.164605
-0.000000 -1.176049 11.378065
-0.000000 -1.311383 11.558511
-0.000000 -1.414092 11.695456
-0.000000 -1.478206 11.780942
-0.000000 -1.500000 11.810000
-0.000000 -1.478206 11.780942
-0.000000 -1.414092 11.695456
-0.000000 -1.311383 11.558511
-0.000000 -1.176049 11.378065
-0.000000 -1.015954 11.164605
-0.000000 -0.840403 10.930537
-0.000000 -0.659597 10.689463
-0.000000 -0.484046 10.455395
-0.000000 -0.323951 10.241935
-0.000000 -0.188617 10.061489
-0.000000 -0.085908 9.924544
-0.000000 -0.021794 9.839058
0.000000 0.000000 9.810000
0.000000 0.000000 9.810000
0.000000 0.000000 9.810000
0.000000 0.000000 9.810000
0.000000 0.000000 9.810000
0.000000 0.000000 9.810000
0.000000 0.000000 9.810000
0.000000 0.000000 9.810000
0.000000 0.000000 9.810000
0.000000 0.000000 9.810000
0.000000 0.000000 9.810000
0.000000 0.000000 9.810000
0.000000 0.000000 9.810000
0.000000 0.000000 9.810000
0.000000 0.000000 9.810000
0.000000 0.000000 9.810000
0.000000 0.000000 9.810000
0.000000 0.000000 9.810000
0.000000 0.000000 9.810000
0.000000 0.000000 9.810000
0.000000 0.000000 9.810000
0.000000 0.000000 9.810000
0.000000 0.000000 9.810000
0.000000 0.000000 9.810000
0.000000 0.000000 9.810000
-0.000000 -0.021794 9.839058
-0.000000 -0.085908 9.924544
-0.000000 -0.188617 10.061489
-0.000000 -0.323951 10.241935
-0.000000 -0.484046 10.455395
-0.000000 -0.659597 10.689463
-0.000000 -0.840403 10.930537
-0.000000 -1.015954 11.164605
-0.000000 -1.176049 11.378065
-0.000000 -1.311383 11.558511
-0.000000 -1.414092 11.695456
-0.000000 -1.478206 11.780942
-0.000000 -1.500000 11.810000
-0.000000 -1.478206 11.780942
-0.000000 -1.414092 11.695456
-0.000000 -1.311383 11.558511
-0.000000 -1.176049 11.378065
-0.000000 -1.015954 11.164605
-0.000000 -0.840403 10.930537
-0.000000 -0.659597 10.689463
-0.000000 -0.484046 10.455395
-0.000000 -0.323951 10.241935
-0.000000 -0.188617 10.061489
-0.000000 -0.085908 9.924544
-0.000000 -0.021794 9.839058
0.000000 0.000000 9.810000
0.000000 0.000000 9.810000
0.000000 0.000000 9.810000
0.000000 0.000000 9.810000
0.000000 0.000000 9.810000
0.000000 0.000000 9.810000
0.000000 0.000000 9.810000
0.000000 0.000000 9.810000
0.000000 0.000000 9.810000
0.000000 0.000000 9.810000
0.000000 0.000000 9.810000
0.000000 0.000000 9.810000
0.000000 0.000000 9.810000
0.000000 0.000000 9.810000
0.000000 0.000000 9.810000
0.000000 0.000000 9.810000
0.000000 0.000000 9.810000
0.000000 0.000000 9.810000
0.000000 0.000000 9.810000
0.000000 0.000000 9.810000
0.000000 0.000000 9.810000
0.000000 0.000000 9.810000
0.000000 0.000000 9.810000
0.000000 0.000000 9.810000
0.000000 0.000000 9.810000
-0.000000 -0.021794 9.839058
-0.000000 -0.085908 9.924544
-0.000000 -0.188617 10.061489
-0.000000 -0.323951 10.241935
-0.000000 -0.484046 10.455395
-0.000000 -0.659597 10.689463
-0.000000 -0.840403 10.930537
-0.000000 -1.015954 11.164605
-0.000000 -1.176049 11.378065
-0.000000 -1.311383 11.558511
-0.000000 -1.414092 11.695456
-0.000000 -1.478206 11.780942
-0.000000 -1.500000 11.810000
-0.000000 -1.478206 11.780942
-0.000000 -1.414092 11.695456
-0.000000 -1.311383 11.558511
-0.000000 -1.176049 11.378065
-0.000000 -1.015954 11.164605
-0.000000 -0.840403 10.930537
-0.000000 -0.659597 10.689463
-0.000000 -0.484046 10.455395
-0.000000 -0.323951 10.241935
-0.000000 -0.188617 10.061489
-0.000000 -0.085908 9.924544
-0.000000 -0.021794 9.839058
0.000000 0.000000 9.810000
0.000000 0.000000 9.810000
0.000000 0.000000 9.810000
0.000000 0.000000 9.810000
0.000000 0.000000 9.810000
0.000000 0.000000 9.810000
0.000000 0.000000 9.810000
0.000000 0.000000 9.810000
0.000000 0.000000 9.810000
0.000000 0.000000 9.810000
0.000000 0.000000 9.810000
0.000000 0.000000 9.810000
0.000000 0.000000 9.810000
0.000000 0.000000 9.810000
0.000000 0.000000 9.810000
0.000000 0.000000 9.810000
0.000000 0.000000 9.810000
0.000000 0.000000 9.810000
0.000000 0.000000 9.810000
0.000000 0.000000 9.810000
0.000000 0.000000 9.810000
0.000000 0.000000 9.810000
0.000000 0.000000 9.810000
0.000000 0.000000 9.810000
0.000000 0.000000 9.810000
-0.000000 -0.021794 9.839058
-0.000000 -0.085908 9.924544
-0.000000 -0.188617 10.061489
-0.000000 -0.323951 10.241935
-0.000000 -0.484046 10.455395
-0.000000 -0.659597 10.689463
-0.000000 -0.840403 10.930537
-0.000000 -1.015954 11.164605
-0.000000 -1.176049 11.378065
-0.000000 -1.311383 11.558511
-0.000000 -1.414092 11.695456
-0.000000 -1.478206 11.780942
-0.000000 -1.500000 11.810000
-0.000000 -1.478206 11.780942
-0.000000 -1.414092 11.695456
-0.000000 -1.311383 11.558511
-0.000000 -1.176049 11.378065
-0.000000 -1.015954 11.164605
-0.000000 -0.840403 10.930537
-0.000000 -0.659597 10.689463
-0.000000 -0.484046 10.455395
-0.000000 -0.323951 10.241935
-0.000000 -0.188617 10.061489
-0.000000 -0.085908 9.924544
-0.000000 -0.021794 9.839058
0.000000 0.000000 9.810000
0.000000 0.000000 9.810000
0.000000 0.000000 9.810000
0.000000 0.000000 9.810000
0.000000 0.000000 9.810000
0.000000 0.000000 9.810000
0.000000 0.000000 9.810000
0.000000 0.000000 9.810000
0.000000 0.000000 9.810000
0.000000 0.000000 9.810000
0.000000 0.000000 9.810000
0.000000 0.000000 9.810000
0.000000 0.000000 9.810000
0.000000 0.000000 9.810000
0.000000 0.000000 9.810000
0.000000 0.000000 9.810000
0.000000 0.000000 9.810000
0.000000 0.000000 9.810000
0.000000 0.000000 9.810000
0.000000 0.000000 9.810000
0.000000 0.000000 9.810000
0.000000 0.000000 9.810000
0.000000 0.000000 9.810000
0.000000 0.000000 9.810000
0.000000 0.000000 9.810000
-0.000000 -0.021794 9.839058
-0.000000 -0.085908 9.924544
-0.000000 -0.188617 10.061489
-0.000000 -0.323951 10.241935
-0.000000 -0.484046 10.455395
-0.000000 -0.659597 10.689463
-0.000000 -0.840403 10.930537
-0.000000 -1.015954 11.164605
-0.000000 -1.176049 11.378065
-0.000000 -1.311383 11.558511
-0.000000 -1.414092 11.695456
-0.000000 -1.478206 11.780942
-0.000000 -1.500000 11.810000
-0.000000 -1.478206 11.780942
-0.000000 -1.414092 11.695456
-0.000000 -1.311383 11.558511
-0.000000 -1.176049 11.378065
-0.000000 -1.015954 11.164605
-0.000000 -0.840403 10.930537
-0.000000 -0.659597 10.689463
-0.000000 -0.484046 10.455395
-0.000000 -0.323951 10.241935
-0.000000 -0.188617 10.061489
-0.000000 -0.085908 9.924544
-0.000000 -0.021794 9.839058
0.000000 0.000000 9.810000
0.000000 0.000000 9.810000
0.000000 0.000000 9.810000
0.000000 0.000000 9.810000
0.000000 0.000000 9.810000
0.000000 0.000000 9.810000
0.000000 0.000000 9.810000
0.000000 0.000000 9.810000
0.000000 0.000000 9.810000
0.000000 0.000000 9.810000
0.000000 0.000000 9.810000
0.000000 0.000000 9.810000
0.000000 0.000000 9.810000
0.000000 0.000000 9.810000
0.000000 0.000000 9.810000
0.000000 0.000000 9.810000
0.000000 0.000000 9.810000
0.000000 0.000000 9.810000
0.000000 0.000000 9.810000
0.000000 0.000000 9.810000
0.000000 0.000000 9.810000
0.000000 0.000000 9.810000
0.000000 0.000000 9.810000
0.000000 0.000000 9.810000
0.000000 0.000000 9.810000
0.000000 0.000000 9.810000
0.000000 0.000000 9.810000
0.000000 0.000000 9.810000
0.000000 0.000000 9.810000
0.000000 0.000000 9.810000
0.000000 0.000000 9.810000
0.000000 0.000000 9.810000
0.000000 0.000000 9.810000
0.000000 0.000000 9.810000
0.000000 0.000000 9.810000
0.000000 0.000000 9.810000
0.000000 0.000000 9.810000
0.000000 0.000000 9.810000
0.000000 0.000000 9.810000
0.000000 0.000000 9.810000
0.000000 0.000000 9.810000
0.000000 0.000000 9.810000
0.000000 0.000000 9.810000
0.000000 0.000000 9.810000
0.000000 0.000000 9.810000
0.000000 0.000000 9.810000
0.000000 0.000000 9.810000
0.000000 0.000000 9.810000
0.000000 0.000000 9.810000
0.000000 0.000000 9.810000
0.002946 -0.014227 9.831794
0.011614 -0.056082 9.895908
0.025499 -0.123132 9.998617
0.043795 -0.211480 10.133951
0.065439 -0.315993 10.294046
0.089172 -0.430595 10.469597
0.113615 -0.548628 10.650403
0.137348 -0.663230 10.825954
0.158992 -0.767742 10.986049
0.177288 -0.856091 11.121383
0.191173 -0.923141 11.224092
0.199841 -0.964996 11.288206
0.202787 -0.979223 11.310000
0.199841 -0.964996 11.288206
0.191173 -0.923141 11.224092
0.177288 -0.856091 11.121383
0.158992 -0.767742 10.986049
0.137348 -0.663230 10.825954
0.113615 -0.548628 10.650403
0.089172 -0.430595 10.469597
0.065439 -0.315993 10.294046
0.043795 -0.211480 10.133951
0.025499 -0.123132 9.998617
0.011614 -0.056082 9.895908
0.002946 -0.014227 9.831794
0.000000 0.000000 9.810000
0.000000 0.000000 9.810000
0.000000 0.000000 9.810000
0.000000 0.000000 9.810000
0.000000 0.000000 9.810000
0.000000 0.000000 9.810000
0.000000 0.000000 9.810000
0.000000 0.000000 9.810000
0.000000 0.000000 9.810000
0.000000 0.000000 9.810000
0.000000 0.000000 9.810000
0.000000 0.000000 9.810000
0.000000 0.000000 9.810000
0.000000 0.000000 9.810000
0.000000 0.000000 9.810000
0.000000 0.000000 9.810000
0.000000 0.000000 9.810000
0.000000 0.000000 9.810000
0.000000 0.000000 9.810000
0.000000 0.000000 9.810000
0.000000 0.000000 9.810000
0.000000 0.000000 9.810000
0.000000 0.000000 9.810000
0.000000 0.000000 9.810000
0.000000 0.000000 9.810000
0.000000 0.000000 9.810000
0.000000 0.000000 9.810000
0.000000 0.000000 9.810000
0.000000 0.000000 9.810000
0.000000 0.000000 9.810000
0.000000 0.000000 9.810000
0.000000 0.000000 9.810000
0.000000 0.000000 9.810000
0.000000 0.000000 9.810000
0.000000 0.000000 9.810000
0.000000 0.000000 9.810000
0.000000 0.000000 9.810000
0.000000 0.000000 9.810000
0.000000 0.000000 9.810000
0.000000 0.000000 9.810000
0.000000 0.000000 9.810000
0.000000 0.000000 9.810000
0.000000 0.000000 9.810000
0.000000 0.000000 9.810000
0.000000 0.000000 9.810000
0.000000 0.000000 9.810000
0.000000 0.000000 9.810000
0.000000 0.000000 9.810000
0.000000 0.000000 9.810000
0.000000 0.000000 9.810000
0.010354 -0.010193 9.831794
0.040814 -0.040178 9.895908
0.089610 -0.088214 9.998617
0.153907 -0.151508 10.133951
0.229967 -0.226382 10.294046
0.313370 -0.308486 10.469597
0.399269 -0.393046 10.650403
0.482672 -0.475149 10.825954
0.558732 -0.550023 10.986049
0.623028 -0.613318 11.121383
0.671824 -0.661353 11.224092
0.702285 -0.691339 11.288206
0.712639 -0.701531 11.310000
0.702285 -0.691339 11.288206
0.671824 -0.661353 11.224092
0.623028 -0.613318 11.121383
0.558732 -0.550023 10.986049
0.482672 -0.475149 10.825954
0.399269 -0.393046 10.650403
0.313370 -0.308486 10.469597
0.229967 -0.226382 10.294046
0.153907 -0.151508 10.133951
0.089610 -0.088214 9.998617
0.040814 -0.040178 9.895908
0.010354 -0.010193 9.831794
0.000000 0.000000 9.810000
0.000000 0.000000 9.810000
0.000000 0.000000 9.810000
0.000000 0.000000 9.810000
0.000000 0.000000 9.810000
0.000000 0.000000 9.810000
0.000000 0.000000 9.810000
0.000000 0.000000 9.810000
0.000000 0.000000 9.810000
0.000000 0.000000 9.810000
0.000000 0.000000 9.810000
0.000000 0.000000 9.810000
0.000000 0.000000 9.810000
0.000000 0.000000 9.810000
0.000000 0.000000 9.810000
0.000000 0.000000 9.810000
0.000000 0.000000 9.810000
0.000000 0.000000 9.810000
0.000000 0.000000 9.810000
0.000000 0.000000 9.810000
0.000000 0.000000 9.810000
0.000000 0.000000 9.810000
0.000000 0.000000 9.810000
0.000000 0.000000 9.810000
0.000000 0.000000 9.810000
0.000000 0.000000 9.810000
0.000000 0.000000 9.810000
0.000000 0.000000 9.810000
0.000000 0.000000 9.810000
0.000000 0.000000 9.810000
0.000000 0.000000 9.810000
0.000000 0.000000 9.810000
0.000000 0.000000 9.810000
0.000000 0.000000 9.810000
0.000000 0.000000 9.810000
0.000000 0.000000 9.810000
0.000000 0.000000 9.810000
0.000000 0.000000 9.810000
0.000000 0.000000 9.810000
0.000000 0.000000 9.810000
0.000000 0.000000 9.810000
0.000000 0.000000 9.810000
0.000000 0.000000 9.810000
0.000000 0.000000 9.810000
0.000000 0.000000 9.810000
0.000000 0.000000 9.810000
0.000000 0.000000 9.810000
0.000000 0.000000 9.810000
0.000000 0.000000 9.810000
0.000000 0.000000 9.810000
0.014272 -0.002722 9.831794
0.056258 -0.010732 9.895908
0.123517 -0.023562 9.998617
0.212142 -0.040468 10.133951
0.316982 -0.060467 10.294046
0.431943 -0.082397 10.469597
0.550344 -0.104984 10.650403
0.665306 -0.126914 10.825954
0.770145 -0.146913 10.986049
0.858770 -0.163819 11.121383
0.926030 -0.176650 11.224092
0.968016 -0.184659 11.288206
0.982287 -0.187381 11.310000
0.968016 -0.184659 11.288206
0.926030 -0.176650 11.224092
0.858770 -0.163819 11.121383
0.770145 -0.146913 10.986049
0.665306 -0.126914 10.825954
0.550344 -0.104984 10.650403
0.431943 -0.082397 10.469597
0.316982 -0.060467 10.294046
0.212142 -0.040468 10.133951
0.123517 -0.023562 9.998617
0.056258 -0.010732 9.895908
0.014272 -0.002722 9.831794
0.000000 0.000000 9.810000
0.000000 0.000000 9.810000
0.000000 0.000000 9.810000
0.000000 0.000000 9.810000
0.000000 0.000000 9.810000
0.000000 0.000000 9.810000
0.000000 0.000000 9.810000
0.000000 0.000000 9.810000
0.000000 0.000000 9.810000
0.000000 0.000000 9.810000
0.000000 0.000000 9.810000
