# ax (m/s^2), ay (m/s^2), az (m/s^2)
0.060943 -0.207997 9.960090
0.188113 -0.390207 9.549564
0.025568 -0.063249 9.806640
-0.170609 0.175880 9.965558
0.013206 0.225448 9.903502
-0.171858 0.073750 9.618223
0.175690 -0.009985 9.773028
-0.136186 0.244508 9.779094
-0.085666 -0.070427 9.916462
0.073089 0.082547 9.896164
0.428330 -0.081283 9.707551
-0.162755 0.123196 10.035794
-0.022789 -0.168031 9.645104
0.130119 0.148651 9.918631
-0.133102 0.046432 9.833337
0.043738 0.174286 9.854719
0.135783 0.013516 9.867824
0.126258 -0.291431 9.746066
-0.094075 -0.127776 9.754972
0.298988 -0.173166 10.003656
-0.336574 -0.066977 9.842551
0.117244 0.142245 9.968669
-0.069745 -0.092470 9.981595
-0.038261 -0.255137 9.583343
-0.183890 0.099432 9.838485
0.138097 -0.085451 9.841708
0.125118 -0.061869 9.901355
-0.132385 -0.072611 9.733652
-0.239168 0.097394 9.716120
0.002499 0.096149 9.899306
0.133077 -0.019697 9.725340
-0.015944 -0.337467 9.520578
-0.264540 -0.199449 9.889955
-0.181096 -0.075633 10.069846
-0.071253 0.147503 9.623276
-0.041088 -0.190004 9.742193
0.168062 -0.345464 9.896885
0.069341 -0.118830 9.549847
0.100334 -0.105899 9.971079
0.192987 0.320356 10.013618
0.119252 0.035855 10.285935
0.755884 0.167022 10.526769
0.952258 -0.237753 10.561513
0.655087 -0.077962 10.655199
1.142984 -0.044445 10.870444
0.972933 0.062703 11.545690
1.710729 0.582772 11.641393
1.216184 -0.426409 11.748998
1.315618 -0.083071 11.658522
1.471842 0.213196 11.841410
1.446479 -0.207131 11.446005
1.316830 -0.010757 12.049042
1.337438 0.196548 11.458652
0.939060 -0.193023 11.233020
1.441648 -0.164277 11.332303
0.659817 0.186315 11.007527
0.628270 -0.008153 10.558506
0.573261 -0.090997 10.210274
0.068364 0.034518 10.557754
0.220615 -0.023728 10.118654
0.347108 0.043877 9.842359
0.243051 0.085751 10.146209
0.036647 -0.244894 9.536368
0.330186 0.344733 9.774096
-0.076637 0.292289 9.588591
-0.178945 0.128665 9.731079
-0.001024 -0.032689 9.877515
0.281496 0.018117 9.938788
-0.410034 -0.009744 9.641354
-0.243763 -0.175630 9.743175
0.183181 -0.265279 9.816126
-0.096834 -0.065535 10.010552
0.107623 0.267480 9.779099
-0.139189 -0.044772 9.858499
0.035315 -0.216878 9.828098
0.045646 0.503495 10.185369
-0.170649 -0.057477 9.517312
-0.118141 0.063121 10.051171
-0.145817 -0.130829 9.380542
-0.032533 -0.212483 9.704112
-0.175372 -0.018853 9.458454
-0.293409 0.425849 9.552515
-0.219357 0.367383 10.391013
-0.234313 -0.073650 9.878311
0.345740 -0.197371 9.760944
0.155468 0.086953 9.734769
-0.026765 -0.274979 9.762365
-0.031484 0.046434 9.727993
0.180216 0.202543 9.955630
0.258968 0.010631 10.061506
0.179640 0.063299 10.222478
0.902680 0.314671 10.532564
0.506986 -0.222482 10.927692
0.892952 0.096029 10.581619
1.201441 0.090884 10.942519
1.081744 0.052743 11.388558
1.252949 -0.020698 11.508115
1.444605 0.294298 11.182124
1.430836 0.035302 11.840141
1.425617 -0.351344 11.875599
1.823676 -0.306772 11.953707
1.348387 -0.012265 11.484876
1.244492 0.260009 11.675042
1.522511 0.235482 11.465882
1.364741 0.087799 11.330203
0.781088 0.013309 10.791052
0.857514 -0.235661 10.845933
0.445916 0.234249 10.605569
0.688081 0.146155 9.927527
0.175226 -0.234401 9.957833
0.388154 0.127507 9.784758
-0.180950 0.006556 9.595746
-0.134228 0.062402 10.041062
0.121752 -0.458258 9.870873
0.014407 0.082778 10.133242
-0.412648 -0.118221 9.928181
-0.316319 0.295190 9.883671
0.169317 -0.114189 9.972753
0.213694 0.046576 9.856880
0.054069 -0.172669 9.780494
-0.030505 0.076679 10.009965
-0.211707 -0.025002 10.106291
-0.148718 -0.164450 9.850461
0.168877 0.002285 10.075792
0.171359 0.168364 9.920823
0.465531 -0.041032 9.409296
0.320851 -0.091540 9.831576
0.261910 -0.320452 9.559671
-0.320256 -0.158827 9.897927
0.104838 0.055255 9.527447
-0.462021 0.010871 9.715645
0.091877 0.140391 9.837648
0.152027 0.045842 9.916013
-0.140935 -0.035922 9.849355
0.164106 -0.078748 9.914233
-0.053168 -0.023508 9.975904
-0.398612 -0.259294 9.513563
-0.444930 -0.135653 9.988945
0.028931 0.039558 10.142387
0.454154 -0.013828 10.332206
0.342377 -0.167480 10.123055
0.187939 -0.177627 10.383792
0.820314 0.344154 10.413027
0.918968 -0.208109 11.025476
0.989736 -0.366181 11.350264
1.055048 -0.106780 11.164114
1.180526 0.085578 11.520662
1.479824 0.072384 11.959588
1.409649 -0.295372 11.994386
1.433702 0.222918 11.886675
1.451979 0.069755 12.171144
1.829488 0.013876 11.727494
1.526631 -0.169132 11.625125
1.170876 0.062782 11.211391
0.698040 -0.414597 10.941128
0.748667 -0.058638 11.317983
0.880796 -0.192418 10.759005
0.402631 -0.056873 10.492460
0.447786 -0.067852 10.454706
-0.039771 0.001268 10.581024
0.130524 0.286643 9.942848
0.137949 -0.011357 9.804977
-0.155896 0.086060 9.639693
0.133117 0.217057 9.883306
-0.057250 0.090793 9.748265
0.187109 -0.366281 9.742879
-0.398162 -0.299012 10.082772
0.179037 -0.143896 9.509499
-0.592906 -0.108699 10.294083
0.086977 -0.111914 9.903016
-0.312192 -0.059465 9.829895
-0.017220 0.158161 9.878929
0.133665 -0.137674 9.989563
0.325787 -0.194030 9.632461
0.267157 -0.038269 10.090764
-0.088507 0.291009 9.836297
0.051646 0.312944 9.737646
-0.188224 -0.089713 9.900467
-0.313152 0.127494 9.702246
0.229563 -0.478852 9.652687
-0.337294 -0.165246 9.859533
-0.035845 -0.050676 9.778163
0.040678 -0.201707 9.951370
0.132533 0.077008 9.921307
0.059284 0.407015 9.792581
-0.061417 -0.150706 9.603547
-0.248894 -0.177759 9.795864
0.088653 0.010228 9.685951
0.265945 0.147883 9.892614
0.058034 0.109686 10.099084
0.034326 -0.013596 10.294342
0.304107 0.037969 10.164431
0.926835 0.249590 10.638960
0.913093 -0.481984 10.699267
0.957198 -0.214427 11.307484
1.575508 -0.235323 11.210572
1.358473 0.322223 11.314036
1.463899 0.364260 11.365104
1.221993 -0.084721 11.676824
1.662520 0.048332 11.455008
1.581288 -0.115508 12.035831
1.288575 -0.127323 11.803682
1.463968 0.089620 11.221391
1.283655 -0.206862 11.425120
0.731207 0.089264 11.003285
0.583876 0.142764 10.978866
0.536802 0.290236 10.601333
0.490468 0.053783 10.331462
0.418179 -0.106690 10.159608
0.461145 -0.208117 9.578933
0.408095 0.509866 9.843490
-0.365574 -0.062097 9.781814
-0.037985 -0.222678 9.925912
0.104901 -0.298881 9.949839
0.410537 0.034392 9.742535
-0.028401 0.123051 9.463866
0.032878 -0.078093 10.179565
-0.034835 0.333578 9.589252
0.117452 0.063880 9.636191
0.035479 0.242504 9.745242
-0.338393 -0.003513 9.629515
-0.068468 -0.016318 9.468870
-0.323132 0.096413 9.705456
-0.512949 0.156969 9.864474
-0.142775 -0.263366 9.977162
0.069870 0.476520 9.894038
0.077541 -0.033386 9.973355
0.125017 0.250345 9.705735
-0.087081 -0.095821 9.968160
0.299675 -0.091768 9.725045
0.062815 -0.049152 10.000411
-0.450355 -0.165341 9.653517
-0.464071 -0.192728 9.626969
-0.040221 0.222593 9.760988
-0.206163 -0.011391 10.019835
-0.195192 -0.182115 9.921710
-0.044307 0.129497 9.807271
0.162126 -0.207016 9.836641
0.043770 -0.243178 9.611848
0.325767 -0.070190 9.857033
0.304716 0.225604 9.785788
0.184719 -0.184577 10.747631
0.716115 0.153463 10.461431
0.616495 0.089563 10.942192
1.125701 -0.037534 11.220234
1.207672 0.155553 11.539466
0.987409 -0.449454 11.758860
1.651637 -0.204125 11.323489
1.498013 0.186168 12.140461
1.603260 -0.074343 11.631374
1.480497 -0.059853 11.577928
1.823843 0.357034 11.922666
1.127213 0.171004 11.686436
1.264558 0.249933 11.505139
1.163957 0.127381 11.232763
0.483680 0.016724 10.819298
0.403629 0.336363 11.035262
0.755890 0.051043 10.725520
0.326362 0.040559 10.023241
0.268015 0.012077 9.800959
0.075669 -0.015946 10.284056
0.200636 0.002289 9.888816
0.008842 -0.040583 9.593515
-0.030210 -0.149220 9.559937
0.102244 0.078253 9.452658
-0.024537 0.199140 10.021845
0.205167 0.007783 9.640991
-0.216740 0.068921 9.885856
0.257466 0.219996 9.783554
-0.248841 -0.063821 9.853446
-0.040417 -0.115579 9.860577
-0.100792 -0.125613 9.872291
-0.080399 0.048821 9.864641
-0.227886 -0.096248 10.097555
-0.232416 -0.423331 9.437631
0.005822 0.006183 9.786478
0.242838 -0.534567 9.889187
0.312288 -0.225556 9.734039
-0.150578 -0.178869 9.744748
0.285497 0.367477 9.742812
0.381012 0.007115 10.160738
-0.018660 0.026212 9.883095
0.635771 0.170257 9.668547
0.193800 -0.072367 9.712050
0.181720 0.006217 9.865715
0.002797 0.067317 9.894993
-0.387393 0.133315 9.613596
-0.266666 -0.011682 9.855854
-0.052793 0.166206 9.656109
0.107228 -0.116975 10.052172
0.379724 -0.201579 10.386792
0.496647 -0.378389 10.063677
0.657134 -0.044193 10.668779
0.834806 0.045112 11.120067
0.793733 -0.234394 10.945940
1.233832 0.248989 11.291797
0.811043 -0.340799 11.391903
1.302546 -0.081678 11.703172
1.415857 0.209868 11.645738
1.327536 0.095775 11.502872
1.556145 0.020511 11.751453
1.731747 -0.124441 12.107516
1.266297 -0.255403 11.572495
0.960800 -0.150351 11.457471
1.127070 -0.124434 11.362086
1.071904 0.287260 11.036419
0.932283 -0.376160 10.625882
0.310645 0.023845 10.341105
0.290720 0.376435 10.207991
0.271375 -0.046454 10.076632
0.087111 0.089665 10.157605
0.351272 0.061924 9.956968
-0.230173 -0.017575 9.998058
0.173194 0.042322 9.987279
0.098153 0.240061 9.867872
-0.071140 0.067168 9.223881
0.076577 -0.729683 9.465307
0.090354 0.095506 9.577514
-0.142420 0.274108 9.713194
0.448584 -0.000384 9.891607
0.323375 0.026205 9.609531
-0.021945 -0.007122 9.537052
-0.051166 -0.148438 9.994872
0.006922 -0.056559 9.788764
0.044624 0.123363 9.610058
-0.208318 0.220936 9.727533
-0.283368 0.088763 9.902674
-0.306143 0.045896 9.957117
0.074877 0.126396 9.529146
0.066208 -0.060524 9.713442
0.174111 0.295855 10.168874
0.262962 -0.021947 9.880544
0.153365 0.024236 9.836153
0.164751 -0.011857 9.664143
-0.082895 0.126782 9.810599
0.068042 0.134016 9.735032
0.151250 0.075769 9.563037
0.310255 -0.100149 9.508039
-0.123101 -0.204209 9.934979
0.133847 -0.067366 10.185430
0.391927 0.063210 10.323901
0.607273 -0.421591 10.382507
0.223555 0.007212 10.688537
1.049509 0.237527 10.971092
0.915881 0.097032 11.059021
1.175770 0.197227 11.266510
1.472519 0.135480 11.367552
1.608871 0.139713 11.715841
1.325742 -0.171841 11.673409
1.608519 -0.191125 11.897502
1.229855 -0.040814 11.802871
1.903118 -0.275463 11.989859
1.341352 0.082234 11.582180
1.264994 -0.030737 11.668875
0.924659 0.226447 11.035731
0.828352 -0.214393 11.021541
0.948623 -0.015471 10.650086
0.261123 -0.045859 10.136836
0.141376 0.045357 10.505738
0.750459 -0.117317 10.348549
0.134658 -0.030250 10.011063
0.034177 0.022079 9.757392
-0.279622 -0.308725 9.940649
-0.055340 -0.119218 9.811701
0.158986 0.036073 9.678789
0.245259 0.315837 9.908911
0.194733 0.248392 10.036020
0.122820 0.119669 9.913932
-0.219468 0.140145 9.538837
-0.158920 0.260713 9.978044
0.297480 -0.054335 9.579550
-0.048087 0.020406 9.825798
0.226736 -0.072254 9.880407
-0.197725 0.090063 9.810622
-0.149963 -0.047166 9.773165
-0.054031 0.354268 9.790311
-0.048779 -0.419490 9.631159
-0.052615 -0.137171 10.086342
-0.032988 0.257689 9.822341
0.007446 -0.017759 9.810759
0.343759 -0.463922 9.409691
-0.108634 0.002906 9.948021
0.094617 -0.076849 10.013809
0.206039 0.036812 10.002532
0.054529 -0.112297 9.949563
0.022123 0.000268 10.104591
-0.490174 -0.283537 9.572586
-0.050858 -0.050922 9.537593
-0.111124 -0.172168 10.416029
0.548965 -0.082350 9.988773
0.094111 -0.381626 10.218559
0.284476 -0.016970 10.135354
0.507203 0.029725 10.762705
0.923897 -0.264098 11.101474
0.855911 0.126572 11.162477
0.900771 -0.063240 11.451137
1.433976 -0.028198 11.864867
1.615594 -0.051331 11.845480
1.864965 0.392097 11.535342
1.314693 0.296984 11.598344
1.213698 -0.097239 11.864987
1.393613 -0.130113 11.560614
1.168916 -0.175902 12.014837
1.235551 0.177352 11.280249
0.978762 -0.142711 10.634263
0.564801 -0.362124 10.480580
0.420526 0.264991 10.680576
0.742159 0.082197 10.611907
0.143772 0.104790 10.387678
0.073287 0.111908 10.174727
-0.024003 -0.224554 9.687718
0.039095 0.065402 9.680553
0.005317 0.114107 9.933638
0.310376 0.255396 9.609742
0.336717 -0.106195 10.018975
0.013597 -0.082430 9.448461
-0.034313 -0.311877 10.003460
0.303359 -0.159382 9.870394
-0.145078 -0.125697 9.964899
-0.007708 0.347930 9.713554
0.199867 0.019483 9.969156
-0.089432 -0.009912 9.786900
-0.167211 0.132416 9.940050
0.118711 0.307393 10.099869
-0.074989 0.074610 9.685280
0.004671 -0.119950 10.134014
0.072740 -0.043606 10.048724
-0.434123 -0.402821 9.969168
0.012094 0.050089 9.544721
-0.004647 0.400702 9.974840
0.033941 -0.087811 9.731085
-0.425840 0.051528 9.979097
-0.315124 -0.132283 9.578507
-0.193070 0.010696 9.393120
0.122854 0.150771 9.759779
-0.496142 -0.199284 10.056580
-0.555599 -0.069505 9.574000
0.182708 -0.135023 9.919849
0.199000 0.367245 9.883956
0.263826 -0.297011 10.299572
0.171850 -0.112151 10.237486
0.171469 0.045754 10.648888
0.718184 -0.317780 10.664701
0.988808 -0.375598 10.715583
1.191262 0.054019 11.246999
1.547948 0.093711 11.509642
1.853532 -0.042761 11.398934
1.499651 0.087798 11.590113
1.271727 0.461969 11.846311
1.353543 0.183186 11.788171
1.427630 0.112455 11.522565
1.484617 0.382591 11.788692
1.236141 -0.101421 11.476443
1.125256 -0.075561 11.561327
0.669312 0.172400 11.088668
0.915792 -0.225398 11.196263
0.908724 0.191918 10.386512
0.649871 0.080971 10.134341
0.319092 0.072907 10.353150
0.224069 0.058246 10.356212
0.331115 -0.573411 9.861056
-0.011137 -0.350420 9.857895
0.249752 -0.217314 9.877280
-0.183165 -0.134382 10.105479
-0.108512 0.092442 9.435756
0.372464 0.120530 9.773500
0.115109 -0.281964 10.046506
-0.064797 -0.040814 9.711669
-0.116130 0.138934 9.861181
0.130350 -0.001759 9.912640
-0.083770 0.445946 9.496414
0.252187 0.273581 9.639568
0.445855 0.199098 10.004228
0.005604 -0.043445 9.768118
0.078106 0.280237 9.846263
-0.182289 0.164885 9.994230
0.130932 0.149100 9.755814
-0.185798 -0.173639 9.482907
0.047390 -0.016690 9.722002
-0.591124 -0.249463 10.034168
-0.132925 0.072118 9.531863
0.287741 -0.028806 9.868008
0.465156 0.303288 9.748687
-0.118644 -0.065109 9.911980
-0.021045 -0.079049 10.103436
-0.022842 0.459918 9.828149
0.357064 0.071464 10.002592
-0.123129 -0.170752 9.930999
0.283619 0.008051 9.667265
-0.083435 -0.285427 9.707965
0.345849 0.225009 10.239252
0.031963 -0.038152 10.422835
1.078797 -0.291428 10.611328
1.181573 0.089996 11.043199
1.038871 0.065989 11.320127
1.014151 0.175612 11.103464
1.377057 0.035748 11.435252
1.409555 -0.124508 11.481116
1.407483 -0.220798 11.845501
1.269983 0.142395 11.573704
1.364947 -0.124921 12.045971
1.480150 -0.042347 11.795200
0.889945 -0.008627 11.958014
1.202518 0.013583 11.487690
1.195075 -0.399493 10.828140
0.882461 -0.142975 11.192942
0.596563 -0.386906 10.435861
-0.065889 -0.046825 10.417718
0.239059 0.215776 10.481639
0.154539 -0.426939 10.184946
0.196980 0.061878 10.120840
-0.211172 0.401751 9.647173
0.149845 -0.337470 9.623947
0.303274 -0.052180 9.977985
0.047391 -0.020992 10.082770
-0.047332 -0.356148 9.649352
0.110238 0.079102 9.496588
-0.144869 -0.116344 9.736906
-0.275183 -0.125674 9.664278
0.154307 0.161824 9.780838
-0.078408 0.027985 9.646685
-0.229366 -0.188044 9.683037
-0.232695 0.032412 9.955943
-0.317420 0.005026 9.766013
0.068302 -0.002588 9.519280
-0.252478 0.005885 10.015756
-0.442837 0.069145 10.047924
-0.030605 0.110040 9.669386
-0.023873 -0.324183 9.341131
0.188553 -0.196999 9.718894
-0.277288 -0.281994 9.775232
-0.145915 0.075594 9.900508
0.064170 0.047720 10.125554
-0.213519 -0.010987 10.036538
0.252908 -0.284353 9.747529
0.271624 0.101616 9.849053
-0.043537 -0.076760 9.867644
-0.028681 -0.008516 9.854778
-0.049706 0.106426 10.507393
-0.166780 0.064803 9.909451
0.439432 0.009311 10.394306
0.719148 0.038484 10.681806
0.190738 0.318090 10.764476
1.055971 -0.243975 10.764383
1.045141 -0.003408 11.221219
1.392952 -0.353044 11.572829
1.313039 -0.040756 11.264288
1.514702 -0.482822 11.825135
1.179785 0.010692 11.757108
1.733908 -0.035731 11.671172
1.376886 0.254577 11.888201
1.336966 -0.047289 11.382021
1.389078 -0.351963 11.708870
1.201773 0.477390 11.158038
0.995421 0.359658 11.402883
0.701160 0.044793 10.930937
0.715989 -0.139736 10.671599
0.164436 0.027025 10.545399
0.278468 -0.323010 10.439642
0.261522 -0.145203 10.005369
-0.214226 -0.205082 9.816982
0.267478 -0.127901 9.967101
-0.107663 0.049590 9.781721
0.174611 -0.106962 9.495494
-0.276390 -0.106375 9.560188
0.082042 -0.093154 10.284921
-0.347543 0.040727 9.584409
-0.098680 0.028284 9.344926
0.047365 0.380581 9.719312
0.051962 0.204984 9.777209
-0.116192 -0.455147 9.938198
-0.022634 -0.202537 9.835319
-0.116736 -0.105685 9.931258
-0.267676 0.209463 9.530463
-0.132540 0.384589 10.035471
0.019521 -0.188106 9.704146
0.014655 0.007505 9.791826
-0.006167 -0.042875 9.521604
-0.103302 0.182925 9.536333
-0.037911 -0.163951 9.832270
-0.077727 0.295479 9.911317
-0.262361 0.134246 9.655070
-0.115399 0.062764 9.711651
0.178571 -0.154902 9.686211
-0.131274 -0.113128 10.029838
0.125759 0.341989 10.263529
-0.206143 0.014084 9.574760
-0.133728 -0.126017 9.627627
-0.124469 -0.028857 9.681200
0.357042 -0.183551 10.623403
0.233675 0.014404 9.982867
0.825265 0.223900 10.514778
0.390237 0.042133 10.465177
1.132874 0.161839 10.949624
0.528679 -0.196683 11.302157
1.418625 0.221834 11.059662
1.371694 0.203103 11.226844
1.412511 0.054768 11.635303
1.107774 -0.065140 11.715481
1.470386 -0.112694 11.721398
1.470265 0.088491 11.720056
1.332162 0.018471 11.311273
1.406790 -0.000113 11.566449
1.368195 -0.390563 10.983298
1.070714 -0.001423 11.198640
0.747977 0.132871 11.117064
0.756394 -0.052166 10.267925
0.637894 0.244346 10.584307
0.148023 0.134759 10.414041
0.500380 -0.175222 10.016198
0.235362 0.011482 9.701078
0.104717 0.115732 9.856651
0.043917 -0.051741 10.105656
-0.180138 -0.117464 9.812197
0.175791 -0.299475 9.547941
-0.407546 0.006539 9.586339
-0.076910 0.132276 9.681691
0.046256 -0.059868 9.944423
0.095026 -0.138387 9.776270
0.208749 0.078675 9.530608
0.131124 -0.216922 10.092503
0.204820 0.057977 9.841447
-0.041806 0.135705 9.735844
0.047114 0.174387 9.697639
-0.123239 -0.238873 9.597105
-0.365679 0.145966 10.171783
0.285066 -0.325217 9.954971
0.284421 -0.091362 9.830289
-0.401579 0.053347 9.597288
0.039927 -0.312241 9.918572
0.204903 -0.156636 9.582615
-0.431205 -0.053283 9.693681
-0.310204 0.090604 9.720006
-0.215147 -0.110914 10.024261
0.120587 -0.026005 9.933821
-0.232182 0.006474 9.839464
-0.093967 0.087092 9.653913
0.123758 0.110372 9.255626
0.323969 -0.609527 9.801334
0.393687 -0.063457 9.768252
0.105204 0.205381 9.857634
0.709845 -0.011020 10.216916
0.542974 -0.203445 10.862708
0.986888 -0.343832 10.849818
0.843317 0.258702 10.894585
1.496894 -0.006659 11.145678
1.175928 -0.160324 11.303587
1.433057 -0.245583 11.259383
1.402271 -0.360571 11.630510
1.318179 -0.174243 12.210193
1.489489 0.049074 11.425662
1.283299 0.043061 11.490550
1.492996 -0.240539 11.501238
1.058838 0.032864 11.249967
0.961775 -0.047226 11.017727
0.937421 0.047678 10.912814
0.573506 0.159309 10.642296
0.422707 0.020938 10.794712
0.055880 0.153971 9.863301
0.232072 0.315017 10.159223
0.120033 -0.112090 9.930753
-0.028619 -0.157195 9.781083
0.039676 -0.153443 9.648744
-0.272049 0.078145 9.919065
0.046332 0.193034 9.827574
0.078402 0.060767 9.791692
-0.106164 0.442831 9.719610
-0.133176 0.086802 9.860371
-0.280958 0.224536 9.791161
-0.222186 0.237757 9.935135
-0.252908 0.355437 9.941759
-0.002039 0.318044 9.841860
-0.005617 -0.132060 9.926370
0.095321 0.002936 9.652003
0.025986 -0.013960 9.543305
-0.294362 0.113031 9.289622
0.041082 -0.095617 10.071649
-0.098694 0.131897 9.730617
0.022750 0.147367 9.717489
0.199311 -0.198740 9.868919
0.184528 0.132007 10.193289
-0.152688 -0.275830 9.611133
0.132089 0.099585 9.830451
-0.224591 0.153373 9.565059
0.231790 0.571488 9.883290
0.116622 -0.098572 9.447957
-0.120544 -0.218579 9.520599
0.366266 0.054573 9.914996
0.024104 -0.034574 10.117454
0.182150 0.106139 10.022288
0.255521 -0.281383 9.846385
0.431734 0.011299 10.198169
0.652703 0.010751 10.258262
0.657378 0.081453 11.007948
0.785219 0.031690 11.369086
1.331463 -0.019057 11.284469
1.185514 0.093564 11.597532
1.539973 0.026375 11.859209
1.497125 0.156938 11.955106
1.339095 -0.361629 12.118699
1.529538 -0.342897 11.638178
1.568467 -0.055935 11.593044
1.591559 -0.209457 11.398880
1.218326 0.078091 11.477333
1.198201 0.039716 11.262482
0.788561 0.012540 10.952044
0.702617 0.154508 10.800492
0.492890 -0.161825 10.468929
0.318348 0.038636 10.683240
0.083862 0.084458 10.275182
0.105508 0.467569 9.848936
0.086611 -0.159761 9.768753
0.049787 0.169261 9.873819
0.251823 -0.018993 9.743566
0.540797 0.078848 9.666104
-0.138853 -0.188536 9.997314
-0.072875 0.025472 9.797298
0.146298 -0.169349 9.594886
0.044859 0.120192 9.876506
-0.161891 0.135497 9.661228
-0.104308 -0.188791 10.070232
0.126684 0.120999 10.059442
0.562530 -0.341845 9.662325
-0.123235 -0.170164 9.594483
-0.059931 -0.243321 9.877008
0.010340 0.096206 9.911546
0.120601 -0.074682 10.234229
0.046886 -0.372497 9.609525
-0.348101 0.003467 9.785639
-0.093685 0.402185 9.919797
0.145220 -0.186215 9.610171
0.007361 0.034601 9.438738
-0.036061 0.002814 9.766970
-0.162678 -0.107907 9.774628
0.018160 0.120958 10.026171
-0.058870 -0.091231 9.897531
0.122169 -0.086840 9.968079
0.217711 0.258337 10.194722
-0.087375 0.002780 9.926800
0.169002 -0.129853 9.764377
0.342487 -0.153671 10.259134
0.325238 -0.219932 10.502255
0.689782 0.115856 11.126636
0.895860 0.097016 10.715024
0.758572 0.316566 10.979909
0.967260 -0.007820 11.360026
1.130882 -0.060995 11.804386
1.252893 -0.278734 11.883975
1.576666 -0.124104 11.464508
1.351075 -0.010941 12.043134
1.270890 -0.016904 11.915971
0.937839 0.206757 11.458966
1.377782 0.049337 11.775428
1.286233 -0.475458 11.221109
1.043595 -0.038996 11.260127
0.998276 0.121690 10.887682
0.290330 -0.091096 10.772737
0.265957 0.126255 10.637074
0.349325 -0.612756 9.986318
0.565855 -0.109308 9.664661
0.332957 0.002671 10.145532
0.077185 0.091712 9.911660
0.139498 0.455486 10.004201
-0.316068 0.089332 10.038296
0.240540 -0.085321 10.042989
0.185548 0.514503 9.660000
-0.101480 -0.061224 9.711956
-0.178004 -0.552535 9.723060
0.073872 -0.098644 10.197076
0.002675 0.258206 9.862284
0.165281 0.055848 10.083757
0.011188 0.099224 9.883267
-0.057657 0.080996 10.256877
-0.054079 0.083893 10.061556
0.228051 0.002343 9.333322
0.103341 -0.443895 10.103987
0.033895 0.199935 9.629578
-0.310501 0.052151 9.803279
-0.098308 0.016932 10.363487
0.166905 0.209900 9.978787
0.295892 -0.038014 9.399048
-0.037717 0.162347 9.616040
-0.035273 -0.138354 10.110406
0.149891 0.130308 9.934320
-0.007450 0.039511 9.572963
-0.437288 0.030016 9.874798
0.241853 0.314267 10.124000
-0.177811 -0.070453 9.935125
0.592289 0.296020 10.148423
0.111059 -0.176640 10.219271
0.103819 -0.047687 10.218980
0.802629 -0.070939 9.967545
0.760486 -0.139804 10.697990
0.823062 -0.054741 11.088605
0.709381 -0.103403 11.301412
1.053232 -0.321761 11.511776
1.536002 -0.008999 11.166342
1.555286 -0.331978 11.757216
1.300714 -0.231968 11.692560
1.463340 -0.128842 11.927741
1.388992 0.196038 11.837176
1.274581 -0.173188 11.365957
1.369530 -0.070918 11.084072
1.068906 -0.180207 11.693200
0.675398 -0.288270 11.386599
1.111755 -0.148997 10.804120
0.782845 -0.465420 10.317225
0.427900 0.309978 10.368249
0.344139 0.226758 10.663312
0.073247 -0.003367 10.425900
-0.218532 0.205516 9.720881
0.042288 -0.048524 9.647456
-0.196620 0.055283 10.009108
-0.025947 0.014023 9.924235
-0.194324 0.147939 9.973869
0.520725 -0.075221 9.718384
0.153793 0.163821 9.702983
-0.080633 0.108226 9.644483
-0.082107 0.017919 10.009188
-0.120920 -0.368477 9.426681
-0.251883 -0.262634 9.779078
-0.237776 -0.140551 9.655183
-0.088102 0.264501 9.942390
0.003226 -0.092205 9.723353
0.065549 0.116834 9.628476
0.007296 -0.406324 9.852343
0.152430 -0.056014 10.173305
-0.176248 0.043488 9.802835
-0.020060 -0.022864 9.831421
0.169592 0.275547 9.809550
0.163063 -0.140353 9.963191
-0.152398 0.218132 10.252128
-0.024417 -0.438509 9.700385
0.246375 0.110615 9.859783
0.201734 0.096891 10.053545
0.183885 0.304340 9.881759
0.181052 -0.061425 9.689708
0.363147 0.043241 10.000034
0.110656 -0.117303 9.926741
0.475816 0.111048 9.719195
0.280903 0.356459 10.199176
0.123951 0.378610 10.591874
0.645595 -0.074284 10.905934
0.732006 0.229651 11.038976
1.064890 0.029103 11.129611
1.385177 -0.173069 11.053680
1.434271 0.126248 11.654559
1.495638 -0.064108 11.852953
1.469095 -0.097423 11.718564
1.904128 -0.346995 11.909958
1.142384 -0.021647 11.694216
0.997086 0.077808 11.619448
0.891542 0.167914 11.845512
1.474073 0.071791 11.387276
1.281585 0.336477 11.391319
0.652095 0.040269 11.018440
0.297674 0.093872 11.144062
0.612034 0.294683 10.491978
0.309308 0.076254 10.078770
-0.004138 0.253261 10.335958
-0.112313 0.193600 9.907152
0.089755 0.092044 10.037928
0.016544 0.282032 9.871883
0.124837 -0.166653 10.241732
0.093965 0.142599 9.488363
-0.164540 0.247577 9.867378
-0.382756 0.207658 9.701243
0.282263 -0.017567 9.850941
0.235791 -0.179499 9.611431
-0.039300 0.165435 9.543825
-0.333607 0.164744 9.689404
-0.078445 -0.371362 9.674204
-0.001513 0.186076 9.655754
0.331475 -0.136911 9.673382
0.307472 0.042292 9.699595
-0.031027 0.270615 10.103241
-0.163359 -0.008487 9.828031
-0.197248 -0.011137 9.811065
0.228042 0.241485 9.744158
-0.042791 0.132858 9.692962
0.117728 -0.017581 9.616120
-0.191367 0.289412 9.778716
0.328071 -0.102727 9.868241
0.478535 -0.211477 9.430437
0.257318 -0.165362 9.805859
-0.117184 0.053633 9.619893
-0.035988 0.089963 9.608338
-0.118223 -0.069477 9.553295
0.001396 0.023759 9.844634
0.134342 -0.003980 9.930341
0.462164 0.287196 10.149059
0.581086 -0.047923 10.528493
0.972753 0.101732 10.334780
0.931202 0.246573 10.886217
1.215081 -0.138023 10.867497
1.204282 -0.351295 11.330111
1.568752 -0.381953 11.302611
1.207686 -0.012664 11.622313
1.758034 0.190870 11.879996
1.529126 0.078646 11.637604
1.649648 -0.222409 11.948017
1.651321 0.042173 11.660213
1.391445 -0.572304 11.618962
1.153378 -0.010126 11.519371
1.001000 -0.228041 11.136324
0.853914 0.022987 10.962921
0.867471 -0.217207 10.724603
0.742032 -0.346922 10.491324
0.206876 -0.074142 10.060974
0.154707 0.368251 9.808603
-0.148014 -0.260387 10.270028
-0.070674 -0.005128 9.758502
-0.188885 -0.047030 10.301649
0.278414 -0.170588 9.939515
-0.166305 -0.355274 10.013902
0.232019 0.209210 9.716027
-0.033355 0.149953 9.888299
-0.078727 -0.323814 9.832775
0.215802 -0.239518 9.937752
0.066308 0.150030 9.984395
-0.138893 -0.323392 9.703296
0.177825 -0.108401 9.671191
-0.364270 0.350530 9.975143
0.153979 0.193545 9.925342
-0.048866 -0.032753 9.724487
0.526948 0.111182 9.717240
0.093099 -0.202174 10.110901
-0.132214 0.100217 10.023196
0.076954 0.018894 9.812160
-0.011288 -0.115340 9.720103
0.295918 -0.021707 9.652841
-0.103260 0.220074 9.945121
0.112066 -0.051504 9.924672
-0.128712 -0.051923 10.003961
0.174856 -0.196382 9.638895
0.021740 0.345226 9.426887
0.055667 -0.275209 9.683134
-0.051092 -0.084102 9.732299
0.087349 -0.107051 9.632052
0.344591 0.150574 10.230124
0.015805 0.059784 10.377131
0.277806 0.001835 10.432142
1.028028 0.384899 10.356592
1.339188 -0.183045 11.126671
1.210053 -0.199138 11.263258
1.154542 0.110866 11.424199
1.550651 0.015080 11.524936
1.633305 0.116079 11.841819
1.345289 -0.209053 11.667397
1.375836 0.157240 12.005197
1.447180 0.286184 12.054636
1.462772 -0.164378 12.010531
1.299180 0.025233 11.490590
0.998090 -0.293728 11.504638
0.859273 0.611906 10.947390
0.588926 0.102028 11.236399
0.672515 0.114448 10.320754
0.348544 -0.214723 10.076386
0.347347 -0.448566 9.977496
0.081178 -0.166257 10.140771
0.147024 0.178760 10.075021
0.249956 -0.000384 9.899752
0.102303 0.028331 9.730561
-0.066489 -0.163512 9.894323
-0.018803 -0.132635 9.677551
-0.242080 0.195768 9.825724
-0.172560 0.161710 9.697910
-0.281300 0.204244 9.702581
-0.081780 0.008236 10.038518
0.004007 -0.239823 9.918775
-0.096998 0.377585 9.809776
-0.447007 0.071473 10.198920
0.315184 0.366191 9.606048
0.182430 -0.144399 9.854858
-0.254590 -0.128891 9.674751
0.179711 0.160144 9.865364
-0.270084 -0.062328 9.660777
0.173935 0.235637 10.021277
-0.151044 -0.547907 9.456608
0.284325 -0.080251 9.659855
0.328532 0.253032 9.814890
-0.058681 -0.026420 9.855433
0.320009 0.084493 9.955206
0.233854 -0.233935 9.960972
-0.058914 -0.503219 9.384366
-0.203624 0.106245 9.832760
0.036873 0.390189 9.556182
0.016307 0.060887 9.691804
0.091573 -0.319990 10.206525
0.052294 0.406280 10.054994
0.529562 -0.010661 10.235786
0.367240 0.023825 10.518995
0.502746 -0.025009 10.567444
1.300335 -0.017946 11.239583
0.976829 0.051858 10.900332
1.086634 0.042107 11.695266
1.355780 0.276744 11.686657
1.739572 -0.011808 12.173501
1.381127 -0.153292 11.538931
1.966205 0.163890 11.743176
1.728011 0.137538 12.174167
1.104525 -0.053072 11.602952
0.916647 0.212065 11.504431
1.323975 0.471954 11.307416
0.931723 0.023733 11.362054
0.727060 -0.126192 11.141975
0.735325 -0.408946 10.444385
0.784294 0.080386 10.302956
0.289870 0.002647 10.389082
-0.083036 -0.168190 10.116080
0.065941 0.114372 9.678642
0.093219 0.218317 9.936422
0.027822 -0.019177 9.643030
-0.014400 0.251941 9.786194
-0.177961 -0.098449 9.850170
-0.074703 0.097061 9.914569
0.177797 0.284712 10.009172
-0.186848 -0.180707 9.794846
-0.090235 -0.227665 9.721662
-0.094903 -0.134370 9.746842
0.235690 0.039848 10.304362
0.034102 -0.058013 9.810827
0.051298 0.087051 10.225342
-0.169064 0.171809 9.851550
-0.314220 0.154140 10.063525
-0.171435 -0.001787 9.464929
-0.251761 0.209606 9.716717
-0.221761 0.045892 9.705518
-0.094164 0.147865 9.577653
-0.181073 0.030816 10.003882
0.247632 -0.133012 9.997475
-0.156828 0.365242 9.583246
0.265696 -0.131297 10.212649
0.118264 -0.203203 9.705552
0.156236 0.210529 9.795857
0.008932 0.151671 9.836360
-0.258701 -0.162595 9.857024
0.264890 0.323196 9.994964
0.143366 0.149763 9.791194
0.157971 -0.164826 9.811741
0.390661 0.037103 10.379466
0.593269 0.048529 10.566718
0.651061 0.082578 10.544234
0.914344 0.133684 10.796600
1.026320 -0.124721 11.059304
0.951063 0.253155 11.591202
1.418870 0.394439 11.520662
2.020445 -0.045506 11.746495
1.398651 0.074465 11.948065
1.477217 0.355344 11.857830
1.532303 -0.181800 11.864642
1.387287 -0.121648 11.540161
1.845736 -0.052695 11.267114
1.036404 -0.010314 11.487398
1.126913 0.135323 11.035633
0.908491 -0.175212 10.806608
0.476056 -0.237678 10.902305
0.621769 0.195333 10.463258
0.479313 -0.352258 10.414553
0.224041 0.125422 10.137494
-0.111503 -0.299608 9.782133
0.134777 0.138018 9.565470
-0.196220 -0.144647 9.738539
-0.272410 -0.284410 9.645633
0.017251 -0.236119 9.786839
0.211711 -0.260356 9.768711
0.204951 -0.083654 9.695266
0.232699 -0.061240 10.030899
0.085793 -0.068569 9.905938
0.064090 0.204177 9.700331
0.008241 -0.012303 9.950830
-0.205036 0.203395 9.903266
-0.263385 0.241653 10.256819
0.200367 0.285397 9.827074
-0.332301 -0.368824 9.861016
-0.118396 -0.182915 9.797451
0.123117 -0.290552 9.720224
0.301974 -0.215058 9.983952
-0.096946 0.109159 10.029466
0.148256 0.181832 9.579681
0.222732 -0.170539 9.861908
0.051649 0.097025 9.877391
-0.168762 -0.269973 9.984470
0.037167 0.229875 9.801053
-0.281033 0.193226 9.735926
0.068401 -0.129492 10.138860
-0.175313 -0.067486 9.831490
-0.196643 0.066104 10.161440
-0.012184 0.079029 9.374657
0.180831 -0.062608 9.897790
0.540242 -0.065249 10.206440
0.408608 -0.383363 10.228998
0.851816 -0.421990 10.536200
0.760458 0.348724 11.084257
0.904520 0.260903 11.016502
1.377869 -0.271775 11.592716
1.230156 -0.205701 11.515082
1.469561 -0.098950 11.806247
1.361608 0.124074 11.869386
1.487815 -0.088276 11.840308
1.588257 0.412360 11.968826
1.609290 0.617702 11.798648
1.408312 0.140803 11.356718
1.087268 -0.101234 11.507588
0.981119 0.027645 11.382096
1.013033 -0.032344 10.796538
0.886652 0.154778 10.368212
0.421416 0.033103 10.611161
0.505972 0.056781 10.358985
0.201444 -0.134770 10.009236
0.089706 -0.006936 9.547429
-0.057703 0.011241 9.782784
-0.049365 0.097598 9.594209
-0.325608 -0.069634 9.962823
0.337511 0.156426 9.516347
-0.046473 0.051327 9.845518
0.107861 -0.183410 9.822989
0.084065 0.165134 9.648856
-0.069031 -0.540764 9.685708
-0.104883 -0.203917 9.843122
-0.011189 -0.451843 9.853102
-0.185665 0.097138 9.553630
0.006001 -0.056633 9.870620
0.024939 -0.051033 9.502746
-0.295442 -0.116777 9.808344
-0.121650 0.125042 9.754156
-0.193003 -0.055619 9.855172
0.064977 0.375676 9.676218
-0.014696 0.085225 9.805315
-0.100124 -0.309851 9.707833
-0.214740 -0.345321 9.650864
-0.209418 0.116757 9.930218
-0.180776 -0.052046 9.438351
-0.098868 0.079796 9.974988
-0.142609 0.210371 9.506862
-0.249526 0.141932 10.144224
0.098686 -0.008068 9.370963
-0.382696 0.025882 9.767446
-0.135259 0.013107 9.947570
0.377500 0.027320 10.307168
0.325550 -0.023067 10.454798
0.288358 0.562889 10.530447
0.735763 0.105019 11.064891
0.998904 -0.321011 11.211231
0.947774 0.021431 10.908754
1.281289 -0.130275 11.398099
1.254563 0.385003 11.954963
1.423395 0.012796 11.620767
1.699408 -0.065784 11.696674
1.695719 -0.107660 11.802449
1.161944 0.140838 12.169115
1.558337 0.292360 11.526236
1.358648 -0.188632 11.512958
1.330491 0.020364 11.095537
0.752948 -0.276233 11.262895
1.253181 0.272492 10.551340
0.943813 0.187280 10.380403
0.423406 0.219104 10.565482
0.062132 0.122148 9.814435
0.144053 0.227591 10.065168
-0.013880 0.177869 10.119494
0.283802 0.174868 10.055333
0.146582 0.053106 9.827902
-0.047452 -0.242474 9.618938
-0.056403 0.048290 10.098163
-0.008359 0.200695 10.025863
-0.046289 0.118938 9.761294
0.264427 0.127169 9.571903
0.032305 0.329622 9.773754
0.089543 0.109176 9.602675
0.102142 -0.278767 9.684875
0.215145 0.071351 9.749104
0.089292 -0.012018 9.812516
0.131364 -0.145474 9.818067
-0.062454 -0.317121 9.625909
0.313641 0.076945 9.545282
-0.308071 -0.022433 10.122237
-0.037352 0.261400 9.880386
0.094250 -0.267144 9.997505
-0.066986 0.172618 9.647166
0.035410 0.070401 9.779193
0.080909 -0.053279 9.680188
0.321097 0.209791 9.657827
0.113689 -0.148536 9.573063
0.206762 -0.340820 9.995371
-0.050544 -0.042309 9.891950
0.116240 -0.165269 9.953545
0.044468 -0.251211 9.805083
0.362164 0.335319 10.068014
-0.049452 0.098121 10.231661
0.469093 0.156991 10.314588
0.469564 -0.121673 10.075808
0.727526 0.037211 10.800978
0.572894 0.129003 11.341446
1.031644 -0.012333 11.226405
1.582516 -0.204730 11.418706
1.151452 -0.109401 11.548593
1.683557 0.360198 11.785084
1.402887 0.498548 11.695431
1.385773 -0.354989 12.089218
1.671855 0.483561 11.503037
1.705726 0.014027 11.856676
0.981828 0.293616 11.715814
1.168267 0.129023 11.224966
0.900066 -0.092689 10.794059
1.012754 0.238319 10.790268
0.729238 -0.053108 10.755118
0.358531 -0.176685 10.665810
0.311177 0.404422 10.251197
0.003401 0.245388 10.187649
0.231283 0.238120 9.793985
-0.003657 -0.034290 9.580909
-0.052718 0.267276 9.857468
-0.269212 -0.311168 10.142955
-0.018064 -0.129482 9.755202
-0.295462 0.284619 9.731389
0.273480 0.010330 10.095906
0.051339 0.170647 9.953819
0.124658 0.069587 9.763430
0.383087 -0.181387 9.810862
0.002977 0.080488 9.724105
0.062949 -0.033769 9.493609
0.001910 -0.220113 9.463123
0.027375 0.097577 9.915340
0.113434 -0.386518 9.537797
0.394704 -0.209442 9.932168
-0.137388 0.015935 9.683349
0.112308 0.027355 9.720342
-0.210034 0.053555 9.567456
0.085496 0.525297 10.080034
0.143670 -0.017121 9.422249
-0.264457 0.256559 9.652049
-0.139850 -0.033130 9.597591
-0.245354 -0.010095 9.631694
-0.148204 -0.156238 9.914472
-0.046425 -0.035714 9.929389
-0.028408 -0.055651 9.904090
0.155433 -0.029415 9.855180
-0.070450 -0.172137 10.078373
0.277605 0.091060 10.117660
0.333192 0.139282 10.428957
0.666292 -0.020156 10.732794
0.705290 0.126475 10.745881
0.889804 -0.147150 11.070807
1.585013 -0.074959 11.178804
1.086808 -0.097604 11.686955
1.176789 -0.094816 11.241012
1.262570 -0.341680 11.821817
2.038146 -0.073336 11.447590
1.680000 -0.145385 12.069869
1.421801 -0.126363 11.745350
1.565647 -0.045484 11.596111
1.271617 -0.254371 11.637917
0.818703 -0.088824 11.529942
1.076563 0.118064 11.151596
1.074352 0.184940 11.019765
0.845107 0.150085 10.601571
0.215267 0.084072 10.564613
0.542046 -0.187264 10.060649
0.280597 -0.014233 9.684337
0.160930 -0.370485 9.735493
0.292130 0.364976 9.595927
-0.065878 0.008525 10.166245
-0.098574 -0.095377 10.119745
-0.074958 0.144440 9.514571
-0.034247 -0.331919 9.598913
0.167840 -0.009981 9.746179
-0.149750 -0.044131 9.870223
0.196583 -0.525029 9.643648
0.031819 -0.019773 9.890675
0.053508 -0.060974 9.704629
-0.049100 0.229748 9.663598
-0.012561 0.036668 10.122070
-0.060062 0.191761 10.056396
-0.012751 -0.042144 9.744189
-0.051165 0.170848 9.856202
0.047058 -0.225045 9.616502
0.428689 -0.035565 9.655046
0.286220 0.056362 9.925631
-0.027609 -0.063735 9.776083
-0.276548 -0.017585 9.869207
0.370093 0.017200 9.343165
-0.018797 0.547901 9.983273
-0.162178 0.118221 9.661597
-0.270762 -0.069674 9.828305
-0.374431 -0.229832 9.812067
-0.081635 0.078962 9.567066
0.164616 -0.236752 10.167605
-0.257244 -0.218511 10.008018
0.521464 0.063009 10.174061
0.327459 -0.205280 10.143908
0.241664 -0.255742 10.535745
0.434962 0.063911 10.429099
0.899679 -0.097737 11.211860
1.080697 0.247157 11.013476
1.187277 -0.196217 11.295344
1.258962 -0.145172 11.315410
1.131389 -0.467950 11.484187
1.603705 -0.319700 11.507317
1.858180 -0.127299 11.874209
1.606670 0.132505 11.476479
1.367880 -0.323645 12.184720
0.992408 -0.209568 11.350391
0.876716 0.270519 11.862554
0.920804 -0.264085 10.717220
0.791581 -0.063273 10.800277
0.703873 0.079035 10.754080
0.420821 -0.220324 10.588562
0.326454 0.177672 10.399950
-0.095735 -0.286844 9.910381
-0.125345 0.151050 9.994806
0.241630 0.079297 9.880788
0.239946 0.093945 9.823620
0.296091 0.023036 9.749132
-0.167565 0.140605 10.057410
-0.010117 0.261583 9.415997
-0.011091 -0.008019 9.664601
0.476772 -0.013239 9.728454
0.005192 -0.400563 9.658026
0.196648 -0.125789 9.644225
0.261905 0.268051 9.913398
-0.091023 -0.047894 9.649170
-0.198955 -0.208883 9.686389
-0.206944 -0.312741 9.853881
0.046919 0.340159 9.676332
0.059220 0.062543 9.759232
0.148867 0.155046 9.875482
-0.051128 -0.071506 9.536449
-0.161184 -0.124402 9.585206
0.087985 0.239326 9.628388
0.056688 -0.206822 9.749016
-0.138066 0.120379 9.674242
0.202332 -0.049144 9.680079
-0.250661 0.050641 9.989044
0.054664 0.447766 10.095957
-0.061506 -0.063605 9.903939
-0.167604 0.233258 9.882320
0.073085 0.137391 10.183624
0.120099 -0.022608 10.226288
0.382127 -0.064196 10.062527
0.363028 0.072363 9.970615
0.175549 -0.177478 10.262447
0.530833 0.126942 10.655677
0.879681 -0.244861 10.838208
1.133405 0.118990 11.019690
1.208381 0.439770 11.374545
1.172746 -0.034752 11.576946
1.383858 -0.006271 11.406767
1.285680 -0.029867 11.747888
1.386762 -0.035403 11.822203
1.656089 -0.019842 11.860762
1.305772 0.114419 11.770602
1.484546 0.142692 11.676258
1.156365 0.048988 11.590767
0.885539 -0.125682 11.200891
0.923458 -0.164821 10.915584
0.640798 -0.443056 10.645545
0.452583 -0.032059 10.738578
0.080792 -0.164925 9.719496
0.092434 -0.079129 9.959494
0.307443 0.172124 9.940115
-0.052329 0.205238 9.835107
-0.163654 -0.343250 9.721737
0.150929 0.455308 9.822322
-0.153071 -0.236993 9.920391
-0.352923 0.110069 9.973542
0.087256 -0.043932 9.922988
0.034188 -0.155625 10.180082
-0.070336 0.155150 9.326277
0.255294 0.293753 9.815967
0.111754 0.111703 9.681443
0.109424 -0.161726 9.688249
0.225389 0.194932 9.668725
-0.146715 -0.129119 9.956528
-0.199997 0.071343 9.959369
-0.017649 0.202013 9.749138
-0.042771 -0.195449 10.013435
-0.153304 0.069954 9.795737
-0.210557 -0.121821 10.086574
0.040332 -0.201830 9.871066
-0.029223 0.690809 9.867025
-0.076125 0.284006 9.441793
0.018864 0.398886 9.786760
-0.346660 -0.079184 10.100904
0.075214 -0.167771 9.672951
-0.111940 0.072240 10.077639
0.210485 0.091202 9.543671
-0.243793 0.106650 9.569964
0.040795 0.060830 9.697025
-0.016236 -0.018824 10.162219
0.536255 0.121411 10.256667
0.334807 -0.214181 10.353220
0.741585 0.067325 10.269483
0.683267 0.240902 10.946380
0.732552 0.471164 11.158817
1.252915 0.079905 11.304546
1.165868 0.424335 11.759152
1.578479 0.115258 11.494793
1.733712 -0.168627 11.837599
1.172122 -0.408172 11.873658
1.316387 -0.397834 11.889064
1.838108 0.277912 11.643992
1.313152 0.177541 11.782936
1.107341 0.006836 11.438188
1.126729 -0.026615 11.140588
1.116369 0.241904 11.026019
1.003419 -0.077289 11.014058
0.592549 0.654205 10.216899
0.186082 0.083760 10.321382
0.578645 -0.133675 10.242473
0.318401 0.140930 9.732345
0.303345 0.245865 9.958975
0.040870 0.045222 9.794253
0.128157 0.006227 9.640295
-0.209718 -0.150407 9.854426
-0.005391 0.043069 9.910163
-0.125464 0.293132 9.756458
-0.086685 0.096477 9.442698
-0.158107 0.196215 9.462516
0.223515 0.302227 9.736109
0.058363 0.223817 9.716642
0.173555 -0.134230 9.714480
-0.159867 0.068529 10.041594
-0.036823 -0.254250 9.593459
0.078920 0.368823 9.888745
-0.077379 0.153237 9.762100
-0.075657 -0.191692 10.091690
-0.507842 0.159572 9.717251
-0.082068 0.338463 9.667174
-0.136014 -0.026079 9.892769
-0.088371 -0.314772 9.636860
0.256267 0.014955 9.900217
-0.052284 -0.131900 10.145514
-0.037638 -0.088674 10.029228
-0.144472 -0.118945 9.812049
0.000054 0.051922 10.228334
0.067250 -0.475611 9.875260
0.029370 0.008690 9.888248
0.080172 -0.010522 10.047153
0.080201 -0.189537 10.666246
0.180780 0.020029 9.942803
0.507340 -0.186645 10.366901
0.868610 0.094402 10.803145
0.486162 0.367379 10.692160
1.321666 0.204309 11.280071
1.005052 0.030318 11.283880
1.317191 -0.049974 11.150789
1.638449 -0.016221 11.598496
1.366141 0.071692 11.602191
1.048965 0.081426 11.913821
1.438280 -0.229581 11.798729
1.121186 -0.205446 11.545316
1.480171 -0.072522 11.468937
1.566987 0.070492 11.445864
0.942014 -0.119274 10.727324
1.034151 0.089662 10.894703
0.632152 0.147229 10.378521
0.366070 -0.227261 10.809697
0.499083 -0.440539 9.939183
0.162148 -0.094488 9.796613
0.474860 0.062508 10.019507
-0.116609 0.144455 9.762972
-0.056669 0.122200 9.484200
0.319406 0.036478 10.066189
-0.215084 -0.184633 9.577620
0.050060 0.013197 9.717118
-0.202814 -0.253319 9.800303
-0.093117 -0.137121 10.119418
-0.016465 0.254009 9.703350
0.048955 -0.011095 9.470476
0.285668 -0.027031 9.959284
-0.150406 -0.032969 9.636630
0.247200 0.062282 9.883411
0.271637 0.231268 9.963069
-0.284345 -0.139136 9.609222
0.145507 0.034130 9.531898
-0.037749 -0.298822 9.799369
-0.331075 0.105765 9.885593
0.381590 0.169575 9.725417
0.163614 -0.279533 9.617505
0.066629 -0.431650 9.802568
-0.204053 0.020261 9.594453
0.084850 0.003865 10.090073
0.001347 -0.153729 9.760623
-0.268847 0.081227 9.927970
0.493839 -0.124367 9.756441
-0.115152 0.042423 9.886338
0.011119 0.217265 9.715662
0.283143 0.107700 9.922138
0.125630 0.485334 9.898088
0.383538 -0.150044 10.599059
0.661412 -0.135670 10.557914
0.711137 -0.103325 10.841096
0.918264 0.043140 10.922153
1.102165 0.045878 11.176424
1.047845 0.338753 11.167981
1.396910 -0.064048 11.910420
1.233396 -0.147053 11.501492
1.542899 -0.274610 11.685236
1.069527 0.048084 11.709957
1.180595 0.217122 11.519408
1.573481 -0.140208 12.015770
1.461293 -0.201610 11.375094
1.297154 -0.052476 11.344196
1.270401 -0.149738 11.182864
1.031328 0.161823 10.898614
0.601816 -0.347763 10.478214
0.547718 -0.027576 10.470381
0.531802 -0.237465 10.194699
0.226359 -0.140832 10.347785
0.267625 0.058027 10.283390
-0.277985 -0.001545 9.912326
-0.182911 0.060143 9.588684
0.138111 0.211567 9.864467
-0.370560 -0.193359 9.922942
0.004240 -0.538801 10.058566
0.027331 -0.163815 10.008991
-0.135508 -0.137690 9.881671
0.356208 0.324717 9.881942
0.092477 0.158300 9.558603
0.128830 -0.146815 9.873696
-0.045494 0.100242 9.833621
-0.614606 0.035778 9.938431
0.089186 -0.020517 10.138432
0.062275 0.087535 10.018898
0.072519 -0.179604 9.322333
-0.095424 0.152189 9.739381
0.160236 0.029746 10.067613
-0.059043 0.093523 9.911177
0.300320 -0.341327 9.718318
0.169703 0.309179 9.858014
-0.058541 0.151424 9.983741
-0.071932 0.066061 10.046105
0.378092 0.148521 9.818828
-0.010815 0.111479 9.786865
0.037928 -0.211575 10.069411
-0.228037 -0.086422 9.829519
0.419991 -0.084537 9.705855
-0.024255 0.331779 9.362075
-0.011931 0.546258 10.179666
0.102754 -0.008384 10.255426
0.653271 0.367900 10.533105
0.551640 0.157417 10.549813
0.633735 -0.351982 10.617511
0.836665 -0.235558 11.227252
0.936168 -0.628733 11.169282
1.217011 -0.121090 11.862416
1.291384 0.176185 11.691660
1.469745 -0.167076 11.769185
1.346981 0.034005 11.762750
1.289281 0.198379 11.866310
1.324479 0.029099 11.678692
1.137865 0.014099 11.434308
0.987062 -0.324553 11.306343
1.129348 -0.138932 11.668747
1.017540 0.260866 11.089585
1.030170 -0.157400 10.177316
0.394821 0.111644 10.485699
0.379046 0.264182 10.318347
0.348400 -0.187913 9.842411
0.408731 0.020180 9.799898
-0.102485 -0.129825 9.697266
-0.256630 -0.300084 9.770999
-0.118585 0.221432 9.868615
0.053064 -0.148624 9.785794
0.072200 0.143239 9.791222
0.215825 0.001598 9.968569
-0.097970 -0.362518 9.863672
0.145065 0.115069 9.894437
-0.069717 -0.161349 9.920346
0.085289 -0.112180 10.031885
-0.176573 -0.116705 10.137285
0.173716 -0.071602 9.867476
0.030958 -0.549123 9.628705
-0.010169 -0.071322 9.859421
0.225896 -0.064307 9.598469
0.064970 -0.065325 9.778787
-0.058355 0.448368 9.361859
-0.077667 -0.000738 9.653772
0.179965 0.162652 9.800449
-0.054135 -0.022391 9.789043
-0.015675 -0.037600 9.860490
0.150642 -0.246052 9.599867
-0.349704 0.173279 9.860065
0.101054 -0.285900 10.166990
-0.121770 0.033641 9.980877
-0.197396 -0.109265 9.845834
0.593288 0.060225 10.160330
0.327043 0.073602 9.726705
0.400568 -0.299622 10.381664
0.363953 -0.530045 10.173834
0.614836 -0.047405 10.598396
0.489593 -0.261196 10.675174
0.846716 -0.069677 11.175995
0.845912 0.062633 11.178199
0.864705 -0.263806 11.380447
1.707623 0.115854 11.213384
0.791994 0.146611 11.676213
1.706460 -0.176144 11.850984
1.669235 -0.089493 11.724783
1.483259 0.108535 11.778075
1.608891 -0.092387 11.429777
1.706778 -0.120927 11.444822
1.162888 0.013436 11.300728
1.012467 -0.007952 11.199569
0.368905 0.376175 10.901079
0.775722 -0.275620 10.595263
0.349583 0.293945 10.338232
0.475567 -0.130084 10.151411
0.139507 0.256769 9.683519
-0.177225 -0.389461 9.707044
-0.140526 -0.322896 9.692229
-0.402943 -0.203598 10.050084
0.080718 0.037494 9.609444
-0.307217 -0.227831 9.801358
0.173635 0.180473 9.936122
-0.147511 0.004910 9.745731
-0.040238 0.407426 9.457600
-0.046935 0.242350 9.516822
-0.128749 -0.105808 9.765342
-0.319191 0.119057 9.943257
0.101675 -0.174075 9.827302
-0.179888 -0.066519 10.240694
0.019139 -0.237505 9.846067
-0.270359 -0.239802 9.601775
-0.088862 0.187394 9.925680
0.104599 -0.219785 9.701737
0.054400 -0.125664 9.754327
0.088272 -0.069755 9.855212
0.318546 -0.034372 10.045868
0.111874 -0.293448 9.589573
-0.166719 -0.170967 9.791942
0.122929 0.251032 9.871635
-0.089136 -0.416448 9.824118
0.005154 0.036586 10.231248
0.248119 0.157012 9.617585
-0.102599 -0.018969 9.654919
0.121887 0.071382 9.621397
0.325271 0.020462 9.578730
0.178348 0.056241 10.256048
0.256456 0.165588 10.279364
0.221035 -0.283033 10.679907
0.898794 0.064582 10.988605
1.051724 0.136726 10.748274
1.362239 0.107260 11.087437
1.042395 0.051357 11.043853
1.451318 -0.190714 11.632632
1.309768 -0.052884 11.544074
1.445960 0.377876 12.057954
1.570896 -0.005059 11.978840
1.704200 -0.165964 11.765454
1.049700 0.224620 12.108461
1.327400 -0.425002 11.680289
0.995231 -0.132670 11.503380
1.066864 -0.097622 11.034684
0.865570 -0.081893 10.708689
0.593085 0.067919 10.653843
0.201345 0.197813 9.907633
0.234678 -0.124040 10.271571
0.300949 0.225353 9.919008
0.203224 0.039164 9.582236
0.401902 -0.287755 9.922958
0.077992 0.055127 9.711085
0.165451 -0.312073 9.796834
-0.112775 -0.135460 9.895750
0.215496 -0.068651 9.966136
0.009948 -0.178546 9.758410
-0.059897 -0.139332 9.895697
0.046929 -0.318130 9.479695
0.084937 -0.163057 9.870408
0.156186 -0.254191 9.527693
0.334886 0.070314 9.726152
-0.186788 -0.102088 9.571886
0.176682 -0.155350 10.028707
-0.080126 -0.208670 9.724740
-0.524833 -0.024154 9.775976
0.164949 -0.377261 10.042373
0.164120 0.250409 9.799456
0.202779 -0.294249 9.952610
-0.154233 -0.330280 9.585172
0.001106 -0.164860 9.885215
-0.361648 -0.425420 10.084477
0.180760 -0.209859 9.809400
0.203901 0.083840 9.839645
0.219031 -0.146142 9.816236
-0.003570 -0.054552 9.732039
0.014574 0.006881 9.600314
0.182153 -0.195277 9.795411
0.026852 0.071621 9.500723
0.366799 -0.135398 10.305482
0.228318 -0.009769 10.624692
0.428579 0.247770 10.463204
0.742681 0.013992 10.859034
0.703296 -0.196810 10.802821
1.035896 -0.044164 11.306660
1.436995 -0.195168 11.231275
1.024135 0.406075 11.619445
1.510052 -0.268042 11.695222
1.580056 -0.050552 11.996083
1.962366 -0.189413 11.605583
1.302655 0.321240 11.989413
1.386986 0.007312 11.532147
1.489388 -0.075980 11.506495
1.297807 -0.037599 11.331072
1.018069 0.159071 11.493904
0.957500 0.160663 10.890566
0.518038 0.130797 10.723711
0.199521 -0.065614 10.438816
0.221860 0.296347 10.337903
0.463252 0.052685 10.077767
-0.101412 0.002386 9.927155
-0.251629 -0.107905 9.774402
0.082696 0.092270 9.693736
0.093774 -0.036416 9.236076
-0.096940 0.215798 9.473639
0.022538 0.317052 9.657877
0.000430 -0.260803 10.135446
-0.016667 0.009325 10.080860
0.132296 -0.175126 9.680544
0.098986 -0.124824 9.386551
-0.010648 -0.296043 10.133256
0.035358 -0.181035 9.670274
-0.377880 -0.219892 10.013265
0.446357 0.145279 9.791591
-0.086392 -0.191299 10.221953
-0.037750 0.423126 10.088704
-0.348159 -0.133190 9.676191
-0.015969 -0.012063 10.409248
-0.215446 0.045794 9.933302
-0.000314 0.022036 9.601038
0.021297 0.102280 9.875520
0.114040 0.282522 9.997393
0.014259 -0.234352 9.689999
-0.043926 0.050469 9.714333
-0.187147 -0.237640 9.479764
-0.046990 -0.293933 9.609895
-0.078780 -0.267183 9.885950
0.169838 -0.109885 9.751653
0.193394 -0.142799 9.767997
0.427917 0.176838 10.181799
0.509080 -0.395456 10.512702
0.562459 0.202156 10.532827
0.669382 -0.055062 10.762892
0.778053 0.173575 10.613245
0.907638 0.408965 11.039389
1.128312 -0.176516 11.445234
1.164130 -0.037122 11.728284
1.274339 0.157722 11.859902
1.689198 0.028108 12.429194
1.710907 0.064976 11.634815
1.458795 0.285265 12.122849
1.709758 0.157038 11.444324
1.408815 -0.248280 11.261017
1.223880 0.104640 11.558740
1.115381 0.106317 10.967674
0.819407 -0.301423 10.529863
0.807726 -0.150625 10.863963
0.705716 -0.123863 10.573457
0.191720 -0.369176 10.266597
0.094442 -0.088018 10.456558
-0.219263 0.076574 9.725583
0.203446 0.059686 9.914927
-0.188978 -0.153118 9.995450
0.354160 0.096062 9.630516
0.067788 0.485494 9.830485
0.292368 -0.148066 9.801583
0.123913 0.079466 9.656722
-0.161903 0.197657 10.048310
0.302429 0.360786 9.836924
-0.062240 0.270198 9.952614
-0.196491 -0.206727 9.908386
-0.035455 -0.005286 10.024507
0.151807 0.265975 9.423693
0.050680 0.138938 9.504683
-0.130979 -0.168097 9.814340
0.325571 0.404518 9.647142
0.105311 0.111760 9.887525
0.079796 0.060749 10.147514
0.220493 -0.212031 9.969144
0.178475 0.062993 10.036285
0.037615 0.040094 9.834248
-0.403649 -0.016080 9.676350
-0.237290 0.286804 9.910842
-0.005966 -0.112961 9.869234
0.198287 -0.165393 9.809034
0.173613 -0.387200 9.798486
-0.085858 -0.026766 9.709674
0.049319 0.384725 9.774274
0.144250 0.398949 9.814541
0.551552 0.001065 10.417868
0.473992 0.061422 10.228809
0.359238 0.015158 10.634867
0.656975 -0.063325 10.639307
1.038898 0.245032 10.797107
0.882236 0.075872 11.470111
1.405247 -0.250370 11.325250
1.125262 -0.053503 11.879393
1.129572 -0.323773 11.529745
1.535668 0.124151 11.868432
1.735137 -0.352617 12.047667
1.415787 0.146299 11.516257
1.415083 0.047254 11.926606
0.994332 0.006151 11.341464
1.277148 0.155443 11.635499
0.908948 0.185445 11.436785
0.511753 0.122469 11.122239
0.607852 -0.242155 10.878054
0.244145 -0.035670 10.447370
0.467059 -0.125326 10.105019
0.208400 0.201278 10.518979
-0.215588 0.063068 9.707237
0.225556 -0.187709 9.704129
-0.117854 -0.015240 9.874640
0.096740 -0.001154 9.544022
0.145557 -0.010592 10.042347
-0.141548 -0.320455 9.803195
0.259191 0.032188 9.770066
-0.174069 0.351553 9.604079
-0.145079 0.114007 9.438796
0.254918 0.124839 9.989846
0.111623 -0.032225 9.597370
-0.028015 -0.195047 9.907231
0.161356 0.295362 9.884354
0.184915 -0.059429 9.714345
0.094734 -0.077295 9.863837
-0.212238 -0.176326 9.937082
0.177338 -0.197131 9.944123
-0.106547 0.003301 10.093389
0.161497 0.159174 10.191758
-0.140776 -0.197175 9.665576
-0.050900 -0.470910 9.768514
-0.108914 0.156752 9.880484
-0.120139 0.117992 9.954653
-0.153709 -0.098605 9.364927
-0.218132 -0.148494 9.824833
-0.189077 -0.102690 9.564934
0.034223 0.085143 9.890473
0.024266 -0.308215 9.715067
0.004447 -0.080659 9.939540
0.473725 0.162419 9.863986
0.459632 0.128060 10.080722
0.653820 -0.032075 10.173404
0.750638 0.043392 10.643928
0.832912 -0.143817 11.052563
1.007264 0.033290 11.236033
0.945131 -0.178857 10.936076
1.424332 -0.242442 11.585025
1.488290 0.120471 11.454653
1.465174 0.334056 12.123805
1.697465 0.067499 11.608979
1.621931 -0.031604 11.893047
1.287523 -0.034587 11.728285
1.360639 0.098745 11.442672
0.907392 0.324957 11.875916
1.105438 -0.264798 11.009966
0.942226 0.268223 10.687959
0.634731 0.039186 10.862379
0.415326 -0.312763 10.579635
0.548911 -0.016518 10.322983
0.093719 -0.169155 10.266774
0.163407 0.098074 10.224967
-0.189175 -0.110405 9.870645
-0.112863 0.156627 9.772520
-0.198507 0.013154 9.844068
0.186936 0.078628 9.902229
0.064058 -0.037645 9.666756
0.057768 -0.066625 10.147965
0.268436 0.126568 9.885693
-0.017592 -0.252225 9.766766
0.020280 0.045891 9.903907
0.184266 -0.138431 9.673385
0.290171 0.154196 9.731846
-0.021442 -0.020543 9.816315
0.094537 0.506999 9.847951
0.132520 -0.337295 9.713020
0.245763 0.080463 8.932177
0.134805 0.383633 9.410818
0.303878 -0.554391 9.997600
-0.001730 -0.469994 9.899228
0.230168 0.072777 9.926966
-0.082335 -0.372278 9.948373
0.349951 0.225916 9.412425
-0.302979 -0.169194 9.491405
0.008838 0.078683 9.523949
0.155426 0.120221 9.700368
-0.034504 -0.389960 9.743548
0.001477 0.033750 9.885775
0.070642 -0.052869 9.896297
0.286314 -0.019100 9.988063
0.151383 -0.129352 10.166065
0.212906 0.077229 10.247586
0.423259 -0.065629 10.353771
0.330437 0.076579 10.735773
1.010337 -0.106291 11.309613
0.940006 -0.175022 10.965868
0.829264 0.306526 11.652278
1.431532 -0.179218 11.920764
1.343748 -0.053805 11.982908
1.609988 0.440221 11.830686
1.420594 -0.122361 11.440601
1.422487 0.228919 11.900709
1.418154 -0.198987 11.740831
1.513946 0.086144 11.591858
1.016657 0.173436 10.751684
1.092523 0.514064 10.862930
0.792129 -0.001582 10.838020
0.866872 0.094490 10.719923
0.643501 0.003350 11.091368
0.354221 0.039056 9.899842
0.079927 0.229476 9.794398
-0.345603 0.006463 10.198693
0.030270 -0.067225 9.467361
0.090451 0.132255 9.453654
0.226906 0.153139 10.036463
0.116705 0.130737 9.914144
0.173694 -0.363752 9.509788
-0.147202 -0.025964 9.887627
0.064936 0.223421 10.039699
-0.174477 0.047715 9.640434
-0.037649 0.064358 9.128258
0.482249 0.113282 9.690859
0.385474 -0.069486 9.836504
-0.097423 0.330398 9.789003
0.029897 0.240756 9.927028
-0.010870 0.222078 10.317697
0.063482 0.023352 9.844125
0.262086 -0.119840 9.754336
-0.307489 -0.236774 9.706440
-0.011187 0.353817 9.917199
-0.182416 -0.145596 10.084950
0.225322 0.005630 9.721495
0.224987 -0.198665 9.888406
0.454532 0.041071 9.654878
0.082074 -0.094002 9.531177
0.140207 0.223567 9.747819
-0.075447 -0.192313 9.780013
-0.112474 -0.202207 10.188434
0.115092 0.114479 10.015738
0.240115 -0.082622 9.979054
0.134811 0.087693 10.129827
0.247419 -0.265860 10.271183
0.443192 -0.378074 10.556927
0.852666 0.505671 10.611224
0.732660 -0.221884 10.972265
1.056417 -0.162259 11.129619
0.780315 0.185275 11.223929
1.304452 -0.285339 11.442040
1.358174 -0.002258 11.791403
1.766021 0.146542 11.973375
1.789221 0.113942 11.802659
1.680029 0.214602 11.910655
1.123166 -0.168292 11.640485
1.467307 -0.004269 11.785884
1.439096 0.239834 11.619173
0.808555 0.096527 11.043099
0.510589 -0.057494 11.195484
0.751746 0.403562 10.724909
0.973607 0.035504 10.459891
0.068073 0.222113 10.141510
0.059207 0.256246 10.293134
0.312318 -0.072438 9.914349
0.009823 0.156504 10.149771
0.073629 0.394978 9.989439
-0.046960 0.165742 10.151188
0.399658 0.237378 9.815135
-0.043339 0.115214 10.144795
0.086754 0.090906 9.820280
-0.065578 -0.032427 9.837085
0.343620 -0.047943 9.820522
-0.173076 0.143326 10.083336
0.324900 0.040673 9.924871
-0.030710 0.105604 9.872793
0.011653 0.027551 9.900384
-0.058830 -0.048499 10.151472
0.542109 -0.240873 9.558106
-0.191431 -0.020658 9.989156
0.118251 0.034406 9.915787
-0.138417 -0.048825 9.805981
-0.316843 -0.232262 9.585687
0.152822 0.049071 9.932212
-0.367931 -0.296713 9.942643
-0.555734 0.244926 9.445337
0.168669 -0.177717 10.019781
0.641632 -0.454636 9.949075
-0.361633 0.085354 9.768646
0.025956 -0.182337 9.966108
-0.289672 0.248327 9.728150
-0.258744 0.318987 9.825590
0.467435 0.244271 9.764915
0.171619 0.024208 10.366750
0.411455 0.035259 10.201959
0.473935 0.260918 10.456136
0.580598 -0.112901 10.578710
0.559983 -0.150075 11.230221
0.974634 0.140882 10.668854
1.289711 -0.032271 11.281777
1.347575 -0.099165 11.133736
1.598542 0.048604 11.632668
1.284969 -0.293972 11.825720
1.822688 0.040633 11.533448
1.523230 -0.010669 11.953751
1.535439 -0.597165 11.804504
1.110687 -0.284346 11.520816
1.258243 -0.328147 11.518980
1.168621 0.009395 10.991080
0.644527 0.205186 10.628292
0.872492 -0.033040 10.670296
0.142429 -0.029343 10.578112
0.056669 0.099727 10.259738
0.059866 0.170935 9.621038
0.155244 0.323887 10.212533
0.099755 -0.060336 9.711898
-0.060585 0.108761 9.648551
0.151485 0.426632 9.797623
-0.268879 -0.268949 9.965313
-0.011949 0.175366 9.703273
0.166125 -0.031660 9.663499
-0.080200 -0.239411 10.207872
-0.019276 0.128903 9.702626
-0.210386 -0.046776 10.030239
-0.104146 -0.174106 9.841093
0.099805 0.328570 9.880750
0.128799 0.143855 9.579397
-0.192666 -0.216779 9.543571
0.159092 0.058010 9.825899
-0.518543 0.411095 9.631146
0.410363 -0.289848 9.647520
-0.440570 0.072425 9.589749
-0.214600 -0.274503 9.965471
0.142293 0.362407 9.672859
0.043764 -0.257867 9.742992
-0.103769 0.092890 10.013404
0.198213 -0.168562 10.009694
-0.008817 -0.064919 9.668298
-0.111987 0.348463 9.871482
0.034922 -0.052449 10.299196
0.261002 -0.144212 9.755277
-0.042849 0.029174 9.669755
0.087763 0.290418 9.547274
-0.225629 -0.096632 9.722641
0.399693 0.200342 9.998864
-0.052873 -0.057263 9.519659
0.156348 0.098211 10.067199
-0.042166 -0.028356 9.844009
0.178380 -0.294043 9.957211
-0.004099 -0.211727 9.393079
-0.027295 0.289543 10.144937
0.071075 0.392401 9.801412
0.190661 -0.090246 9.707080
-0.135502 -0.412106 10.067418
-0.128326 -0.160288 9.574006
-0.040872 0.352698 10.228756
-0.332173 -0.070890 9.603128
0.197668 0.057319 9.682686
0.014515 -0.095484 10.132849
0.109392 0.133965 9.276617
-0.013358 0.416642 10.075226
-0.369418 -0.062685 9.569696
0.342220 0.048856 9.656441
0.006832 -0.521473 9.593008
0.007289 0.169135 9.421737
-0.076231 0.201937 9.519709
0.057980 0.021172 10.174670
0.001841 -0.002876 10.066900
-0.160171 0.024860 9.907472
0.152725 0.288252 10.244784
0.119977 0.204508 10.592135
0.201258 0.270456 10.430965
0.455675 -0.018531 10.932555
0.411224 0.577069 10.701678
0.530199 0.673076 11.184825
0.772442 0.632216 11.063673
0.786265 0.385254 11.404905
0.684981 0.838077 11.225040
0.839909 0.700768 11.314773
0.764082 0.535041 11.466970
0.655369 0.492332 11.226149
0.903626 0.460017 11.483043
0.623992 0.382915 10.951842
0.302766 0.164509 10.719820
0.695442 0.300975 10.553474
0.612838 0.551658 10.720674
0.099095 0.078119 10.656794
0.228735 0.065046 10.277621
0.306558 -0.045253 10.042505
0.233180 -0.200614 9.898377
-0.210734 -0.188739 9.719174
0.095424 -0.064405 9.680316
0.010311 -0.229393 9.895761
0.226277 -0.015841 9.769470
0.074688 -0.405694 9.917363
0.620377 -0.024535 9.786175
0.148721 0.329067 10.004994
-0.431121 0.112680 10.324386
0.124488 -0.230920 9.866366
-0.256137 0.246561 9.618823
0.014849 -0.171556 9.700710
0.297230 0.020691 9.698160
-0.229046 -0.374340 9.559744
0.022392 0.196047 9.697930
0.314109 -0.143500 9.762398
-0.215915 0.198152 10.229502
-0.352363 -0.069232 10.062956
-0.289389 0.113337 10.054294
0.015646 0.110053 10.162180
0.389685 -0.012393 9.703524
-0.183996 0.195393 9.535645
-0.050515 0.020538 9.709399
0.055964 0.512903 9.785680
-0.087081 0.203066 9.857917
0.287867 0.032938 9.760315
-0.356745 -0.323947 9.442860
0.075868 -0.272450 10.061115
0.006049 -0.048837 9.641229
0.124452 -0.160900 9.612924
0.237670 0.070924 9.763014
0.128287 0.001786 9.886603
-0.163370 0.414080 9.694076
0.311203 -0.037774 9.971419
0.146845 0.229370 9.641875
0.215127 0.369288 9.758261
0.006941 -0.104689 9.740713
0.342285 -0.200847 9.621576
0.322180 0.124910 10.234074
-0.090088 0.025256 9.677865
0.028660 -0.354819 9.946991
0.064695 -0.011511 9.731927
-0.178951 0.145543 9.575782
0.102379 0.414890 10.107104
-0.301026 -0.107348 9.894290
-0.014056 -0.279881 9.887063
-0.002003 0.382865 9.759354
0.233601 -0.253418 9.604398
0.144332 0.216746 9.618521
0.004815 -0.276316 9.773756
0.167385 -0.086992 9.760193
-0.225959 -0.129672 10.161622
0.020250 -0.187083 9.768839
-0.297154 -0.150093 10.167976
0.020535 0.493937 9.979547
0.077016 0.327052 9.599434
0.166817 0.287357 10.591254
0.364399 0.178187 10.718025
0.166001 0.335030 10.689823
0.223545 0.931384 10.894078
0.346848 0.902102 11.204623
0.497617 1.088947 11.243120
0.401126 1.115941 11.205913
0.390912 1.251782 11.612591
0.388293 0.830135 11.602635
0.544346 0.970583 11.223832
0.433935 0.863765 11.091224
0.366705 0.858139 11.046304
0.486481 0.979739 11.180028
0.208849 0.774855 10.841546
-0.028685 0.650466 10.679629
0.690173 0.696379 10.611828
0.175663 0.329899 10.093308
-0.263586 0.024361 10.124408
-0.372077 0.006927 9.949094
-0.020753 -0.079606 9.827605
0.350444 0.145808 9.719733
-0.013670 -0.005663 9.656409
-0.153826 0.202105 9.726043
-0.218939 -0.008628 9.833602
-0.394541 -0.008149 9.983596
0.090246 0.445959 10.060222
0.289787 0.560017 9.961631
0.032614 0.194748 9.698153
0.021537 -0.129546 9.889597
-0.130382 -0.137386 9.892695
-0.027542 -0.385504 9.518889
-0.229453 -0.176594 9.892885
0.043788 0.213056 9.960560
0.214381 0.121679 9.851936
0.219870 0.183883 9.885219
0.254214 -0.469158 9.751907
-0.061158 0.230537 10.124279
-0.290036 0.282233 9.575711
-0.228243 -0.046857 9.746359
-0.311683 0.129976 9.945880
0.210808 -0.086691 9.802083
-0.006085 0.337599 9.243151
-0.191389 0.001108 9.592886
-0.051664 -0.025215 9.678463
0.012894 0.125630 9.762747
-0.090639 -0.033153 9.808513
-0.348064 0.092311 9.719800
0.252307 0.118211 10.044013
-0.202201 -0.052484 9.590566
-0.141038 0.336329 10.222042
-0.229627 0.096961 10.046250
0.117121 -0.028011 9.921335
0.097925 0.094239 10.366036
0.032418 0.742731 10.661120
-0.073151 1.009317 10.987578
-0.129403 1.023498 11.241239
0.343647 1.333313 11.620976
-0.122121 1.206546 11.511435
-0.028715 1.212487 11.948643
0.176670 1.417071 2.099284
0.044580 1.643966 11.541139
-0.029132 1.466599 11.905670
-0.125688 0.914106 11.479116
-0.012210 1.324160 11.895260
0.116549 1.192355 11.371586
0.220837 0.897932 11.136548
-0.217852 1.124184 11.009036
-0.141505 0.636706 10.791393
-0.050144 0.377152 10.324540
0.067792 0.252341 10.151184
-0.267212 0.204145 10.025245
-0.064330 0.125662 10.074144
0.140313 0.132339 9.790924
-0.113400 -0.208783 9.691369
0.003930 -0.157257 9.829211
-0.193091 -0.332198 9.973881
-0.094883 -0.167407 9.591231
0.084607 0.274982 9.729385
-0.043113 0.214326 9.447911
0.393374 0.488820 9.268732
-0.019501 -0.143789 9.757046
-0.083677 0.162352 9.787486
-0.182181 -0.034437 9.912957
-0.236744 -0.329247 10.208549
-0.128485 -0.027471 9.730441
0.109618 0.354558 9.925987
-0.303673 -0.276825 9.730207
-0.053647 -0.344390 9.973868
-0.217264 0.298660 10.174127
-0.049651 0.087795 9.563611
0.124735 -0.099638 9.592553
-0.057867 -0.093150 9.744968
0.189936 -0.157062 10.157005
-0.265012 0.323086 9.606698
-0.000203 -0.098039 9.741254
0.160271 0.299965 10.048105
-0.080971 0.036851 9.653584
-0.198310 -0.229260 9.722485
0.049921 -0.360569 9.829787
0.303205 0.310290 9.807507
-0.279375 0.280583 9.598004
0.222031 0.281234 10.608195
-0.345393 0.667676 10.435293
-0.066210 0.385629 10.808613
0.135227 1.197428 11.132147
-0.118779 0.815181 10.890907
0.294645 1.020414 11.674111
0.105014 1.377364 11.497137
0.132135 1.410998 11.621613
0.139201 1.449412 11.621275
0.119965 1.487203 11.907782
-0.090772 1.236382 12.127957
0.309322 1.590849 11.617894
-0.060064 1.587849 11.487745
-0.126511 1.550495 11.368529
0.353685 0.736275 11.268242
0.414217 0.846353 10.877736
-0.233550 0.876066 10.535438
-0.018962 0.237146 10.766774
0.230977 0.317634 10.011105
0.307181 0.115431 9.840448
-0.352424 -0.043285 9.633616
-0.124564 0.170675 9.763978
0.071139 -0.144667 9.823034
0.384180 -0.069697 9.886886
-0.313105 0.304021 9.714559
0.210107 -0.024636 9.932316
0.134202 -0.090488 10.028381
-0.151797 0.155587 9.731959
0.069912 -0.092399 9.819995
-0.214939 0.049511 9.818838
-0.108031 -0.011006 9.836801
-0.123271 -0.025752 9.608890
0.469147 0.211824 9.864619
0.234423 -0.395850 9.298464
-0.079858 -0.275713 9.762679
0.041131 0.184083 9.582347
0.079926 0.002878 9.879502
-0.103954 0.276627 9.789298
0.354836 -0.158078 9.958565
-0.011934 -0.065548 9.936463
-0.059835 -0.532393 9.197426
0.254484 0.246052 10.187468
-0.003506 -0.258527 9.726083
0.002285 -0.201408 10.139715
0.447901 0.095656 9.807827
-0.258993 0.309287 9.825261
-0.057833 0.096235 9.692858
0.029375 -0.266700 10.056476
-0.020882 0.317668 9.884317
-0.027240 -0.053847 10.213441
-0.175168 0.226667 10.242145
0.024245 0.142827 10.409234
0.159046 0.583930 10.644517
0.032481 0.815210 10.724434
-0.007269 1.214768 10.954370
-0.074896 0.899722 11.566341
-0.018472 1.141343 11.576964
-0.240720 1.207393 11.403429
-0.213356 1.749674 11.634318
0.093245 1.332740 11.961907
-0.205216 1.486052 11.791512
0.465561 1.540177 11.576875
0.137010 1.739018 11.232584
-0.168496 1.128669 11.294647
-0.066551 0.755107 11.445396
-0.284522 0.800360 11.139703
-0.006037 0.463719 10.419728
-0.046000 0.332640 10.496441
-0.280290 0.486559 10.265045
0.037967 0.476832 9.973930
-0.145163 -0.023645 9.886039
-0.018193 -0.144346 9.434441
-0.112186 0.071965 9.837252
0.239911 0.391097 9.961867
0.276504 0.153355 10.151980
0.370171 0.190233 9.951276
-0.041046 -0.008267 9.742433
0.124250 -0.144070 9.771779
-0.471034 0.344618 9.765905
0.091116 0.291557 9.870059
0.288869 -0.248348 10.289475
0.217422 0.041840 10.095016
-0.233727 -0.057723 10.098850
-0.373412 0.112092 9.916435
0.393845 -0.316591 10.131926
-0.111894 -0.089402 9.565599
-0.217570 0.080704 9.587534
0.148057 -0.132593 9.567393
-0.105562 0.067341 9.754529
0.006842 0.139241 10.026484
-0.062019 -0.208844 9.825219
0.094130 -0.292145 9.631878
-0.143837 -0.041564 9.657793
0.141408 -0.321027 9.494056
-0.066778 -0.035131 9.519071
-0.121350 -0.080209 9.731340
0.030376 -0.132316 10.105567
0.097641 -0.139629 9.857960
0.024803 0.328852 9.804467
0.153468 0.196988 10.359803
0.258178 0.363347 10.189479
0.101321 0.447956 10.791457
0.015694 0.578469 10.597540
-0.242607 0.951714 10.766534
0.219630 0.757367 11.190053
0.230045 0.745599 11.781718
-0.085057 1.339602 11.672801
0.145226 1.468869 11.894933
0.103814 1.830383 11.885407
0.392927 1.680216 11.448850
0.522221 1.363338 12.080051
0.005359 1.626310 11.557760
0.125149 1.260745 11.874311
0.087734 1.363237 10.945249
-0.017115 1.098064 11.209328
0.192231 0.767222 10.940294
0.236245 0.203860 10.807333
-0.066777 0.301583 10.522704
0.245490 0.531780 10.214913
0.175148 0.362231 10.044015
-0.138616 -0.041139 10.092115
-0.008429 -0.187443 9.502086
0.166366 -0.109356 9.876078
0.247941 -0.261785 9.800973
-0.034139 0.075949 10.057832
-0.265890 0.113960 10.016305
-0.037275 -0.027489 9.893690
0.068963 0.116471 9.922256
-0.196394 0.198053 10.043357
0.037217 -0.298831 9.787051
0.038881 -0.228920 9.737972
-0.281874 0.121458 9.843191
-0.329157 0.070293 9.798698
0.103283 -0.078306 9.649704
-0.154169 -0.107634 9.813765
0.029592 -0.038144 9.725336
-0.070281 0.501545 9.655855
-0.111594 0.658771 9.894203
-0.275996 0.168537 9.627992
0.181812 -0.042192 9.722041
0.321833 0.113280 10.004598
0.086984 -0.088889 9.932271
0.241843 0.026948 10.170329
0.170097 0.042397 9.860297
0.027447 -0.250248 9.791986
0.044237 -0.083217 9.877535
0.004261 0.154738 9.942622
0.033431 -0.251649 10.197203
-0.028378 0.069731 9.856040
-0.097682 0.497429 10.338698
0.088879 0.302451 10.365759
0.014759 0.446002 10.523016
-0.088232 0.710050 10.730308
0.120587 0.716575 11.072564
-0.181262 0.901440 11.058820
-0.214410 1.379181 11.184254
-0.139783 1.562465 11.444394
-0.037629 1.211686 11.862046
0.169347 1.625996 11.888448
0.014718 1.395125 11.647006
0.257981 1.631167 11.642281
0.007966 1.354069 11.469814
0.035530 1.228285 11.368003
-0.295827 0.863288 11.303780
-0.017019 0.840894 11.294753
-0.013109 0.955780 10.893955
-0.157424 0.682421 10.436928
0.107888 0.296616 10.639042
-0.067691 0.536458 10.017411
-0.135554 0.264804 10.295589
0.333322 0.094181 10.292093
-0.057933 0.241547 9.650622
0.084040 -0.468339 9.585682
0.093335 -0.262488 9.895390
0.181292 -0.100264 9.616209
-0.094837 -0.193162 9.789757
0.020418 -0.061202 10.144872
-0.143881 0.278287 9.601752
0.014556 0.236621 10.036271
-0.084052 0.111014 9.894236
-0.107988 0.123190 10.182498
0.094340 0.113271 9.944431
-0.292195 0.092045 9.606648
-0.117977 0.432388 9.759348
-0.148035 0.230517 9.620465
-0.089484 0.249810 9.818554
-0.312319 0.108798 9.730707
0.307970 -0.121237 10.020245
0.355140 -0.170189 9.771357
0.077725 -0.171469 9.864059
-0.044984 -0.049014 9.819788
0.014253 0.032776 9.690235
-0.111034 -0.023718 9.801048
-0.087770 0.064788 9.447048
-0.146093 -0.055986 9.638777
0.325840 0.003772 9.845354
-0.096646 -0.003156 9.566949
-0.033963 -0.165608 9.783577
-0.511983 -0.139693 10.217329
0.166080 0.452425 10.339034
0.134597 0.233378 10.034485
0.229349 0.496960 10.954200
-0.073020 1.054177 10.658105
0.267210 1.179741 10.725947
-0.097000 0.809358 10.918616
0.133413 1.136723 11.388538
0.111248 0.939906 11.815864
-0.069819 1.520572 11.819599
0.274159 1.457235 11.356214
0.011426 1.540141 11.603148
0.029498 1.406003 11.512391
0.134297 1.301347 11.614180
-0.092516 1.558479 11.550328
0.015820 1.087921 11.470638
0.269864 1.145526 11.301978
0.121246 0.564354 10.755313
-0.040997 0.514425 10.476556
-0.374435 0.214740 10.404090
-0.013885 0.165341 10.257720
-0.086767 0.406732 10.029164
0.139266 0.126551 9.644130
-0.018132 -0.225331 9.817434
-0.149026 0.076393 9.541529
0.002940 0.114483 9.991519
-0.152834 0.003550 9.846829
0.309425 -0.296266 9.627779
0.560892 -0.054619 9.431801
-0.116510 -0.553775 9.858184
0.161957 -0.182332 9.715855
0.184731 -0.350043 9.545686
-0.045623 -0.150467 9.751227
-0.252750 0.042863 9.780153
0.109838 0.040080 9.851338
-0.289261 0.098518 9.743827
-0.033320 0.209653 9.666113
0.270237 0.288895 9.960557
-0.196124 -0.437259 10.025767
0.022277 -0.149039 10.044712
-0.172312 -0.084831 9.914978
-0.222721 -0.021896 10.027827
0.042222 0.249485 10.036720
0.001548 -0.467348 9.588846
0.152667 -0.310050 9.744661
0.067696 0.293914 9.694996
-0.128698 -0.010489 9.880183
-0.030849 0.209854 9.650171
0.024032 0.089043 9.729953
0.167942 0.051585 9.996827
0.038821 0.161189 9.798066
-0.126154 0.433496 10.188591
-0.204593 0.360124 9.767180
-0.114788 0.676252 10.430366
0.023583 0.056321 10.611013
0.067654 0.933460 11.123008
-0.042052 0.982823 10.898181
-0.040904 0.923734 11.008491
-0.217036 1.613120 11.504399
0.043975 1.311393 11.337346
0.187223 1.043767 11.669983
-0.010923 1.546098 11.664706
-0.367592 1.317988 11.631190
-0.154619 1.608104 11.452735
0.060196 1.343042 11.750602
-0.026626 1.334275 11.343621
0.086879 0.715365 10.636949
0.075509 0.926639 11.025637
-0.104987 0.957542 10.597488
0.084176 0.602974 10.799143
-0.063406 0.193313 9.942306
0.310473 0.272899 10.152101
0.623341 0.150917 9.664080
-0.039181 -0.173163 9.759885
-0.080518 -0.117405 9.531343
0.318500 0.059770 9.764906
0.151528 0.094213 9.865138
0.137000 0.026787 9.944044
0.150622 0.032544 9.765921
0.306080 -0.095580 9.888263
0.082782 -0.121912 9.648436
-0.070770 -0.098443 9.518374
-0.130299 0.053245 10.063189
0.110878 -0.519907 9.938261
-0.111630 0.090616 9.807173
-0.038538 -0.020447 9.805515
0.268881 -0.003932 10.027107
0.187981 0.133409 9.452676
0.223327 -0.091580 9.953145
-0.194507 -0.237015 10.205278
-0.191397 0.229221 9.833684
-0.084024 -0.008966 9.549781
-0.002751 -0.216548 9.730911
0.185060 0.050838 9.513566
0.170298 -0.001420 9.701563
0.149335 -0.033441 9.576868
0.369562 -0.003457 9.793723
-0.081021 0.235993 9.705024
-0.308996 -0.135736 10.075355
0.166426 -0.029209 10.113709
0.149588 0.032590 9.891362
0.065864 0.022240 10.062390
0.061703 -0.013442 10.204071
-0.060611 0.689660 10.086496
-0.076301 0.563247 10.881478
-0.008709 1.199621 11.062979
-0.082045 1.063885 11.093791
0.171879 0.909609 11.213326
0.091138 1.556534 11.118117
0.274894 1.386065 11.318681
-0.600346 1.172329 11.777001
-0.013180 1.626640 11.700103
-0.221608 1.395589 11.787664
0.046155 1.256259 11.875745
-0.124279 1.137440 11.450032
0.214968 1.149489 11.239162
0.185222 1.444503 11.206541
0.246768 1.047618 10.809409
0.005327 0.403089 10.648475
-0.125238 0.403469 10.305416
-0.057419 0.430398 10.218037
-0.372875 0.039393 9.757609
0.048812 0.186571 9.975854
-0.157481 0.071164 9.745035
-0.227645 0.148386 9.973606
0.189779 -0.121670 10.045872
-0.098716 0.130700 9.707817
-0.044796 -0.484236 9.749617
0.018218 -0.082010 10.161238
-0.232493 -0.112716 9.629025
-0.112755 0.206283 10.105606
-0.140159 -0.144602 9.578574
0.261257 0.224201 9.788804
-0.279220 -0.261333 9.844126
0.109868 -0.413229 9.745738
0.323659 -0.043502 10.107928
0.129809 -0.216856 9.751466
-0.025739 -0.190502 9.616026
0.301354 -0.195472 10.025687
-0.087297 -0.005128 9.922369
-0.119712 0.113581 9.400714
0.087941 -0.493706 9.764631
0.170849 0.124459 9.550318
-0.233933 -0.137734 9.847243
-0.406387 -0.002645 9.872286
-0.056607 0.105064 9.854745
-0.108331 -0.387238 9.836683
-0.190615 -0.115669 9.905825
0.283467 -0.007612 9.920813
-0.288896 0.070898 9.827077
0.245846 -0.022184 9.876216
0.211763 0.170210 9.839721
0.510327 0.108233 10.228995
0.069338 0.537570 10.417446
-0.036952 0.612611 10.466277
0.430044 0.796404 11.049923
-0.066931 0.945001 11.073516
-0.309969 1.143924 11.296663
0.234305 1.072043 11.443081
-0.179688 1.702598 11.521574
0.112460 1.672239 11.751717
-0.275362 1.227169 11.981953
-0.252119 1.556612 11.803812
0.075426 1.508409 11.508722
-0.195106 1.454368 11.432642
-0.550030 1.305800 11.170812
0.093427 1.294518 11.167957
0.199153 0.871162 11.248023
-0.212421 0.657954 10.824096
-0.038082 0.714490 10.368987
0.413874 0.748391 10.298350
0.110520 0.426951 9.824050
-0.262400 0.337192 9.979342
-0.045301 0.024018 9.361850
-0.038112 -0.150609 9.993614
0.199006 0.115336 9.889092
-0.299469 0.118129 9.935880
0.249039 0.423642 9.471488
-0.077695 -0.148453 9.844501
0.002680 -0.046816 10.015521
-0.220283 -0.208224 9.605155
-0.072066 -0.245718 9.800286
-0.033098 -0.157303 9.984753
-0.011900 0.212529 9.770990
-0.004839 -0.112556 9.808591
0.142446 -0.082267 9.913682
-0.162549 0.151810 9.694019
0.170336 0.012195 10.114191
-0.230814 -0.295235 9.686757
-0.276922 -0.276547 9.934310
-0.000836 -0.095936 9.732607
-0.119448 0.330074 9.662899
-0.264427 0.159210 9.766849
0.407755 -0.105241 9.979197
0.216439 -0.104267 9.661416
0.148273 0.114978 9.527878
-0.225687 -0.507286 9.929077
-0.052365 -0.032430 9.471711
-0.219620 -0.095592 9.675535
0.023567 0.138487 10.292981
-0.004003 0.308989 9.758549
-0.334989 0.118157 9.741945
0.002935 0.167861 9.851081
0.347205 0.376534 10.127871
0.179634 0.513875 10.907497
-0.146679 0.732223 10.999503
0.118644 1.169650 11.146657
0.105723 1.325174 11.418179
-0.028532 1.022324 11.678346
0.008435 1.331369 11.951009
-0.285567 1.807014 11.776487
0.063504 1.420991 11.476585
-0.027922 1.545155 11.916187
-0.039607 0.975584 11.387124
0.410404 1.092876 11.843921
-0.186817 1.139557 11.503106
-0.164039 1.334397 11.179751
0.092170 0.786881 11.062281
0.315759 0.633340 11.035406
-0.122319 0.636866 10.553218
-0.213716 0.366713 10.243408
-0.170638 0.260217 10.090747
-0.014517 0.072192 9.906542
-0.073540 0.049760 9.710275
0.531362 -0.281867 9.693053
-0.101148 0.408099 9.545973
0.085184 0.049679 9.876720
0.247269 0.243166 9.719809
0.038803 -0.372820 9.829819
-0.158798 -0.037276 9.472926
0.080974 -0.339314 9.839657
-0.245301 -0.169928 10.040946
0.117584 0.229841 10.121945
-0.154568 0.299794 9.516899
0.149220 -0.098668 9.623940
0.122894 0.188990 9.993054
0.042972 0.026391 9.915373
0.060753 0.108271 9.850800
0.168557 -0.325442 9.783745
-0.276769 0.055340 10.138386
-0.094817 0.025450 9.961297
-0.413545 -0.104422 9.882903
-0.579399 -0.195362 10.030172
0.200599 0.074864 9.986440
0.043021 0.111079 9.746869
0.023163 -0.126474 10.062697
0.304312 0.275983 9.728378
-0.190755 0.255395 9.918781
0.065717 -0.126726 9.895133
-0.217056 0.148606 10.114836
0.326209 0.227613 9.648140
0.039466 0.616553 9.887767
-0.011836 0.606656 10.365362
0.496031 0.337472 10.257444
0.244825 0.420422 10.650110
-0.013129 1.047600 11.053390
0.091413 0.935467 11.407606
0.805165 1.314305 11.397999
-0.259573 1.183887 11.515769
-0.106920 1.410876 12.051059
0.249433 1.446440 11.539286
0.267474 1.490189 11.464700
0.142486 1.683344 11.295760
-0.164911 1.392001 11.842358
-0.103149 1.144955 11.703945
-0.093664 1.284459 11.155762
-0.270467 1.167007 11.215109
0.184491 0.733884 10.771516
0.272144 0.355006 10.939755
0.264101 0.656064 10.317834
-0.163305 0.281940 9.982927
-0.192339 0.317564 10.191359
-0.209915 0.221132 10.015405
0.301977 0.135621 10.050774
0.095416 0.195986 9.552577
-0.024349 -0.007797 9.761250
0.088777 0.126876 9.888451
-0.035389 -0.147146 10.029437
0.069947 -0.203723 9.771262
-0.348660 0.007074 9.770324
-0.114893 0.316920 9.578769
0.141279 0.437342 10.025454
-0.006308 -0.226814 9.537588
-0.082310 -0.137400 9.666091
-0.065263 -0.020449 9.907042
-0.247559 -0.136449 9.778066
-0.039097 0.367285 9.856449
-0.322718 0.083636 9.919133
-0.025026 -0.242679 10.161611
-0.213977 0.132154 9.850010
0.120162 0.341372 9.922328
-0.111733 0.221198 9.683780
0.032712 -0.258617 9.603344
0.010277 0.073617 9.469522
0.099457 -0.163886 10.065938
-0.070393 -0.224724 9.825161
-0.183247 0.253789 9.810106
-0.030335 0.118360 9.609011
-0.257831 0.081670 9.590066
-0.220002 0.189145 9.944071
-0.250766 -0.037919 9.743798
0.355264 0.369819 9.977320
0.115239 0.052714 10.107406
0.020973 0.574492 10.435903
0.049603 0.675265 10.656748
-0.059229 0.755150 10.976924
0.082163 1.055625 10.928885
-0.199786 1.255825 11.672399
0.030483 1.229049 11.603379
-0.227364 1.675881 11.732775
-0.133891 1.444847 11.675535
0.262334 1.459552 11.841073
0.114745 1.330053 11.819684
0.054887 1.103276 11.745995
-0.009152 1.337376 11.565637
0.051834 1.443517 11.142163
-0.068430 1.149277 11.260790
0.091881 1.391118 11.053364
0.226188 0.598183 10.490881
-0.062863 0.626438 10.536761
0.080650 0.281083 10.167175
-0.035971 0.333512 10.229635
-0.201248 0.238376 9.794400
0.093784 -0.016600 10.152216
-0.083615 0.035722 9.931319
-0.174792 -0.014571 9.756683
-0.102763 -0.087945 10.032403
-0.119710 0.113282 9.872919
-0.279396 0.103834 9.527297
0.125618 -0.101438 9.811673
-0.258856 0.024476 9.995390
-0.161393 -0.121433 9.900924
0.095924 -0.486836 10.213081
0.105711 0.139384 9.781292
-0.371071 0.134944 9.696962
0.108786 -0.043760 9.857608
-0.154999 0.172878 9.572324
0.449114 0.447590 10.136540
0.255096 -0.016910 10.043309
-0.019235 -0.310704 10.110640
0.225765 -0.006268 9.564963
-0.117240 -0.364229 9.999016
-0.320662 0.057366 9.641261
-0.285341 0.047671 9.743240
0.167638 -0.253521 9.658537
-0.477528 -0.436869 10.169638
0.416720 0.018545 9.645234
-0.059690 0.174715 9.707122
0.047527 -0.002551 9.696237
-0.105239 0.080458 9.643681
0.090346 -0.008408 9.950017
0.276793 0.154979 10.245450
-0.358407 0.229879 10.247473
0.384666 0.092056 10.436153
0.291338 0.502593 10.646896
0.066348 0.877304 11.243691
0.089695 1.281508 11.092603
-0.148105 1.130904 11.146244
0.096702 1.234207 11.424153
0.099732 1.185349 11.849556
-0.095667 1.710026 11.702394
0.126382 1.535912 11.958780
0.021989 1.145527 11.982701
-0.017537 1.571995 11.833505
-0.154659 1.128424 11.689582
-0.060650 1.363334 11.342425
0.204682 1.100615 11.222200
-0.074802 0.886888 11.169107
-0.010843 0.765832 10.698735
0.024921 0.828728 10.695741
0.015881 0.366842 10.101561
-0.034594 0.250496 10.231612
0.149844 -0.135944 10.119941
-0.017755 -0.175605 10.106335
0.292656 0.052749 9.951759
0.153490 0.279154 9.955614
-0.265538 0.401962 10.023131
-0.101905 -0.205925 9.910963
-0.055652 0.065999 9.958681
-0.113288 -0.223222 9.887164
-0.106678 0.029219 9.541335
-0.050437 0.142990 9.931187
-0.157672 -0.233653 9.813153
0.112207 0.081035 9.707568
0.059565 0.300471 9.851029
-0.326630 0.040640 10.218791
-0.257478 0.005945 9.764733
0.019177 0.038850 10.037994
0.016957 0.255452 9.786469
-0.070027 -0.133837 9.446583
0.055156 0.410800 9.901647
0.137349 -0.082606 9.761133
0.196928 0.401739 10.107590
0.161049 0.007030 9.851944
-0.150701 -0.289634 9.584640
0.009960 -0.058398 9.516112
-0.007465 -0.063686 9.575430
-0.074036 -0.064191 9.686673
0.185334 -0.380580 9.412840
0.000657 0.041019 9.919901
-0.107795 -0.097677 9.923081
-0.088316 0.498831 9.996644
-0.010637 0.819035 10.202983
0.111231 0.613308 10.601675
0.057897 0.698366 10.709530
-0.115199 0.905506 11.336266
0.242136 1.076737 11.335771
-0.173835 1.123946 11.567635
0.297433 1.157210 11.461793
0.436275 1.433344 12.060128
0.041371 1.527442 11.719844
0.188511 1.771556 11.603000
-0.070490 1.661222 11.755032
-0.098677 1.616000 11.916147
-0.089928 1.353856 11.316816
-0.179096 1.200882 11.384346
-0.193375 0.872759 10.951596
0.091012 0.446875 10.728221
-0.372588 0.743402 10.328917
0.006346 0.811951 10.790082
-0.361182 0.383633 10.044141
-0.238627 0.165923 10.307147
0.119932 -0.057120 10.065551
-0.448742 -0.128796 9.674280
0.015664 -0.040566 9.781706
-0.034944 0.004481 9.918026
0.029866 -0.056870 9.890350
0.165225 -0.111205 9.798119
0.232381 -0.220552 10.170940
-0.267831 -0.069073 9.619962
0.437585 -0.100670 9.709832
-0.074150 0.019121 9.744312
-0.026577 -0.705842 9.821432
0.003561 0.207714 10.071812
-0.037542 0.163246 9.589686
0.153468 -0.114495 9.573061
-0.037118 0.280094 9.846201
0.299298 -0.149747 10.019570
-0.130432 0.045066 9.853337
0.132298 0.050148 9.662163
0.176061 0.346331 9.693239
-0.367046 0.099864 9.743764
-0.026221 0.111236 9.718722
-0.053770 -0.020024 10.103951
0.006014 -0.247135 9.570824
0.027846 -0.225886 9.497539
0.127107 0.136900 9.736373
0.058732 0.037624 9.930484
0.120950 -0.521158 9.761900
0.103581 -0.060298 9.846299
0.150140 0.102093 10.226128
0.225397 0.164904 10.021880
-0.570065 0.258651 9.971281
0.044246 0.514620 10.594566
0.279334 0.654344 11.145547
0.046490 0.578359 10.818122
-0.074549 1.134379 10.975155
-0.059595 1.143841 11.288441
0.162283 1.439647 11.791824
-0.066205 1.654598 11.422657
-0.277677 1.235446 11.782784
0.240476 1.379572 11.714661
-0.043204 1.592772 11.685417
-0.106683 1.145013 11.581112
0.235492 1.329568 11.410540
0.247229 1.059006 11.662056
0.280721 1.027156 10.864895
0.457900 0.917858 10.865759
0.191226 0.800058 10.951651
-0.132470 0.547741 10.218221
0.133267 0.319362 10.298137
-0.029270 0.138419 9.887843
0.158086 0.383849 9.813210
0.110708 0.108230 9.840678
-0.305319 -0.260319 9.653804
-0.427801 0.281606 9.883541
-0.005992 -0.438047 9.445226
-0.000468 0.394098 9.670271
0.172760 -0.095980 9.821048
0.242937 -0.069190 9.671979
0.283614 0.009112 10.028241
-0.137050 0.281335 9.864725
0.086958 0.026326 9.708905
-0.000337 -0.088518 10.001909
-0.040611 -0.299301 9.474115
-0.345344 0.123594 9.579699
0.060017 0.027315 9.797058
0.087681 0.031661 9.268054
-0.064725 0.085021 10.138057
0.337292 -0.272630 9.740055
-0.313223 0.303977 10.012571
0.070118 0.033219 10.086126
0.242265 0.231609 9.901336
-0.069846 0.153425 9.973208
-0.038127 -0.070250 10.036663
0.332823 -0.149879 9.757325
0.070187 0.097320 9.705527
0.376704 0.084419 9.916277
0.351777 -0.089812 9.792314
-0.250664 -0.012676 9.541273
0.149570 0.169907 9.869130
-0.020085 0.340910 9.834330
0.040834 0.463853 9.885480
0.136988 0.149234 10.431876
-0.232678 0.945847 10.458039
-0.330038 0.867073 10.847796
-0.300921 1.121117 10.766305
-0.207248 1.061005 11.538509
0.259094 1.531940 11.527856
-0.485462 1.492263 11.989571
0.246758 1.570796 11.543041
-0.105061 1.886763 11.526654
-0.229568 1.666717 11.694710
-0.236351 1.719686 11.787667
-0.076360 1.082228 11.967992
-0.004890 1.455514 11.556791
-0.104180 0.913365 11.453868
0.292503 0.465019 11.040493
-0.024243 0.452933 10.741813
-0.269919 0.390755 10.295700
-0.099958 0.309656 10.038822
0.314636 0.287274 10.420402
-0.032016 -0.023850 10.276227
-0.115612 -0.013865 9.983068
-0.247545 0.142259 9.926669
0.253865 0.178009 10.069996
-0.022084 -0.172534 10.231997
-0.305339 -0.285303 9.923026
0.324997 0.037910 10.009861
-0.399161 -0.099909 9.435210
0.156082 -0.309446 9.554436
0.102805 0.212365 9.778206
0.114035 0.107558 9.766915
-0.218941 0.112978 9.932619
0.178805 0.062413 9.576300
0.138068 -0.000276 9.713453
-0.058927 -0.138051 9.987769
-0.283623 -0.198697 9.744245
0.322750 0.210856 9.481832
0.270269 0.269884 9.575198
-0.504292 -0.014444 10.034485
0.318252 -0.174165 10.160396
-0.445586 -0.073610 9.726558
0.230467 0.259660 10.000845
-0.270110 0.172524 9.911808
-0.334247 -0.413403 10.017598
-0.036020 -0.257036 9.768366
0.072808 -0.016570 9.499603
0.377111 0.200844 9.742925
-0.059019 0.093691 9.613134
0.064535 -0.180239 9.910437
-0.233714 -0.035000 10.390634
0.011845 0.365433 9.839659
-0.119400 0.576289 10.494222
-0.430806 0.701025 10.762775
0.256752 0.709356 10.482123
-0.199354 0.796541 11.311947
-0.543347 1.086377 11.663224
0.001442 1.490646 11.230151
-0.320398 1.701541 11.715699
0.020655 1.254576 11.801098
-0.229188 1.737374 12.355566
0.096788 1.351217 11.274210
-0.336893 1.725064 11.489618
-0.074167 1.442448 11.854969
-0.039917 1.095115 11.392389
-0.125528 0.901190 11.246981
0.037058 1.266724 11.018306
0.230229 0.445340 10.794495
-0.144596 0.563137 10.593098
0.009974 0.805417 10.527531
0.235449 0.341474 10.414161
-0.287394 0.359965 9.726295
-0.112868 0.134072 10.085702
-0.230715 -0.102509 9.829506
-0.037273 0.170806 10.497186
0.083864 -0.147039 9.550698
-0.065051 -0.188050 9.903510
0.090404 -0.092634 10.206991
-0.147089 -0.023886 9.937833
0.178411 0.255515 9.895699
0.210183 -0.133022 9.993616
0.180946 0.302577 9.476313
-0.181437 0.164628 9.279727
0.098401 0.211961 9.694725
-0.086038 -0.214827 9.705691
-0.098514 -0.136568 9.662464
-0.054201 -0.056621 10.184826
-0.078837 0.068830 9.694623
-0.117919 -0.340874 9.495727
-0.241400 0.036739 10.025235
-0.357333 -0.109815 9.536622
-0.052855 0.215154 9.720624
-0.009503 0.291046 9.901580
-0.152018 0.031783 9.644490
0.084096 0.103068 9.536568
0.035030 -0.023515 9.918935
0.166269 0.095490 9.749361
0.186666 -0.174613 9.545896
-0.639057 0.007765 9.674749
0.079551 -0.308337 9.795108
0.094054 -0.017350 10.143341
-0.111405 0.317390 10.360967
0.190559 0.502545 10.292593
-0.091608 0.786989 10.485213
-0.035613 0.763226 10.909864
-0.201857 0.645565 11.268753
0.192826 0.817614 11.451850
0.216637 1.430565 11.475177
-0.188699 1.430288 11.745013
0.019162 1.442179 11.564411
0.084538 1.594171 11.850164
0.022199 1.814056 11.656066
0.256287 1.267287 11.917246
0.246674 1.252773 11.890703
0.093807 1.000594 11.303233
0.226552 1.200567 10.952997
-0.027851 0.881107 10.829016
0.471560 0.706330 10.677101
0.238170 0.411004 10.656881
-0.333546 0.233221 10.451749
0.314040 0.033958 9.883525
0.113489 -0.038699 9.870828
0.175281 -0.087027 9.445973
-0.260217 0.001991 9.437315
-0.059432 -0.278419 10.137988
0.433029 -0.211639 9.861352
-0.192081 -0.061863 10.170694
-0.093338 -0.057207 9.621494
0.229238 -0.652653 9.721441
-0.009177 -0.132215 9.982709
0.240405 -0.282408 10.228697
-0.284652 0.257726 9.839966
-0.100740 -0.081873 9.803297
0.041684 -0.184031 9.763212
-0.154135 -0.243010 9.646538
-0.229995 -0.084031 9.896495
0.024142 0.394869 9.367909
0.093868 0.001284 9.973134
0.143293 -0.032998 9.844530
-0.148814 0.122736 9.434225
0.155365 -0.004635 9.712588
-0.046507 -0.031839 10.069461
0.646699 0.243974 9.696935
0.125956 0.134666 9.624968
-0.252160 -0.012656 9.971542
-0.322362 -0.144180 9.924530
0.008345 0.283255 9.527727
0.470433 -0.307598 9.404167
-0.011783 -0.205098 9.831307
-0.014745 0.046753 9.756062
0.086531 0.125150 10.282222
-0.036074 0.131022 9.904393
-0.034422 0.230205 10.185403
0.105491 0.304063 10.971902
0.031943 0.831634 10.723583
0.152874 1.015373 11.027386
0.039965 0.839491 11.050999
-0.224037 1.381289 11.557859
0.209796 1.230094 11.810390
-0.022774 1.289597 11.858003
-0.013202 1.374176 11.818400
-0.025906 1.447469 11.698423
-0.260990 1.429045 11.534913
-0.204066 1.263243 11.705316
0.037123 1.069820 11.263796
0.127163 0.536607 11.324078
-0.374803 0.557321 10.827684
0.434025 0.995081 10.830761
0.071308 0.111591 10.486747
-0.109844 0.160618 10.272896
-0.094222 0.362477 9.674298
0.015002 -0.089911 9.842617
0.060925 -0.201668 9.871905
-0.042468 -0.132117 9.715886
-0.030910 -0.153567 9.811419
-0.055635 -0.122257 10.127968
0.083048 -0.076542 9.839172
-0.205364 -0.087354 9.745985
-0.249359 0.077471 9.708877
-0.071093 -0.113744 10.401818
-0.132523 -0.413735 9.490014
0.151861 0.267291 9.673641
0.255790 0.148318 9.772104
-0.052089 0.036174 9.985491
0.079459 -0.135362 9.775159
0.396253 0.050243 9.983865
0.107977 0.054672 9.831740
0.179478 0.143728 9.862779
-0.138753 0.077112 9.796598
-0.061651 0.535755 9.502190
0.191703 -0.172534 9.836239
0.513718 -0.192474 9.665225
-0.003503 -0.169443 9.986811
-0.106906 0.130802 9.544162
-0.361366 -0.045797 9.496298
0.303654 -0.305961 9.602463
0.082724 -0.117273 9.506322
0.407993 -0.200327 9.770748
-0.041839 0.163855 9.931529
-0.165360 0.020743 9.879159
0.149792 -0.045047 10.465111
-0.151837 0.322202 10.009937
-0.259632 0.309161 10.261290
-0.082851 0.463804 10.828574
-0.156597 0.661639 10.851943
0.198568 1.058929 11.144667
-0.286609 0.947507 11.122383
0.261370 1.417496 11.386187
-0.112874 1.249034 11.518284
0.092060 1.420699 12.197175
0.250072 1.761896 11.944271
-0.084532 1.597765 11.711175
0.326055 1.494948 11.747928
0.025415 1.659436 11.271761
0.367658 1.138818 11.096835
-0.150442 0.685792 11.295336
-0.207659 0.874136 11.157380
-0.134403 0.605977 10.428790
-0.077671 0.998851 10.610982
-0.052946 0.201614 10.233409
0.026010 0.104803 10.167501
-0.190689 -0.105770 9.998583
-0.233728 0.167597 9.836202
-0.365582 0.021900 9.472971
0.138672 -0.049743 10.180217
0.214263 -0.212139 9.405852
-0.151020 -0.244252 10.175148
-0.002063 0.186684 9.752994
-0.035933 -0.006525 10.031308
0.062325 -0.211467 10.134503
-0.058563 -0.091104 9.244099
0.126880 0.020203 9.829985
-0.080565 -0.115044 9.736084
0.092632 0.127824 9.763794
0.189787 -0.015795 9.709155
0.039683 -0.271877 9.856544
-0.308436 -0.205545 9.406262
-0.035023 0.321927 9.786585
0.128717 0.470463 9.890811
-0.153042 -0.125514 9.810132
-0.126579 -0.111617 10.007051
0.205231 -0.329378 9.646366
-0.092801 0.119818 10.038615
0.540394 -0.093135 9.726854
0.117714 -0.136443 9.781808
-0.083008 -0.524331 9.834647
-0.036472 0.254246 9.811098
-0.250949 -0.051620 9.391783
-0.242184 0.148895 9.789590
0.184502 -0.307470 9.876052
-0.095102 0.379787 10.196042
0.128450 0.632233 10.168318
0.267016 0.275205 10.239220
0.150549 0.358649 10.804016
0.020263 1.054773 10.918648
0.011210 1.117807 11.032075
-0.141241 1.270934 11.372207
-0.081463 1.294826 11.877423
-0.088604 1.319688 11.353967
-0.008471 1.609583 11.948181
0.021644 1.691167 11.956246
0.222590 1.675067 12.094937
-0.033939 1.148680 11.828200
0.156111 1.625382 11.814769
0.389094 1.300019 11.423827
-0.276997 1.077573 11.054104
0.042302 0.851305 11.024883
-0.019466 0.846602 10.144832
0.037999 0.724544 10.829405
0.146392 0.660928 10.275722
0.000573 0.294500 10.060850
-0.156471 -0.017140 9.702113
0.105675 0.024072 9.767001
-0.113337 0.101011 9.966090
-0.226103 -0.257537 10.000902
-0.275027 0.109497 10.133382
0.323847 0.147575 9.951762
0.450381 -0.466879 9.717133
0.169698 -0.067457 10.057956
-0.007871 0.026349 9.755065
-0.104502 -0.109422 9.864233
-0.154913 0.190641 9.940645
0.219883 -0.225785 9.470105
-0.000837 0.579760 10.063242
-0.110889 0.084902 9.955517
-0.273678 0.273925 9.776515
-0.018136 0.004757 10.038908
-0.151036 -0.341394 9.874591
-0.408732 -0.060221 10.047375
0.115819 0.208471 9.934070
0.482067 -0.117648 9.889626
-0.087624 0.191360 9.797685
0.343769 -0.106163 10.091425
0.118628 -0.006492 9.918488
0.052253 0.071191 9.768626
-0.140318 -0.067014 9.473371
0.168390 -0.247033 9.766471
0.129609 0.167879 9.455070
-0.018370 0.113743 9.849461
0.268815 -0.078453 9.514736
0.162065 0.081200 9.709781
-0.031702 0.570063 9.989285
0.467199 0.316470 10.472797
-0.243826 0.667920 10.662714
-0.297899 1.405568 10.831469
-0.098893 1.209761 11.527456
0.225287 0.935813 11.420847
-0.376274 1.491724 11.231473
-0.160640 1.413452 11.784457
-0.052187 1.782023 11.925590
0.128945 1.254120 12.149874
-0.160613 1.825715 12.185381
0.102531 1.620495 11.078872
-0.039000 1.531816 11.743413
-0.243945 1.117304 10.870792
0.082599 0.639288 11.390700
0.236545 0.745529 11.034792
-0.043420 0.707979 10.460011
0.124499 0.155809 10.089409
-0.024386 0.281703 10.296396
-0.129901 0.565755 10.093610
0.046576 0.125355 10.125126
0.115203 0.110197 9.986255
-0.364923 -0.357370 9.794788
-0.039535 0.115962 9.814003
0.116373 -0.249119 9.807851
-0.268211 0.077372 9.434343
0.069662 -0.293800 9.733294
0.178986 0.045476 9.480868
-0.134479 -0.300276 9.471048
0.023533 0.112060 9.898121
0.120525 -0.002382 9.755322
-0.214614 -0.088016 9.545730
-0.169033 0.017785 9.786439
0.612946 -0.269159 9.784980
-0.284746 -0.077557 9.740581
0.168976 -0.089933 9.771736
-0.086064 -0.280210 9.679580
-0.076387 0.014765 9.921789
-0.046919 -0.050435 9.465837
0.107947 -0.139180 9.959425
0.263288 -0.037583 9.605338
-0.003340 0.069740 9.746896
-0.112808 0.112706 9.909516
-0.069258 -0.330813 9.901276
-0.153465 0.042868 9.840231
-0.377789 0.016216 9.912907
0.127430 0.023473 9.414563
0.255416 0.103998 9.598394
-0.157553 0.132153 10.060501
-0.097593 0.353722 9.702936
-0.208492 -0.088921 10.062454
0.301615 0.895607 10.502313
-0.127686 0.615270 10.784131
-0.312596 0.725903 11.217515
-0.209142 0.866149 11.167244
0.056628 1.051048 11.393458
0.121588 1.703673 11.533262
-0.008259 1.719582 11.585623
-0.264871 1.528256 11.996177
0.072209 1.480597 11.520321
-0.011674 1.724837 11.534118
-0.048949 1.336595 11.555915
0.049585 1.400044 11.645076
-0.195362 0.846852 11.430542
-0.101184 1.383616 11.541507
0.398138 0.652380 11.044410
0.174191 0.811268 10.618584
0.255833 0.484141 10.481016
-0.307567 0.452904 10.189853
0.092956 0.235640 10.097677
-0.009143 0.243228 9.884765
-0.291039 0.135585 9.677257
-0.264852 -0.204449 9.866666
-0.019304 -0.426537 9.733269
0.233846 -0.090259 9.776905
0.208598 0.159098 10.014350
-0.554511 0.346705 9.937280
0.492295 -0.156465 9.457310
0.001444 -0.055074 9.940733
0.214986 -0.017459 9.761858
0.104544 -0.051266 9.742004
0.207427 0.251956 10.026793
-0.033646 -0.427958 9.780359
-0.151596 -0.025945 9.675782
-0.004148 -0.207855 9.553857
0.244538 -0.193932 9.810066
0.190903 0.182861 9.968970
0.060573 0.144801 10.084618
0.085005 -0.367440 9.704293
0.139274 -0.125419 10.134021
-0.012636 0.017050 10.034949
-0.036570 0.035255 9.989825
-0.294454 -0.057060 9.975831
0.013120 0.293467 9.494815
-0.338000 0.153937 9.983161
-0.038650 0.080079 9.959041
-0.162773 -0.141370 9.847945
0.180818 -0.211398 9.799469
-0.048847 0.169500 9.922804
-0.109177 0.438330 9.953638
-0.058419 0.005652 10.099210
0.103215 0.548167 10.575299
0.110196 1.077140 10.539892
-0.323885 0.630292 10.789806
-0.194865 1.034686 11.415136
0.307932 1.276910 11.806319
-0.071275 0.984879 11.769146
-0.367719 1.263091 11.799478
-0.020476 1.440016 11.544784
-0.002160 1.700732 11.813994
-0.166045 1.228699 11.619023
0.078467 1.482812 11.535355
-0.442152 1.395386 11.378969
0.137812 1.024827 11.180485
0.030634 1.487494 11.314411
0.027244 0.912173 10.580314
-0.224468 0.157412 11.035438
0.305477 0.562610 10.482418
-0.310318 0.280091 10.600414
0.026283 0.075688 9.709875
0.276061 0.071891 9.573197
-0.184853 -0.233714 9.812709
0.041468 -0.100643 9.965409
0.015760 0.212462 9.738561
0.609065 -0.112898 9.629334
-0.205260 -0.042188 9.466093
0.058913 -0.381061 9.842334
-0.270250 -0.076259 9.930908
0.460808 -0.215600 9.779937
-0.144752 -0.173974 9.667005
0.164813 -0.097611 10.259863
0.083196 -0.202002 9.736659
-0.160369 0.160014 9.482244
-0.268190 -0.118309 9.946589
0.246612 0.276108 9.915960
-0.016578 0.158925 9.581100
-0.368931 0.087328 9.608864
-0.013061 0.023925 9.859624
0.187558 0.166415 9.849000
-0.088403 0.021552 9.690758
-0.039286 0.523635 9.846438
0.090049 -0.141096 10.014015
0.152054 0.153471 9.852978
0.206838 0.254337 9.866620
-0.022922 0.178914 9.629175
-0.143592 -0.010660 9.461729
0.165519 -0.192583 9.715702
-0.042656 0.029651 9.770328
-0.013474 0.073982 9.835138
-0.154639 0.404912 9.640608
-0.041143 0.230172 10.325694
-0.290859 0.384089 10.434923
0.214015 0.726034 10.452766
-0.097495 1.017613 10.690382
-0.015729 1.014130 11.087448
0.539150 1.093502 11.468018
-0.153260 1.416933 11.732668
-0.117593 1.403152 11.516400
-0.228881 1.685565 11.670142
-0.482722 1.853071 11.649581
-0.049275 1.806388 11.752593
-0.032667 1.168457 11.368489
-0.033277 1.383945 11.619616
-0.096252 1.180100 11.010623
0.092033 1.048235 11.559337
0.001496 0.651869 10.920392
-0.065560 0.746539 10.694842
-0.251989 0.156898 10.507977
0.276623 0.339821 10.404595
0.202562 0.241975 9.898591
0.039062 0.327323 10.030522
0.149649 -0.070716 9.798587
-0.023745 -0.010268 10.043592
-0.469435 0.006108 9.794101
-0.274300 0.134353 9.665100
-0.071407 0.369756 10.011995
0.114897 0.076155 9.777064
0.399875 0.160434 9.660090
-0.280020 0.113368 9.798826
-0.285788 0.085717 9.756195
0.106133 0.088348 9.688347
0.126569 -0.099581 9.723424
-0.106454 0.226195 9.753886
0.274489 0.356697 9.662256
-0.584199 0.208902 9.741606
-0.173237 -0.117744 9.727037
0.259439 0.031982 10.066720
0.098844 -0.061846 9.731929
0.112322 0.164085 10.009359
-0.052308 0.035041 9.926808
-0.076793 -0.226988 9.648746
-0.048207 0.132441 10.061795
-0.271209 -0.119469 9.738428
0.158943 -0.105622 9.724054
-0.282399 0.096681 9.777720
-0.130809 -0.051903 10.035399
-0.200977 -0.168332 10.060450
0.015155 0.155744 9.919409
-0.007067 0.016248 10.090856
0.232467 0.405455 9.824395
0.260982 0.252364 10.090929
-0.033866 0.650272 10.563488
-0.051077 0.827131 10.717435
-0.114594 0.698795 11.012584
-0.016504 0.740853 11.334037
-0.096055 1.494472 11.097467
-0.036142 1.171388 11.363426
-0.097358 1.768206 11.724130
-0.158342 1.112481 11.436669
-0.107293 1.373262 11.765190
-0.454437 1.459870 11.986488
0.324568 1.035203 11.535177
-0.170847 1.340527 11.314556
0.336453 1.184753 11.353435
0.318543 1.012744 11.244666
-0.150160 0.566302 10.808464
0.437395 0.786202 10.744370
-0.195275 0.666296 10.183856
-0.313411 0.212174 10.632833
0.379579 0.098370 9.926649
-0.328072 0.101514 9.956947
0.157911 0.203935 9.799574
0.111206 -0.140128 9.917409
-0.101446 0.091892 9.885700
0.013761 0.158908 9.495920
-0.212983 -0.054012 9.521347
-0.081373 -0.074926 10.071937
0.028507 0.205886 9.870335
-0.107133 0.026743 9.955885
0.238680 -0.026462 9.480498
-0.343560 -0.065283 9.342420
0.359021 0.119387 9.682867
-0.221930 0.205624 9.587273
-0.203645 -0.153189 9.832817
0.124159 0.238534 10.018994
0.000155 0.204104 9.675800
-0.364173 -0.134226 9.648748
-0.126397 -0.191875 9.717778
0.124003 0.343051 9.464931
-0.257547 -0.158289 9.963148
-0.040989 -0.144822 9.953347
0.191278 -0.003752 9.646756
0.054056 -0.046654 9.761797
-0.102480 0.184997 9.859976
0.207140 0.267265 9.901796
-0.101295 0.208065 9.903133
0.520674 0.062021 9.949538
0.058085 0.001974 9.787300
0.058849 0.190143 10.155422
0.061770 0.096039 9.996118
-0.264587 0.656194 10.133701
0.193488 0.539357 10.516141
-0.023490 0.502038 10.495756
0.345693 0.863195 11.155590
0.276981 0.933784 11.249306
0.009002 0.944606 11.340969
0.117501 1.211577 11.493542
-0.034673 1.836398 11.328646
0.100329 1.427539 11.652811
-0.055575 1.633475 11.954905
0.037203 1.696755 12.034708
0.163275 1.304854 11.794344
0.099840 1.148257 11.244623
-0.404555 1.190020 11.437673
-0.236356 1.225160 11.195049
0.269891 0.914510 10.717270
0.091656 0.793620 10.579939
-0.288419 0.504106 10.255226
0.224178 0.242516 10.586855
-0.424832 0.215576 10.347368
-0.178061 0.054068 9.843937
-0.136754 0.070718 9.579974
-0.022194 0.103199 9.766981
-0.200041 0.206037 9.956051
-0.208237 -0.258822 9.619615
0.109055 0.055115 9.968017
-0.065230 -0.184947 9.993769
-0.110690 0.037310 9.500015
-0.113962 0.201879 9.666745
0.162901 -0.466204 9.698122
-0.034271 0.348508 9.576187
0.134199 0.211386 9.665702
-0.074705 0.028326 9.513703
-0.091021 0.255222 9.914531
-0.031350 0.022614 9.926181
0.154482 -0.111283 10.116944
0.263270 0.135452 9.641408
-0.204045 -0.065321 9.822153
-0.353698 0.098939 10.067492
0.115295 -0.135211 9.651119
0.059970 -0.030661 9.898608
0.120344 0.218378 9.583575
0.044324 -0.072695 9.790273
0.172882 0.194625 10.089689
0.085118 -0.022003 9.759424
-0.346951 0.267947 9.745620
0.101179 0.135799 9.560937
-0.184669 0.331198 9.897145
-0.116117 0.060639 10.141791
0.186863 -0.104599 10.388346
0.193230 0.293456 10.003591
0.210802 0.579332 10.163835
-0.046416 1.284832 10.692764
-0.148394 0.638703 11.284956
0.169552 1.297441 11.214242
0.250804 1.006384 11.410583
0.057411 1.587872 11.622279
-0.125102 1.426907 11.360173
-0.464194 1.644475 11.705993
-0.052283 1.666189 12.089402
0.106898 1.863821 11.881480
0.060443 1.462170 11.438357
0.191200 0.822290 11.441260
0.004586 1.018096 11.287714
0.367875 1.236758 11.027439
-0.093913 0.585002 11.071535
-0.049948 0.266304 10.709620
0.087796 0.676675 10.440724
-0.074534 0.721204 10.243252
0.143912 0.080709 10.199471
-0.291126 -0.006506 9.682889
-0.120995 0.271888 9.716593
0.143651 0.303453 9.804485
0.198753 0.106217 9.833287
0.150063 0.367988 9.682546
-0.191840 -0.203583 10.008886
0.225874 -0.107407 9.382797
-0.134951 0.109571 9.796655
0.036070 -0.104669 10.012818
0.068638 0.117293 9.841813
0.104874 0.091714 9.624385
0.074613 0.158302 10.041028
0.083221 -0.193050 9.647737
-0.087030 0.037893 9.785553
-0.224746 -0.225944 9.390296
-0.623895 -0.026356 10.274046
0.359356 -0.195646 9.839981
-0.292916 -0.262422 9.570505
-0.045100 -0.036492 9.860540
0.132643 -0.067376 9.817240
-0.218763 -0.268899 9.510206
0.129850 -0.067582 9.435776
-0.012618 -0.249764 10.142076
-0.115764 0.136301 10.027793
-0.190986 0.015209 9.920694
0.023109 0.072220 9.544074
0.110807 -0.097233 9.879890
0.183998 0.155555 9.908802
0.128426 0.223590 10.223644
-0.006810 0.221408 10.247903
-0.098078 0.056898 10.340581
-0.041205 0.242541 10.555503
0.286227 0.333649 10.893928
-0.507414 0.760345 11.298640
-0.065665 1.033941 11.317178
-0.343295 1.190468 11.390907
0.372464 1.064235 11.482203
-0.185671 1.207210 11.920937
0.005330 1.367093 11.677373
-0.112645 1.405239 11.557111
-0.051746 1.406365 11.629382
0.031009 1.462070 11.584127
-0.028827 1.743108 11.982597
-0.210818 0.993159 11.166184
0.211411 0.936248 11.212540
0.399393 0.838310 11.071786
0.104084 0.541954 10.901296
-0.169940 0.752022 10.337905
-0.095594 0.106254 10.057083
-0.085353 -0.297653 10.014823
-0.101595 0.243910 10.009140
-0.141527 -0.069917 9.792135
0.297191 -0.164461 9.666048
-0.225717 -0.296408 9.871401
0.040581 0.256552 10.018282
0.479423 -0.014775 9.757894
-0.260045 0.139316 9.833707
0.130253 -0.227825 9.880321
0.041040 0.027807 9.673347
0.237865 0.410062 9.587931
0.144089 -0.575570 9.943722
-0.374031 -0.104993 9.547395
-0.043122 0.167759 9.438537
-0.071896 -0.102674 10.126210
0.086352 -0.235443 9.715741
0.311221 0.142873 9.626353
-0.053414 -0.047022 9.702404
-0.342042 -0.135524 10.087840
-0.076229 -0.020651 9.838105
0.443628 0.001775 10.028789
-0.119636 -0.051880 9.812511
-0.154827 -0.040744 9.987610
-0.160073 0.000018 9.951747
-0.164893 0.219083 9.824577
-0.033025 -0.401630 9.735278
0.074318 0.349069 9.923578
0.225243 -0.241821 9.784636
0.244149 -0.155753 10.032103
0.146664 0.140853 9.858803
-0.197259 0.543693 10.187862
0.068123 0.241381 10.249510
0.032943 0.564021 10.602263
-0.156494 0.366278 10.706319
-0.349443 0.775670 10.828699
0.098350 1.412473 10.775687
0.454837 1.129434 11.447626
-0.282966 1.510757 11.566805
-0.012293 1.026615 11.710215
0.169166 1.430951 12.015782
0.226579 1.371781 12.129023
0.009059 1.488155 11.800738
0.013863 0.888065 11.658355
-0.272789 1.636650 11.875727
0.170388 1.128355 11.176462
-0.131516 1.404482 11.026165
-0.471119 1.046436 11.230637
0.331843 0.867267 10.929767
0.010587 0.068787 10.460971
0.124315 0.296897 10.205768
-0.192824 -0.011731 10.429119
0.374869 0.085379 9.980849
-0.196172 0.150309 10.190988
-0.305846 0.092777 9.917804
0.105521 0.328564 10.217204
-0.046697 0.134635 9.826847
-0.126423 0.054163 9.944300
0.043386 -0.176236 9.717288
-0.091181 -0.168489 9.872708
0.083622 0.195904 9.638476
-0.115496 0.310914 9.777101
0.006026 -0.035021 10.036606
0.234362 0.222642 9.815314
-0.174487 0.385043 9.981262
-0.091332 0.284764 9.702878
0.282141 0.295657 9.625703
0.116352 0.156438 10.332982
-0.148460 0.286509 9.813469
-0.248273 -0.023997 9.810493
-0.211778 0.062435 10.001562
0.047640 -0.108369 9.780306
-0.000909 0.043464 10.031966
0.054388 -0.280539 9.697536
0.033204 0.224825 10.069569
0.354937 0.026123 9.962662
-0.290892 0.085976 9.594947
-0.012508 0.605968 9.870711
-0.172763 0.081558 9.706585
-0.192149 0.442422 10.052421
0.069107 0.007543 9.862386
0.308496 0.249932 9.444928
0.484188 0.360564 10.310609
0.217339 0.577127 10.604777
-0.084745 0.413638 10.745510
0.286323 0.710842 10.784932
0.244204 0.924505 11.082493
-0.074629 1.163052 11.063337
-0.107868 1.357457 11.603158
0.231599 1.781970 11.997953
0.182930 1.448459 11.656328
0.003576 1.617116 11.974388
0.124617 1.453971 11.938314
0.252175 1.590124 11.689053
-0.166770 1.139870 11.422267
0.051415 1.280009 11.095158
-0.100799 1.064611 10.984669
0.086781 0.778917 10.785853
0.010641 0.738054 10.519758
-0.048522 0.577582 10.302977
-0.331551 0.016637 10.158325
-0.263684 0.119073 10.394478
-0.275720 0.029387 10.351005
0.081626 -0.051751 9.807682
0.085873 0.339154 9.703829
-0.151522 -0.275762 9.830619
-0.281137 -0.092757 9.628263
0.214825 -0.101679 9.889386
-0.320818 0.026301 9.569368
-0.085130 0.442241 9.996435
-0.025683 0.639788 9.626965
0.233043 -0.306535 9.761215
-0.269558 0.051455 9.821194
-0.061533 0.218411 9.696580
0.065370 0.164111 9.513356
-0.149683 0.010772 9.936031
0.284248 -0.043176 9.746706
-0.174519 0.065997 9.750576
-0.054806 -0.018778 9.920326
-0.112746 -0.154432 9.896345
-0.605145 -0.120736 9.579738
0.240652 -0.088187 9.697857
-0.009724 -0.119074 9.729470
0.019422 -0.084408 9.724157
-0.202032 -0.230757 9.822127
0.061320 -0.285631 9.961988
0.152810 0.194938 9.869978
0.127416 0.437005 9.749696
-0.209138 -0.306812 10.161135
0.353757 -0.163126 9.693594
-0.064798 0.330759 9.667084
-0.393324 0.622120 10.123964
0.090883 0.282930 10.335092
-0.302841 0.315862 10.476427
-0.454178 0.599094 10.616630
-0.060538 0.730186 10.731358
-0.364406 1.044903 11.104580
-0.275056 1.188555 11.319075
-0.092205 0.880004 11.695064
-0.246610 1.426746 11.533802
-0.077745 1.708665 11.887265
0.226008 1.566077 11.889229
-0.356228 1.414701 11.735960
0.244733 1.312846 11.748428
0.045151 1.542918 11.531762
0.165557 0.835076 11.055261
-0.456669 1.173151 11.299338
0.179366 0.704930 10.817827
-0.024210 0.948337 11.028229
0.158762 0.550250 10.722472
-0.051168 0.245763 10.216131
-0.195743 0.153615 9.838008
0.205002 0.194645 10.210456
-0.325857 0.402133 9.524563
-0.239662 -0.124164 10.071544
0.045115 -0.048766 9.651475
-0.275187 0.226525 9.969728
0.270490 0.079364 9.281580
-0.248917 0.092974 9.736057
-0.111768 -0.220645 9.999518
0.091239 0.100238 9.683280
0.035258 -0.267553 9.784034
-0.505586 -0.313623 9.745538
0.475024 -0.360149 9.561284
0.043355 0.353885 9.850434
0.140428 -0.067521 9.707876
0.016437 -0.131658 9.954854
-0.321254 0.177997 9.817863
-0.042944 -0.328597 9.614042
0.239730 -0.041720 9.865680
-0.175906 -0.005811 9.535570
0.019976 0.074128 9.874123
-0.180717 -0.068410 9.917439
-0.042288 -0.057461 10.190694
-0.190198 0.216084 9.579064
0.130956 0.141631 9.707927
-0.243495 -0.394087 9.686977
0.105244 -0.215526 9.829390
-0.295286 -0.046778 9.580591
-0.015596 -0.078422 9.600985
-0.131775 -0.100923 9.661759
0.216549 0.116582 9.621044
-0.124656 0.506894 10.089664
0.299549 0.312714 10.556077
0.207328 0.749636 10.414565
-0.188494 1.074417 10.769614
0.195135 0.929897 11.192892
-0.277221 1.054395 11.203003
0.045120 1.330023 11.651041
-0.098105 1.228046 11.732002
-0.205918 1.693891 11.758037
-0.065227 1.592435 11.794727
-0.331610 1.265920 11.992484
0.016777 1.077778 11.765878
-0.111852 1.136483 11.329536
0.199986 0.782949 11.210558
0.024025 1.331626 11.275377
-0.169205 1.146273 10.659512
0.053067 0.757154 10.513240
0.139519 0.381268 10.594424
-0.367919 0.390947 10.159514
0.229941 0.179821 10.311335
0.101523 0.060406 10.082078
0.158812 0.116176 9.380598
-0.196512 0.276821 9.558811
0.176492 0.141291 9.664850
-0.399046 -0.113783 10.225603
-0.172655 -0.158851 9.610484
0.242957 -0.048583 9.684819
0.282695 0.115899 9.626142
-0.244717 0.231634 9.813358
-0.309813 -0.356623 9.586792
-0.247897 -0.409215 9.590099
-0.183816 -0.092536 10.148582
-0.053369 -0.033515 9.911851
-0.047464 0.080031 9.866123
0.024518 0.553293 9.992225
-0.216344 0.074044 9.651653
0.089250 -0.275037 9.588444
0.068782 0.199534 9.910529
0.170823 0.074764 9.844499
-0.100739 0.162600 10.014976
-0.012623 -0.023385 10.128281
-0.004084 0.015137 9.906845
-0.019561 -0.164068 9.885593
-0.007751 0.368450 9.967690
-0.119096 0.145812 9.871573
0.261885 -0.104891 9.847735
-0.019819 0.011696 9.632960
0.115182 0.105386 10.096103
-0.002005 0.003540 10.082403
-0.158841 0.405614 10.278058
0.251456 0.399276 10.144636
0.021838 0.560060 10.343367
0.266623 0.775614 10.511019
0.376575 0.859880 10.711716
-0.166051 1.313510 11.529602
0.201897 1.439910 11.621388
0.111383 1.377191 11.666483
0.147203 1.265772 11.841848
0.291723 1.436932 11.718292
0.095309 1.370068 11.546636
0.229544 1.388016 11.784632
-0.122025 1.669443 11.866091
-0.048148 1.075404 11.489125
0.114031 1.213776 11.399884
0.042340 1.167713 11.156233
0.090003 0.643019 11.441307
-0.056772 0.700316 10.802756
-0.082158 0.485611 10.454530
-0.182808 0.411669 9.912091
0.350542 0.347211 10.189314
-0.347328 -0.072598 10.202413
0.830248 0.260732 10.046447
0.104995 -0.169499 10.009035
-0.220241 -0.242117 9.555294
0.195145 -0.011483 9.830172
-0.003081 -0.225143 9.675854
-0.124085 -0.281054 9.709158
-0.216261 0.115535 9.942194
-0.258728 -0.059326 10.181212
-0.196153 0.085328 9.831104
0.218578 0.059093 9.723741
0.013353 0.016274 9.791661
-0.263822 0.248618 10.023287
-0.208838 -0.060145 9.764983
-0.231304 -0.373359 9.675881
-0.071280 -0.288247 9.845396
0.232571 0.168423 9.784663
-0.368082 0.143140 9.839278
0.084870 0.387221 9.645038
-0.574963 -0.210691 9.907209
0.005385 -0.243127 9.526057
-0.070922 -0.249219 9.914127
-0.082285 -0.125424 9.658345
0.052625 0.008522 9.850391
0.036026 -0.014439 9.603374
-0.146076 -0.078935 10.223039
-0.269767 -0.083795 9.829653
-0.060667 0.236588 9.777359
-0.046908 0.248834 10.286686
0.281500 0.161286 10.051586
0.009344 0.353351 10.072466
0.187319 0.525368 10.446424
-0.254229 0.672055 10.310821
-0.116330 0.727783 10.987936
0.375970 1.130335 11.454285
0.129042 1.401059 11.749490
-0.146367 1.151962 11.692273
-0.000736 1.458163 11.645723
-0.119252 1.802359 11.560970
0.137278 1.604846 11.494197
-0.166156 1.345668 11.893859
-0.073407 1.396974 11.403927
0.465182 1.325622 11.658311
-0.108125 1.045523 11.760602
-0.383344 1.071683 10.922304
-0.081000 0.712784 10.733341
0.007088 0.145992 10.626366
-0.018058 0.212191 10.758039
-0.118892 0.276455 10.123491
-0.016313 0.450246 10.556092
0.149128 0.303507 10.267829
0.049774 0.335844 9.997538
0.028797 0.070068 9.445717
0.058424 -0.308750 9.484946
0.038576 -0.222816 9.808577
0.027687 0.036610 9.629176
0.179736 -0.017847 9.898215
-0.239288 -0.035666 10.029459
0.194036 -0.159459 9.700888
-0.197737 -0.131283 9.530186
-0.027635 0.126628 9.652989
-0.018121 -0.044100 10.021024
-0.122318 -0.115043 9.640796
-0.227502 0.105837 9.782978
0.010962 0.254928 10.076416
-0.329247 0.129567 9.855129
-0.092318 0.065537 9.464723
0.292528 0.102989 9.636960
-0.117082 -0.340629 9.747209
-0.096546 -0.265022 9.965340
0.255359 -0.005472 9.748871
0.086997 -0.003928 9.593564
-0.130536 -0.059287 9.859637
0.001867 0.042074 9.505034
0.133044 0.000683 10.320542
-0.077527 0.064692 10.375844
0.038818 -0.013526 9.612616
0.305653 -0.210027 9.924482
-0.094711 0.048041 9.639758
0.268625 0.133057 9.818471
0.250538 0.223124 10.308857
0.168283 0.578853 10.016068
0.139071 0.639475 10.623658
-0.021815 0.518396 10.968971
-0.272878 0.958786 11.195858
0.214807 1.012126 11.668382
0.189371 1.225501 11.336761
-0.288763 1.468443 11.547999
0.239871 1.342302 11.600808
0.046725 1.362791 11.811710
0.197198 1.501652 11.805135
0.041029 1.075472 11.773824
0.031986 1.489963 11.679673
-0.040390 1.382527 11.319539
0.049431 0.953724 11.256956
-0.075298 1.169913 11.334009
0.174788 0.967857 10.381620
-0.284276 0.419734 10.463641
-0.039641 -0.004476 10.472254
0.430840 0.444814 10.278594
0.045224 -0.082691 9.939050
0.421118 -0.048604 9.748067
0.221461 0.234737 9.640420
-0.052297 -0.100381 9.823938
0.220737 -0.160806 10.027933
0.020330 0.465238 9.873766
-0.019384 0.114943 9.742571
-0.359055 -0.048104 9.758741
-0.318463 -0.014607 9.396578
-0.069537 0.048719 9.829399
-0.082214 -0.017106 9.653187
0.002163 0.011617 9.629950
0.053540 0.052291 9.776758
0.484209 -0.028140 9.754153
-0.084479 -0.194188 9.947179
-0.137249 -0.113590 9.702352
-0.196989 -0.350217 9.717412
0.174667 0.039396 10.122115
0.150191 0.104793 10.186530
-0.019429 0.012615 9.807707
0.308757 0.000503 9.680345
0.117535 -0.163252 9.916694
0.082768 -0.037881 9.923162
-0.297558 0.032592 9.717447
0.572453 0.031165 9.690722
-0.275660 0.261081 9.739993
-0.158270 0.067260 9.939944
0.126791 0.025744 9.870896
0.046407 0.153187 10.009521
0.218891 0.199900 9.898129
-0.028858 0.474708 9.884630
-0.356150 0.667702 10.759420
-0.253040 0.679689 10.609554
-0.052166 0.901509 10.671963
-0.221444 0.955703 11.135530
-0.225191 1.333978 11.294553
-0.084364 1.367915 11.532729
0.167495 1.227408 11.415979
-0.061958 1.490254 11.532791
-0.277551 1.536460 11.658444
-0.290502 1.671275 11.654583
0.229962 1.419786 11.754408
-0.042300 0.780351 11.331153
-0.025142 1.248994 11.020130
-0.010720 0.791501 11.211529
-0.003880 0.989103 11.143901
0.091798 0.831676 10.619395
0.564623 0.240283 10.349844
0.180272 0.474496 10.339413
0.135064 -0.228094 10.379349
-0.040778 0.335087 9.517839
0.051314 -0.090907 9.953482
0.063414 0.073210 9.598212
-0.011394 -0.036033 9.909062
0.197859 0.030095 9.554766
0.021516 0.522215 10.139201
-0.594880 0.012669 9.996424
-0.036465 -0.092018 9.756607
0.110438 -0.229694 10.047738
-0.011199 -0.187005 10.034870
-0.309026 -0.111042 9.695665
0.428788 -0.137004 9.379007
-0.116363 0.091110 9.966817
0.455308 0.281380 9.847585
-0.178283 0.324805 9.736287
-0.131631 -0.083415 9.559542
-0.093004 -0.046622 9.956131
-0.077618 -0.253492 9.489246
0.041914 0.014525 9.699137
-0.093491 0.077697 10.088109
-0.156029 0.017781 10.001654
-0.155223 -0.003126 9.802401
-0.262259 0.033700 9.816309
0.111017 -0.237377 9.811994
0.276347 0.415500 10.066026
-0.235414 0.090211 9.713371
0.056780 -0.154443 9.467305
-0.068903 0.166314 9.896658
0.080590 0.129178 10.005449
0.105902 0.133681 10.078067
0.348652 0.352358 10.250448
0.020577 0.440465 10.368324
0.041736 0.558454 10.660360
-0.158103 0.862005 11.047376
-0.042383 0.614278 11.282679
0.024037 0.977402 11.532719
-0.279685 1.520465 11.547037
-0.453773 1.449758 11.614218
-0.111370 1.330661 11.755499
-0.097038 1.128662 12.064414
-0.048872 1.331819 11.555257
0.154146 1.154406 11.722253
-0.116730 1.206299 11.337799
-0.124064 1.177811 11.425127
-0.157118 0.997767 11.342296
-0.332526 0.839149 10.740380
-0.210537 0.711800 10.580413
-0.243361 0.748903 10.639413
-0.386461 0.029066 10.360627
-0.056975 0.488732 10.184757
0.059893 -0.118465 10.022832
-0.255153 0.282843 9.923486
-0.164966 0.160935 10.258305
-0.043523 0.110083 9.723634
0.017070 -0.301447 9.809894
0.008715 0.359800 9.450999
-0.056177 0.257623 9.761646
-0.034268 -0.166652 9.623479
-0.365171 -0.125843 9.612129
0.023608 -0.157534 9.714082
-0.090441 -0.009633 9.704296
-0.212357 0.017153 10.023497
0.025693 -0.121964 9.785371
-0.410127 -0.027881 9.729929
-0.186692 -0.150420 9.727953
0.198492 0.218412 9.624375
-0.103615 -0.098518 9.971909
0.029101 0.018558 9.917253
-0.119283 0.272777 9.809651
-0.171182 -0.045928 10.056386
-0.085028 0.189912 9.684931
-0.153133 0.131919 9.635205
0.164508 0.070325 9.635281
-0.014289 -0.109755 9.879795
0.377560 -0.074141 9.916755
0.004888 0.004812 9.776959
-0.171483 0.067028 9.752252
-0.180960 0.224628 9.858860
-0.045620 0.353919 9.557328
0.254564 0.012579 10.103796
-0.117613 0.139351 10.504713
0.371243 0.439801 10.522490
0.011398 1.005699 10.266833
0.075425 0.694977 10.459344
-0.072106 1.385563 11.033395
0.158153 1.415783 11.375525
0.024091 0.968123 11.415278
0.181402 1.426228 11.768924
0.026632 1.916607 11.694838
0.321082 1.526701 12.148840
-0.244996 1.515137 11.702204
0.027894 1.658567 11.771218
0.244077 1.177339 11.393944
0.003221 1.168318 11.340893
-0.191726 1.255684 11.092037
0.285216 0.842951 11.060222
0.111542 0.494743 10.762904
0.385667 0.534369 10.635650
0.138654 0.385361 10.279231
0.109463 0.341273 9.791056
0.049461 0.049092 9.846239
0.259193 -0.124836 9.560104
0.159143 -0.284079 9.424411
0.181654 0.031744 9.904544
-0.088486 -0.276881 9.572843
-0.054438 -0.254481 9.871411
-0.092492 0.037007 9.841030
0.077360 0.099897 9.741220
0.036794 0.047202 9.324222
0.129305 0.029988 9.922810
-0.257369 -0.063155 9.591694
0.148920 -0.281023 9.624269
0.106863 -0.125875 9.624322
0.181344 0.189542 9.954414
0.169742 -0.046316 9.769081
-0.129616 0.033546 9.704420
-0.086613 0.119980 10.046908
0.079652 0.358863 9.668897
-0.367595 0.142926 9.655633
-0.054738 -0.353959 9.630158
-0.300445 -0.086861 9.731090
0.017992 0.247945 9.945381
-0.324434 0.121603 9.832351
-0.019565 -0.004540 9.850910
-0.138377 -0.036470 10.046788
-0.140781 -0.205978 9.797659
-0.226113 -0.344557 9.741107
0.289724 0.014073 9.874774
-0.426030 0.173533 9.943217
-0.132983 0.224627 10.095514
-0.211898 0.390322 10.481362
-0.045588 0.310527 10.419879
0.170923 0.414334 10.805175
-0.135603 0.888815 10.817670
-0.113403 1.320573 10.882788
0.097073 1.522313 11.515169
-0.266219 1.055067 11.408186
0.031582 1.459281 11.441117
-0.174551 1.315910 11.744792
0.396939 1.313363 11.614608
-0.226628 1.605315 11.772673
-0.179245 1.341533 11.537154
0.059178 1.848258 11.668684
-0.018598 1.043053 11.109385
0.146738 1.151825 11.071385
0.242667 0.844624 11.085489
0.059239 0.624170 10.498486
-0.029107 0.652456 10.353768
0.087948 0.107404 10.397947
0.062588 -0.051805 10.016686
0.186288 -0.165899 9.710354
-0.013899 0.448460 9.704543
0.099055 0.052027 9.692096
0.032227 -0.089567 9.738439
-0.332254 -0.004887 9.989819
0.011485 0.218102 9.926065
-0.011908 -0.125585 9.712747
-0.294102 -0.053416 9.839200
0.343084 0.105664 9.637029
-0.287874 -0.041310 9.972353
-0.044123 0.108397 9.773775
0.143400 -0.319452 10.130836
-0.222497 0.158746 9.755563
-0.023166 -0.048220 9.861121
0.091505 0.211672 10.091590
0.066364 0.342735 9.828595
0.215488 0.085744 9.700159
0.036247 0.100634 9.803560
0.082571 0.173073 9.805325
-0.588778 0.335654 9.750482
-0.164656 -0.224822 9.742711
-0.112550 -0.147402 9.673575
0.105949 0.406073 9.974114
0.224520 -0.075482 9.830933
0.085296 -0.131912 9.724854
0.170910 0.218059 9.823482
-0.239031 -0.059118 9.521734
0.015040 0.051081 9.755858
0.048342 0.083380 9.861372
-0.240306 -0.050653 9.891969
0.315742 -0.054385 9.920168
0.175630 -0.039326 10.039682
0.240435 0.276077 9.901686
0.472027 -0.123057 10.234816
0.153660 0.268077 9.745992
0.168895 0.285395 9.592528
-0.032665 -0.428251 9.774333
-0.163202 -0.043554 10.394729
0.343561 -0.287890 9.921148
0.159786 -0.067579 9.845662
0.055196 -0.269322 9.603734
0.034459 0.019881 9.668287
-0.158875 -0.017956 9.987230
-0.015297 0.324546 9.670836
0.038622 -0.070859 9.927592
-0.156318 0.385480 9.471878
0.343096 0.017998 9.920485
0.266905 0.171532 9.663995
0.120018 0.373495 9.632542
0.423686 0.077140 9.723354
-0.178658 -0.044657 9.418944
-0.083049 -0.052585 9.595117
0.146623 -0.029526 9.704635
-0.076681 0.127104 9.910552
-0.165694 0.148263 9.988482
-0.271688 0.153779 10.249819
0.048989 0.270000 10.429401
-0.285163 0.240798 10.419346
0.185898 0.581278 10.595329
0.171479 0.605842 11.272900
-0.261248 0.565397 10.952776
-0.227105 0.694547 11.641778
-0.127448 1.015991 11.131716
-0.315375 1.170107 10.953038
-0.431360 0.929761 11.580209
-0.274744 1.048226 11.293752
0.068078 0.606196 11.371285
-0.217068 1.041068 10.957527
-0.154113 0.747241 10.785561
-0.393431 0.547148 10.851940
-0.264998 0.482613 10.273243
-0.163302 0.635313 10.610634
-0.082823 0.364723 10.128394
0.281092 0.625033 10.166916
0.492638 -0.012904 9.748401
-0.153539 0.012184 10.358321
-0.059178 -0.157704 9.652102
0.228004 0.199460 9.712904
-0.375157 -0.225719 10.154249
0.137762 0.013092 10.183767
0.391665 -0.007188 9.806486
-0.116409 -0.056921 9.512735
-0.298077 -0.344532 10.026867
-0.312280 0.389992 9.663924
0.347470 -0.073011 9.496763
0.256756 0.280373 9.628790
-0.066330 -0.181159 9.785895
0.021566 -0.070277 9.446222
-0.116176 0.140704 9.768220
-0.065488 -0.186155 9.687990
0.281790 -0.227955 9.954165
0.009411 0.048962 9.663529
-0.070355 -0.001144 9.705867
0.066286 0.091488 10.244541
0.055638 -0.382449 10.042604
-0.040774 0.402385 10.104185
-0.101053 0.144381 9.691209
0.000538 0.135197 10.032600
0.179041 0.014998 10.306685
-0.073004 -0.321440 9.527060
0.294802 -0.015331 9.841811
-0.108505 -0.090540 9.652581
0.094230 -0.019476 9.897001
0.067888 -0.085176 9.518254
-0.309160 0.605330 10.105635
0.268037 -0.134921 9.811902
-0.163073 -0.262416 9.692245
0.265237 0.168149 9.615990
-0.062963 0.149825 9.695806
0.015917 0.080369 9.888186
0.050829 -0.130739 9.699805
-0.226730 -0.312267 9.787050
0.163252 -0.276056 9.864595
0.156926 -0.367347 9.755884
0.329242 0.110388 9.435909
0.131668 -0.149547 9.948261
-0.138016 -0.010606 9.702491
0.000632 -0.113456 9.765292
-0.235121 0.098132 9.845057
-0.323306 0.198583 9.774742
0.032352 0.152912 9.875648
0.233041 -0.058659 10.016886
0.024585 0.101527 9.890726
0.248146 0.144282 9.721411
-0.128253 -0.009951 9.657980
-0.210438 -0.425610 9.500147
0.397081 -0.131300 10.190692
0.070277 0.000241 9.531673
-0.039880 0.418615 10.207435
-0.034763 -0.141520 9.807184
-0.324425 0.407139 10.460296
-0.190788 0.165766 10.603788
-0.509084 0.318850 10.562191
-0.571829 0.265863 10.507655
-0.199326 0.858022 10.848912
-0.612375 0.430055 10.986398
-0.733072 0.593912 11.204030
-0.752887 0.623436 11.187001
-0.765797 0.603049 11.440646
-1.066786 1.016387 11.337106
-0.580281 0.836354 11.146595
-0.854696 0.454899 11.174678
-0.483187 0.496565 11.242969
-1.032316 0.472910 11.219476
-0.516866 0.309320 10.694585
-1.004873 0.190685 10.861851
-0.429890 0.215577 10.003235
-0.556134 0.464392 10.417505
-0.413395 0.025394 10.128117
-0.328836 -0.312615 9.966775
0.073707 0.158550 10.070955
-0.321065 0.021773 9.778103
-0.017444 -0.042356 9.677910
-0.603558 0.232366 9.875998
-0.296858 0.094626 9.720539
-0.083794 -0.153683 9.917386
-0.159965 -0.219367 10.036349
-0.035776 -0.029497 9.948493
-0.133517 -0.093631 9.871143
-0.308276 0.044220 9.658858
0.171095 0.109333 9.892910
-0.321392 -0.020679 9.574547
-0.007373 -0.463056 9.501834
0.237807 0.073811 9.739237
-0.181749 -0.216851 9.850031
-0.068726 0.309329 9.773047
0.011744 -0.277701 9.737860
0.035398 -0.074557 9.712874
0.065382 0.302965 9.838994
0.228837 0.124320 10.026871
-0.121944 -0.041385 9.769445
0.109255 0.158483 9.835011
0.175341 -0.112666 9.987076
0.203162 0.135499 9.836834
0.142665 -0.178801 9.849672
0.060102 -0.265903 9.904917
-0.249764 -0.085584 9.817952
-0.146147 0.016511 9.823311
-0.164036 0.113595 9.657169
0.457595 -0.021896 9.575741
-0.196868 0.229516 9.728170
-0.272753 0.170743 9.726885
0.130684 0.187113 9.864893
0.479181 -0.344948 9.646410
-0.051190 0.452235 10.169600
0.257738 -0.158825 9.674497
-0.165712 -0.156685 10.108541
-0.048753 -0.022300 9.964877
-0.332706 0.010529 9.590626
-0.058883 -0.117284 9.682404
0.045116 0.044243 9.766036
0.074137 -0.173723 9.946317
-0.041240 -0.096733 9.651048
-0.048279 0.374128 9.797337
-0.228881 0.183764 9.715614
0.056752 -0.121132 10.066155
-0.118152 0.279572 9.600148
-0.058581 0.279999 9.843635
0.454293 -0.053828 9.861409
0.381030 -0.302785 9.482450
-0.159102 0.162675 9.488030
0.119410 0.105341 10.212878
0.194825 0.075533 10.103620
0.051523 -0.081282 9.666987
-0.237390 0.015547 10.033621
-0.639181 -0.003444 10.139668
-0.207474 0.385828 10.331177
-0.613855 -0.281218 10.607000
-0.724162 0.278351 10.929887
-0.974121 0.237692 11.084478
-0.566337 -0.272363 10.815318
-1.114806 0.268514 11.204048
-1.465608 0.116483 11.384236
-0.938420 0.213912 11.215208
-1.194075 0.183970 11.320419
-0.844965 0.323959 11.305379
-0.707048 0.101665 10.935287
-0.763359 0.189095 11.220769
-1.023035 0.505072 11.128149
-0.722905 -0.060177 11.041384
-0.770698 0.557257 10.527762
-0.087842 0.045503 10.785747
-0.463955 0.064235 10.454996
-0.079727 0.260621 10.036457
-0.106556 0.273240 9.857566
0.058251 -0.033100 9.937083
0.002638 -0.154934 9.779655
0.028986 -0.020545 10.124547
0.201991 0.057996 9.657371
-0.164805 0.394762 9.608023
0.022772 0.072190 9.747735
-0.200441 -0.156979 9.700699
-0.141899 0.265544 9.808175
-0.104760 0.021392 9.943591
-0.068924 0.180396 9.555771
0.234261 -0.001790 9.800398
-0.138603 -0.245570 9.476666
-0.152555 0.117535 9.617744
-0.309690 -0.181813 -0.076967
-0.069100 -0.025779 10.016521
0.249851 0.401093 9.485019
-0.171177 0.139697 9.719194
0.172157 0.041423 10.125841
0.208543 0.212203 9.727626
-0.019492 -0.061051 9.508822
0.294354 0.149077 9.740995
0.260919 -0.126074 9.442373
0.201474 -0.255712 9.770845
0.041225 0.077093 9.979680
0.116170 0.109979 9.651850
0.058849 -0.301110 10.122428
-0.280513 -0.069288 9.546225
-0.146033 0.002686 9.704248
0.207056 0.045380 9.746476
-0.112624 0.243940 10.106318
-0.416371 -0.136130 10.156447
-0.253278 -0.210076 10.391761
-0.662221 0.260765 10.561285
-0.885982 -0.105815 10.580171
-0.808427 -0.040795 10.701439
-1.294805 0.109805 11.221852
-1.154941 0.054146 11.254281
-1.274585 0.507701 11.793424
-1.471774 -0.104674 11.123368
-1.264468 0.157321 11.672176
-1.786342 -0.231053 11.898880
-1.496075 0.138318 11.798230
-1.220740 0.073915 11.861215
-1.729320 -0.246869 11.485640
-0.960135 0.376106 11.345218
-1.138270 -0.390994 11.337318
-0.950441 0.591667 10.782656
-0.238542 0.149673 10.483810
-0.437618 0.154276 10.410345
-0.156355 0.163191 10.361203
-0.191912 -0.234988 10.046132
-0.050695 -0.375210 9.958391
-0.041154 -0.259325 9.772457
-0.062369 0.386019 9.854024
0.207209 -0.023563 9.435217
0.134468 -0.131637 9.742880
-0.210594 0.014554 10.023036
0.186548 0.317238 10.155592
-0.409175 -0.238724 9.448362
0.126386 -0.138616 9.712164
-0.043319 0.076514 9.512936
-0.251773 0.000259 10.049749
-0.005079 -0.158332 9.380358
0.190535 -0.147186 9.580513
-0.343065 -0.287820 9.617757
-0.047770 -0.241748 9.847142
-0.049290 0.444398 9.469111
0.032296 0.034801 9.603889
0.019050 0.153919 9.829298
0.276893 -0.435538 9.641553
0.295011 0.182405 9.918102
0.246643 -0.383312 9.969122
0.212874 -0.131740 10.335847
0.039270 -0.438554 9.886254
-0.143972 0.232999 9.919589
-0.119584 0.300490 9.997890
-0.165584 -0.030409 9.913383
-0.072853 -0.066880 9.817345
-0.234953 -0.446553 9.886885
-0.483688 -0.198608 9.570228
-0.518306 0.085271 10.017028
-0.375632 -0.263180 10.110765
-0.408755 -0.010417 10.619930
-0.466579 -0.050444 10.319013
-0.991731 -0.019538 10.775239
-1.226879 0.013950 11.650666
-1.273686 -0.000561 11.115658
-1.062703 0.174949 11.719658
-1.142133 -0.085468 11.634972
-1.136231 0.126546 11.337097
-1.409036 -0.116340 11.989634
-1.396568 -0.348109 11.834708
-1.371966 0.072692 11.810562
-1.012190 0.082778 11.563090
-0.946455 0.448548 11.561079
-0.974712 0.086506 11.215814
-0.836699 0.433034 10.780726
-0.428616 -0.025171 10.393379
-0.521710 -0.109355 10.570911
-0.305691 -0.204405 10.536137
0.029410 0.317211 10.108882
-0.093055 0.140712 9.809049
0.004218 -0.035136 9.546851
0.025491 -0.088193 9.761490
0.072757 0.254507 9.640246
-0.067312 -0.153017 9.643964
-0.118914 -0.039290 9.927174
0.064089 -0.211371 10.068832
0.188882 -0.180237 10.054822
0.065388 -0.031291 9.881616
-0.005154 0.109016 9.847463
-0.067485 -0.405165 9.915437
-0.074731 0.155589 9.906335
-0.069533 0.204598 9.850968
0.032729 -0.027622 10.146711
-0.142653 -0.064535 9.562533
0.145346 -0.116430 9.715993
-0.103387 0.012544 9.559848
-0.448649 0.091541 9.387288
0.170828 0.311706 9.777155
0.259899 -0.004851 10.129848
-0.091244 -0.472976 9.794018
0.341593 0.106994 9.706935
0.065780 0.194225 9.792877
0.525278 -0.103484 10.010502
0.152387 -0.139965 9.725112
0.203620 0.028958 9.877614
-0.327193 0.131200 9.867459
-0.034576 0.072178 9.757215
-0.204288 -0.048377 9.831703
0.247489 0.182374 9.867795
0.083308 -0.086571 10.247826
-0.304563 -0.393998 10.407990
-0.774264 0.041016 10.763473
-0.855854 -0.024729 11.143563
-0.955656 0.008285 11.194179
-0.808871 0.034535 11.275175
-1.693183 -0.286787 11.465106
-1.435767 -0.111124 11.765685
-1.591908 -0.182898 11.903471
-1.226121 -0.221434 11.858743
-1.859207 -0.294908 11.663189
-1.187110 -0.155741 11.532236
-1.304166 0.007417 11.401484
-0.778804 -0.053073 11.400782
-1.096310 0.087994 11.411596
-0.507670 -0.152453 11.150696
-0.549661 0.194907 10.671087
-0.521454 0.187143 10.646334
-0.010807 0.039710 10.220552
-0.680588 -0.322252 9.982639
-0.306120 0.162826 9.662540
-0.122055 -0.092405 10.080007
-0.121648 0.090482 9.849141
0.180658 0.170043 9.803312
-0.339259 -0.046348 9.806009
0.057202 -0.147511 10.038180
0.002724 -0.184099 9.718354
0.385709 0.132876 10.019691
-0.208317 -0.137766 9.673716
0.036879 -0.034800 9.712101
-0.072814 -0.158807 9.774032
0.222643 -0.302628 9.879296
0.276019 -0.036637 9.704225
0.184846 -0.196844 9.805462
-0.207969 -0.374020 9.779603
-0.252679 -0.002334 10.033006
0.370851 0.018706 10.013843
0.079793 -0.076623 9.425045
0.325298 -0.209820 10.086554
0.107362 -0.195203 9.872400
0.426582 0.307131 9.707457
-0.142396 0.020042 9.776897
0.239947 0.147918 9.471552
0.091735 -0.035818 9.817422
0.049789 0.239746 10.005559
-0.149949 -0.011722 9.720296
-0.336369 -0.021874 10.178951
-0.364202 -0.004812 9.827831
-0.028361 -0.192545 9.639522
-0.464336 0.266187 9.864952
-0.423864 0.420927 10.095084
-0.415566 0.212762 10.658539
-0.925913 -0.142670 10.749936
-0.454599 -0.152302 10.831814
-0.932039 0.123932 11.300656
-1.345320 -0.106410 11.421165
-1.058921 -0.047697 11.554050
-1.619278 0.372645 11.726309
-1.262655 0.005979 11.797995
-1.800062 -0.430152 12.060381
-1.462595 0.041286 11.531131
-1.594705 0.212460 12.043485
-1.435638 0.134297 11.596516
-1.200154 0.370392 11.287424
-0.767811 0.076285 11.161227
-0.565999 0.058027 10.911251
-0.383709 0.249852 10.929856
-1.261607 0.088035 10.497819
-0.330924 0.121956 10.294047
-0.053055 -0.053592 10.361125
0.069881 0.108505 10.023285
0.209663 0.204338 9.816504
0.198062 0.034810 10.193385
0.219546 -0.125122 10.276142
-0.420408 0.127471 9.670751
0.376436 0.050561 9.651241
-0.053299 -0.142786 9.748845
-0.065730 -0.150231 9.864013
0.078245 -0.199261 9.478346
0.062191 0.106384 9.956043
0.110235 0.314543 10.009414
0.535966 0.620129 9.458379
-0.439428 -0.001478 9.910846
-0.015177 0.140716 9.755952
-0.138790 -0.108578 9.769966
0.168702 -0.097348 9.752206
0.114043 -0.039759 10.033342
-0.183901 -0.227273 9.870926
0.080858 -0.172992 10.078719
0.384987 -0.125571 10.107460
-0.476426 0.215222 9.638447
0.195215 -0.192255 9.796302
-0.162023 -0.042776 10.175985
-0.021588 0.422060 9.732837
0.298353 -0.325139 9.752698
-0.107222 0.307541 9.847050
-0.417617 -0.262026 9.607468
0.165016 0.161001 9.778978
-0.195610 0.143278 9.698639
-0.097083 0.074504 10.006571
-0.244416 0.020419 10.341419
-0.750867 0.122900 10.660715
-0.595407 0.120243 10.667479
-0.662136 0.013049 10.700948
-0.851910 -0.326829 11.221161
-1.252893 -0.089625 11.412462
-1.453241 0.102441 11.569870
-1.537551 0.267636 11.736413
-1.352046 0.283318 12.060978
-1.384043 -0.060532 11.524059
-1.436868 0.218917 11.851805
-2.103009 0.174012 11.881756
-1.371627 0.197672 11.684104
-1.313150 0.254260 11.124569
-1.027403 -0.031400 10.999517
-0.779644 0.262074 11.180085
-0.514865 -0.339185 10.422273
-0.450813 -0.006847 10.355779
0.057113 0.021172 10.350418
0.008962 0.010992 10.579702
-0.273982 -0.121214 9.735979
0.290738 0.160417 9.730228
-0.172775 0.276978 9.882338
0.282084 -0.012030 9.912307
0.060046 -0.124822 9.781171
-0.236861 0.098821 9.962250
0.198032 0.133309 9.784358
0.310394 0.178462 10.087709
0.290257 -0.025120 9.887576
0.154913 -0.229828 9.584605
-0.259862 -0.021620 9.743337
-0.287134 0.029872 9.790876
0.236448 0.402596 9.901290
-0.139326 0.129345 9.811861
-0.048025 -0.172320 9.717156
-0.035558 0.160819 9.912205
0.365115 0.134868 9.894859
-0.061246 -0.207493 9.696021
-0.139968 -0.512181 9.608274
0.320442 0.073720 9.734695
0.079696 -0.390681 9.866420
0.255498 -0.024223 9.455602
-0.082788 0.255852 9.861726
-0.283662 0.473526 9.559238
-0.048585 -0.207477 9.602800
-0.090430 0.127230 10.068106
-0.077234 -0.202029 9.905728
0.079799 0.048075 9.894206
-0.108421 0.019630 9.888214
0.025432 0.445692 10.097420
-0.325266 0.051172 10.110351
-0.331051 0.088235 10.371301
-0.479184 0.003798 10.495452
-0.770082 0.047399 11.122620
-0.849644 -0.021845 11.070187
-1.175700 0.072662 11.474816
-1.251101 -0.018152 11.757874
-1.548952 0.495881 11.848070
-1.703703 0.037046 11.935479
-1.569874 -0.299029 11.602187
-1.369788 -0.350923 11.491073
-1.306725 -0.044510 11.556300
-1.410329 -0.294163 11.655401
-1.337357 -0.107150 11.447422
-1.067279 -0.140931 10.766717
-0.766917 0.015799 10.827059
-0.867077 0.002552 10.785558
-0.464495 0.327613 10.596350
-0.345408 0.147656 10.251668
-0.179578 0.259273 9.881878
-0.081246 0.237942 9.986342
-0.095604 -0.341232 9.384989
0.415236 0.061702 9.693185
0.069891 -0.189535 9.743760
-0.188188 -0.282655 9.389003
-0.319531 0.204258 9.612624
0.106978 0.191329 9.813316
-0.059713 0.026605 9.726676
0.240782 0.375307 10.099962
-0.430313 -0.087405 9.810832
0.092612 -0.345463 9.461311
0.261358 -0.111824 9.512519
-0.220728 0.078095 9.645490
0.048325 -0.195745 9.461160
0.284876 0.079638 9.743250
-0.104272 0.292980 9.928306
0.229363 -0.116739 9.820133
0.080440 -0.110014 9.790894
-0.116722 0.079812 9.545721
0.114394 0.062143 9.769338
0.089903 -0.072988 9.675974
0.108745 0.117403 9.708546
-0.118610 -0.036595 9.699599
0.305024 0.063295 9.812920
-0.186545 0.147798 9.687679
-0.130549 0.154523 9.887465
-0.500690 -0.031554 9.835104
-0.089713 0.032073 9.477121
-0.652112 -0.195094 9.980993
-0.833608 -0.168709 9.676937
-0.372476 0.391580 10.198500
-0.505547 0.167846 10.459656
-0.702596 0.185329 10.783841
-0.782677 -0.027756 10.861324
-0.832519 -0.067293 11.410855
-1.385478 0.286757 11.472473
-1.505090 0.101796 11.428450
-1.407406 -0.097325 11.668874
-1.289920 0.103702 11.555869
-1.713619 0.054155 11.878637
-1.613095 0.318263 11.943641
-1.539207 -0.144451 11.649893
-1.377754 0.251231 11.755415
-1.169035 0.135581 11.542660
-1.004302 0.080524 11.283442
-0.742881 -0.155761 10.794995
-0.717316 -0.141333 10.394843
-0.348856 0.069282 10.187522
-0.372135 -0.036857 10.278324
-0.405001 -0.270799 10.165434
-0.392700 -0.046533 9.859329
-0.046451 0.050544 10.158772
-0.319898 0.175316 9.307568
0.278742 -0.408574 10.297279
-0.077954 0.258077 10.026831
-0.087298 -0.071950 9.642568
0.157474 -0.084694 9.646203
0.107455 -0.179435 9.744204
0.021421 -0.128486 9.711690
0.306997 -0.040847 9.738075
-0.035025 0.090891 9.603227
0.085443 0.051164 9.452269
0.358851 0.292163 9.649887
-0.224485 0.045610 9.524827
0.272857 -0.093691 10.134361
-0.164881 -0.022440 10.063443
-0.064648 0.054418 10.028532
-0.111209 -0.252348 9.518258
0.116687 0.077756 10.022333
-0.054809 -0.286147 9.339450
0.573593 0.105385 9.837358
0.055728 -0.286268 9.651026
0.348666 0.131669 9.657280
-0.245363 -0.103139 9.746914
0.409829 -0.037653 9.572090
-0.011720 0.052868 9.553891
0.080433 0.241783 9.837734
-0.181207 -0.105774 9.507291
-0.112675 0.062156 9.745217
0.199323 0.158456 9.702934
-0.678404 -0.196805 10.556572
-0.305862 0.324742 10.457437
-0.701495 -0.249502 10.759400
-0.879636 -0.046934 11.254147
-1.041223 0.266196 10.846990
-0.638426 -0.074654 11.519502
-1.138128 -0.099471 11.722317
-1.239891 -0.142629 11.555196
-1.469145 -0.023099 12.059568
-1.359466 -0.014085 11.931216
-1.887537 -0.123062 11.838506
-1.191019 0.039954 11.987104
-1.137795 -0.097666 11.530505
-1.094364 -0.089727 11.684323
-1.237699 0.063221 11.311694
-0.903092 -0.107760 10.915320
-0.497198 -0.099970 10.475679
-0.253929 0.079859 10.656967
-0.172085 0.435978 10.464930
-0.333433 0.094054 9.949992
-0.176733 -0.282500 9.867321
0.087213 -0.013204 9.619185
-0.304604 0.422369 9.875032
-0.164814 0.092357 10.247837
0.124092 -0.557414 10.340458
-0.369849 -0.041202 9.583319
-0.148000 0.056882 9.395795
-0.018049 0.229468 9.641352
-0.278057 -0.027861 9.742332
-0.119046 -0.237669 9.913837
0.119053 -0.213129 9.624549
0.027298 -0.192994 9.845732
0.293609 -0.011965 9.567277
0.078421 -0.035531 9.779969
0.095065 0.138207 9.817100
-0.012136 0.412708 10.050111
0.166709 0.026241 9.608851
0.225477 0.028859 9.694566
-0.048628 -0.193237 10.021466
0.136607 0.036326 9.801443
-0.136134 -0.426015 9.527415
-0.148529 -0.178593 9.867872
0.162299 -0.025688 10.091783
-0.156580 -0.027107 9.799803
0.218437 0.021177 9.836714
-0.330969 -0.179981 10.029190
-0.415068 0.268599 9.909933
-0.171298 -0.166410 10.218249
0.196373 -0.023888 9.951462
-0.317853 0.026957 9.926709
-0.339660 0.362066 10.222812
-0.693651 -0.273274 10.480819
-0.811777 0.049321 10.365563
-0.702352 -0.212033 10.939796
-1.083614 0.343678 11.198903
-0.786954 0.112148 11.663146
-1.353143 0.069101 11.802239
-1.233100 0.106199 11.629869
-1.509962 0.227532 12.050124
-1.618573 -0.148752 11.629173
-1.312266 -0.185895 11.944462
-1.304954 -0.109018 12.008228
-1.603835 0.331907 11.622288
-1.590742 0.318376 11.572507
-1.101596 -0.192944 10.850792
-0.357313 -0.184676 10.677819
-0.606014 -0.327579 10.493154
-0.285052 0.092842 10.378121
-0.320290 -0.088494 10.229536
-0.340979 -0.116048 9.939354
-0.231080 0.208782 10.078567
-0.208266 -0.238879 9.807603
0.431058 -0.205541 9.777755
0.017744 -0.021728 9.718358
0.231016 0.090892 9.979161
0.117876 0.178790 10.126881
0.266209 0.464961 10.053468
-0.133889 0.169462 9.952087
0.384059 -0.193432 9.921590
-0.136214 0.102509 9.767051
0.095894 -0.282068 9.968645
0.041212 0.030439 10.200046
-0.076497 0.068453 9.830054
0.039608 0.444361 9.822761
-0.113456 0.374181 9.748462
-0.321036 -0.148169 9.560683
-0.359993 -0.072603 9.795957
0.236106 0.125880 9.926767
-0.178642 0.176987 10.088247
0.078914 0.084504 9.557062
0.210887 0.356166 9.874590
-0.118871 -0.032399 9.725916
-0.072090 0.129597 9.865893
0.200787 0.074181 9.637182
-0.100138 -0.112568 9.772706
0.358943 0.390980 9.977320
0.023753 -0.272330 9.854002
-0.179795 0.326104 9.517837
-0.009011 -0.174848 9.922641
-0.055403 0.204394 10.049351
-0.171708 -0.132494 10.291043
-0.283605 0.066420 10.349526
-0.715406 0.203131 10.471094
-1.029266 0.120318 10.842708
-1.306565 0.270164 10.944685
-1.215935 -0.123904 11.318528
-1.488307 0.142856 11.580675
-1.217361 -0.121834 12.122060
-1.859136 -0.317027 12.131559
-1.405192 0.068277 11.896255
-1.363965 0.059954 11.587761
-1.250454 0.132136 11.981142
-0.958535 0.066095 11.313001
-0.821544 -0.203630 11.445658
-1.067300 -0.086125 11.317465
-0.791511 0.102648 10.767399
-0.694412 -0.153907 10.649649
-0.507799 0.368861 10.403517
-0.749071 0.279018 10.331787
-0.214819 -0.087443 9.872104
0.301702 0.010369 9.576994
0.043754 0.241234 9.870345
-0.180319 -0.198215 9.626536
0.304332 -0.014333 9.474255
0.076827 0.028207 9.720221
-0.204081 -0.212779 10.027327
0.049503 0.095729 9.858952
0.065538 -0.093679 9.768834
0.232982 0.282918 9.565582
-0.041652 0.167857 10.186416
0.356392 -0.159152 10.065009
0.011727 0.208883 9.967656
-0.252793 0.109995 10.011139
-0.004031 -0.049263 9.495667
0.136724 0.041750 9.625563
-0.065168 0.030901 9.698273
0.000535 -0.349987 10.079884
0.003182 -0.219871 9.318058
0.205827 0.111618 9.852137
0.172730 0.172180 9.848888
-0.050843 -0.083428 9.894188
0.279406 -0.020581 10.105295
0.074630 0.076138 10.291022
0.330536 0.335722 9.650477
0.438437 -0.016443 9.764502
-0.431850 0.065258 9.593329
0.081651 -0.232313 10.169540
0.088521 0.455974 9.634453
0.223928 -0.360542 9.966159
-0.314942 -0.089591 9.958190
-0.506895 -0.251938 10.153450
-0.460841 0.232739 10.514465
-0.426289 -0.295635 10.602869
-0.698202 0.068638 10.758302
-0.829140 -0.106255 11.009132
-1.078659 0.001234 11.273482
-1.422757 -0.213959 11.479361
-1.194090 0.048910 11.887175
-1.374993 -0.122449 11.451114
-1.685371 -0.134247 11.660283
-1.282002 0.194118 12.223318
-1.566836 0.319490 12.013709
-1.357836 0.094711 11.806657
-1.187833 -0.027278 11.252597
-1.487961 0.014094 11.022631
-1.055472 0.084438 10.640274
-0.498382 0.096720 10.609425
-0.496708 -0.238044 10.605463
-0.286479 0.052370 10.342313
-0.317100 -0.303812 10.252953
0.051836 -0.107072 10.006366
0.229801 0.227740 9.726146
-0.297752 -0.263443 9.747655
0.292463 -0.145689 9.690734
-0.123382 -0.106346 9.807755
-0.256010 0.216872 9.781036
0.495827 -0.234714 10.127973
0.278269 -0.082337 9.730988
-0.184260 -0.181964 9.809879
0.004139 -0.320471 10.268701
-0.051903 0.013122 9.684753
-0.053402 -0.071576 9.809414
-0.002918 0.160973 9.855444
0.140857 -0.001962 9.856251
-0.048261 0.200622 9.874524
-0.031615 -0.037582 9.788152
0.006089 -0.011272 9.698232
0.152980 0.165615 10.166771
-0.120726 0.133288 9.428173
0.165809 -0.291316 9.613134
0.066445 -0.124300 9.658329
-0.096963 0.145925 9.623422
-0.010831 -0.075731 9.973978
0.169584 -0.367056 10.019022
-0.122151 0.047258 9.622218
0.074227 0.510270 9.835433
-0.091970 -0.046432 9.516194
0.267999 0.062577 9.629279
-0.289172 0.003056 10.110943
-0.418815 0.222682 10.043163
-0.510000 -0.093538 10.591646
-0.761689 -0.146379 10.645912
-0.616306 -0.158248 10.882422
-0.637943 0.066278 10.808057
-1.107615 0.056935 10.902219
-0.910492 0.340042 11.330874
-1.240162 0.237160 11.949623
-1.102696 -0.347108 11.632345
-1.378069 -0.098843 12.137495
-1.174125 -0.163186 11.777520
-1.628117 -0.039026 11.735855
-1.223240 -0.177693 11.172106
-1.632292 -0.205660 11.427372
-1.138614 -0.215959 11.135845
-1.201843 -0.223131 11.053706
-0.959860 0.137811 10.732631
-0.731117 -0.109005 10.851240
-0.514902 0.210139 10.224921
-0.333825 -0.115178 9.996726
-0.202119 0.346586 9.890907
-0.111399 -0.262446 9.632698
-0.179244 -0.089997 9.757942
-0.045205 -0.329667 9.684811
0.100352 -0.271649 9.738971
0.058569 -0.156453 9.878305
-0.304225 0.177690 9.883160
0.011133 0.224964 9.744130
-0.123571 0.274509 10.178153
-0.138688 -0.022749 10.019009
-0.015629 0.118918 9.966081
-0.112461 0.083855 9.808761
-0.243374 -0.197931 9.679517
0.185704 0.192272 9.959983
0.088022 0.082565 9.865512
0.081519 0.095073 9.529116
-0.158049 -0.205784 10.031429
0.330820 -0.433810 10.122963
0.017344 0.202544 9.911293
0.288079 0.041948 9.537309
-0.021135 0.103131 9.766808
0.131546 -0.013139 9.690898
-0.217196 -0.078363 9.850914
-0.391878 -0.156015 9.410662
-0.123415 0.239463 9.572777
0.140632 0.569765 10.100708
0.026703 0.171687 9.536063
-0.314683 0.005740 9.889722
0.197087 -0.113752 9.877737
-0.054086 -0.026279 9.910049
-0.359558 0.055941 10.100499
-0.411954 0.133155 10.447502
-0.348571 -0.208489 10.475324
-0.841884 0.019311 10.507956
-0.584970 0.156666 11.161135
-0.805609 -0.054120 11.079483
-0.827704 -0.033024 11.107149
-1.109890 0.028755 11.859700
-1.365498 -0.004000 12.000680
-1.785900 -0.117072 11.603469
-1.939016 0.174635 11.698516
-1.297133 0.077817 11.902370
-1.505172 -0.152850 11.713408
-1.127549 -0.010076 11.418123
-1.415852 0.040833 11.267251
-1.030302 -0.047756 11.075719
-0.781642 0.110901 11.323592
-0.508004 0.318736 10.525743
-0.804235 -0.002886 10.627001
-0.183719 0.242276 9.734626
0.061978 0.067093 9.752687
0.058798 0.033897 10.000790
0.178028 0.086055 9.544493
-0.028605 -0.323529 9.939812
0.279594 -0.248290 9.675707
-0.176474 -0.090781 9.892485
-0.088614 0.130506 10.023076
0.220352 -0.223636 10.087186
0.293214 0.310536 9.778437
-0.150368 -0.196848 9.589644
0.002338 0.169570 10.071312
-0.097111 -0.007738 9.789162
-0.127056 0.147150 9.882570
0.028365 0.071661 9.933090
0.121087 -0.167698 9.989266
0.051073 -0.086923 9.856846
0.068895 0.216357 9.600769
0.264997 0.004633 9.708769
-0.107352 -0.200274 9.461817
0.135480 0.396177 9.486477
-0.190086 0.150317 9.800873
0.166884 -0.020344 9.693875
-0.045168 -0.476418 9.581303
0.189656 0.238380 10.091233
0.088174 -0.451214 9.682999
0.264931 0.324611 10.082530
-0.047250 -0.261315 9.801874
0.002961 0.313113 9.855558
-0.018457 0.014699 9.919030
0.039380 -0.144907 9.713020
0.085495 -0.328208 10.389039
-0.706087 -0.116908 10.436306
-0.483978 -0.263295 10.540681
-0.646197 -0.043210 10.564679
-0.847324 -0.116384 11.417443
-1.063957 -0.074751 11.056278
-0.820658 -0.327813 11.449951
-1.359241 -0.284680 11.394695
-1.350701 -0.172879 11.747369
-1.132376 0.034120 11.490239
-1.669359 -0.057081 11.739553
-1.447804 0.062489 12.127047
-1.414836 -0.230439 11.926217
-1.058778 0.046489 11.509232
-1.051539 -0.042216 10.966923
-0.903259 0.178450 11.452822
-0.986554 0.045233 10.980097
-0.642521 0.022971 10.696891
-0.441696 0.148136 10.699453
-0.475218 -0.034460 10.157414
-0.301751 -0.323206 10.066334
0.009956 -0.031020 9.922752
0.061894 0.282224 9.755105
-0.234322 -0.018088 10.186712
-0.232180 0.130027 10.041583
-0.473107 0.082045 9.930682
-0.053467 -0.129288 9.691868
-0.065714 -0.060419 9.711845
-0.068895 0.238158 9.567114
-0.349812 0.241357 9.771596
-0.077646 -0.022243 9.851855
-0.104810 0.101186 9.617547
-0.060365 -0.442939 10.044447
-0.035218 0.134021 9.905315
0.109963 -0.001555 9.887645
-0.192257 -0.234236 9.789779
-0.135955 0.285093 9.885029
-0.143296 -0.054308 9.836601
-0.013601 0.054349 9.823731
-0.278131 -0.430181 9.735278
0.112099 -0.072474 10.057313
-0.009377 0.271439 10.040381
0.210257 -0.240702 9.813428
0.244555 0.054469 9.920872
-0.277577 0.383758 9.651725
-0.398885 -0.070225 9.320503
-0.217025 0.511702 9.733992
-0.285557 0.005060 9.630439
0.151110 -0.177909 9.893205
-0.315320 0.519806 10.025269
-0.217718 -0.058592 9.950769
-0.476134 -0.157679 10.577601
-0.594569 -0.425884 10.222202
-0.474053 -0.050465 10.662647
-0.606440 -0.155433 11.057020
-1.149530 0.115175 11.086378
-1.224358 0.164027 11.527670
-1.344469 -0.094325 11.878340
-1.296226 -0.078228 11.564839
-1.273227 0.023080 11.748231
-1.477005 0.067559 11.798662
-1.237469 0.251868 11.887319
-1.139148 0.001699 11.833522
-1.110492 0.203808 11.741711
-1.049811 0.391426 11.270126
-1.046998 -0.042902 11.090991
-1.238157 0.274973 10.725329
-0.625635 -0.284372 10.813606
-0.641126 -0.227192 10.494264
-0.464098 -0.114832 10.276293
-0.028619 -0.163680 9.863251
-0.081211 0.107851 10.217095
-0.236060 -0.063593 10.074215
0.394619 -0.198618 9.662238
0.076220 -0.115549 9.658154
0.048894 0.309884 9.548104
0.299667 -0.114954 9.879158
0.318170 0.065065 9.750502
0.143635 -0.034633 9.914270
-0.040936 0.172231 9.531154
-0.202704 -0.281786 9.798714
-0.305908 -0.138366 9.588498
0.295935 -0.198136 9.552691
0.049668 0.337364 9.786787
-0.007744 0.258151 9.985646
0.085083 -0.116468 9.901192
-0.272157 -0.124735 10.096293
0.260399 0.087497 9.424129
-0.241644 -0.135894 9.775660
-0.250082 -0.049263 10.163459
0.080167 0.043765 9.606489
-0.327797 -0.245639 9.474122
0.015007 0.076777 9.616942
0.029584 0.293799 10.201539
0.154082 -0.034968 9.957621
0.270362 -0.401446 10.106414
-0.108917 -0.106993 9.739014
0.064017 -0.222251 9.753037
0.083262 0.043714 9.915221
-0.150702 0.138742 10.135827
0.010671 0.085522 10.249268
-0.149739 0.535302 10.485549
-0.501795 -0.182336 10.403167
-0.725954 0.102285 10.549412
-0.601967 -0.277913 10.604032
-1.042977 -0.168512 10.912958
-1.303463 -0.152297 11.380092
-1.435477 -0.107827 11.557538
-1.211244 0.294149 11.725010
-1.433098 -0.036637 11.877192
-1.421956 0.265170 11.432259
-1.525106 0.067838 11.775685
-1.601927 -0.259873 11.856721
-1.462768 -0.350980 11.729825
-1.084252 -0.023175 11.195154
-1.038642 0.243118 10.841665
-1.153198 -0.125553 10.925208
-0.758856 0.128563 10.907230
-0.428293 0.112086 10.509815
-0.322050 -0.258712 10.036337
-0.458801 -0.029701 10.107945
-0.375760 0.014519 9.749501
-0.235634 -0.125070 9.614963
0.121332 -0.033601 9.973043
-0.088699 -0.081137 10.184677
-0.324612 0.256896 10.140905
0.153163 -0.066094 10.095380
-0.064352 -0.141157 9.732346
-0.114039 -0.189325 10.032002
-0.154690 -0.005929 9.521246
0.006162 -0.231185 9.573903
-0.021858 0.211394 9.898083
0.101824 -0.025983 9.742872
0.158228 -0.112635 9.976887
0.247189 -0.168277 9.671111
-0.109139 -0.293393 9.716119
0.260290 -0.209115 10.075039
-0.086689 0.422807 9.673637
-0.028796 -0.182037 9.672460
0.267636 0.094907 10.015764
-0.263118 0.130966 9.615711
-0.267464 0.047753 9.855708
0.010669 0.143512 9.984713
0.293946 -0.238069 10.110403
0.376462 -0.073246 9.476302
-0.276700 -0.092370 10.212828
0.003416 -0.123437 9.672920
-0.264544 0.174915 9.791586
0.398172 0.125642 10.005045
-0.134329 -0.218206 9.749828
-0.462466 0.182079 9.984506
-0.133451 0.027183 10.183372
-0.717967 0.060327 10.411669
-0.479161 -0.143082 10.812685
-0.512233 0.054511 11.087595
-0.901576 0.379618 11.238917
-1.036057 -0.007255 11.223187
-1.553018 0.253385 11.356839
-1.264919 0.083203 11.879013
-1.581149 -0.158146 11.856616
-1.558468 -0.246206 12.197705
-1.636488 -0.198727 11.732515
-1.163520 -0.433347 11.929433
-1.493678 0.052905 11.423309
-0.777665 0.024924 11.236446
-1.076172 0.017927 11.200140
-0.752650 -0.000281 10.655104
-0.727651 0.121332 10.555487
-0.349490 0.006344 10.411847
-0.085123 -0.347626 10.106871
0.057869 0.366010 10.518688
-0.075837 0.091579 10.088030
0.233221 0.062618 10.024288
0.091955 0.104445 9.626326
-0.065843 -0.104554 9.572221
-0.330321 -0.084725 9.757224
0.021007 0.111148 9.847624
-0.051382 -0.183025 9.985414
-0.020364 -0.086758 9.772709
-0.146549 -0.106135 9.697508
-0.057467 0.131151 9.891422
0.309347 0.242346 10.201284
0.111832 0.108621 9.712517
0.165203 -0.131223 9.515909
0.305265 -0.249836 9.897770
-0.176066 0.225334 10.062590
0.105836 0.249273 9.811467
0.446835 0.149233 9.629890
0.013921 -0.030500 9.759915
-0.331428 0.077373 9.532849
-0.505081 -0.068803 9.658821
-0.172307 -0.620619 9.639831
-0.034728 -0.126831 9.887469
0.278532 0.103273 10.015279
0.221825 -0.203772 9.897823
0.199031 -0.087192 9.651875
0.106081 -0.296326 9.592399
-0.133351 0.090103 9.853783
0.184681 -0.184374 9.643964
0.018874 -0.159733 9.803843
-0.559970 0.058169 10.369747
-0.529809 0.204341 10.230056
-0.837129 -0.178945 10.264102
-0.722903 0.083903 11.059248
-1.126632 -0.096955 10.751341
-1.269550 0.019090 11.164901
-1.538809 0.003630 11.136986
-1.309018 0.253899 11.651124
-1.378589 -0.105753 11.708830
-1.365556 0.092833 11.761098
-1.456525 -0.263312 11.663133
-1.336694 0.168407 11.799662
-1.118299 0.101604 11.648831
-1.555334 0.287747 11.712574
-0.816386 0.433369 11.120677
-1.272820 -0.572640 11.348277
-0.709106 0.019556 10.685310
-0.677404 0.036941 10.846008
-0.429449 0.132760 10.430569
-0.087655 0.126346 10.004549
0.089227 0.245114 10.154584
-0.029764 0.331722 9.597881
0.226451 -0.095241 10.058094
0.024075 -0.248585 9.710696
0.204346 -0.042042 9.685703
-0.125634 0.128449 10.160127
-0.428177 0.560137 9.850749
0.116045 -0.087252 9.809297
0.038503 -0.209819 9.648864
0.236914 -0.310469 9.898208
-0.074103 -0.192141 10.204386
-0.190901 -0.226020 9.772605
-0.153712 0.001276 9.841080
0.046932 -0.024778 9.669568
0.128681 -0.022339 9.710877
0.295999 -0.024262 10.028397
0.245368 0.257535 9.948232
-0.000127 -0.012808 9.761176
-0.433379 0.143761 9.858893
0.165105 -0.023400 9.942965
-0.275501 -0.233853 9.314758
-0.026870 -0.154505 9.629324
0.066930 -0.085101 9.523382
0.508953 -0.007402 9.593367
-0.133967 -0.034629 9.774951
0.260433 -0.015886 10.181042
-0.086485 0.085287 10.014396
0.239030 0.262374 9.755598
-0.022891 -0.495885 9.799856
0.132343 0.179367 9.907247
0.151211 -0.076801 9.918261
-0.417584 -0.224493 10.366414
-0.426350 0.121996 10.372521
-0.671212 -0.435684 10.764708
-0.820634 -0.220106 10.909605
-1.067524 0.352862 10.952379
-1.109763 -0.218154 11.266490
-1.256019 -0.042273 11.557313
-1.347548 -0.098738 11.872285
-1.539302 -0.019511 11.853204
-1.454600 0.128846 11.873393
-1.384400 -0.065075 11.567188
-1.699620 -0.334142 12.048001
-1.753938 0.238745 11.394337
-0.938760 -0.440508 11.331046
-0.725149 0.142642 11.097152
-1.228998 -0.264498 11.208366
-0.729246 -0.014365 10.746170
-0.744614 0.081458 10.371472
-0.265211 -0.115610 9.927312
-0.274091 0.128156 10.140301
-0.079722 0.179626 9.883825
-0.010538 -0.095953 10.030382
0.058306 -0.111392 9.512194
0.220992 -0.148813 9.824413
0.470520 0.160302 10.132230
-0.107625 0.214195 9.815334
0.073203 0.404168 9.754271
0.003851 -0.180643 9.987694
-0.112125 0.204542 9.480017
0.109728 -0.128739 9.956104
-0.002712 -0.107068 9.732688
-0.170078 0.167558 9.600273
-0.053416 0.069048 10.132699
-0.001860 -0.048502 9.864727
-0.414693 -0.239729 9.734927
-0.142594 -0.320167 9.981556
0.051951 0.028053 9.671202
0.015879 0.102890 9.757021
0.088914 -0.159212 9.829497
0.228500 0.246404 10.075518
0.057114 0.006323 9.720242
-0.361497 -0.268980 9.776389
-0.021658 0.282445 10.072960
-0.137297 0.163665 9.714586
0.136523 0.161204 10.058419
-0.098529 0.202861 9.435437
0.259243 -0.005003 9.809254
-0.429281 -0.077733 10.110154
-0.171248 0.142693 9.931455
0.023917 0.038300 9.875127
-0.312661 0.320243 10.341464
-0.507336 0.451149 10.687238
-0.496251 0.063468 10.835518
-0.687856 -0.436563 11.009524
-1.048115 -0.099955 11.125517
-1.487218 -0.360922 11.627365
-1.218951 -0.482602 11.443234
-1.237982 -0.056003 11.944457
-1.268256 -0.271342 11.752277
-1.589618 -0.277848 11.519145
-1.639411 -0.128185 11.837588
-1.205249 0.102729 11.845530
-1.364707 0.120600 11.528836
-1.264343 0.379420 10.911970
-1.390615 0.076540 11.111608
-1.127799 -0.210922 10.745656
-0.481130 0.242482 11.017376
-0.801849 -0.273425 10.168270
-0.066180 0.083445 10.257975
-0.142691 -0.011356 9.837261
0.016727 -0.037228 9.684480
0.093063 -0.085158 9.884555
-0.024996 0.178276 9.854033
-0.176740 0.064401 9.880938
0.102267 0.207175 9.686803
0.133587 -0.344963 9.786003
-0.054932 0.289569 9.778733
0.121598 -0.352356 9.739648
-0.169272 0.495102 9.676641
0.014656 0.025315 9.492104
-0.105207 0.080953 9.827144
-0.460082 -0.113398 10.014164
0.117645 0.243607 9.612871
0.256186 -0.008881 10.128445
0.000661 -0.409495 9.979851
-0.088703 -0.075246 9.519381
0.324440 -0.104220 10.125007
-0.086249 -0.185549 10.073906
-0.014667 -0.012714 9.553675
-0.091525 0.085739 9.550164
-0.107818 -0.084089 9.823288
0.295912 -0.059991 9.671900
0.549274 -0.086637 9.771868
-0.071569 -0.055354 9.825551
0.184159 0.080798 10.025419
0.208806 0.041710 9.885262
0.221747 -0.222242 10.309642
-0.124311 -0.070193 9.596678
-0.322338 0.194807 10.378583
-0.302065 0.069463 10.105523
-0.123903 0.443743 10.546130
-0.531778 0.105754 10.581007
-0.663616 -0.219187 10.529708
-0.610772 0.250262 10.889023
-0.963743 0.239453 10.823751
-1.265319 0.403574 11.437926
-1.537226 0.023456 11.762798
-1.923399 0.035257 11.620973
-1.806606 0.016385 11.753646
-1.504818 -0.069652 11.605732
-1.769167 -0.138138 11.952792
-1.367478 -0.013835 11.487502
-1.386166 0.147432 11.659468
-1.271488 -0.522280 11.243095
-1.112493 -0.181421 11.081970
-0.677092 -0.007459 11.128476
-0.961272 -0.061013 10.301659
-0.569362 -0.209131 10.711646
-0.242009 0.202966 10.156066
-0.392561 -0.210313 10.114577
0.276124 0.082476 9.849590
-0.059548 -0.006260 10.244387
0.246722 0.051992 9.831946
0.059871 0.098855 9.727360
-0.168816 0.206444 9.814397
0.189746 0.329232 9.914123
0.071710 0.640049 9.851404
-0.218109 -0.056245 10.120337
-0.258833 -0.150492 10.031285
-0.054324 -0.022049 10.024675
-0.143364 -0.293720 9.532223
0.116356 0.051826 9.671487
-0.231758 -0.054115 10.033303
-0.167164 -0.132537 9.571896
-0.073483 0.067616 10.233034
0.043556 -0.010736 9.982587
0.139243 -0.115532 10.270412
-0.004877 0.047275 9.920270
0.069174 0.305080 9.692018
0.156676 0.032914 10.006545
-0.042997 -0.070083 9.956415
0.071599 -0.164059 10.079122
0.146502 -0.014841 9.716354
0.072826 0.132097 9.491185
0.075136 0.130511 9.339510
0.039238 0.138922 9.926176
0.160490 -0.065513 9.602019
-0.381743 0.218445 9.979671
0.147790 -0.145028 10.085311
-0.489153 -0.173899 10.086685
-0.191310 0.335802 10.193922
-0.657196 -0.183430 10.317826
-0.215392 0.151375 10.911970
-0.888200 -0.000330 11.070390
-1.117113 -0.058262 11.029664
-1.265547 0.009796 11.213723
-1.254187 0.056916 11.522661
-1.579584 0.020993 11.594475
-1.468888 0.219625 11.530354
-1.065303 -0.014505 11.892368
-1.628756 0.228442 11.755817
-1.492916 -0.115103 11.641758
-1.227714 0.034562 11.550539
-1.318333 -0.153835 11.285890
-0.923899 0.132452 11.324014
-0.840696 0.076712 10.896847
-1.008057 -0.043185 10.614398
-0.691855 -0.113479 10.482413
-0.550601 -0.142157 10.551516
-0.509158 -0.036636 9.828227
-0.236235 -0.039547 9.727029
0.092992 0.270230 10.007394
0.204923 -0.275947 9.761386
0.093484 0.174238 10.160671
0.213808 0.179298 10.336719
0.019262 -0.057812 9.845472
-0.183011 0.013527 9.464630
-0.105904 -0.023067 9.999927
0.222218 -0.192723 10.225207
0.029675 0.048009 9.486461
-0.124011 0.209965 9.843956
0.021563 0.045434 9.521359
-0.019322 0.281666 10.027342
-0.025040 0.312734 9.558180
-0.194340 0.372724 9.925595
-0.057777 -0.011064 9.648674
0.055319 0.039478 9.813977
-0.231951 0.052951 9.704098
-0.197195 0.253348 10.243944
0.388524 0.130025 9.756883
-0.014071 0.081120 9.725950
0.263762 -0.407145 9.750855
0.160214 -0.169032 9.761970
0.118729 0.303654 9.551212
-0.273615 -0.189206 9.502493
-0.293276 -0.194532 10.056699
-0.062415 0.006275 9.618907
0.104914 0.375153 9.661532
0.259042 0.072885 9.927917
-0.108592 0.078105 10.432910
-0.219907 0.108221 10.157635
-0.316231 -0.191369 10.477196
-0.082941 -0.500838 10.736093
-0.786078 -0.045618 10.889633
-0.997672 -0.050401 11.209001
-1.273571 0.404479 11.327662
-1.197461 -0.133807 11.745139
-1.267398 0.083852 11.489989
-1.628687 0.337235 11.628247
-1.371820 -0.188934 12.011677
-1.615486 -0.192638 11.638473
-1.524853 0.080935 11.709333
-1.530414 -0.005589 11.329810
-1.047337 0.165381 11.373275
-0.961623 0.350425 11.133084
-1.029254 0.115839 10.704006
-0.701711 -0.119798 10.549099
-0.534064 0.179978 10.676529
-0.138710 0.067271 10.190392
-0.660182 0.073532 9.605623
-0.470581 -0.032334 9.977459
-0.112011 0.307106 9.931479
-0.049882 0.277262 10.123023
0.102512 -0.155052 9.699946
-0.289348 -0.008483 9.599992
-0.065815 0.052120 9.413258
-0.252748 -0.101370 9.799495
-0.098778 -0.054104 9.668763
-0.289880 -0.106950 9.767366
-0.062078 0.022359 9.893779
0.136345 -0.126710 9.494841
0.254319 0.077089 9.619068
0.055541 0.213599 10.155835
0.050122 0.211934 9.568080
-0.007181 -0.067003 9.878514
0.322239 0.049978 9.622462
-0.252688 0.329156 9.912759
0.089616 -0.068746 9.863572
-0.197392 0.077440 9.575026
-0.071858 -0.128579 9.158526
-0.069354 -0.179773 9.767922
0.000345 0.353586 9.870942
0.066823 0.099123 9.984362
0.090856 0.056343 9.952249
-0.485327 0.417810 10.127946
0.043427 -0.282601 10.052070
-0.138775 0.106768 9.553419
0.423488 -0.288443 9.852855
-0.510345 -0.008244 9.839487
0.038820 -0.085076 10.289214
-0.528776 -0.056392 10.189553
-0.384929 0.073675 10.599840
-0.606231 0.132263 10.509891
-0.762643 0.321641 10.594538
-0.918152 0.135356 11.456842
-1.030839 0.020063 11.464079
-1.458391 -0.077594 11.291370
-1.116686 0.090031 11.512234
-1.423935 0.231870 11.979500
-1.685528 -0.626768 11.889077
-1.655580 0.124466 11.970996
-1.191365 0.348948 11.942727
-0.961473 0.275812 11.851754
-1.184222 -0.257865 11.874519
-1.003363 0.245742 11.054550
-0.647618 -0.488993 10.848448
-0.679280 0.092522 10.903868
-0.702875 0.131994 10.700729
0.145231 0.141326 10.150034
-0.442970 0.365840 10.208958
-0.090303 -0.323964 9.738307
0.104470 0.070767 9.449792
0.126523 -0.313687 10.080802
0.041711 -0.092684 10.008031
0.070700 0.264986 9.826095
0.027764 -0.057050 9.862593
0.339590 -0.100553 9.939591
-0.176089 -0.413346 9.851492
0.074081 -0.022010 9.510803
0.060860 0.053263 9.632244
-0.270698 -0.050478 9.940586
0.083331 -0.176167 9.837385
0.177425 -0.234533 9.822631
0.267928 -0.254986 10.041105
0.323837 -0.044441 9.741398
0.206619 -0.037226 9.339375
-0.019759 0.094081 9.958017
-0.176126 -0.053960 10.005381
-0.012000 -0.305748 10.057528
-0.042822 0.218244 9.530909
-0.024197 0.101947 9.792571
-0.236601 -0.477361 10.114653
0.049608 0.233360 9.995734
0.119369 -0.064267 9.907953
0.286507 0.016602 10.190340
-0.299884 -0.321382 10.007615
-0.163749 0.408667 10.077468
0.295721 0.176887 9.654741
-0.417776 0.299059 9.624630
0.128360 0.133923 10.046239
-0.235542 0.093058 10.201453
-0.198909 0.278280 10.486527
-0.779596 0.261191 10.284951
-0.751624 0.147915 10.764866
-0.821197 -0.005277 11.055465
-0.983404 -0.217137 11.551903
-1.707852 0.057141 11.567280
-1.522031 0.077925 11.679542
-1.267267 0.112030 11.871481
-1.441628 -0.094433 11.749639
-1.428563 -0.034672 12.003232
-1.395402 0.075193 11.414919
-1.122737 -0.116235 11.349980
-0.846811 0.139524 11.573484
-0.925054 -0.018630 11.108684
-0.684580 0.226504 10.916900
-0.245089 -0.039464 10.410662
-0.828351 -0.337555 10.372633
-0.370355 0.136520 10.236214
-0.019943 0.008979 10.064194
-0.201411 0.284518 9.618247
0.038468 -0.036330 9.995409
-0.004166 0.001729 9.756672
0.278651 0.000481 10.203930
0.054449 0.004352 9.780935
0.112849 -0.117679 9.839148
0.001627 0.065050 9.880006
0.080399 0.018981 10.123789
0.084514 0.521197 9.819970
0.191783 -0.145210 10.090158
-0.140857 0.091176 9.757115
0.090402 -0.046959 9.652149
-0.054318 0.308316 9.903455
-0.257770 0.219077 9.631697
0.148672 0.110633 9.933262
0.370638 -0.165728 9.932159
0.251918 -0.128668 9.660849
-0.057438 0.064947 9.527905
0.110280 -0.281677 10.068666
0.102753 0.382628 9.943757
-0.060952 -0.159735 9.857778
-0.006050 0.237228 9.624276
0.404180 0.254955 9.769295
0.359564 -0.156626 9.851118
-0.255294 0.369314 9.480523
-0.288088 -0.126943 10.074465
0.190969 0.024410 10.013785
-0.044876 0.084486 10.169403
-0.135232 -0.153275 10.018618
-0.040562 0.022090 10.262166
-0.364203 0.025509 10.316850
-0.426574 0.322654 10.529306
-0.720378 0.105596 10.891233
-0.685555 0.143762 10.630927
-1.514456 0.255053 11.252376
-1.180364 0.138863 11.763527
-1.028677 0.192444 11.381166
-1.565450 -0.477281 11.822159
-1.256481 0.238036 11.916028
-1.530813 -0.112855 11.644927
-1.510891 -0.195565 12.132133
-1.674566 -0.039411 11.308212
-1.252072 -0.000477 11.487153
-1.362605 0.000492 11.269173
-1.043327 0.391486 11.199040
-0.733829 -0.092893 10.773650
-0.664189 0.500785 10.631978
-0.411759 -0.165680 9.904341
-0.481918 0.476142 10.361013
0.139568 -0.069544 9.590123
-0.307650 0.079405 9.972067
-0.023878 -0.106050 10.027001
-0.100269 0.061563 9.849066
-0.073700 -0.176259 9.724534
0.374724 0.222490 10.014078
-0.157293 -0.287538 10.029299
0.180953 0.027450 9.735892
-0.292789 0.173480 10.047227
-0.135818 -0.152520 10.058212
-0.128373 0.355812 9.788190
-0.077312 0.009022 9.732674
0.225242 0.177162 10.027621
0.036904 -0.091271 9.808187
-0.085139 0.293319 10.010455
-0.018305 -0.185295 10.118168
0.027337 -0.026033 10.119931
-0.101990 -0.063785 9.763848
-0.263314 0.063147 9.657531
-0.114144 -0.140887 9.692586
-0.167783 0.049443 9.778881
0.009602 0.470758 9.778888
0.120990 0.143750 9.797429
0.054760 0.004140 9.850512
-0.117303 -0.098842 9.813384
-0.394381 0.299215 10.242172
0.034070 0.133094 10.026212
-0.264934 0.185656 9.724712
0.436351 -0.037652 10.020695
-0.121591 0.439339 9.822074
0.044401 0.125336 10.142351
-0.278150 -0.133403 9.724724
-0.269168 -0.097768 10.689315
-0.589258 0.240051 10.849842
-1.333342 0.122979 10.861802
-0.782951 0.118241 11.285199
-1.230497 -0.182521 11.291487
-1.671362 -0.118069 11.265679
-1.701640 0.023296 11.802266
-1.484565 -0.099758 11.591460
-1.563439 -0.164445 11.797434
-1.782513 0.140264 11.667536
-1.338841 0.177444 11.761030
-1.151558 -0.413328 11.459939
-0.955433 0.101846 11.747757
-0.675078 0.059918 11.114209
-1.032090 -0.095162 10.848887
-0.778247 -0.183668 10.769779
-0.144718 0.186651 10.390911
-0.121146 0.069330 10.233794
-0.209241 -0.039988 10.191702
-0.057974 -0.145685 9.769174
0.039387 0.085730 9.776432
-0.226401 0.250193 10.017721
-0.397475 0.267917 9.768205
0.037997 0.227645 10.140508
0.200573 0.048206 9.534872
-0.405246 0.175632 10.078406
-0.162929 -0.053956 9.698547
-0.116780 0.214992 9.853675
-0.045836 0.531504 9.523116
0.109582 -0.209796 9.778513
0.029728 0.168919 9.757764
-0.073390 -0.055817 9.594009
0.126462 0.056267 9.897034
-0.013909 -0.038576 10.045120
0.204357 0.282960 9.884519
0.270533 -0.083217 9.769830
0.239020 0.168684 9.751910
-0.209252 -0.040793 9.673026
0.344901 0.152008 9.656815
-0.208998 -0.155663 9.698235
-0.033340 0.222909 9.616697
0.457907 -0.188660 9.528190
0.337661 0.264251 9.773530
0.076266 0.081314 9.837342
-0.259296 -0.496393 9.641055
0.363231 0.371083 9.757633
-0.213386 0.055624 9.926854
0.034236 -0.505406 10.556095
0.037878 -0.039573 9.917794
-0.126490 0.099079 10.260365
-0.392379 -0.022544 10.535768
-0.514325 0.068663 10.747648
-0.561830 -0.319421 10.770960
-1.010642 -0.145974 11.085398
-0.918500 -0.029794 11.012223
-1.396051 0.011623 11.566449
-1.302885 0.094878 11.667691
-1.716814 -0.088228 11.656387
-1.557021 0.138234 11.890821
-1.313405 -0.076817 12.082614
-1.279524 0.022447 11.816125
-1.446535 -0.421751 11.437171
-1.026557 0.016043 11.350698
-1.185522 -0.391165 11.449574
-0.881981 -0.085908 10.796207
-0.408693 0.176270 10.496015
-0.251138 -0.029014 10.333287
-0.382674 -0.156659 9.977760
-0.033391 -0.044141 10.184931
-0.028465 0.109708 9.515347
-0.195146 0.113873 9.584092
0.074613 -0.278141 9.813289
0.321998 0.154920 9.439852
0.169674 0.364448 10.369403
0.095015 -0.272884 9.896936
0.319207 -0.037418 10.018622
-0.167921 0.074471 9.312084
-0.190067 -0.001224 9.737329
-0.260123 -0.099931 9.875931
-0.017246 0.012188 9.956394
-0.068633 0.271836 9.612146
0.385601 0.222608 9.738800
-0.057864 0.041347 9.929734
0.218910 -0.268118 9.897489
-0.423303 -0.035460 10.100783
-0.283522 -0.319848 9.854159
0.277486 0.065079 9.429076
-0.336626 0.019549 9.574152
0.027337 0.039199 9.712048
0.362951 0.118093 10.052318
0.184116 -0.030015 9.771111
-0.059524 0.136220 9.679927
0.345007 -0.149174 9.852895
-0.045816 -0.090159 10.244469
-0.087811 -0.060944 9.677173
0.008208 -0.020261 9.586149
-0.106668 0.121937 10.044456
-0.081108 0.011799 9.852345
-0.289105 -0.183915 9.750159
-0.464441 0.180811 10.157052
-0.553250 -0.073097 10.704337
-0.845274 0.055411 10.675770
-0.826817 0.048870 10.941970
-0.857349 -0.005851 11.513480
-1.167153 -0.340693 11.505727
-1.232964 0.006509 11.506596
-1.837016 -0.389369 12.024960
-1.595307 0.193124 11.460335
-1.709372 0.135728 11.789500
-1.370673 -0.002727 11.739407
-1.550101 -0.238801 11.975996
-0.997921 -0.207741 11.337695
-1.245603 0.068087 11.341701
-0.916050 -0.009850 11.141679
-0.357787 -0.105041 11.258526
-0.370225 0.100819 10.304237
-0.477835 -0.102939 10.459413
-0.536545 0.151252 10.438932
0.045388 -0.076436 9.849604
-0.015572 0.351215 9.938422
0.068666 -0.046985 9.738364
0.131655 -0.021213 9.890705
0.101501 0.069503 9.921571
-0.170601 -0.182806 9.801476
-0.003712 -0.104465 9.858200
0.181643 0.237502 10.092452
-0.262960 -0.232600 9.752071
0.016057 -0.047684 9.699472
-0.060884 0.096663 9.544076
0.468671 0.004199 10.020169
-0.116001 0.114870 9.830018
0.171362 -0.039729 10.120313
-0.298411 0.189875 9.833744
-0.203665 0.390413 10.179740
-0.414774 0.035357 9.951133
0.088341 0.303106 10.071527
0.053037 0.455421 9.997369
-0.070283 -0.110470 10.058668
-0.158591 -0.081948 9.762086
0.071131 -0.038692 9.546606
0.232416 -0.080880 10.213987
0.060798 0.253441 9.936172
0.263011 0.114068 9.857034
0.218647 0.497194 9.756041
0.158985 -0.001049 9.911212
0.008432 -0.431549 9.769963
0.178117 -0.153041 10.023247
-0.049186 -0.038298 10.105707
-0.052411 0.084109 10.264669
-0.283332 -0.328933 10.166311
-0.844927 0.131473 10.634635
-0.471257 0.097819 10.883048
-1.155723 -0.021513 10.647553
-1.087620 0.323250 11.383252
-1.043591 -0.036324 11.179346
-1.273978 0.222135 11.640485
-1.731230 0.020922 11.312790
-1.317370 -0.138602 11.536318
-1.336414 0.111876 11.856480
-1.039865 0.127000 11.651950
-1.310251 -0.057215 11.948808
-1.255188 0.075985 11.270037
-1.163778 -0.011253 11.173222
-1.060254 0.087150 11.163735
-1.122822 -0.054643 10.836932
-0.620895 0.017107 10.607141
-0.574179 0.013445 10.647990
-0.268223 0.284614 10.468573
0.110720 0.273726 10.374079
-0.316537 0.129485 10.168208
0.258012 -0.154144 9.970534
0.015041 0.369412 9.532542
-0.153858 -0.362127 9.838923
0.452768 -0.008868 9.830207
0.110048 -0.023258 9.883205
0.078442 -0.169111 9.791191
0.148387 0.185715 10.069700
0.067087 0.071157 9.960037
-0.118954 -0.127156 9.785040
-0.255004 0.081380 10.019816
-0.142009 0.087030 9.684174
-0.203315 0.411112 9.609553
-0.255864 0.042943 9.863704
0.133446 0.400246 9.654574
-0.115687 0.321761 9.997825
0.160016 -0.117974 10.035178
0.160637 0.037907 9.693014
0.021339 0.329697 9.591206
-0.159960 -0.125560 9.727836
-0.003147 0.191714 9.902283
0.012168 0.055399 9.934798
-0.336341 0.214317 9.644717
-0.088702 0.068087 9.794919
0.097386 0.028366 9.752134
0.305752 0.141613 9.870423
0.138504 -0.141066 10.244954
-0.239321 0.022634 9.781773
-0.150791 -0.090851 9.770202
0.049052 -0.240941 10.258202
-0.194244 -0.076178 10.348457
-0.515626 -0.220201 10.237308
-0.528509 0.120714 10.737866
-0.918706 -0.038086 10.865426
-1.365342 0.012251 11.269096
-1.162527 0.353830 11.177152
-1.443604 0.026604 11.607264
-1.794334 0.120540 11.745119
-1.902085 -0.023342 11.619234
-1.590665 -0.267620 11.893238
-1.125851 0.053005 11.349065
-1.356973 -0.038928 11.475254
-1.240658 0.175953 11.424812
-1.504795 -0.402334 11.244928
-1.047054 -0.103201 11.027948
-0.726823 0.092565 10.970455
-0.496300 -0.131261 10.470551
-0.588513 -0.118261 10.045137
-0.433065 0.220970 10.402106
-0.083580 0.026324 10.351269
-0.297942 -0.192965 10.149403
-0.016273 -0.134236 9.949443
-0.087693 -0.167505 9.636930
0.064310 0.041163 10.113349
-0.058018 -0.061430 10.097927
0.197129 0.028980 9.497797
-0.162371 -0.210819 9.817290
-0.101668 0.320581 9.495713
-0.232268 0.048926 9.914287
-0.517427 -0.347082 9.757279
0.271209 0.377552 9.727101
-0.034129 -0.167373 9.936641
0.305706 0.251204 9.804200
-0.167706 0.001639 10.086157
-0.080103 -0.363086 9.737998
-0.055805 -0.364260 9.856407
0.101201 0.371979 9.543525
0.146104 0.193367 9.913924
-0.201360 -0.212985 9.829439
0.018036 -0.111887 10.068327
-0.080150 -0.378740 9.765189
0.096055 0.068392 9.876845
0.298798 -0.222958 9.725258
0.309011 -0.393470 9.799261
0.245784 0.242803 9.942023
0.137088 -0.208205 10.084635
-0.240012 -0.228083 9.887575
-0.120397 0.041339 9.925212
0.269714 0.086745 9.800837
-0.053319 -0.166351 10.244120
-0.311026 0.080109 9.885804
-0.934195 -0.300285 10.804549
-0.889228 0.146462 10.561082
-0.888409 -0.008944 11.259292
-0.899053 0.077007 11.423945
-1.302688 0.213669 11.558325
-1.133403 -0.031003 11.471048
-1.588057 -0.161436 11.512053
-1.404837 -0.045667 11.867222
-1.402424 -0.211951 11.592046
-1.523938 -0.155024 11.604859
-1.074955 -0.306671 12.100069
-1.253608 0.197248 11.732177
-1.052657 0.332366 11.161581
-1.047229 -0.170569 10.825389
-0.972651 0.374510 10.895843
-0.262894 0.417165 11.288489
-0.102948 0.471626 10.520429
-0.278286 0.058968 10.241948
-0.158684 0.150437 9.968326
-0.361433 0.072724 9.785983
-0.139648 -0.028551 9.764630
0.222008 -0.033348 10.042090
0.041203 -0.017706 9.841644
-0.258326 0.067615 9.979838
0.198170 -0.270435 9.506204
-0.107364 0.276932 9.854195
-0.154939 -0.290588 9.673202
-0.150310 0.187124 10.012509
-0.209980 0.150633 9.940151
-0.235936 -0.016764 9.878164
0.032647 -0.342108 9.836236
0.127253 0.315919 9.676242
-0.109091 -0.041773 9.868243
0.019404 0.120862 9.584963
0.079371 -0.148443 9.781333
0.341603 -0.279649 9.754107
-0.254929 0.030614 10.019647
0.033931 -0.023343 10.075680
0.066100 0.163913 9.953051
-0.575248 -0.015334 9.594385
-0.165863 0.294917 9.735039
0.378514 -0.281538 9.593266
0.152470 -0.068274 9.871465
-0.022461 -0.028515 9.749153
0.035899 0.128328 10.132884
-0.040503 -0.078728 9.705508
0.272163 0.138065 9.459251
-0.474532 -0.166012 9.970573
-0.195311 0.102956 10.026401
-0.044468 0.154422 10.257451
-0.254978 -0.329781 10.438380
-0.632095 0.120407 10.346430
-0.892484 0.080092 11.025969
-0.778728 0.152301 11.152436
-1.041054 -0.040273 11.407420
-1.152423 -0.009060 11.630909
-1.221830 0.142433 11.942150
-1.012517 0.140586 11.688683
-1.397635 0.093764 11.932702
-1.179203 -0.336822 12.083709
-1.044009 0.113614 11.813883
-1.359712 0.001265 11.698101
-1.049338 0.144142 11.503398
-0.836276 0.157330 10.959735
-0.673949 0.371717 10.925211
-0.359702 -0.183459 10.683511
-0.612278 0.275844 10.783490
-0.343791 0.234212 10.572061
-0.195201 0.025950 10.208212
-0.254416 0.022020 10.353101
-0.121796 0.170765 9.943819
-0.032753 0.044331 10.160524
0.110719 0.141964 10.130172
-0.057882 -0.209383 10.163669
0.027304 0.178720 9.657534
0.077705 -0.219387 9.822748
-0.129585 -0.175531 9.749375
-0.458678 -0.231980 9.966483
0.069533 -0.214837 9.919575
-0.175643 0.144393 9.786872
-0.065025 -0.018213 10.321906
-0.151760 0.045312 9.966274
-0.192483 -0.318852 9.689780
0.151893 -0.068401 9.763779
0.182154 -0.161269 9.792249
-0.302768 0.064144 9.855901
0.159107 -0.229051 9.771622
-0.255694 -0.049221 10.106358
-0.064151 -0.273184 9.674024
-0.322190 -0.259155 9.944197
-0.289257 0.062466 9.815149
-0.106306 0.045470 9.622468
0.168169 -0.139668 9.732727
-0.101070 0.137895 9.918889
-0.524340 0.050849 9.461081
-0.068264 -0.021635 9.739588
0.078370 0.144015 9.684365
-0.247867 -0.007194 9.615798
-0.284013 0.269616 9.760229
-0.391975 -0.118460 10.642989
-0.591619 -0.095962 10.249242
-0.657733 0.054033 10.512299
-0.642658 0.054213 11.100917
-1.081581 0.048637 11.121986
-0.884512 0.023253 11.379816
-1.403031 -0.103193 11.606055
-1.250175 -0.136912 11.720772
-1.441372 0.071673 11.439443
-1.684947 -0.273169 11.816577
-1.658401 -0.099248 11.542086
-1.494739 -0.224821 11.847038
-1.215537 0.030046 11.498122
-1.583586 -0.091641 11.225773
-0.966499 0.123941 11.229531
-0.587795 -0.113663 10.808582
-0.452022 0.033243 10.640064
-0.114742 0.115546 10.417286
-0.461140 0.265303 10.283335
-0.183714 0.135255 10.237507
0.024066 0.176795 10.014819
0.089184 -0.146328 10.201129
-0.246735 0.061876 9.542647
-0.019626 -0.114259 9.837151
0.068352 -0.191267 9.804117
0.278735 -0.262453 9.639189
0.172151 0.015511 9.840231
0.204460 -0.158814 9.706133
-0.128528 -0.069641 10.077904
-0.340216 -0.238844 9.536863
0.280339 -0.122880 9.744665
-0.322927 -0.052477 9.983304
0.050591 -0.021573 9.497023
-0.065590 0.029383 9.611635
0.130978 0.177014 9.704270
0.145166 -0.021948 10.039428
0.406830 -0.218733 9.963897
0.260993 -0.194136 9.694976
-0.117275 -0.026556 9.738727
-0.039657 0.167598 9.430838
-0.194779 0.133986 9.920555
-0.211708 0.111940 10.075373
-0.009805 -0.201592 9.984991
0.344609 -0.177228 9.817850
0.218031 0.023072 9.460541
0.088684 -0.195762 9.555855
-0.345550 0.238081 9.643058
0.044874 0.115791 9.871422
-0.026594 0.076210 9.952164
-0.340649 -0.169867 10.040493
-0.349184 0.085864 10.462265
-0.415265 -0.162177 10.019164
-0.813385 -0.268898 10.543389
-0.791947 0.016878 11.302172
-0.919337 0.381833 11.307633
-0.958907 -0.071780 11.163163
-1.401175 -0.002374 11.432879
-1.614321 0.083368 11.494377
-1.784905 -0.224417 11.734071
-1.698184 -0.045618 11.930089
-1.363318 -0.132165 11.520154
-1.529217 0.131129 11.873295
-1.240805 0.240287 11.904351
-1.272694 0.297313 11.325955
-0.811984 0.141714 10.769193
-1.033648 -0.244258 10.574127
-0.483734 0.413754 10.637929
-0.313215 0.296925 10.497061
-0.329014 -0.049138 10.349447
-0.013678 0.092361 10.146982
-0.096149 -0.318591 10.104087
-0.278719 0.123877 9.990206
-0.228086 -0.121560 10.234295
-0.015896 -0.244043 9.970176
-0.154535 -0.384105 9.913954
-0.183324 0.064238 9.647462
0.141441 0.036700 9.292158
0.076403 -0.057946 10.093344
0.079042 0.151232 9.667892
-0.158014 -0.005130 9.737877
0.267602 -0.030664 9.565036
-0.165516 0.193010 9.776549
-0.044142 0.212038 9.627047
-0.447035 -0.170573 9.858418
-0.049902 -0.312086 10.013212
0.032699 0.077803 9.893922
-0.259705 0.060576 9.991491
0.228062 0.144253 9.912626
-0.347484 -0.002987 9.618685
0.256434 0.226076 9.619894
-0.009196 0.049702 9.990158
-0.335124 -0.441924 9.817630
-0.506283 0.031714 9.928442
0.247216 -0.124514 9.842236
0.130302 -0.235144 9.993070
0.054868 -0.121089 9.838276
-0.027867 0.156015 9.737908
0.023624 -0.124186 9.651490
-0.051601 -0.179354 10.084660
-0.070170 -0.153023 10.104245
-0.477891 -0.320863 10.122490
-0.494110 0.104282 10.485291
-0.478063 -0.196233 10.614124
-0.511529 -0.386216 10.840146
-1.230252 -0.039080 11.077715
-1.055617 0.051104 11.116941
-1.429015 -0.000023 11.706387
-0.927501 0.140559 11.492956
-1.496975 0.036195 11.677064
-1.405948 -0.454275 11.920630
-1.573484 -0.021941 12.074086
-1.666395 0.054544 11.854240
-1.277316 -0.322838 11.828590
-1.218319 -0.105508 11.315968
-1.092383 -0.238036 11.197595
-0.959849 0.134178 11.034056
-0.334464 -0.042327 10.528813
-0.777995 0.438669 10.587817
-0.462435 0.338631 10.513168
-0.458872 -0.150695 10.035024
-0.299925 -0.019316 10.066936
-0.296446 0.058600 10.072758
0.080044 -0.015123 9.676380
0.166168 -0.235384 9.858558
0.005103 0.225122 9.693450
-0.099547 -0.248373 9.897457
-0.084763 -0.172415 9.656637
0.107421 -0.220592 9.607167
0.179272 -0.033224 10.001089
-0.071871 -0.000225 9.841260
0.277457 0.261175 10.040647
-0.125764 -0.197366 9.962158
0.275352 0.232564 9.812610
0.145562 0.149078 9.839789
0.038475 0.019639 9.652381
-0.137210 -0.140298 9.490153
0.028572 -0.008115 9.962393
0.252143 0.264859 10.093693
-0.151416 -0.286392 9.996149
0.276427 0.311198 9.906999
-0.399341 0.073122 9.921088
0.250415 0.285926 9.991927
-0.117456 -0.205823 9.916792
-0.158483 0.295027 9.469088
0.113377 0.063907 9.768647
-0.185023 -0.412355 9.703714
-0.102777 0.222347 9.653429
0.068760 -0.258448 9.935108
-0.533448 0.419059 9.896330
-0.747517 -0.143550 9.886357
-0.455115 -0.072928 10.109412
-0.647329 -0.231737 10.619753
-0.419370 -0.050915 10.685936
-1.065669 0.014204 10.976529
-1.059833 0.079215 11.226347
-1.386876 0.238610 11.336535
-0.976269 0.084084 11.952697
-1.179038 0.045438 11.550835
-1.618520 0.106607 11.809567
-1.617805 0.166612 11.817754
-1.310404 -0.195094 11.980836
-1.313893 0.239514 11.890942
-1.328374 -0.033075 11.915117
-1.234162 0.149687 11.301787
-1.388330 -0.245468 11.245789
-0.700176 0.081843 11.159727
-0.581345 -0.155047 10.808324
-0.450125 -0.115112 10.549899
-0.308077 -0.121000 10.206362
0.094096 0.276178 10.099118
-0.074455 -0.286609 10.268417
0.185475 0.150390 9.384112
0.008185 -0.025426 9.946563
-0.090206 -0.046342 9.933883
-0.154716 -0.114809 9.848665
0.267697 0.161694 10.025081
0.012663 0.299016 9.461764
0.404448 0.430352 9.901323
0.166453 -0.007600 9.768086
-0.122174 -0.009802 9.921187
0.083977 0.397321 9.830055
-0.297766 0.328862 9.565809
-0.111878 0.054349 9.893435
-0.289088 -0.149294 9.513844
0.124343 0.236676 9.565632
0.199132 0.186156 9.678186
-0.396516 -0.214251 9.690948
0.308334 -0.023661 9.608634
0.029570 -0.259070 9.912868
-0.195533 -0.166505 9.885098
0.350047 0.439558 9.602027
-0.119321 0.103106 10.043758
-0.432817 0.017467 9.712571
-0.384804 -0.267434 9.696445
0.011763 0.201621 9.880870
0.189508 0.005345 9.669011
-0.036750 0.139103 10.016512
-0.051369 -0.185823 9.906190
0.009688 0.246544 9.788791
-0.322176 0.151232 9.980003
-0.413888 0.250828 9.967734
-0.072806 -0.122527 10.628741
-0.681357 0.054272 10.636906
-0.669087 -0.069465 10.815947
-0.653285 0.005877 11.029466
-1.474106 0.373116 11.267680
-0.899015 0.079771 11.587088
-1.380123 0.443190 11.257012
-1.435338 -0.053041 11.738323
-1.470138 -0.053251 11.847626
-1.482922 -0.262712 11.857215
-1.270881 -0.108413 12.069035
-1.044269 0.168790 11.724875
-1.170029 0.228274 11.692216
-0.854349 -0.114057 11.156669
-0.725669 0.167549 10.915041
-0.772959 0.316841 10.474999
-0.672313 -0.265426 10.266685
-0.074482 0.256167 10.227126
-0.089354 -0.002101 9.823094
0.357713 0.274948 9.995428
-0.192972 -0.044987 9.700573
0.019516 0.061985 9.741775
-0.290883 0.426412 9.857505
0.091318 -0.084482 9.497598
-0.016660 -0.064644 9.951907
0.181216 0.153006 10.007654
0.360733 0.077970 10.029843
0.098772 -0.380007 9.779096
-0.173542 0.046287 9.651798
0.121136 0.196206 10.050714
0.323852 -0.335205 9.570200
0.585563 0.201905 9.854890
0.006408 -0.011372 9.423251
-0.154466 -0.022370 9.666828
-0.117027 0.511746 9.759669
0.055624 0.048507 9.927892
-0.095457 0.249396 9.898712
-0.257433 -0.021501 9.775570
-0.043633 0.101859 9.936945
0.103331 0.067783 9.827128
-0.430241 0.155579 9.907671
-0.196952 0.056116 9.939588
0.234249 0.102060 9.874320
0.189354 -0.061308 9.892401
-0.124223 0.222059 9.488058
0.163347 0.003542 10.003077
-0.177903 0.017997 9.851184
0.000869 -0.209512 10.051787
-0.557796 -0.133568 9.748943
-0.158308 0.080026 10.333143
-0.189408 -0.063188 10.577312
-0.646393 -0.017247 10.950788
-0.424027 -0.086293 11.097281
-0.952130 0.066222 11.214040
-1.242664 -0.716996 11.685027
-1.450330 -0.048311 11.514452
-1.570853 0.048048 11.686594
-1.621514 0.029860 11.774332
-1.314432 -0.268077 11.648922
-1.333147 -0.127949 11.600261
-1.532150 -0.020196 11.676020
-1.353375 -0.205713 11.713143
-0.910805 -0.382086 11.067357
-0.815382 0.313959 10.738769
-0.677315 0.327576 10.758054
-0.343664 -0.035599 10.752391
-0.627893 0.200206 10.622286
0.020990 0.288121 10.240105
0.433059 0.270159 10.169592
-0.285339 -0.306007 9.635538
-0.208527 0.275461 9.936476
-0.122675 -0.027174 9.758451
0.160010 -0.175760 9.879937
0.060017 -0.169774 10.127601
-0.059114 -0.198550 9.980576
0.010899 0.081686 9.573064
0.162483 0.434486 9.557433
0.070842 -0.157062 10.347921
0.247926 0.056421 9.564427
-0.197211 0.149255 9.537502
-0.266223 0.001766 9.836683
0.076006 -0.087905 9.994029
-0.172363 0.125329 9.852824
0.120130 0.236400 9.718934
-0.132216 -0.337679 9.406200
-0.035195 -0.021505 9.592783
-0.174220 0.304691 9.985168
-0.252321 -0.088470 9.891201
-0.125290 -0.161739 9.742351
0.218132 0.236280 9.662911
0.092110 -0.001282 9.608353
-0.059415 -0.252847 10.042611
0.310494 -0.082115 9.680184
0.210919 0.243230 9.587118
-0.029609 -0.011788 9.655845
0.077196 -0.139989 9.701948
-0.042062 -0.297812 9.427768
0.097746 -0.148065 10.351517
0.205751 -0.101296 10.529300
-0.136437 -0.129063 9.725567
-0.346415 0.006259 10.541667
-0.705365 -0.228771 10.604058
-0.699075 -0.070875 10.858453
-1.319831 0.018240 10.942218
-0.992343 -0.146820 11.318924
-0.878586 -0.061315 11.470396
-1.296968 -0.357052 11.945618
-1.279418 0.104890 11.105522
-1.551882 -0.254573 12.034821
-1.267694 0.077602 11.540320
-1.115233 -0.052452 12.056530
-1.258306 0.101362 11.466450
-0.894657 0.121687 11.666643
-0.980445 -0.009408 11.283631
-0.551894 0.203347 10.958181
-1.031041 0.162077 10.401722
-0.477045 -0.023153 10.171841
-0.249451 0.430864 10.179414
-0.035441 0.471138 10.234012
-0.214877 0.047403 10.020700
0.264969 0.242810 9.285081
-0.171241 -0.014005 9.606943
-0.740018 -0.145124 9.809278
-0.105057 -0.199389 9.818293
0.068618 -0.093719 10.084349
0.011543 -0.174303 9.585093
-0.042594 0.222684 9.645262
0.119176 0.018911 10.208647
0.078050 -0.139645 9.957274
0.154004 -0.079402 9.577201
0.107207 0.012703 9.506690
0.050904 -0.127399 9.506880
-0.070423 0.256584 10.051612
0.189350 0.053847 9.929159
0.019729 -0.221010 9.628900
-0.121436 0.280272 10.025338
-0.215976 0.010678 9.729479
-0.031020 -0.107209 10.091138
-0.003781 0.043231 9.854852
-0.205554 0.021711 10.022463
0.294538 -0.229563 9.506280
0.012427 0.221838 9.881919
0.136059 -0.272050 9.695603
-0.439222 -0.028498 9.377156
0.266532 0.310964 9.838129
-0.302515 0.075143 10.181827
0.095147 0.236997 9.712967
-0.174242 -0.014172 9.424659
0.452818 0.027930 9.983355
-0.092302 -0.308617 10.095163
-0.224820 0.069768 9.898617
0.014790 -0.156917 9.780074
-0.190010 0.161836 9.924309
-0.004280 -0.113670 10.231464
-0.260413 -0.308923 9.793599
-0.051609 0.219516 9.939223
0.005905 0.100068 9.906433
0.420711 0.050673 9.673785
0.039700 -0.523736 9.803470
0.218596 0.120437 9.869711
0.129848 0.220651 10.095047
0.089491 -0.063222 9.347296
0.195635 0.103041 9.840532
-0.137610 0.193030 9.758553
-0.006884 -0.011198 9.899970
-0.229726 0.112510 9.665822
-0.137161 0.177048 9.610994
0.176688 0.020273 9.480345
0.272895 0.062051 9.888825
0.201448 0.299844 9.850205
0.123457 0.074237 9.741426
-0.330021 0.037214 10.107581
0.064105 -0.236230 10.115412
-0.177297 -0.468344 10.202198
-0.387281 0.270375 10.363506
-0.341717 -0.036287 10.778830
-0.203564 -0.126998 11.047428
-0.490673 -0.106146 10.463160
-0.956541 -0.326550 10.833635
-0.653697 -0.595331 11.118183
-0.968429 -0.225462 11.308368
-0.944295 -0.567166 11.532822
-0.729838 -0.360982 11.581892
-0.901102 -0.521249 11.109660
-0.925980 -0.237034 11.566158
-0.860491 -0.131777 11.181238
-0.958672 -0.608471 11.020135
-0.973281 0.090526 11.073908
-0.640720 0.075411 10.565500
-0.541617 0.177425 10.621594
0.085797 -0.017518 10.730783
-0.029178 -0.127838 10.196404
-0.221293 -0.283158 10.120759
-0.116284 0.287908 10.117272
0.419962 -0.454654 9.652499
-0.084403 0.292729 9.809878
-0.293565 -0.049025 9.570480
-0.278725 0.399766 9.739678
0.034631 -0.018591 9.759701
-0.168132 -0.062127 9.877447
0.283727 0.189487 9.566187
0.197706 0.095088 9.685056
0.036419 0.114457 9.819411
0.096049 -0.172590 10.208566
-0.385857 0.115570 9.883353
0.128589 -0.141674 10.043839
-0.021596 -0.237243 9.591038
0.024941 -0.319304 10.170101
0.209784 0.365369 10.154285
-0.070381 -0.173866 9.274445
-0.081247 0.353131 9.644430
-0.041984 -0.110914 9.884999
0.257217 -0.307842 9.540445
0.297324 0.146613 9.758124
0.341417 -0.273006 9.996243
-0.013648 0.121309 9.332570
-0.052141 0.147359 9.797334
0.251060 0.244361 9.618287
0.164799 -0.198533 9.820803
0.131226 -0.167057 9.967385
-0.101071 -0.116140 9.951330
-0.167195 -0.177367 10.018231
0.021711 -0.290824 9.981128
-0.081320 -0.280603 9.308537
0.180683 -0.171984 9.561231
0.127881 0.161158 9.652579
0.182528 0.410979 10.079333
0.238211 0.062826 9.721256
-0.011177 0.088148 9.558498
-0.153876 -0.285550 9.857037
0.016611 -0.130542 9.974100
-0.208920 -0.137967 9.966105
0.185763 -0.159145 9.856409
-0.155761 -0.039468 9.838767
0.112073 0.063512 9.864632
-0.215700 0.077655 9.920213
0.137787 -0.143904 9.993117
-0.263447 -0.086164 9.754896
-0.252482 -0.058142 9.854296
-0.365154 -0.078938 9.460320
0.408308 0.042498 9.835166
0.046415 0.120904 10.005631
-0.312711 0.262036 10.059165
-0.013269 -0.023746 9.189448
-0.248798 0.103770 10.050123
0.145767 -0.015143 10.195175
0.193154 -0.090971 10.268216
-0.250300 -0.342482 9.811687
-0.219937 -0.178624 10.158235
-0.123946 -0.183092 10.145714
-0.637510 -0.574148 10.216984
-0.407114 -0.415773 10.750423
-0.318803 -0.735111 10.491783
-0.025282 -0.262499 10.945129
-0.737788 -0.597300 11.062788
-0.469124 -0.848459 11.048857
-0.639318 -1.020995 11.497290
-0.358098 -0.884874 11.358642
-0.464501 -0.371517 11.484514
-0.367606 -0.820292 11.201322
-0.234833 -0.661525 11.058184
-0.383459 -0.566979 10.702217
-0.609769 -0.586108 10.601156
-0.720623 -0.623090 10.924263
-0.196356 -0.154198 10.666855
-0.313059 -0.630888 10.392672
-0.033539 -0.120552 10.346970
-0.007727 0.073844 10.149006
0.205255 -0.250967 9.983959
-0.127233 0.110427 9.693011
-0.072234 -0.384141 9.950669
0.249358 0.182142 9.972526
0.167880 0.139939 9.932879
0.135783 -0.131136 9.769961
0.014049 -0.067141 9.496738
-0.247002 0.045995 9.991155
0.001868 0.552964 9.626048
0.088988 0.258241 10.023135
0.131013 0.214051 9.821079
0.332576 0.256632 9.639554
0.064314 -0.309459 10.114358
0.044846 0.269755 9.788128
-0.371253 0.527474 9.836218
-0.200042 0.229152 10.217171
-0.040488 -0.019848 9.857609
-0.222194 -0.138133 10.166385
-0.026441 -0.167511 9.719592
0.214565 -0.395179 9.860930
0.492444 0.406213 9.924641
0.263289 0.261365 9.784830
0.184959 0.357717 9.557248
0.115330 0.072295 9.830633
0.002927 0.046334 9.873114
0.223723 0.095303 9.774425
-0.167984 -0.094489 9.862233
-0.141214 0.189175 9.896011
0.228705 -0.127764 9.643786
0.227211 0.025991 9.769497
0.139732 0.132290 9.558847
0.276929 -0.082081 10.150004
-0.266710 0.063480 9.772876
-0.395047 0.131642 9.425213
-0.058333 0.220855 9.703993
-0.180747 0.160071 9.760096
-0.081012 0.254998 9.576544
-0.091921 0.173289 9.563611
0.355069 -0.043369 9.984905
0.174487 -0.030458 9.714198
-0.008593 0.142537 9.612715
-0.240652 0.296841 9.663029
0.070817 -0.040441 9.778427
0.286078 -0.017034 9.738635
-0.053943 -0.100692 9.675982
-0.099889 0.332642 9.952298
-0.069039 0.196331 9.492561
0.275136 0.259031 10.257267
0.202310 0.087447 10.068228
-0.125162 -0.079083 9.797151
0.273776 -0.171176 9.617588
0.047308 0.143506 9.669384
0.134084 0.251886 10.079151
0.070659 -0.104028 10.271669
0.003081 -0.000546 10.453146
0.167054 -0.523370 9.994131
-0.059526 -0.342147 10.544352
0.441416 -0.572586 10.623975
-0.226668 -0.604315 10.929324
-0.301228 -1.011502 10.965457
-0.085128 -1.174810 11.197029
-0.097525 -1.460207 11.415053
-0.201604 -1.510645 11.516516
0.117317 -1.438046 2.209885
0.377341 -1.364535 11.899917
0.148067 -1.384889 11.790982
-0.005865 -1.618426 11.863240
-0.006259 -1.021479 11.741538
-0.125190 -0.926710 10.865916
0.386045 -1.283643 11.263627
0.085483 -0.615659 10.864797
-0.429104 -0.725055 10.645631
-0.409838 -0.474972 10.240225
0.129817 -0.373167 10.634154
-0.051236 -0.102539 10.018875
-0.324654 -0.126851 10.075227
0.120398 -0.080447 9.547707
0.128892 0.083897 9.978682
-0.054822 -0.336875 9.916752
-0.001829 0.278337 9.815747
-0.009093 0.083451 9.690614
-0.129027 -0.019579 9.625919
-0.045819 0.387912 10.018527
0.061608 0.310335 9.645021
0.498088 -0.092101 10.210761
0.399881 -0.350646 10.103418
-0.056782 -0.113594 9.914928
-0.201583 0.100399 9.621841
0.035416 0.267073 9.887304
-0.071958 0.108282 9.528704
-0.167772 -0.086054 9.967370
0.081160 0.107033 9.804523
-0.157620 0.297623 9.670441
0.083808 -0.022421 9.922599
-0.121097 0.210535 10.085656
0.198265 0.031525 9.722975
0.564422 -0.198325 9.986246
0.066557 -0.012507 9.847033
-0.102043 0.085411 9.873365
0.535531 0.214164 9.913177
0.115112 0.367908 9.615915
-0.036547 -0.381428 9.921755
0.169635 -0.220914 10.126074
-0.143776 -0.154402 9.948457
0.318839 -0.360257 10.119739
0.154968 -0.210257 10.363015
0.152300 -0.594991 10.792951
-0.022230 -0.708367 10.958988
-0.126113 -0.776347 10.785970
0.503847 -0.554223 11.142557
0.103971 -1.175009 11.308345
0.023926 -1.319503 11.254377
0.052605 -1.422551 11.757896
-0.015504 -1.550274 11.955924
0.106627 -1.220791 11.908946
-0.039521 -1.354853 11.384819
0.420736 -1.359216 12.132347
-0.173869 -1.534912 11.631677
0.072507 -1.108400 11.415230
-0.125623 -1.313025 11.221235
-0.256518 -1.115804 10.854410
0.086132 -0.262046 10.885315
0.286644 -0.353314 10.528766
0.501158 -0.588523 10.159289
-0.067036 -0.009906 9.865734
0.152686 0.030022 10.087213
0.159045 0.285870 9.829216
0.106032 -0.147310 9.617041
0.352966 -0.162424 9.938262
0.106209 0.234996 9.478360
0.178241 -0.011606 9.690018
-0.050164 0.207354 9.956248
-0.025585 -0.227821 9.596291
0.150606 -0.255548 9.786369
0.536214 0.091912 9.958450
-0.212207 -0.245460 9.969164
-0.056470 0.234724 9.838627
0.711273 -0.094464 9.887826
-0.158829 0.226416 9.918102
-0.172238 -0.043457 10.104367
0.270342 -0.262879 9.736806
0.384279 -0.013436 9.866685
0.225386 -0.246432 9.642061
-0.044740 0.260925 10.033953
0.163953 -0.007832 10.055914
-0.010529 0.135594 10.012408
0.359364 0.008735 9.757478
0.279015 0.294371 9.721325
-0.201007 0.263807 9.501655
-0.318560 -0.033659 9.830488
-0.211990 0.044373 9.863294
-0.096078 0.406693 9.895952
0.225698 -0.313036 9.546090
0.092013 0.285064 9.722557
0.028675 -0.435636 9.917765
0.038622 -0.422474 9.980830
-0.265584 -0.861248 10.550712
0.119516 -0.541087 10.507628
0.201190 -0.699047 10.931996
-0.031366 -1.145777 11.203037
0.323450 -0.948477 11.326823
0.107724 -1.531669 11.704524
-0.166171 -1.276041 12.289270
-0.114002 -0.893646 11.879069
-0.149925 -1.659091 12.282991
0.098598 -1.591437 11.740250
0.086155 -1.415836 11.764636
0.354722 -1.536977 11.687437
-0.014580 -1.275858 11.592500
-0.292285 -1.489240 11.209511
-0.027636 -1.110972 10.588426
0.386127 -0.566995 10.693392
0.439049 -0.279634 10.809250
-0.235991 -0.567430 10.365350
0.082900 0.061315 9.735331
0.140719 0.111946 10.111778
-0.081339 0.081929 9.683927
-0.058589 -0.208587 9.658267
-0.048192 -0.098187 9.658242
-0.259919 0.392219 9.709887
0.065993 -0.351794 10.081530
0.033432 -0.088775 9.722972
0.173882 -0.590619 9.645161
-0.023817 -0.026122 10.311062
-0.067519 0.198045 10.172331
0.134123 -0.134763 9.553102
0.149084 0.329005 9.919193
0.246690 0.518389 9.977475
-0.220127 0.010212 10.084043
-0.049756 0.301141 9.796613
0.066869 -0.070148 9.841907
0.042489 -0.321708 9.721681
-0.246642 -0.081422 9.650967
0.202364 0.204680 9.922059
-0.253530 -0.019627 9.540562
-0.029459 0.129484 10.008421
0.094569 0.251694 9.861951
-0.046712 0.174732 9.991295
-0.104834 0.075796 9.751137
-0.401719 0.088021 9.551096
0.065645 -0.307061 9.666067
-0.086720 0.240345 9.703297
-0.214994 0.051075 9.795663
0.158112 -0.288284 9.966715
0.493913 -0.236473 10.098835
-0.332208 -0.494547 10.333879
-0.065980 -0.361160 10.540383
-0.263606 -0.456536 10.440926
-0.152984 -0.794506 11.243941
-0.200775 -0.986417 11.195809
0.131472 -0.939242 11.297250
0.202370 -1.045319 11.915303
0.100385 -1.382605 11.600539
-0.291797 -1.533797 11.803409
-0.021898 -1.380456 11.519165
-0.036395 -1.079252 11.980062
0.123238 -1.335956 11.622370
-0.350814 -1.219957 11.068825
-0.065111 -1.176780 11.288627
0.434277 -0.651085 11.371167
-0.185065 -0.456119 11.054331
-0.188396 -0.653054 10.881178
-0.119776 -0.455940 10.518690
-0.220171 -0.377970 10.036843
0.173734 -0.370228 10.119850
-0.278031 -0.312595 9.688168
-0.057915 0.014283 9.912009
-0.354447 -0.033728 9.659886
0.106836 -0.053527 9.793834
-0.148990 0.344930 9.553284
-0.079947 0.021520 9.759728
-0.152787 -0.362337 9.671698
-0.191877 0.335845 10.262939
-0.010158 -0.280951 9.957609
-0.196215 -0.109834 9.684230
-0.100101 -0.070944 9.547300
-0.140403 0.203989 9.803289
0.025063 -0.446450 9.999557
-0.137104 0.224794 9.840855
-0.112411 -0.335558 10.244969
0.160649 0.172615 10.173766
0.044817 0.270480 9.714285
0.147516 -0.126019 9.709228
0.019400 -0.253480 9.875885
-0.062392 -0.397512 9.718468
-0.069011 0.170567 9.867040
0.289494 0.104022 9.699208
-0.011672 -0.069610 9.907595
0.011964 -0.125712 9.811720
0.092236 -0.201284 9.873402
-0.315737 0.221114 9.915436
0.325857 -0.223319 10.036690
0.187156 -0.058240 9.763730
-0.217029 -0.355070 9.774297
-0.251155 0.130528 9.761079
0.029779 -0.236810 10.313435
0.089058 -0.294766 10.366211
0.017510 -0.718310 10.949968
0.419973 -1.079189 10.524317
0.113826 -0.801879 11.556000
0.147578 -0.896892 11.710077
0.292956 -1.135151 11.302069
-0.001672 -1.354084 11.675494
-0.007621 -1.164761 11.629575
0.159810 -1.436712 11.638494
-0.215320 -1.818469 11.878057
-0.012649 -1.579248 11.320235
0.086542 -1.346129 11.415772
-0.192808 -1.223764 11.472064
-0.065997 -1.253659 11.152980
0.209109 -0.832349 10.944221
-0.065134 -0.837530 10.504884
-0.332371 -0.247801 10.547886
0.016497 -0.264835 10.309841
-0.146909 -0.253669 9.966648
0.502285 0.118132 9.958120
0.273197 0.226144 9.562953
-0.044571 -0.003265 9.932306
-0.044799 -0.019706 9.717730
0.209787 -0.288668 9.724529
-0.368735 -0.205928 9.873435
0.067231 -0.062638 10.034797
0.270809 -0.013845 9.860087
-0.090509 0.125378 9.571188
0.359167 0.227997 9.570215
-0.157804 0.084250 9.742350
0.108920 -0.071879 10.114962
0.001661 0.484111 9.930535
-0.269881 0.417299 10.029736
0.076030 0.129327 9.572191
-0.360875 -0.008350 10.085754
0.079142 0.341834 10.074244
0.004122 0.236751 10.114519
-0.016036 -0.042755 9.838090
-0.482382 0.056086 9.954088
0.028902 0.068935 9.801305
-0.399404 0.332519 9.736434
-0.123554 0.271597 10.005740
0.054613 0.153874 9.579002
-0.016179 0.258957 9.674572
-0.199667 0.015721 9.830411
0.129514 -0.275630 9.300125
0.184246 -0.238390 9.717060
-0.436647 0.118675 9.994612
0.062039 -0.127926 9.649457
-0.197033 -0.414297 10.092187
-0.054302 -0.434806 10.656683
-0.296041 -0.661365 10.831772
-0.184817 -0.878969 11.023847
0.002242 -0.881114 11.183545
-0.062373 -1.410591 11.427498
0.019995 -1.509949 11.674922
0.253585 -1.546111 11.549930
-0.152830 -1.813939 12.181838
-0.089777 -1.671691 11.584645
-0.077593 -1.617248 12.068556
-0.249748 -1.721799 11.805813
-0.021441 -1.355972 11.670438
0.027342 -1.185412 11.096936
-0.333619 -1.156039 10.947732
0.053841 -1.200145 10.841105
-0.034615 -0.667529 10.769256
-0.065308 -0.617545 10.704291
-0.064007 -0.040125 10.176910
-0.003254 -0.216366 10.107733
-0.083970 -0.066681 10.230707
0.209770 0.189354 9.570672
-0.236024 0.043550 9.964148
-0.103827 -0.139517 10.088769
0.137175 0.211597 9.721710
-0.104004 0.189778 9.757455
-0.122171 -0.182639 9.707741
0.175017 -0.301933 9.935810
-0.141644 -0.042060 9.780751
-0.044149 -0.057426 9.721129
-0.114285 0.263955 9.815010
-0.025190 -0.128931 9.728411
-0.128234 0.153069 9.659280
-0.449249 0.011662 9.754122
-0.117158 0.182311 9.263296
0.315249 0.210936 9.684389
-0.090157 0.100877 9.916243
-0.126776 -0.323355 10.232739
0.191225 0.031371 9.845155
0.124263 0.148213 9.392727
-0.070174 -0.090966 9.777713
0.154159 -0.358016 9.540172
-0.136349 0.030869 9.976425
0.326265 -0.057271 9.976096
0.142032 0.108334 9.805144
-0.079906 -0.213080 9.583681
0.069416 -0.010885 9.726899
0.132962 -0.061891 9.656422
-0.053300 0.078218 9.719841
0.041855 -0.199702 9.909327
-0.058670 -0.638288 10.263863
-0.272947 -0.269559 10.437001
-0.114363 -0.427486 10.483094
-0.149537 -1.206252 11.192438
0.374573 -1.350672 11.001450
0.013963 -1.279187 11.371802
-0.023520 -1.229873 11.366318
0.038532 -1.637318 11.613084
-0.347350 -1.559116 11.666394
0.188716 -1.511852 11.834501
-0.004490 -1.904028 11.381553
-0.063736 -1.358380 11.648483
-0.172812 -1.359446 11.493094
0.155801 -1.031445 11.267382
-0.009985 -0.960714 11.249534
0.330520 -0.846032 11.164286
-0.232017 -0.787132 10.262298
0.030261 -0.354542 9.944318
0.037657 -0.203109 10.351383
-0.239172 -0.033993 10.063350
0.118208 -0.111080 10.000751
0.221847 -0.062598 9.895879
0.249954 -0.026646 9.584921
0.135209 0.286976 10.067757
0.142998 -0.468832 9.682833
-0.116920 0.008974 10.147653
-0.216108 0.448440 9.733534
-0.153380 0.169041 9.994861
0.129989 -0.153891 9.910406
-0.206712 -0.159449 9.791026
-0.163993 0.210550 9.694366
-0.044091 -0.176040 10.017522
-0.133225 0.228402 10.023709
-0.089188 0.005934 9.715258
0.109144 -0.038894 9.726504
0.009236 -0.316443 9.794830
0.129922 0.027611 10.000331
-0.075460 -0.091858 9.586536
-0.081149 0.393179 9.865109
-0.117107 -0.201228 9.490294
-0.166079 0.151839 9.724594
-0.191634 -0.169637 9.939896
-0.016253 -0.125441 9.748322
0.441177 0.243925 10.103725
-0.350421 -0.030220 9.681042
0.108768 0.211961 9.875285
-0.174494 -0.132203 9.934114
0.144015 0.006397 9.865016
0.010025 -0.032089 10.067736
0.126033 -0.183900 10.051679
-0.017460 -0.480018 10.083330
0.108791 -0.626620 10.618182
-0.010269 -0.495678 10.816855
0.168586 -0.935676 11.012317
0.147578 -1.326219 11.504944
0.453191 -0.986591 11.539241
0.117752 -1.376070 11.536477
0.192881 -1.608735 11.483313
-0.079466 -1.346956 11.607755
-0.045083 -1.521335 11.607626
-0.487954 -1.683509 11.833119
0.097229 -1.315219 11.817371
-0.125279 -1.479505 11.633522
-0.042350 -0.994633 11.454339
0.256764 -1.109061 11.378112
0.406935 -0.829654 11.030398
-0.186106 -0.480786 10.915275
-0.098891 -0.366814 10.511490
0.078157 -0.161547 10.345715
-0.027798 -0.021958 10.283860
-0.110839 -0.086268 9.570805
0.116720 0.222830 9.787599
0.026687 -0.044039 9.733221
0.046434 -0.156849 9.762945
-0.180910 0.117815 9.857848
-0.086248 0.007416 9.765855
0.228779 -0.088202 9.937009
-0.141041 0.162848 10.017461
0.216901 0.294203 9.868489
0.247589 0.324836 9.585590
-0.120648 -0.299140 10.022229
-0.301706 -0.355968 9.590521
-0.347662 0.054432 9.593091
-0.338057 -0.008375 9.813422
-0.373957 -0.142740 9.795072
-0.071365 -0.065897 10.045857
0.429309 -0.062660 9.545624
-0.046917 0.038859 9.799344
0.122138 0.442382 9.467376
-0.101416 0.308229 9.705591
0.157899 0.126180 10.057376
0.382668 0.066615 9.460834
-0.140081 0.437211 9.527160
0.099361 -0.502902 9.539755
0.177387 0.007192 9.734712
-0.162871 -0.399309 9.948681
-0.056629 -0.304373 9.816038
0.116250 -0.061928 9.862257
0.007625 -0.227267 9.935396
0.147043 0.018312 10.219635
-0.135020 -0.196709 10.335029
-0.141942 -0.576909 10.591334
0.275382 -1.021932 11.017476
0.232832 -0.800579 10.882393
0.078087 -1.144067 11.129066
-0.295005 -1.524353 11.844526
0.012615 -1.270645 11.552364
-0.165555 -1.475504 11.713694
-0.039328 -1.628647 11.876840
0.037673 -1.421418 11.951009
-0.034105 -1.511984 12.077432
-0.188803 -1.788818 11.806564
-0.125870 -1.526853 11.735558
-0.028954 -1.428761 11.765054
-0.322137 -1.033289 10.786750
0.054132 -0.968624 11.094392
-0.003477 -0.389476 10.603521
-0.320909 -0.436543 10.404884
-0.363852 -0.535027 10.094509
0.311077 -0.047128 9.991942
0.094174 -0.493800 9.811563
0.080199 0.011282 9.731187
-0.007662 0.067622 9.808129
0.172201 0.063740 9.912248
0.342711 0.165501 10.158192
-0.134383 -0.318483 9.781944
-0.045119 0.291883 9.583991
-0.015776 0.081036 9.830021
-0.034306 0.071714 10.025820
0.307149 0.006561 9.646831
0.306907 -0.215527 10.168116
0.268827 0.297880 9.947078
-0.422498 -0.207824 9.871378
-0.135129 -0.063056 9.932562
-0.033995 -0.243804 9.987132
0.102981 -0.049799 9.952253
0.019009 0.266272 9.840242
0.264786 -0.374731 9.901844
-0.079572 -0.171810 10.041700
0.177817 -0.401295 9.953099
0.118830 -0.144614 9.642939
-0.318115 -0.067506 9.774502
0.159399 0.053876 9.598018
0.047775 -0.050809 9.623035
-0.317901 0.124961 9.899279
0.111354 -0.145649 9.844216
-0.275073 -0.197317 9.816746
0.052471 -0.347557 9.627549
-0.073079 0.105796 9.761923
0.028115 -0.139538 10.011551
0.053604 -0.592935 10.110778
0.286872 -0.183093 10.623979
0.220078 -1.024780 10.499724
-0.062220 -0.357274 10.867920
0.148981 -0.940279 11.235830
-0.004706 -1.416055 10.837832
0.256368 -1.434683 11.185088
0.087592 -1.330334 11.849034
0.223143 -1.662004 11.605945
-0.063741 -1.335672 11.389472
0.025641 -1.291782 11.959113
0.141712 -1.201492 11.146019
0.322694 -1.245302 11.825441
-0.234927 -1.526814 11.735340
-0.185304 -1.078123 11.270096
0.154577 -0.624719 10.975214
-0.210862 -0.518271 10.833975
-0.363007 -0.200309 9.957980
0.206883 -0.450773 10.383037
0.102039 -0.196041 10.151707
-0.017290 0.056882 10.361598
-0.268248 -0.659423 9.755923
-0.096805 -0.075514 9.624712
0.174487 -0.276266 9.900155
0.127693 0.063293 9.907429
0.189853 0.010713 9.740701
0.097274 0.120073 9.987936
-0.342479 -0.036706 9.596926
0.112193 0.145342 9.755117
-0.145854 0.119393 9.783352
0.285293 0.354591 10.010142
0.046531 0.365115 9.858144
-0.095839 -0.135068 9.669300
-0.001274 0.092617 9.526969
-0.089785 0.042570 9.938725
-0.005185 0.048902 9.562296
-0.182357 -0.012172 9.912110
0.046261 -0.169765 9.762688
0.302368 0.108852 9.777493
-0.205167 -0.142674 9.811318
0.055189 0.113113 9.887597
-0.074047 -0.102221 10.219398
-0.111293 -0.258341 9.482257
-0.070638 0.187997 9.694810
0.295503 -0.001456 10.031912
-0.151544 -0.148443 9.828209
0.096511 -0.035791 9.868493
0.117697 -0.305895 9.770871
-0.103737 -0.179932 10.005920
-0.100958 -0.589632 10.014186
-0.212881 -0.224685 10.403075
-0.434966 -0.638893 10.526070
-0.281775 -0.503065 10.899327
-0.032403 -0.995185 10.468423
0.162805 -0.615446 11.523735
-0.038995 -1.394584 11.545590
-0.025374 -1.215757 11.619061
0.018601 -1.208389 11.908590
-0.104538 -1.662829 11.281119
-0.069232 -1.718665 11.893839
-0.067173 -1.523692 11.943335
0.079451 -1.437430 12.032741
0.147630 -1.394555 11.484260
0.157676 -1.135479 11.153833
0.178943 -0.764507 11.400883
0.308550 -0.426563 11.276528
0.068132 -0.701283 10.323543
0.002174 -0.380219 10.464106
-0.377644 -0.381276 10.371002
-0.205183 -0.155479 10.147815
0.223594 0.256613 9.848979
0.036751 0.021220 9.968933
0.107481 0.285001 9.343741
0.083604 0.097482 9.762954
-0.452802 -0.012199 9.667888
0.335591 0.075058 9.650903
-0.410529 0.118124 9.949230
-0.043155 0.120735 9.740346
0.213443 0.198537 9.482215
-0.279038 0.406256 9.996439
-0.252476 -0.314076 9.851554
-0.228463 -0.063341 9.800544
-0.018088 0.225308 10.176951
-0.095784 -0.226132 9.887769
0.326296 -0.080643 9.980072
-0.167427 0.004254 9.577612
0.002166 -0.023291 9.931625
0.355612 -0.077779 9.410054
-0.040421 0.059864 9.850380
-0.031485 0.297543 9.837243
-0.020959 -0.155541 9.460658
0.065846 0.049084 9.598134
-0.008874 -0.028770 9.685100
-0.158662 0.081016 9.764838
-0.118199 -0.172334 9.784003
0.184897 0.041328 9.762576
0.061698 0.272877 9.908083
0.052040 0.105912 9.807455
0.036814 -0.183699 9.614433
0.068567 -0.119281 10.003947
0.207164 -0.468272 9.887658
-0.139423 -0.792234 10.523002
-0.150416 -0.462660 10.882223
-0.184995 -1.002024 11.037425
0.195968 -1.418478 11.220939
-0.439518 -1.285752 11.596796
0.601954 -1.359148 11.309088
-0.102698 -1.400878 11.561408
-0.184965 -1.563576 11.860057
-0.033882 -1.676321 11.675988
-0.082772 -1.678092 11.639513
0.128727 -1.460156 11.344759
0.204990 -1.228039 11.281884
-0.073076 -1.334468 11.513446
-0.074330 -1.030508 11.126766
-0.296027 -0.559323 11.063003
-0.149477 -0.621225 10.884287
0.011148 -0.172695 11.038965
-0.025224 -0.440457 10.044053
-0.442715 0.061012 9.990790
0.175071 0.129382 9.708350
-0.186163 0.327144 9.825045
-0.132058 -0.209035 9.781709
0.301579 0.137088 9.846352
0.317704 0.279155 9.876824
0.555224 -0.049485 10.029606
-0.078599 0.180570 9.760323
0.092274 0.478027 10.000370
0.095368 -0.154941 9.847646
-0.201601 0.177395 9.982376
-0.035927 0.332706 10.114579
0.029929 0.113102 9.692309
-0.054436 -0.215602 9.714333
-0.020878 -0.332073 9.925363
0.204426 -0.001584 9.270552
-0.050599 -0.278677 9.688076
0.290387 -0.486895 9.646727
0.165914 -0.140385 9.654314
0.406481 0.075677 9.996860
0.098934 0.032339 10.062805
0.381069 -0.336703 9.802937
-0.008640 -0.085855 10.006212
0.051378 0.385095 10.030053
0.272940 -0.239833 9.648783
-0.144738 0.264624 9.616565
-0.187587 -0.224271 10.360605
-0.028446 0.105978 9.581877
0.191852 -0.376527 9.643258
-0.146275 -0.042134 9.765928
0.304800 -0.087972 9.923569
0.199523 -0.402608 10.123848
0.179163 -0.974611 10.602359
-0.142619 -0.802519 11.081091
-0.106243 -0.649220 10.986386
0.076598 -1.066062 11.104062
0.305598 -0.989957 11.278129
-0.209175 -1.428278 11.754810
0.235738 -1.303103 11.372102
0.150756 -1.217491 11.815653
0.395961 -1.764194 11.946962
-0.204044 -1.266498 11.903514
0.360271 -1.314150 11.614655
-0.098214 -1.361419 11.456366
0.269422 -0.920921 11.078751
0.007672 -1.003455 11.008346
0.087650 -0.548232 11.108898
0.269414 -0.803291 10.696765
-0.153130 -0.436160 10.521285
0.191968 -0.061253 10.379731
-0.172034 -0.459051 10.165493
0.300104 -0.090866 9.619065
0.416951 0.076087 9.873286
-0.233594 0.003243 9.947377
0.100604 -0.135977 9.798587
-0.123201 0.332832 9.988975
-0.104867 -0.233694 9.865563
-0.098563 -0.083661 9.582957
-0.202282 0.032534 9.756624
0.499303 0.118851 9.579661
-0.307127 0.079634 9.730627
0.266295 0.056373 9.413496
-0.203885 -0.135056 9.898407
-0.210550 0.030564 9.542770
0.001237 0.074005 10.102302
0.049115 -0.163347 10.108601
-0.036636 0.154713 9.687421
0.018156 -0.160254 9.874452
0.160766 -0.098960 9.699798
0.071364 -0.165003 9.506411
0.070639 -0.021539 9.784228
0.104214 0.132150 9.777800
-0.224534 -0.127717 9.926993
0.027281 -0.109952 9.653123
0.123565 -0.044330 9.960543
0.175867 -0.062568 9.999929
0.027682 0.053552 9.372250
-0.194184 -0.183339 9.746269
0.022870 0.009256 9.896208
-0.136989 0.052365 10.286402
-0.070665 -0.321351 9.924423
0.017094 -0.429104 9.895870
-0.291350 -0.280008 10.711754
0.319978 -0.614337 10.491282
-0.087603 -1.138680 10.624558
0.051053 -0.908151 11.556280
-0.016619 -1.447616 11.353681
-0.056492 -1.409629 11.627261
-0.242895 -1.387948 11.825769
0.283948 -1.416131 11.989566
-0.088779 -1.560858 12.079569
-0.274317 -1.558834 12.006631
-0.042222 -1.471212 11.642390
0.023430 -1.094166 11.743357
0.002291 -0.957571 11.446423
0.171824 -1.221628 11.512315
0.044043 -1.390064 11.262442
0.001011 -0.738696 10.568327
0.087900 -0.661724 10.340014
-0.110576 -0.382401 10.138894
0.170563 -0.134404 10.140097
0.122120 -0.104527 9.720482
0.361034 0.163713 10.161624
0.206908 -0.092074 9.340404
-0.245819 0.127304 9.789650
-0.083970 -0.499111 9.807375
-0.216356 -0.144877 9.980021
-0.205828 -0.186738 9.847116
0.174472 -0.080541 10.103443
-0.255734 -0.290811 9.502143
-0.330437 0.067310 9.614442
-0.282038 0.075959 9.974790
0.210172 0.175057 9.626379
0.055218 0.099374 9.715023
0.032950 -0.250324 9.684480
0.074357 0.301509 10.040288
0.132172 0.015940 9.794954
-0.289520 -0.167101 9.649429
0.114952 0.188990 9.957315
0.236533 0.014452 9.613414
-0.009987 -0.144967 9.941572
-0.071817 -0.019706 9.948724
-0.148219 0.192795 9.540481
0.061310 -0.018180 9.975468
-0.274875 -0.306158 9.960009
-0.078184 -0.018160 9.678050
0.182562 0.059843 9.858133
-0.233924 0.100301 9.611557
-0.131711 -0.294863 9.807750
0.212895 -0.040569 9.836180
0.021829 -0.167894 10.074703
0.035467 -0.531950 10.263243
-0.351050 -0.368922 10.234845
0.235520 -1.148645 11.024348
-0.327844 -1.080389 10.990348
0.123743 -1.072631 11.343126
-0.159311 -1.255987 11.317649
-0.107679 -1.698219 11.553577
-0.023001 -1.198455 11.438267
-0.127881 -1.237508 11.839600
0.109876 -1.409313 11.901574
0.364210 -1.459898 11.578673
0.127759 -1.527402 11.673469
0.074036 -1.475654 11.456452
0.095170 -1.285778 11.572742
-0.197232 -1.213859 11.545816
-0.306045 -0.845746 11.300833
-0.005718 -0.390243 10.819958
-0.001440 -0.510175 10.031532
-0.063822 -0.277508 10.288268
0.493172 -0.132425 10.187518
0.232993 0.022192 9.907334
-0.016237 -0.091925 9.927900
-0.034064 0.124987 9.608183
0.029370 0.310413 9.765075
0.368600 0.032734 9.798698
0.023324 -0.062285 9.413889
0.176035 0.438543 9.906086
0.108264 -0.036519 10.041558
-0.007854 0.053444 9.496957
-0.105868 0.073471 9.991442
0.186988 -0.315836 9.514444
0.116827 -0.149362 9.988919
-0.326034 -0.019682 9.803153
0.096093 -0.206232 9.416647
0.034255 0.105286 10.011491
-0.071710 0.155136 9.907155
0.264481 -0.011078 9.464020
-0.013532 0.017690 9.913639
-0.306536 -0.062409 9.983621
-0.020817 -0.061147 10.191265
-0.214001 0.246631 10.014250
-0.045033 -0.006578 9.802708
0.036390 -0.118908 9.724370
-0.071045 -0.064660 9.747849
-0.448165 0.019530 9.704506
-0.373362 -0.070010 9.733809
0.255049 -0.107846 9.943558
0.276562 -0.147407 9.829559
0.345738 -0.040113 9.999294
-0.081451 -0.051207 10.053561
-0.366421 -0.394998 10.005299
0.022448 -0.667414 10.551021
0.008953 -0.909199 10.590956
0.124113 -0.610804 10.750052
-0.219488 -0.625757 11.162651
0.018294 -1.323927 11.421109
0.343019 -1.260510 11.771503
0.005797 -1.619253 11.558809
-0.223560 -1.434649 12.025720
0.032202 -1.561556 11.652072
0.071089 -1.725833 11.554122
0.180033 -1.469639 11.635965
-0.033813 -1.166209 11.591611
-0.148616 -1.317467 11.339043
0.060444 -1.023056 11.139707
0.009257 -0.847647 10.774460
0.221410 -0.756060 10.715307
-0.412067 -0.527081 10.235477
-0.195804 0.160486 10.291840
0.245204 -0.017556 10.258138
-0.039814 0.235372 10.093881
0.008267 0.030864 9.811712
0.010448 -0.008720 9.886307
0.347995 -0.241043 10.038471
-0.073647 0.253933 9.743311
0.082551 -0.031769 9.463882
0.347795 -0.188551 9.826777
-0.210484 -0.267400 9.769012
-0.118702 -0.233763 9.802913
-0.296381 0.025095 9.784535
-0.496081 -0.104622 9.903682
-0.212709 0.102358 9.896536
-0.203544 -0.002456 9.974998
-0.175284 -0.041162 10.040048
-0.171526 0.091832 9.594162
-0.032192 0.089345 9.329095
-0.106865 0.085866 9.855169
-0.104476 -0.220916 9.935693
-0.064481 0.109069 9.886045
-0.089484 0.214512 9.691144
0.238091 0.264259 10.020023
-0.036112 0.509416 9.840369
0.048211 -0.004412 9.584047
0.259015 -0.114481 9.993922
0.231911 0.120664 9.671606
-0.068216 -0.535415 9.786706
0.160542 -0.047501 9.691984
-0.059549 0.221280 9.828185
0.371583 -0.200055 9.967990
-0.086680 0.226280 10.097430
0.425615 -0.407977 10.547451
0.023601 -0.316715 10.211453
0.069683 -0.873422 10.740883
-0.303678 -0.859219 11.149659
0.109511 -1.262744 10.784928
0.099389 -0.859809 11.185276
0.419481 -1.312682 11.166772
-0.312176 -1.260102 11.721370
0.296444 -1.717831 11.804641
0.001352 -1.528603 11.733479
-0.072540 -1.443277 11.841458
0.050515 -1.172895 11.455200
-0.362337 -1.107990 11.369806
-0.075895 -1.298468 11.251362
-0.291653 -1.129859 11.294471
-0.000786 -0.739501 10.831320
0.180569 -0.761270 10.267752
0.063325 -0.330569 10.343547
0.239841 -0.494090 10.376081
0.348955 -0.181271 10.016193
-0.021134 0.239751 10.005100
0.428841 0.034057 9.708299
-0.116701 0.012321 9.401735
-0.094998 -0.090560 9.857958
0.388364 0.010963 9.425468
-0.182782 0.052458 9.828599
0.324891 0.192015 9.996023
-0.043427 0.219824 9.630815
0.193659 -0.056484 9.520401
0.118647 0.279509 9.728680
0.312552 -0.331188 9.570641
-0.029345 -0.074153 9.676573
0.026736 -0.105718 9.738205
0.055685 -0.133507 9.788796
-0.129108 -0.241124 9.962740
0.341559 0.212914 9.876343
-0.128306 -0.057384 10.021404
-0.456297 -0.072652 9.956823
-0.227656 0.084678 9.885398
-0.290866 0.017396 9.686511
0.083220 0.133958 9.889788
0.014518 0.057774 9.574787
-0.006150 -0.159297 10.016308
0.136648 0.136080 10.152698
-0.065995 -0.109801 9.739279
-0.320447 -0.304717 9.934221
-0.279028 -0.214983 9.789656
-0.082446 0.155337 9.851150
-0.159694 0.108419 10.070302
-0.282197 -0.138164 9.918474
-0.148288 0.049951 10.266790
-0.043508 -0.467056 10.630243
-0.140321 -0.765767 10.820798
-0.303278 -0.642248 10.609501
-0.049153 -1.335720 10.953355
0.259533 -0.967157 11.608329
-0.289798 -1.521594 11.626485
0.143063 -1.573995 11.579672
-0.226270 -1.146557 11.685951
0.006258 -1.483271 12.031124
-0.190493 -1.244554 11.525198
0.233144 -1.757152 11.674545
0.325087 -1.171932 11.642759
-0.209683 -1.323009 11.646944
0.094468 -0.837904 11.179364
-0.056346 -0.687070 10.982407
-0.033992 -0.942399 10.880245
0.088005 -0.605299 10.691246
0.048762 -0.271272 10.418714
0.133741 -0.129882 10.023772
0.396733 -0.232668 10.073738
-0.016772 0.069149 10.085743
-0.062316 0.120367 9.863111
-0.128260 0.251620 9.952238
-0.086910 0.220719 9.643716
-0.005787 -0.085845 9.960262
-0.095937 0.151697 9.928892
-0.075050 0.365944 9.660953
-0.281803 0.171220 9.380118
0.298363 0.020351 9.524603
-0.189693 -0.326818 9.886577
-0.265383 0.100418 9.749035
-0.095073 0.101869 9.934702
0.229161 -0.126756 9.804038
-0.127065 0.032597 9.654342
-0.084819 -0.083800 9.868672
0.000591 0.101260 9.788601
-0.115951 0.038257 9.626563
0.113832 -0.057093 9.850904
0.044005 0.320309 9.886317
0.014644 -0.138474 9.970477
-0.054041 -0.305096 9.770982
0.038298 -0.163701 9.786364
-0.014297 -0.011182 10.056928
-0.262312 0.406760 9.803433
0.116042 0.025567 9.464795
-0.211316 -0.104855 10.008744
-0.276864 -0.192941 9.872028
0.094571 0.002636 9.727743
-0.319598 -0.080805 10.348114
-0.069060 -0.552889 10.155959
0.078813 -0.530675 10.736834
0.184994 -0.622730 10.298599
-0.138453 -0.950007 10.781213
0.038164 -0.973665 10.829790
0.160920 -1.172824 11.449593
0.148965 -1.464777 11.810292
-0.028359 -1.111583 11.516670
0.287649 -1.659003 12.290698
-0.190367 -1.288683 11.737521
0.143004 -1.486311 11.562696
-0.559366 -0.912575 11.710061
-0.588706 -1.250861 11.696428
-0.143016 -1.317719 11.374096
0.240519 -0.995962 11.457250
0.226244 -0.886159 10.616432
-0.045334 -0.554301 10.701442
0.126885 -0.311362 10.561567
-0.055066 -0.219975 10.689032
-0.297976 -0.091159 10.427890
-0.234918 0.114312 10.151487
-0.295369 0.120679 9.784795
-0.012089 -0.064991 10.072538
-0.022424 -0.092663 9.720725
-0.068198 -0.215907 9.715573
0.023534 0.080876 10.050808
0.048196 -0.094894 9.607792
0.058897 -0.023474 9.793137
0.052506 0.103878 9.863947
-0.034104 -0.160276 9.687443
0.169652 -0.084717 9.540791
0.231915 -0.188476 9.817049
0.098233 0.000644 9.314372
0.078098 0.265293 9.967306
-0.424799 0.425449 9.544830
-0.215684 0.156376 9.900568
0.016067 -0.113881 10.076171
-0.007865 -0.313163 10.056460
0.043857 0.223001 9.924510
0.478325 -0.061994 9.813219
0.143966 -0.060758 9.970528
-0.589483 -0.014557 9.789402
-0.027843 -0.175385 9.991225
-0.100889 0.040055 9.802567
0.100073 0.286192 9.849021
0.168279 0.028974 9.708798
-0.028312 -0.056708 9.923632
0.021330 -0.180647 9.794666
-0.305183 -0.122829 9.924805
0.361690 0.081073 9.854674
0.040354 -0.280089 10.195848
-0.033338 -0.554836 10.829937
-0.083237 -0.591410 10.183657
0.164714 -0.603552 10.720131
-0.102377 -0.925653 11.168497
0.093274 -1.233497 11.750718
-0.133948 -0.773068 11.806896
0.166423 -1.622188 11.877393
0.120788 -1.902128 11.500022
0.071526 -1.526660 11.706704
0.215790 -1.654962 11.689894
-0.129406 -1.312058 11.351564
-0.099534 -1.655936 11.495936
0.144610 -1.027869 11.232545
0.106664 -1.052986 11.436822
-0.025993 -1.435012 11.109473
-0.091820 -0.714437 10.756648
-0.284942 -0.469116 10.562295
0.072813 -0.443738 10.440322
-0.199499 -0.313721 10.034289
0.059094 -0.150817 10.170261
0.059057 -0.006662 9.891085
0.146581 0.048155 9.448097
0.217902 0.023935 9.946971
-0.081189 -0.365343 9.354218
-0.188874 0.103459 10.069578
0.060394 -0.210445 9.653175
0.272157 -0.262156 10.230355
0.375208 0.426944 9.886140
-0.068305 0.071269 9.991717
-0.130155 -0.220241 9.753213
-0.154462 0.248177 9.686714
0.019128 0.196608 10.065968
0.041712 0.076859 9.606602
0.204611 0.252705 9.435929
0.352589 -0.140132 9.928926
0.015512 -0.012075 9.768696
-0.198513 0.104766 9.752791
-0.261884 -0.207001 9.551511
-0.104918 0.097020 9.667776
0.195088 -0.023843 9.752119
0.003353 0.279031 9.535732
0.331273 0.192032 9.805669
0.236605 -0.064495 9.867136
-0.108283 0.193295 9.668549
-0.010274 0.135828 10.019638
-0.164231 0.150628 9.613603
-0.430066 -0.171406 10.005990
-0.002443 -0.192908 9.935640
0.004480 -0.064237 9.739147
-0.020471 -0.299096 9.968861
-0.275816 -0.556988 10.457100
0.002409 -0.770867 10.569996
-0.079035 -0.780698 11.179461
-0.444079 -0.891353 11.142375
0.105144 -0.938940 11.227040
0.188861 -1.562192 11.584031
-0.048503 -1.404836 11.497649
0.087377 -1.160949 11.586570
0.037929 -1.328825 11.750652
0.272079 -1.564144 11.757683
-0.198631 -1.388774 11.696061
0.127180 -1.438624 11.422112
0.092498 -0.896610 11.503867
0.369482 -0.904892 11.268463
0.135859 -0.542768 11.178051
-0.216976 -0.499481 10.742535
-0.038807 -0.838632 10.147363
-0.072893 -0.616870 10.173184
0.142868 -0.304808 10.078182
-0.213990 -0.026155 10.026171
-0.284587 -0.172171 9.585624
0.101843 0.032801 9.800058
-0.025656 0.064567 9.878570
-0.099115 -0.127119 9.798201
-0.037947 0.412136 9.733221
0.057933 0.093185 10.090105
-0.162237 0.267930 9.780521
0.500269 0.072520 9.564214
-0.039432 0.267254 9.826308
-0.011925 0.143799 9.741000
-0.042147 -0.188935 10.155764
-0.244522 0.033893 9.905977
-0.002730 -0.250773 9.610247
0.104503 -0.155976 9.395597
0.077396 -0.174499 9.936244
-0.040324 -0.049962 9.820448
-0.227699 -0.165091 9.758015
-0.228869 0.142764 9.748524
-0.289887 -0.111806 9.830241
-0.089218 0.079963 9.924807
0.480340 0.230129 9.482726
-0.072046 -0.053328 9.925014
-0.186717 -0.106250 9.561118
-0.120453 -0.112993 9.747399
-0.237303 0.196405 9.904443
-0.289766 0.005195 9.496949
0.268451 0.301028 9.827911
-0.170529 -0.218762 9.833796
-0.021365 0.085477 10.252610
0.194201 -0.289836 10.011213
-0.154011 -0.471902 10.215175
0.060797 -0.498573 10.798532
0.101038 -1.213659 11.197208
-0.313477 -1.046504 11.288314
0.071720 -1.431616 11.158400
0.057414 -1.209214 11.337070
0.078519 -1.717147 11.820334
-0.176768 -1.462104 11.763462
0.232131 -1.451574 11.690180
0.071919 -1.049724 11.928966
-0.011833 -1.580815 11.572158
0.135999 -1.488544 11.559049
0.287524 -1.145970 11.162238
0.435570 -0.663464 11.264840
0.255151 -0.893798 11.075428
-0.084708 -0.930680 11.207848
-0.281308 -0.424535 10.512570
0.103201 -0.341888 10.226085
0.027682 -0.092643 10.061126
-0.013672 -0.350130 10.327280
0.107140 0.019988 9.714165
-0.200723 0.171997 9.778028
0.124213 -0.270430 10.119371
0.180275 -0.016213 9.903525
0.148201 -0.267396 10.145565
0.096652 -0.140820 9.590682
0.197420 0.042232 9.906520
0.005333 -0.200549 9.911724
-0.039507 -0.004338 10.285401
0.173814 0.185353 10.354105
0.076915 0.023942 9.674159
-0.090510 -0.409421 9.968085
-0.253384 0.180547 9.801395
0.025612 -0.008474 10.087215
0.241888 -0.005778 9.630199
0.184778 -0.194915 9.499028
0.099670 0.243698 9.728983
0.080904 -0.083135 9.954399
0.219006 -0.052573 9.604479
-0.291406 0.185138 9.582687
0.074405 0.155481 9.709740
-0.033242 0.199809 9.648361
-0.181942 -0.046878 10.065583
0.322146 -0.019757 9.667576
0.212823 -0.333859 9.859522
-0.008783 0.258766 10.089004
-0.188506 0.011742 9.724937
-0.058665 0.037570 9.857565
0.038785 0.002837 10.364522
0.057736 -0.300398 10.020477
0.317160 -0.384906 10.482640
0.017010 -0.587467 10.843821
0.179110 -0.518242 10.979074
0.350840 -0.804409 11.152579
-0.333475 -1.158936 11.689760
-0.155053 -1.294891 11.591555
0.188425 -1.491654 11.521579
0.114000 -1.626884 11.413841
0.368074 -1.314594 12.186678
0.174803 -1.342133 11.854849
-0.037206 -1.311671 11.584810
-0.213846 -1.377828 11.816809
-0.246481 -1.419352 11.496327
-0.083016 -0.918855 11.362576
0.092306 -0.966852 11.187123
0.148425 -0.654232 10.685147
0.074799 -0.546443 10.129154
0.150032 -0.185803 9.781722
0.102135 0.162680 9.835962
-0.014658 -0.122304 10.256626
0.224189 -0.197477 9.907482
0.460534 -0.124942 9.807769
0.102701 -0.122011 10.162641
-0.094534 -0.277807 9.705004
0.130604 -0.159635 9.870440
0.112510 -0.241787 9.697260
0.069794 0.140482 9.702243
0.030354 -0.056787 9.955570
0.103883 -0.074697 9.905689
-0.082520 0.091472 9.904259
0.474209 -0.067252 9.781746
-0.129446 -0.206565 9.718708
0.133020 0.147492 9.869136
-0.059153 -0.098675 9.626634
-0.111378 -0.259026 10.081572
0.367430 -0.387173 9.867853
0.054538 0.041762 9.691451
0.204503 0.082095 10.016824
-0.147502 -0.276637 9.896981
-0.192589 0.210920 9.384676
-0.093708 -0.123184 9.743525
0.052220 0.079247 9.937948
0.150997 -0.034305 10.231741
0.277418 -0.062398 9.782625
-0.066610 0.072660 9.615612
-0.157907 -0.433473 9.730268
0.212952 -0.052214 9.819826
0.055632 -0.286355 9.929601
0.178066 -0.127304 10.257122
0.252826 -0.191433 10.099262
-0.068827 -0.097749 10.518229
0.036191 -0.831589 10.671171
0.143275 -0.837433 10.826661
-0.057477 -0.777589 11.298161
0.106808 -1.087872 11.141459
0.054470 -1.097782 11.506326
0.195486 -1.305047 11.860991
0.010187 -1.300889 11.488005
0.006629 -1.357397 11.869260
0.219125 -1.509626 11.671451
-0.327815 -1.468685 11.798831
0.152202 -1.591220 11.793576
-0.194884 -1.200278 11.264301
0.083450 -0.997139 11.300199
0.368761 -0.760832 10.815201
0.092214 -0.270570 10.820731
0.189139 -0.802762 10.532771
-0.053604 -0.459976 10.237472
0.021727 -0.313495 10.099182
-0.034697 0.054580 9.970059
0.075185 0.174084 9.950049
-0.001217 -0.417385 9.912746
-0.182385 -0.017248 9.884209
0.266606 0.368465 9.625756
-0.263173 0.065143 9.858486
-0.240375 -0.003321 9.929508
-0.246030 -0.198917 9.681168
-0.042452 0.138794 9.744704
0.011063 0.449236 9.618738
-0.130599 0.135618 10.007609
0.082960 0.361794 9.873491
-0.395221 0.019399 9.695803
0.276762 0.192925 9.492062
0.270064 0.187874 9.745108
-0.015688 0.278435 9.415698
0.089080 0.218682 9.792257
0.129582 0.020631 9.653192
-0.161806 0.142386 9.682859
-0.304916 0.024480 9.707384
-0.239822 0.014349 9.963455
0.004030 -0.213248 9.906361
0.207031 0.442607 10.098369
-0.201072 0.171617 9.861305
-0.230420 0.056759 10.193735
0.239173 -0.202690 9.812743
0.098335 -0.345981 9.470912
0.030926 0.011741 9.471294
0.077595 0.131485 9.880884
0.011962 -0.074335 10.149295
-0.333725 -0.504976 10.162765
-0.172165 -0.190653 10.582290
-0.221945 -0.702465 10.915542
-0.129248 -0.670086 11.207173
0.243228 -0.979873 11.414810
-0.104448 -0.678872 11.426235
0.229359 -1.383785 11.658394
0.108693 -1.599859 11.503767
-0.040901 -1.257140 11.414656
-0.072570 -1.238025 11.563574
0.250780 -1.703765 11.597633
-0.029444 -1.039400 11.567455
-0.346593 -1.591770 11.744900
-0.270948 -0.938456 11.392023
-0.006454 -0.956493 11.004421
0.027574 -1.079017 11.200315
-0.205459 -0.571821 10.482513
-0.106641 -0.558813 11.051665
-0.002889 -0.488257 10.153024
-0.300935 -0.221174 10.431707
0.067208 0.094772 9.742555
-0.040668 0.018987 9.693997
0.080001 0.123086 9.918570
-0.030217 0.218182 9.758477
-0.069764 0.288308 9.588607
-0.340594 -0.173563 9.887448
0.256718 -0.132104 10.172968
0.005439 -0.023106 9.640012
0.390271 -0.030058 9.543602
0.491534 0.078734 9.969766
0.336312 0.122893 10.004978
0.010865 0.146746 9.803168
-0.004042 0.023943 9.730637
0.100876 0.100369 9.973783
0.127921 0.400009 10.020526
-0.041450 0.090614 10.092540
-0.189995 0.402848 9.655072
0.180055 0.001320 9.799814
-0.260583 0.181500 9.552328
-0.288554 0.231941 10.167921
-0.133449 0.200622 9.969305
-0.018304 0.267163 9.777276
0.103507 -0.250754 9.567794
0.233809 0.110241 9.781509
0.381569 0.379463 9.897834
-0.291131 -0.022320 9.643484
0.017903 -0.187259 9.570755
-0.452523 0.011658 9.379306
-0.064048 0.052971 9.780125
-0.216966 -0.202186 9.895768
0.037132 -0.530517 10.221036
-0.069284 -0.486351 10.782425
0.039962 -0.558709 10.564505
0.044651 -0.895363 10.936468
0.129789 -1.116000 11.084996
-0.097283 -1.277192 11.412712
-0.072796 -1.011792 12.094343
-0.113588 -1.355291 11.903058
-0.053150 -1.677085 12.128576
0.137231 -1.436262 12.100104
0.154047 -1.487793 11.585616
-0.098666 -1.173127 11.831873
-0.037333 -0.958070 11.527066
0.197504 -1.132041 11.764655
0.150609 -1.006722 11.128845
-0.003075 -0.985482 10.657196
0.061747 -0.766301 10.582228
-0.017768 -0.473602 10.456870
0.347659 -0.191476 10.663498
-0.087798 -0.031873 9.984807
-0.112226 0.343201 9.770914
-0.446347 -0.163383 9.437393
-0.190265 -0.171733 9.817056
-0.409919 0.239190 9.434846
-0.025550 -0.064831 9.975070
0.070309 0.237375 9.737709
-0.092949 0.082558 10.015840
0.165014 0.064363 9.856533
-0.007258 0.081986 10.216987
-0.048515 -0.072898 9.721789
0.077875 -0.424349 9.782988
0.176129 -0.105246 9.847341
0.421867 0.066320 9.362155
-0.281977 -0.050201 9.649235
0.020677 -0.058915 10.043214
-0.218266 -0.041500 9.853452
0.068227 0.029361 9.327745
0.016658 -0.030151 9.982822
0.144594 0.048169 9.872633
0.270477 0.230059 9.865066
0.429084 -0.125639 9.572911
-0.002168 -0.074762 9.316932
-0.130476 0.068717 9.798394
-0.155292 0.008465 9.834614
0.143015 -0.128300 9.984771
-0.218129 -0.100675 10.149799
-0.204776 -0.131753 9.559378
-0.165453 0.005879 9.980367
-0.003728 -0.150846 9.675989
-0.145426 -0.497824 10.208801
0.161215 -0.332041 10.330225
0.175247 -0.463805 10.734117
-0.204759 -0.729332 10.595915
0.129448 -1.127231 11.220132
0.112355 -0.665895 11.156491
-0.110064 -1.044627 11.584178
-0.142884 -1.710902 11.193258
0.052277 -1.106054 11.435288
-0.054473 -1.547896 12.165048
0.451739 -1.415109 11.989600
0.174040 -1.734271 11.920646
-0.203921 -1.448399 11.923403
0.016187 -1.090884 11.818363
-0.351387 -1.611588 11.610483
0.240481 -0.964635 11.243048
0.178610 -0.665521 10.869700
0.191170 -0.728892 10.738174
0.040004 -0.655934 10.306798
0.446822 -0.502329 10.315927
0.115960 -0.199460 10.195787
0.065797 -0.259958 10.031907
-0.108941 0.326340 9.924883
-0.140031 0.068458 9.625029
0.051556 -0.045140 9.644626
-0.167888 0.486987 9.828278
-0.086348 -0.120984 9.904233
-0.127699 -0.218924 9.803517
-0.007994 -0.083407 9.631742
-0.078194 -0.093927 9.688327
0.055300 0.445246 10.076353
0.388384 -0.113538 10.144938
0.045455 0.197273 9.901541
-0.068653 0.143900 9.906986
-0.353637 -0.024825 9.984481
0.055484 0.093894 9.659715
0.051242 -0.019269 9.769309
-0.135851 0.182972 9.879094
0.048910 0.410157 9.904760
0.240099 0.054587 9.739367
-0.211827 0.048278 9.277302
0.054493 0.063080 9.766486
-0.018473 -0.250234 10.087121
-0.067450 -0.194419 9.918932
0.022151 -0.071667 9.717193
-0.001128 0.269163 9.903909
-0.006882 0.170487 9.815506
0.080310 0.030226 9.927956
-0.088829 -0.249662 10.020428
0.300986 -0.304284 9.960402
-0.089774 -0.011941 10.110818
0.665494 -0.384238 10.549394
0.326926 -0.377327 10.462812
0.018968 -0.657557 10.916123
-0.174527 -0.872599 10.874099
-0.345239 -0.844171 11.377189
-0.126844 -0.970022 11.061333
0.004791 -1.336635 11.576060
0.016509 -1.429500 11.617901
-0.021741 -1.205562 11.665198
0.451068 -1.627033 11.858012
0.114241 -1.536558 12.057414
0.109042 -1.455072 11.969709
-0.203098 -1.424480 11.671025
0.160293 -1.111524 11.352626
-0.050289 -0.789673 11.212684
-0.174448 -1.026383 11.233229
-0.143752 -0.605051 10.959645
0.108421 -0.635575 10.252256
0.373978 -0.532184 10.131281
0.074501 -0.232393 10.176250
-0.293554 -0.127988 10.060082
0.136215 -0.136284 9.634716
0.042743 -0.262493 10.066854
0.031482 -0.139362 9.599100
-0.126611 -0.312386 9.908956
-0.160569 0.079934 9.917509
0.193199 0.050370 10.035047
0.277222 0.051643 9.873705
-0.111495 -0.197525 10.066415
0.121149 0.137366 9.691858
0.324784 -0.045723 9.649632
-0.114735 0.314238 9.587790
-0.150225 0.579702 9.998208
-0.146611 -0.216289 9.475461
0.019423 0.145604 10.113760
-0.378797 -0.265076 9.786090
0.557534 0.177181 9.884560
-0.244985 -0.423997 9.817770
-0.019874 -0.053562 9.733913
-0.149671 -0.195528 10.087902
-0.177306 -0.055230 9.802184
0.141256 -0.170366 10.005614
-0.115933 -0.032379 10.138620
-0.193846 0.144181 10.010922
0.061980 -0.023506 10.235141
-0.002769 0.040816 9.742695
0.030216 0.192824 9.754939
-0.421706 0.080920 9.623391
0.148375 -0.086173 10.113166
-0.189669 -0.295661 9.993482
-0.296456 -0.101667 9.916851
0.219463 -0.399167 10.415622
0.069023 -0.596051 10.609378
0.059630 -0.694166 10.741600
0.069239 -1.541219 10.778685
0.112905 -1.259614 11.207377
-0.010605 -1.390573 11.360789
-0.327810 -1.807724 11.843215
-0.084500 -1.284297 11.694412
0.070994 -1.525081 11.818889
0.018607 -1.567348 11.535018
0.153226 -1.095383 12.027299
-0.110654 -1.458017 11.447654
-0.035167 -1.186541 11.178479
-0.295947 -1.005965 10.458523
-0.020131 -1.029352 11.086568
0.209527 -0.445348 10.620174
-0.227029 -0.646965 10.512917
-0.329173 -0.045242 10.175809
0.100035 -0.544902 9.876293
-0.381136 0.118330 9.892503
0.114261 -0.009111 9.932753
-0.067488 -0.040709 9.791654
0.081126 0.086424 10.372287
0.336320 -0.355752 9.781379
-0.081179 0.256026 9.746850
0.092858 -0.467412 9.507280
0.418459 0.010049 9.610308
0.048574 -0.210612 9.753325
-0.290524 -0.157744 9.726733
0.224140 0.092809 9.937705
-0.005155 0.164570 9.635296
-0.146541 0.081518 9.754171
-0.002769 -0.032827 10.060690
0.261111 -0.125233 9.458026
-0.142299 -0.179392 9.976350
0.184099 -0.206215 9.659099
-0.295802 0.026876 9.801017
0.157824 0.099426 9.932041
-0.308400 -0.125265 9.999779
-0.107715 -0.325513 9.971598
-0.115453 0.212527 9.806317
-0.055444 0.272638 9.549469
0.286844 -0.127871 9.842474
0.034364 -0.085424 9.657577
-0.073964 -0.202913 10.202392
-0.096226 0.231789 10.015435
0.072586 -0.048929 9.877815
0.114434 -0.065814 9.611194
-0.363662 0.113181 9.534546
0.039137 -0.370947 10.274095
-0.227993 -0.413911 10.496598
0.552202 -0.633601 10.959110
-0.299737 -0.636383 10.975791
0.053948 -0.959240 11.505873
0.051021 -1.332873 11.254877
0.163425 -1.221892 11.252416
0.102928 -1.630560 11.783108
-0.161111 -1.534503 11.671980
0.303783 -1.419630 12.062223
0.579043 -1.468845 12.081340
-0.139891 -1.163116 11.533954
-0.003683 -1.204008 11.697357
-0.254510 -1.349453 11.500355
-0.073543 -1.295423 11.150410
-0.023794 -0.805020 11.036385
0.093130 -0.813232 10.607298
0.185558 -0.592683 10.376377
-0.300854 -0.329688 10.310989
-0.395099 -0.402667 9.777144
0.157670 -0.468378 9.908807
0.143572 0.015771 9.751066
0.069294 0.207395 9.788478
-0.447787 0.229547 9.890053
-0.006615 -0.396074 9.750338
-0.175095 -0.243256 9.782710
-0.107193 -0.094020 9.957925
0.051114 -0.099103 9.685524
-0.090972 -0.049489 9.926810
-0.208512 0.291688 9.926954
-0.547586 0.017070 10.018147
0.077741 -0.082468 9.797782
0.035664 0.153918 9.526981
-0.121004 0.327716 9.816589
0.305580 0.597119 9.711593
-0.239456 -0.053106 10.029799
0.247779 0.454395 9.802639
0.097611 -0.142354 9.308603
-0.007931 -0.230751 9.938671
-0.376279 -0.147867 9.863536
0.074472 -0.009488 10.183469
0.313893 -0.136865 10.131882
0.352440 -0.024780 9.819081
-0.010144 -0.129000 9.700866
0.263865 0.087475 9.699162
-0.185199 -0.151622 9.777229
0.182634 -0.172016 9.990341
0.039391 0.006775 10.044217
0.168672 -0.366812 9.707741
-0.045903 -0.117422 10.334404
0.013014 0.016788 10.100600
-0.107516 -0.545183 10.291950
0.231881 -1.213564 10.588750
0.229641 -0.902866 11.145114
0.439537 -0.999877 11.398392
0.483828 -1.095630 11.368452
0.180493 -1.074540 11.550748
-0.096769 -1.070613 11.641333
0.238746 -1.425633 12.146335
-0.169809 -1.670196 11.980897
-0.226068 -1.454881 12.090624
-0.356966 -1.333664 11.937805
-0.005182 -1.496802 11.505989
-0.167704 -1.162217 11.322724
-0.102652 -0.922724 11.480428
0.065564 -0.571669 11.246302
-0.117328 -0.604626 10.604474
-0.296433 -0.412894 10.244965
0.096861 -0.635127 10.276134
-0.314147 -0.053844 9.982813
-0.097959 0.139393 9.860230
0.022171 -0.061517 9.940537
0.208589 0.167127 9.716666
0.241809 -0.183270 9.661504
-0.025560 0.209360 9.575970
0.178297 -0.010949 9.723253
0.219561 -0.160534 10.267135
-0.035328 0.029968 10.118581
0.035186 0.237774 9.419368
-0.088519 0.079347 10.026284
0.153939 0.135206 10.022212
0.095004 -0.428637 10.098441
-0.167533 0.062725 9.846201
0.009466 -0.221208 9.422261
-0.200476 0.165248 9.520676
-0.176056 0.083609 9.604515
-0.108610 0.016364 9.866529
-0.209445 0.028189 9.889771
-0.254640 0.042969 9.666683
0.024783 0.144616 9.774748
0.182683 0.158163 9.991566
0.080622 0.220153 9.887019
-0.333452 -0.158414 9.767749
-0.017445 0.071548 9.648610
0.401742 -0.020492 9.808462
-0.134150 -0.200675 9.784739
0.005510 -0.017381 10.141031
-0.025262 -0.038979 10.002117
-0.034213 0.021960 9.668735
-0.254229 -0.164205 10.015166
-0.161805 -0.299581 10.283755
-0.141979 -0.587805 10.498718
-0.204216 -0.780404 10.796250
-0.004767 -0.935843 10.749923
-0.202642 -1.042305 11.569767
0.113157 -1.442621 11.519508
-0.151777 -1.312355 11.440739
0.404551 -1.640914 11.758178
-0.137065 -1.330441 11.839633
0.250911 -1.356376 11.671293
0.583241 -1.367121 11.670809
0.041108 -1.287925 11.814015
0.099206 -1.118087 11.732145
-0.169513 -0.754438 11.771842
0.160193 -1.008214 11.175782
-0.064753 -0.879279 10.493180
0.306053 -0.424107 10.354126
0.177998 -0.485589 10.415586
0.098568 -0.672509 10.239685
0.015896 -0.172527 9.787991
0.089383 0.126055 10.006010
-0.045838 0.516014 9.654143
0.154690 0.048655 10.212463
0.077350 0.120231 9.911143
-0.211665 -0.173776 9.754866
0.191477 0.046619 9.768653
0.274440 -0.396486 9.550836
-0.499320 0.241662 9.790655
0.193258 -0.021852 10.014637
-0.025350 0.081982 9.862703
0.067541 0.336947 9.485115
-0.013677 0.039597 9.819657
-0.079577 -0.106943 10.116003
-0.014144 0.487589 9.915655
-0.057931 0.110536 9.831787
0.268400 -0.233544 9.449763
0.072196 0.167139 9.867181
0.134495 0.105087 9.513920
0.056248 0.263356 9.844353
-0.261992 -0.066771 9.921351
0.359126 -0.391269 9.882246
-0.186442 0.101545 9.927566
-0.046629 0.126320 10.037979
-0.032914 -0.267432 10.095115
0.165739 0.112751 9.671807
0.197087 0.408485 9.785738
0.018899 -0.213038 9.666092
-0.214914 0.004371 9.770902
0.074560 -0.264288 9.891033
-0.190707 -0.151103 9.735024
0.030316 -0.379697 10.278128
-0.330453 -0.353103 10.395647
0.043423 -1.033612 10.440917
-0.078031 -0.565302 11.035991
0.025975 -1.200815 10.943352
0.055331 -1.035911 11.419860
0.341911 -1.447875 11.594385
-0.338635 -1.371883 11.989331
-0.208302 -1.309780 12.069150
-0.137943 -1.406612 12.125926
0.046095 -1.320863 11.426152
0.119427 -1.310644 11.430214
-0.192866 -1.190583 11.497968
0.222388 -1.113903 11.389356
-0.034090 -0.957417 11.325191
0.106770 -0.925004 11.178424
0.131539 -0.582551 10.707803
0.100010 -0.850382 10.503657
0.328037 -0.279954 10.258631
-0.119177 -0.090071 10.022474
0.261860 -0.258632 9.834083
-0.120176 0.345122 9.801105
-0.109615 -0.418119 9.627726
0.105577 0.104775 9.679759
-0.119131 0.371974 10.349276
0.229955 0.311856 10.164285
0.442914 -0.060386 9.634346
0.366698 -0.192859 9.604281
-0.201127 -0.026279 9.413125
-0.286622 -0.124468 9.570815
0.212482 0.001330 9.925404
0.093506 -0.041355 10.007626
0.090430 -0.063680 9.473218
0.104132 -0.252261 9.886057
0.015778 -0.272074 9.861679
0.038264 0.038990 9.839399
-0.130478 0.118322 9.672469
-0.214918 0.134927 9.997286
0.121240 -0.041439 9.422107
0.296338 -0.391019 9.927212
0.422047 0.029893 9.868247
0.075864 0.039633 10.280123
-0.168633 -0.193745 9.744500
0.348166 -0.115375 9.896060
0.214202 0.155797 10.013615
0.283597 0.061646 9.718590
0.029444 -0.067811 10.314310
-0.106531 0.074835 9.538885
0.026564 -0.143329 10.059681
0.140351 0.094783 10.329003
-0.013261 -0.512829 10.076514
0.060548 -0.452489 10.506980
-0.107022 -0.372150 10.394927
-0.118093 -1.055824 10.888742
0.249313 -1.073504 11.184900
0.132849 -1.243112 11.454590
0.050151 -1.537545 11.465648
0.070917 -1.157654 11.951708
0.419097 -1.381115 11.698279
-0.012790 -1.522753 11.728424
0.076591 -1.392309 11.546190
0.217634 -1.781453 11.650960
0.229863 -1.189905 11.487116
0.393765 -1.264063 10.977675
0.090548 -1.371656 10.998315
0.124550 -0.932574 11.046659
-0.231620 -0.487901 10.351274
0.263726 -0.579118 10.761627
-0.168102 0.061002 10.050403
-0.358790 -0.179996 10.308287
0.158158 0.146686 10.086648
-0.164054 0.131490 9.857625
-0.141946 0.035871 9.798735
0.283199 -0.102975 9.697676
-0.139728 0.379370 9.681463
0.259368 -0.206278 9.911325
0.052502 0.246674 10.027676
0.016378 -0.107415 10.134992
-0.127389 -0.453545 9.438287
-0.323012 0.119139 10.252894
-0.407992 -0.156511 9.827805
0.309101 -0.157588 9.928160
-0.050018 0.521432 9.838908
0.071138 0.016851 9.727063
0.189974 -0.231806 9.409608
-0.030039 0.163113 9.693845
0.037298 -0.244139 10.022533
0.130382 0.003946 9.843746
-0.278715 -0.269779 9.785602
0.102747 0.112876 9.737413
0.149076 0.284158 9.792267
0.061933 -0.041571 9.784739
0.033913 0.340653 9.993055
0.165037 -0.090749 9.630365
0.077907 0.248749 10.154681
-0.490527 0.489278 9.893397
0.181786 -0.347989 9.762619
0.164570 -0.256743 9.261396
0.067101 -0.095865 10.212811
-0.031984 -0.205961 10.201025
0.206704 -0.465701 10.430835
-0.104347 -0.480742 10.589549
0.169027 -0.595935 10.473352
-0.374051 -0.877994 11.124794
0.089939 -0.967547 11.163200
0.061820 -1.374867 11.534105
0.169261 -1.382436 11.645912
-0.343310 -1.378082 11.668831
0.251847 -1.517935 11.954675
-0.078235 -1.957220 11.764893
0.039351 -1.448039 11.814132
-0.101291 -1.478838 11.470187
-0.399321 -1.332675 11.409470
0.215967 -1.612445 11.436269
0.424297 -1.052523 11.164055
0.085269 -0.739499 10.848835
-0.201659 -0.529053 10.307851
0.166446 -0.562406 10.456012
-0.105122 -0.037775 10.291737
-0.064348 -0.258598 10.031858
0.479388 -0.349326 10.141120
0.113621 0.286169 9.964872
0.000673 0.204006 9.855954
0.150991 0.285644 9.828504
-0.084877 -0.128762 9.900108
-0.175634 -0.069961 9.616486
0.101668 -0.150431 9.552653
-0.222155 -0.114218 9.713940
0.050291 -0.032325 9.884062
0.090123 0.148100 9.428435
-0.225445 0.110977 9.852282
0.195387 -0.308804 9.714969
-0.059276 0.033313 9.817175
0.093816 -0.022931 10.084467
0.338242 -0.223579 9.819022
0.159599 0.117066 9.728431
0.050973 -0.316692 9.806172
-0.292061 0.101596 9.586808
0.032607 0.063839 9.825173
-0.126391 -0.042074 10.046214
-0.084922 0.004286 9.698642
0.204085 0.015566 9.657205
0.001425 -0.048206 10.088516
-0.008938 -0.276550 9.909727
0.357217 0.239386 9.589413
-0.053746 -0.006137 9.806290
0.076192 -0.068820 9.626875
0.190360 -0.246507 9.678635
-0.225956 0.036535 9.945838
0.176701 -0.345656 9.810887
-0.088780 -0.360451 10.283755
-0.336478 -0.388300 10.276547
-0.129483 -0.424856 10.252824
0.064500 -0.776657 10.766780
-0.089401 -0.771744 11.557190
0.212945 -0.798874 11.239798
-0.316017 -1.321907 11.719482
-0.370950 -1.599383 11.532377
0.071313 -1.432682 11.625910
0.035962 -1.728961 11.724715
-0.252958 -1.508254 11.620844
0.138075 -1.419329 11.650107
0.353625 -1.234725 11.484880
-0.116747 -1.412283 11.364888
0.061523 -1.398829 10.891808
-0.103221 -1.060039 10.939188
0.036430 -0.684059 10.799498
-0.116982 -0.493227 10.254732
0.056924 -0.308770 10.002228
-0.031012 -0.196181 10.117692
0.063624 -0.230145 10.077273
0.104611 -0.166710 9.610519
-0.129630 -0.294330 9.851601
0.236712 0.284309 9.592132
0.157361 0.016900 9.330812
-0.066479 -0.088737 10.052164
-0.174191 0.112613 9.788582
-0.289162 -0.110437 10.116326
-0.034674 0.181173 9.980211
-0.089653 -0.256684 9.579636
0.290333 0.030347 9.463236
0.166792 -0.357370 9.644775
0.016259 0.504084 9.973200
-0.096478 0.005663 9.993942
0.284373 -0.049528 9.766277
-0.166010 0.133032 10.015194
-0.387737 -0.079361 9.567311
0.030181 -0.247589 9.545972
0.224704 -0.033119 9.798019
0.086337 0.194164 9.726281
-0.079263 -0.078413 10.026302
-0.013627 -0.058220 9.888179
0.366251 0.014857 9.756111
0.388600 0.265960 10.046965
-0.100137 -0.119966 9.443169
0.192983 0.015399 9.449822
0.240370 -0.067470 9.767184
-0.302594 0.076646 9.939412
-0.009598 -0.169556 10.449838
-0.240674 -0.332904 10.203141
-0.202888 -0.541593 10.468239
0.121038 -0.387219 10.491760
-0.138431 -0.710132 10.673648
0.169243 -0.755231 10.744968
0.157908 -1.351655 11.100521
-0.228410 -1.347469 11.763382
-0.294135 -1.475222 11.660591
-0.094001 -1.382980 11.981366
0.130926 -1.571943 11.754198
0.106121 -1.373002 11.814151
0.072122 -1.405890 11.762497
-0.121048 -1.265573 11.753815
-0.416196 -1.476550 11.462376
-0.040226 -0.935260 12.018530
-0.491764 -0.955072 11.178522
-0.036098 -0.731815 10.960494
-0.072287 -0.653749 10.800777
0.092294 -0.446320 10.338706
0.563829 -0.252049 10.394428
-0.101560 -0.150702 10.097811
-0.382390 -0.229240 9.777515
-0.120091 -0.235761 9.847829
0.279472 0.026098 9.573746
-0.206181 -0.075410 9.526879
0.060891 0.270620 9.694819
0.015227 -0.085792 9.684074
0.037915 -0.132661 9.648320
-0.323858 0.012918 10.023402
0.141462 0.298399 9.675097
0.170162 -0.220527 9.951852
0.328837 0.099676 10.142362
-0.119746 -0.026846 9.626863
0.006958 0.053935 9.815207
-0.094828 -0.098143 9.879034
-0.031857 -0.230361 9.430543
-0.119098 -0.276454 9.642886
-0.084661 -0.029220 9.676799
0.438240 -0.252221 10.051842
-0.032514 -0.131505 9.927515
-0.090576 -0.161393 10.167962
-0.438892 -0.048975 9.848014
0.281605 -0.079686 10.342203
0.151824 -0.473459 9.519263
0.047387 -0.228773 9.919567
-0.090746 -0.239205 9.617082
0.170383 -0.404591 10.019055
0.214907 -0.066281 9.529111
0.111173 -0.119066 9.536035
0.381828 -0.262791 9.630114
0.057010 -0.202186 10.358727
-0.076104 -0.397943 10.308981
0.039904 -0.438039 10.509785
0.032923 -0.742894 10.855999
-0.071979 -0.679532 11.208089
-0.135508 -0.535057 11.022082
-0.141078 -1.068050 11.466377
0.014363 -1.147733 11.609037
0.413148 -1.424737 11.524557
-0.110342 -1.383941 11.878132
0.041295 -1.669901 12.031730
0.387398 -1.472361 12.143063
0.173251 -0.970355 11.789985
0.027321 -1.142903 11.471794
0.081423 -0.909905 11.541967
-0.006192 -0.975871 11.316140
0.144889 -0.690390 10.998424
-0.164909 -0.792628 10.781697
0.166292 -0.343659 10.320352
-0.030233 -0.558807 9.963650
0.016296 0.083014 10.081450
0.381627 -0.118729 9.930787
-0.198201 -0.091242 9.601071
-0.309067 -0.234586 9.827055
-0.147341 -0.099975 9.891974
-0.309760 0.016207 9.979615
0.186912 0.103313 9.799564
-0.124748 -0.016472 10.140693
0.054613 -0.021376 9.922739
0.009945 0.045159 9.760657
-0.082988 0.199200 9.419930
0.095720 -0.095351 9.428958
-0.194922 -0.007209 9.830296
0.148001 0.161604 9.500657
0.075501 0.145709 9.853785
0.100488 -0.386504 9.611957
0.273209 -0.055942 10.254621
-0.255684 0.312754 9.687859
0.172487 -0.059076 9.833136
0.119109 -0.122671 9.970221
-0.053175 0.035610 9.280966
-0.067467 0.252708 9.948935
0.177309 0.010664 10.145255
0.057688 -0.132020 9.981028
0.184520 0.125918 9.729413
0.056294 0.278665 9.905510
-0.295553 -0.125753 9.674947
-0.150865 -0.422257 10.188116
-0.175258 -0.182583 9.450716
0.173286 -0.104081 9.854361
-0.059600 -0.071056 9.965485
-0.397780 -0.582259 9.973241
0.055064 -0.298043 10.748556
-0.326979 -0.535543 10.566449
0.584692 -0.563692 11.270916
0.160488 -0.939576 11.084088
-0.119864 -1.336070 11.501580
0.312081 -1.382745 11.414041
-0.296701 -1.365154 11.941310
0.255865 -1.202519 11.864023
0.018038 -1.243550 11.587988
-0.088169 -1.136037 11.566021
-0.006892 -1.287826 11.711996
0.229884 -1.006247 11.654444
0.278013 -1.361784 11.346557
0.481038 -0.627368 10.909217
-0.002552 -0.813188 11.013842
0.254809 -0.291766 10.696947
0.224397 -0.354407 10.451169
-0.339632 -0.120257 10.362974
0.077918 -0.384870 10.453317
0.030494 -0.314183 9.664080
0.135494 0.119656 9.746456
0.092525 0.133521 9.837985
-0.140268 0.192271 9.977526
0.113536 -0.166746 9.543794
0.015305 0.185914 10.018075
0.116876 -0.090091 9.649159
-0.003373 -0.001477 10.031459
-0.095943 -0.079330 10.220998
0.310244 -0.176556 10.103750
-0.224376 -0.086812 9.745951
-0.015518 0.123951 9.831295
0.122945 -0.080368 9.884845
0.015793 -0.277666 9.906602
0.019211 -0.142782 9.725032
-0.080064 -0.048984 10.161792
0.418051 -0.545208 9.907635
0.190990 -0.043215 9.995618
0.330834 -0.274368 9.836752
0.391349 -0.247553 9.786954
-0.089679 0.210379 10.048249
0.032465 0.006442 9.466170
0.284601 -0.070633 9.781535
0.194320 0.039520 10.010768
0.120682 0.040757 9.872089
-0.224555 -0.029796 10.026809
-0.179728 -0.143055 9.634075
0.030676 0.258712 9.948490
-0.435393 0.043817 9.836126
0.101876 -0.218517 9.889398
-0.014294 -0.412245 10.303478
-0.177201 -0.709000 10.601811
0.221768 -0.543586 10.559709
-0.148014 -0.976900 11.108616
-0.165010 -0.839146 11.291986
0.247545 -0.963418 11.486596
-0.293736 -1.189357 11.581605
-0.074651 -1.141647 11.665189
-0.105890 -1.253395 11.699923
-0.115899 -1.725431 11.645965
-0.146878 -1.353997 11.577127
-0.371568 -1.353446 11.568666
-0.003253 -1.054900 11.572820
0.301924 -1.189678 11.579456
-0.109485 -0.994416 10.978011
-0.162840 -0.885336 10.664830
0.031872 -0.720149 10.736379
-0.262638 -0.343700 10.794918
0.297307 0.056830 10.250421
-0.070466 -0.091100 10.013845
-0.348087 0.077952 9.877664
-0.293471 -0.123450 9.796726
0.002367 0.004769 10.083804
-0.257708 -0.030429 9.634207
0.251234 -0.112291 9.741234
0.209939 0.264955 10.104525
-0.328623 0.096583 9.864023
-0.010245 0.013314 10.067155
0.207718 0.179383 9.851383
0.454118 -0.080125 9.486808
-0.053049 0.011548 10.070637
-0.102196 0.098246 9.514551
0.216284 0.013664 9.753889
0.426330 0.213981 9.602032
-0.021878 0.547264 10.205763
0.184593 -0.369410 10.076430
-0.127037 0.264704 9.665466
0.097766 -0.128057 9.737344
0.124439 -0.263780 10.284484
-0.205444 -0.216630 9.935027
0.258388 -0.064741 9.595706
-0.184476 -0.206004 9.871636
-0.013997 0.085167 9.882974
0.164862 -0.081989 9.662359
0.031259 -0.010998 9.860590
-0.142343 0.128443 9.574325
-0.088077 0.225808 9.583737
0.210049 -0.281820 9.492955
-0.298772 0.023361 9.955919
0.258519 0.242574 9.982540
-0.166357 -0.168101 9.967558
0.284262 -0.206228 10.068800
-0.384067 0.077985 9.789239
-0.040838 0.006254 9.639254
0.089216 0.012134 9.997062
0.318078 0.025383 9.646256
-0.227580 0.339650 10.124075
0.177474 0.011971 9.973033
0.260893 -0.123591 9.815959
-0.221247 -0.025812 10.118855
0.215710 0.027001 9.271353
-0.131159 0.020481 9.766817
0.006555 0.048518 9.703264
-0.001506 -0.029889 9.669359
0.369268 -0.095292 9.359158
0.356653 -0.169255 9.989982
-0.136177 0.113856 9.800371
0.200066 -0.042741 9.678936
0.051404 -0.076498 9.424165
-0.120300 0.573754 9.445725
0.048210 -0.048579 10.177284
-0.222208 0.020261 9.947240
-0.032913 -0.167738 9.827354
-0.050285 -0.118543 10.082050
0.106089 -0.012779 10.064676
0.235772 0.049372 10.076609
0.229333 -0.575230 9.843435
0.454453 -0.497267 10.520092
-0.131428 -0.802896 10.507814
0.265928 -0.766539 10.758796
0.010090 -0.534585 11.159755
0.080458 -0.719268 11.072336
0.123663 -0.933083 11.352739
0.021401 -0.864517 11.787771
0.239412 -0.972079 11.293166
0.295483 -1.287076 11.628423
0.387411 -1.052044 11.230401
0.065818 -0.796244 11.133653
0.204719 -0.973407 10.889740
0.366560 -0.769988 10.297255
0.083489 -0.066329 10.820178
-0.027657 -0.440716 10.605569
-0.285811 -0.487205 10.373716
0.362693 -0.299345 10.447355
-0.125365 -0.800235 10.147379
0.119694 0.091155 10.035329
0.041296 -0.065990 9.787656
-0.092080 -0.080078 9.447793
-0.242862 -0.032684 9.361827
-0.401568 -0.066856 9.784334
-0.062671 -0.475981 10.120479
-0.287246 -0.163632 9.557646
0.259806 0.084284 9.715351
-0.108731 0.035919 9.560689
0.076148 -0.109729 9.913928
0.097145 -0.118722 9.399458
-0.049365 -0.289895 9.825727
-0.051314 -0.117599 9.550888
0.237358 -0.090736 10.280670
0.006986 0.070318 9.817842
0.068314 0.218537 10.030845
-0.353322 0.171099 9.909428
0.007178 0.342510 10.160553
0.180919 -0.108707 9.571503
0.150880 0.271907 9.404268
0.217259 -0.050973 9.448199
0.093879 0.181877 9.739730
-0.211471 0.342418 9.676273
0.231894 -0.302610 9.893201
0.077501 0.174683 10.108597
-0.162726 0.104155 9.536687
-0.275583 -0.115667 9.891865
0.335374 0.371789 9.739022
0.061107 0.188601 9.963077
-0.033891 0.015221 9.787964
-0.041675 -0.068282 9.786068
-0.081163 -0.227084 9.982516
0.103252 0.375319 9.883904
-0.083392 -0.125287 9.819473
0.110575 -0.048942 9.515949
-0.147802 0.003605 9.958057
-0.297165 0.053017 9.854224
-0.090315 -0.117384 9.662735
0.028161 0.225364 10.049557
-0.224796 -0.037396 9.371298
0.021837 0.119530 10.124192
-0.357291 -0.217612 9.838827
-0.323678 0.034442 9.934601
-0.256258 0.026517 9.567558
0.275085 0.041329 9.681987
-0.247628 0.077830 10.081587
-0.154301 -0.087929 9.659572
0.311099 -0.381728 10.067119
-0.075440 -0.014323 9.741873
0.047920 -0.145960 10.021677
0.219799 -0.196682 9.943493
-0.071299 0.010327 10.115030
-0.124453 0.175117 9.923219
0.002009 0.033303 9.945590
-0.142060 -0.209559 9.789566
0.098583 0.117499 10.250157
-0.056551 -0.281056 10.340771
0.462187 -0.438639 10.222111
0.388000 -0.279240 10.697372
0.305736 -0.124225 10.806191
0.597474 -0.682417 11.207350
0.737397 -0.550385 10.891052
0.890630 -0.509973 11.427079
0.709690 -0.706311 11.251788
1.168438 -0.810021 11.072751
0.627633 -0.797964 11.540176
0.400626 -0.773611 11.262197
0.876687 -0.470691 11.445187
0.627890 -0.590747 11.157160
0.209240 -0.817126 11.021206
0.441382 -0.200245 10.479928
0.570326 -0.174414 10.463373
0.271436 -0.156997 10.122700
0.076904 -0.085284 10.048925
-0.204273 -0.029236 10.165824
0.254521 0.066284 10.059569
0.207856 0.005739 9.408010
0.231956 -0.178664 9.583825
-0.220681 0.496916 9.898110
-0.208323 -0.136683 9.809855
0.108481 0.055858 9.624279
0.063429 -0.122238 10.019383
0.011259 -0.151867 9.947791
0.076649 -0.094973 9.956018
0.125823 0.240364 9.952028
-0.042789 -0.338106 9.847329
0.068361 0.010239 9.207825
0.135766 -0.182410 9.947145
0.340137 -0.050560 9.897697
0.006556 0.105117 9.830689
-0.103396 -0.180988 10.128093
0.087711 0.166103 9.889813
0.195154 -0.179193 9.826636
0.101097 0.258534 10.344615
0.081504 -0.132220 9.570871
-0.180963 -0.154824 9.229784
-0.135131 0.143348 9.825080
-0.051725 -0.324391 10.020082
0.102363 -0.002586 9.369496
-0.098155 0.086744 9.804287
0.038388 0.137089 9.840948
0.129935 -0.168710 9.565446
0.095472 0.136482 9.913795
0.026317 -0.064808 9.852197
0.075860 0.087859 10.331428
-0.184161 0.645199 9.558636
0.077134 -0.238969 9.871249
0.196425 0.006517 10.004616
-0.084736 -0.409973 9.935342
0.006128 -0.095923 9.727888
0.081316 -0.162907 9.885049
0.237727 0.412014 10.090905
0.032349 0.051533 9.729950
-0.093129 0.174406 9.748498
0.073220 -0.192502 10.084063
-0.064491 0.217596 9.669235
-0.151342 0.265606 9.684798
-0.313580 -0.207988 9.981342
0.152124 -0.152500 9.683656
0.134603 0.263184 9.796240
0.110848 0.174687 10.240601
-0.231143 -0.133745 9.708705
0.165505 -0.050384 9.872449
0.024369 0.000347 9.831479
0.205980 -0.194117 9.780309
-0.243056 0.045311 9.770894
0.213849 -0.000965 9.721232
-0.035070 0.341962 9.517778
-0.069246 -0.003530 9.768623
0.221654 -0.034859 10.049814
0.235708 -0.061077 9.875787
0.352200 -0.413149 10.159654
0.529784 0.155540 10.939481
0.464694 -0.278009 10.754859
1.039299 0.179635 10.618938
0.742043 0.023160 11.169991
0.977142 -0.253569 11.237976
1.111900 -0.363054 11.490139
1.166407 -0.333051 11.473188
1.144910 -0.017151 11.625195
0.965923 -0.118355 10.760461
1.149194 0.027268 11.495299
0.671434 0.028590 11.325133
0.639962 0.064280 11.078657
0.325703 -0.010018 10.672512
0.215158 -0.031673 10.637336
0.712706 -0.046054 10.625301
0.418744 0.143724 10.116765
0.251850 -0.068615 10.264688
0.174680 -0.146370 9.931030
0.385958 -0.349602 10.037781
0.262561 0.113045 10.225995
0.187703 0.076825 9.716654
0.080533 0.136336 9.810700
-0.148565 -0.240845 9.847081
-0.296063 -0.094309 9.323652
0.166604 0.230809 9.825790
0.366292 0.269477 9.905957
-0.022643 -0.069880 9.922498
-0.028245 0.109646 9.934491
-0.045916 0.219157 9.764290
0.004268 -0.195505 9.755877
0.431640 -0.180077 9.897542
