# x (m), y (m)
0.000000 0.000000
0.007776 0.000000
0.015851 0.000000
0.024225 0.000000
0.032897 0.000000
0.041870 0.000000
0.051141 0.000000
0.060711 0.000000
0.070580 0.000000
0.080748 0.000000
0.091216 0.000000
0.101982 0.000000
0.113048 0.000000
0.124412 0.000000
0.136076 0.000000
0.148039 0.000000
0.160300 0.000000
0.172861 0.000000
0.185721 0.000000
0.198880 0.000000
0.212338 0.000000
0.226095 0.000000
0.240152 0.000000
0.254507 0.000000
0.269161 0.000000
0.284115 0.000000
0.299068 0.000000
0.314021 0.000000
0.328975 0.000000
0.343928 0.000000
0.358882 0.000000
0.373835 0.000000
0.388788 0.000000
0.403742 0.000000
0.418695 0.000000
0.433649 0.000000
0.448602 0.000000
0.463555 0.000000
0.478509 0.000000
0.493462 0.000000
0.508416 0.000000
0.523369 0.000000
0.538322 0.000000
0.553276 0.000000
0.568229 0.000000
0.583183 0.000000
0.598136 0.000000
0.613089 0.000000
0.628043 0.000000
0.642996 0.000000
0.657950 0.000000
0.672903 0.000000
0.687856 0.000000
0.702810 0.000000
0.717763 0.000000
0.732717 0.000000
0.747670 0.000000
0.762623 0.000000
0.777577 0.000000
0.792530 0.000000
0.807484 0.000000
0.822437 0.000000
0.837390 0.000000
0.852344 0.000000
0.867297 0.000000
0.882251 0.000000
0.897204 0.000000
0.912157 0.000000
0.927111 0.000000
0.942064 0.000000
0.957018 0.000000
0.971971 0.000000
0.986924 0.000000
1.001878 0.000000
1.016831 0.000000
1.031785 0.000000
1.046738 0.000000
1.061691 0.000000
1.076645 0.000000
1.091598 0.000000
1.106552 0.000000
1.121505 0.000000
1.136458 0.000000
1.151412 0.000000
1.166365 0.000000
1.181319 0.000000
1.196272 0.000000
1.211225 0.000000
1.226179 0.000000
1.241132 0.000000
1.256086 0.000000
1.271039 0.000000
1.285992 0.000000
1.300946 0.000000
1.315899 0.000000
1.330853 0.000000
1.345806 0.000000
1.360759 0.000000
1.375713 0.000000
1.390666 0.000000
1.405620 0.000000
1.420573 0.000000
1.435526 0.000000
1.450480 0.000000
1.465433 0.000000
1.480387 0.000000
1.495340 0.000000
1.510293 0.000000
1.525247 0.000000
1.540200 0.000000
1.555154 0.000000
1.570107 0.000000
1.585060 0.000000
1.600014 0.000000
1.614967 0.000000
1.629921 0.000000
1.644874 0.000000
1.659827 0.000000
1.674781 0.000000
1.689734 0.000000
1.704688 0.000000
1.719641 0.000000
1.734594 0.000000
1.749548 0.000000
1.764501 0.000000
1.779455 0.000000
1.794408 0.000000
1.809361 0.000000
1.824315 0.000000
1.839268 0.000000
1.854222 0.000000
1.869175 0.000000
1.884128 0.000000
1.899082 0.000000
1.914035 0.000000
1.928989 0.000000
1.943942 0.000000
1.958895 0.000000
1.973849 0.000000
1.988802 0.000000
2.003756 0.000000
2.018709 0.000000
2.033662 0.000000
2.048616 0.000000
2.063569 0.000000
2.078523 0.000000
2.093476 0.000000
2.108429 0.000000
2.123383 0.000000
2.138336 0.000000
2.153290 0.000000
2.168243 0.000000
2.183196 0.000000
2.198150 0.000000
2.213103 0.000000
2.228057 0.000000
2.243010 0.000000
2.257963 0.000000
2.272917 0.000000
2.287870 0.000000
2.302824 0.000000
2.317777 0.000000
2.332730 0.000000
2.347684 0.000000
2.362637 0.000000
2.377591 0.000000
2.392544 0.000000
2.407497 0.000000
2.422451 0.000000
2.437404 0.000000
2.452358 0.000000
2.467311 0.000000
2.482264 0.000000
2.497218 0.000000
2.512171 0.000000
2.527125 0.000000
2.542078 0.000000
2.557031 0.000000
2.571985 0.000000
2.586938 0.000000
2.601892 0.000000
2.616845 0.000000
2.631798 0.000000
2.646752 0.000000
2.661705 0.000000
2.676659 0.000000
2.691612 0.000000
2.706565 0.000000
2.721519 0.000000
2.736472 0.000000
2.751426 0.000000
2.766379 0.000000
2.781332 0.000000
2.796286 0.000000
2.811239 0.000000
2.826193 0.000000
2.841146 0.000000
2.856099 0.000000
2.871053 0.000000
2.886006 0.000000
2.900960 0.000000
2.915913 0.000000
2.930866 0.000000
2.945820 0.000000
2.960773 0.000000
2.975727 0.000000
2.990680 0.000000
3.005633 0.000000
3.020587 0.000000
3.035540 0.000000
3.050494 0.000000
3.065447 0.000000
3.080400 0.000000
3.095354 0.000000
3.110307 0.000000
3.125261 0.000000
3.140214 0.000000
3.155167 0.000000
3.170121 0.000000
3.185074 0.000000
3.200028 0.000000
3.214981 0.000000
3.229934 0.000000
3.244888 0.000000
3.259841 0.000000
3.274795 0.000000
3.289748 0.000000
3.304701 0.000000
3.319655 0.000000
3.334608 0.000000
3.349562 0.000000
3.364515 0.000000
3.379468 0.000000
3.394422 0.000000
3.409375 0.000000
3.424329 0.000000
3.439282 0.000000
3.454235 0.000000
3.469189 0.000000
3.484142 0.000000
3.499096 0.000000
3.514049 0.000000
3.529002 0.000000
3.543956 0.000000
3.558909 0.000000
3.573863 0.000000
3.588816 0.000000
3.603769 0.000000
3.618723 0.000000
3.633676 0.000000
3.648630 0.000000
3.663583 0.000000
3.678536 0.000000
3.693490 0.000000
3.708443 0.000000
3.723397 0.000000
3.738350 0.000000
3.753303 0.000000
3.768257 0.000000
3.783210 0.000000
3.798164 0.000000
3.813117 0.000000
3.828070 0.000000
3.843024 0.000000
3.857977 0.000000
3.872931 0.000000
3.887884 0.000000
3.902837 0.000000
3.917791 0.000000
3.932744 0.000000
3.947698 0.000000
3.962651 0.000000
3.977604 0.000000
3.992558 0.000000
4.007511 0.000000
4.022465 0.000000
4.037418 0.000000
4.052371 0.000000
4.067325 0.000000
4.082278 0.000000
4.097232 0.000000
4.112185 0.000000
4.127138 0.000000
4.142092 0.000000
4.157045 0.000000
4.171999 0.000000
4.186952 0.000000
4.201905 0.000000
4.216859 0.000000
4.231812 0.000000
4.246766 0.000000
4.261719 0.000000
4.276672 0.000000
4.291626 0.000000
4.306579 0.000000
4.321533 0.000000
4.336486 0.000000
4.351439 0.000000
4.366393 0.000000
4.381346 0.000000
4.396300 0.000000
4.411253 0.000000
4.426206 0.000000
4.441160 0.000000
4.456113 0.000000
4.471067 0.000000
4.486020 0.000000
4.500973 0.000000
4.515927 0.000000
4.530880 0.000000
4.545834 0.000000
4.560787 0.000000
4.575740 0.000000
4.590694 0.000000
4.605647 0.000000
4.620601 0.000000
4.635554 0.000000
4.650507 0.000000
4.665461 0.000000
4.680414 0.000000
4.695368 0.000000
4.710321 0.000000
4.725274 0.000000
4.740228 0.000000
4.755181 0.000000
4.770135 0.000000
4.785088 0.000000
4.800041 0.000000
4.814995 0.000000
4.829948 0.000000
4.844902 0.000000
4.859855 0.000000
4.874808 0.000000
4.889762 0.000000
4.904715 0.000000
4.919669 0.000000
4.934622 0.000000
4.949575 0.000000
4.964529 0.000000
4.979482 0.000000
4.994436 0.000000
5.009389 0.000000
5.024342 0.000000
5.039296 0.000000
5.054249 0.000000
5.069203 0.000000
5.084156 0.000000
5.099109 0.000000
5.114063 0.000000
5.129016 0.000000
5.143970 0.000000
5.158923 0.000000
5.173876 0.000000
5.188830 0.000000
5.203783 0.000000
5.218737 0.000000
5.233690 0.000000
5.248643 0.000000
5.263597 0.000000
5.278550 0.000000
5.293504 0.000000
5.308457 0.000000
5.323410 0.000000
5.338364 0.000000
5.353317 0.000000
5.368271 0.000000
5.383224 0.000000
5.398177 0.000000
5.413131 0.000000
5.428084 0.000000
5.443038 0.000000
5.457991 0.000000
5.472944 0.000000
5.487898 0.000000
5.502851 0.000000
5.517805 0.000000
5.532758 0.000000
5.547711 0.000000
5.562665 0.000000
5.577618 0.000000
5.592572 0.000000
5.607525 0.000000
5.622478 0.000000
5.637432 0.000000
5.652385 0.000000
5.667339 0.000000
5.682292 0.000000
5.697245 0.000000
5.712199 0.000000
5.727152 0.000000
5.742106 0.000000
5.757059 0.000000
5.772012 0.000000
5.786966 0.000000
5.801919 0.000000
5.816873 0.000000
5.831826 0.000000
5.846779 0.000000
5.861733 0.000000
5.876686 0.000000
5.891640 0.000000
5.906593 0.000000
5.921546 0.000000
5.936500 0.000000
5.951453 0.000000
5.966407 0.000000
5.981360 0.000000
5.996313 0.000000
6.011267 0.000000
6.026220 0.000000
6.041174 0.000000
6.056127 0.000000
6.071080 0.000000
6.086034 0.000000
6.100987 0.000000
6.115941 0.000000
6.130894 0.000000
6.145847 0.000000
6.160801 0.000000
6.175754 0.000000
6.190708 0.000000
6.205661 0.000000
6.220614 0.000000
6.235568 0.000000
6.250521 0.000000
6.265475 0.000000
6.280428 0.000000
6.295381 0.000000
6.310335 0.000000
6.325288 0.000000
6.340242 0.000000
6.355195 0.000000
6.370148 0.000000
6.385102 0.000000
6.400055 0.000000
6.415009 0.000000
6.429962 0.000000
6.444915 0.000000
6.459869 0.000000
6.474822 0.000000
6.489776 0.000000
6.504729 0.000000
6.519682 0.000000
6.534636 0.000000
6.549589 0.000000
6.564543 0.000000
6.579496 0.000000
6.594449 0.000000
6.609403 0.000000
6.624356 0.000000
6.639310 0.000000
6.654263 0.000000
6.669216 0.000000
6.684170 0.000000
6.699123 0.000000
6.714077 0.000000
6.729030 0.000000
6.743983 0.000000
6.758937 0.000000
6.773890 0.000000
6.788844 0.000000
6.803797 0.000000
6.818750 0.000000
6.833704 0.000000
6.848657 0.000000
6.863611 0.000000
6.878564 0.000000
6.893517 0.000000
6.908471 0.000000
6.923424 0.000000
6.938378 0.000000
6.953331 0.000000
6.968284 0.000000
6.983238 0.000000
6.998191 0.000000
7.013145 0.000000
7.028098 0.000000
7.043051 0.000000
7.058005 0.000000
7.072958 0.000000
7.087912 0.000000
7.102865 0.000000
7.117818 0.000000
7.132772 0.000000
7.147725 0.000000
7.162679 0.000000
7.177632 0.000000
7.192585 0.000000
7.207539 0.000000
7.222492 0.000000
7.237446 0.000000
7.252399 0.000000
7.267352 0.000000
7.282306 0.000000
7.297259 0.000000
7.312213 0.000000
7.327166 0.000000
7.342119 0.000000
7.357073 0.000000
7.372026 0.000000
7.386980 0.000000
7.401933 0.000000
7.416886 0.000000
7.431840 0.000000
7.446793 0.000000
7.461747 0.000000
7.476700 0.000000
7.491653 0.000000
7.506607 0.000000
7.521560 0.000000
7.536514 0.000000
7.551467 0.000000
7.566420 0.000000
7.581374 0.000000
7.596327 0.000000
7.611281 0.000000
7.626234 0.000000
7.641187 0.000000
7.656141 0.000000
7.671094 0.000000
7.686048 0.000000
7.701001 0.000000
7.715954 0.000000
7.730908 0.000000
7.745861 0.000000
7.760815 0.000000
7.775768 0.000000
7.790721 0.000000
7.805675 0.000000
7.820628 0.000000
7.835582 0.000000
7.850535 0.000000
7.865488 0.000000
7.880442 0.000000
7.895395 0.000000
7.910349 0.000000
7.925302 0.000000
7.940255 0.000000
7.955209 0.000000
7.970162 0.000000
7.985116 0.000000
8.000069 0.000000
8.015022 0.000000
8.029976 0.000000
8.044929 0.000000
8.059883 0.000000
8.074836 0.000000
8.089789 0.000000
8.104743 0.000000
8.119696 0.000000
8.134650 0.000000
8.149603 0.000000
8.164556 0.000000
8.179510 0.000000
8.194463 0.000000
8.209417 0.000000
8.224370 0.000000
8.239323 0.000000
8.254277 0.000000
8.269230 0.000000
8.284184 0.000000
8.299137 0.000000
8.314090 0.000000
8.329044 0.000000
8.343997 0.000000
8.358951 0.000000
8.373904 0.000000
8.388857 0.000000
8.403811 0.000000
8.418764 0.000000
8.433718 0.000000
8.448671 0.000000
8.463624 0.000000
8.478578 0.000000
8.493531 0.000000
8.508485 0.000000
8.523438 0.000000
8.538391 0.000000
8.553345 0.000000
8.568298 0.000000
8.583252 0.000000
8.598205 0.000000
8.613158 0.000000
8.628112 0.000000
8.643065 0.000000
8.658019 0.000000
8.672972 0.000000
8.687925 0.000000
8.702879 0.000000
8.717832 0.000000
8.732786 0.000000
8.747739 0.000000
8.762692 0.000000
8.777646 0.000000
8.792599 0.000000
8.807553 0.000000
8.822506 0.000000
8.837459 0.000000
8.852413 0.000000
8.867366 0.000000
8.882320 0.000000
8.897273 0.000000
8.912226 0.000000
8.927180 0.000000
8.942133 0.000000
8.957087 0.000000
8.972040 0.000000
8.986993 0.000000
9.001947 0.000000
9.016900 0.000000
9.031854 0.000000
9.046807 0.000000
9.061760 0.000000
9.076714 0.000000
9.091667 0.000000
9.106621 0.000000
9.121574 0.000000
9.136527 0.000000
9.151481 0.000000
9.166434 0.000000
9.181388 0.000000
9.196341 0.000000
9.211294 0.000000
9.226248 0.000000
9.241201 0.000000
9.256155 0.000000
9.271108 0.000000
9.286061 0.000000
9.301015 0.000000
9.315968 0.000000
9.330922 0.000000
9.345875 0.000000
9.360828 0.000000
9.375782 0.000000
9.390735 0.000000
9.405689 0.000000
9.420642 0.000000
9.435595 0.000000
9.450549 0.000000
9.465502 0.000000
9.480456 0.000000
9.495409 0.000000
9.510362 0.000000
9.525316 0.000000
9.540269 0.000000
9.555223 0.000000
9.570176 0.000000
9.585129 0.000000
9.600083 0.000000
9.615036 0.000000
9.629990 0.000000
9.644943 0.000000
9.659896 0.000000
9.674850 0.000000
9.689803 0.000000
9.704757 0.000000
9.719710 0.000000
9.734663 0.000000
9.749617 0.000000
9.764570 0.000000
9.779524 0.000000
9.794477 0.000000
9.809430 0.000000
9.824384 0.000000
9.839337 0.000000
9.854291 0.000000
9.869244 0.000000
9.884197 0.000000
9.899151 0.000000
9.914104 0.000000
9.929058 0.000000
9.944011 0.000000
9.958964 0.000000
9.973918 0.000000
9.988871 0.000000
10.003825 0.000000
10.018778 0.000000
10.033731 0.000000
10.048685 0.000000
10.063638 0.000000
10.078592 0.000000
10.093545 0.000000
10.108498 0.000000
10.123452 0.000000
10.138405 0.000000
10.153359 0.000000
10.168312 0.000000
10.183265 0.000000
10.198219 0.000000
10.213172 0.000000
10.228126 0.000000
10.243079 0.000000
10.258032 0.000000
10.272986 0.000000
10.287939 0.000000
10.302893 0.000000
10.317846 0.000000
10.332799 0.000000
10.347753 0.000000
10.362706 0.000000
10.377660 0.000000
10.392613 0.000000
10.407566 0.000000
10.422520 0.000000
10.437473 0.000000
10.452427 0.000000
10.467380 0.000000
10.482333 0.000000
10.497287 0.000000
10.512240 0.000000
10.527194 0.000000
10.542147 0.000000
10.557100 0.000000
10.572054 0.000000
10.587007 0.000000
10.601961 0.000000
10.616914 0.000000
10.631867 0.000000
10.646821 0.000000
10.661774 0.000000
10.676728 0.000000
10.691681 0.000000
10.706634 0.000000
10.721588 0.000000
10.736541 0.000000
10.751495 0.000000
10.766448 0.000000
10.781401 0.000000
10.796355 0.000000
10.811308 0.000000
10.826262 0.000000
10.841215 0.000000
10.856168 0.000000
10.871122 0.000000
10.886075 0.000000
10.901029 0.000000
10.915982 0.000000
10.930935 0.000000
10.945889 0.000000
10.960842 0.000000
10.975796 0.000000
10.990749 0.000000
11.005702 0.000000
11.020656 0.000000
11.035609 0.000000
11.050563 0.000000
11.065516 0.000000
11.080469 0.000000
11.095423 0.000000
11.110376 0.000000
11.125330 0.000000
11.140283 0.000000
11.155236 0.000000
11.170190 0.000000
11.185143 0.000000
11.200097 0.000000
11.215050 0.000000
11.230003 0.000000
11.244957 0.000000
11.259910 0.000000
11.274864 0.000000
11.289817 0.000000
11.304770 0.000000
11.319724 0.000000
11.334677 0.000000
11.349631 0.000000
11.364584 0.000000
11.379537 0.000000
11.394491 0.000000
11.409444 0.000000
11.424398 0.000000
11.439351 0.000000
11.454304 0.000000
11.469258 0.000000
11.484211 0.000000
11.499165 0.000000
11.514118 0.000000
11.529071 0.000000
11.544025 0.000000
11.558978 0.000000
11.573932 0.000000
11.588885 0.000000
11.603838 0.000000
11.618792 0.000000
11.633745 0.000000
11.648699 0.000000
11.663652 0.000000
11.678605 0.000000
11.693559 0.000000
11.708512 0.000000
11.723466 0.000000
11.738419 0.000000
11.753372 0.000000
11.768326 0.000000
11.783279 0.000000
11.798233 0.000000
11.813186 0.000000
11.828139 0.000000
11.843093 0.000000
11.858046 0.000000
11.873000 0.000000
11.887953 0.000000
11.902906 0.000000
11.917860 0.000000
11.932813 0.000000
11.947767 0.000000
11.962720 0.000000
11.977673 0.000000
11.992627 0.000000
12.007580 0.000000
12.022534 0.000000
12.037487 0.000000
12.052440 0.000000
12.067394 0.000000
12.082347 0.000000
12.097301 0.000000
12.112254 0.000000
12.127207 0.000000
12.142161 0.000000
12.157114 0.000000
12.172068 0.000000
12.187021 0.000000
12.201974 0.000000
12.216928 0.000000
12.231881 0.000000
12.246835 0.000000
12.261788 0.000000
12.276741 0.000000
12.291695 0.000000
12.306648 0.000000
12.321602 0.000000
12.336555 0.000000
12.351508 0.000000
12.366462 0.000000
12.381415 0.000000
12.396369 0.000000
12.411322 0.000000
12.426275 0.000000
12.441229 0.000000
12.456182 0.000000
12.471136 0.000000
12.486089 0.000000
12.501042 0.000000
12.515996 0.000000
12.530949 0.000000
12.545903 0.000000
12.560856 0.000000
12.575809 0.000000
12.590763 0.000000
12.605716 0.000000
12.620670 0.000000
12.635623 0.000000
12.650576 0.000000
12.665530 0.000000
12.680483 0.000000
12.695437 0.000000
12.710390 0.000000
12.725343 0.000000
12.740297 0.000000
12.755250 0.000000
12.770204 0.000000
12.785157 0.000000
12.800110 0.000000
12.815064 0.000000
12.830017 0.000000
12.844971 0.000000
12.859924 0.000000
12.874877 0.000000
12.889831 0.000000
12.904784 0.000000
12.919738 0.000000
12.934691 0.000000
12.949644 0.000000
12.964598 0.000000
12.979551 0.000000
12.994505 0.000000
13.009458 0.000000
13.024411 0.000000
13.039365 0.000000
13.054318 0.000000
13.069272 0.000000
13.084225 0.000000
13.099178 0.000000
13.114132 0.000000
13.129085 0.000000
13.144039 0.000000
13.158992 0.000000
13.173945 0.000000
13.188899 0.000000
13.203852 0.000000
13.218806 0.000000
13.233759 0.000000
13.248712 0.000000
13.263666 0.000000
13.278619 0.000000
13.293573 0.000000
13.308526 0.000000
13.323479 0.000000
13.338433 0.000000
13.353386 0.000000
13.368340 0.000000
13.383293 0.000000
13.398246 0.000000
13.413200 0.000000
13.428153 0.000000
13.443107 0.000000
13.458060 0.000000
13.473013 0.000000
13.487967 0.000000
13.502920 0.000000
13.517874 0.000000
13.532827 0.000000
13.547780 0.000000
13.562734 0.000000
13.577687 0.000000
13.592641 0.000000
13.607594 0.000000
13.622547 0.000000
13.637501 0.000000
13.652454 0.000000
13.667408 0.000000
13.682361 0.000000
13.697314 0.000000
13.712268 0.000000
13.727221 0.000000
13.742175 0.000000
13.757128 0.000000
13.772081 0.000000
13.787035 0.000000
13.801988 0.000000
13.816942 0.000000
13.831895 0.000000
13.846848 0.000000
13.861802 0.000000
13.876755 0.000000
13.891709 0.000000
13.906662 0.000000
13.921615 0.000000
13.936569 0.000000
13.951522 0.000000
13.966476 0.000000
13.981429 0.000000
13.996382 0.000000
14.011336 0.000000
14.026289 0.000000
14.041243 0.000000
14.056196 0.000000
14.071149 0.000000
14.086103 0.000000
14.101056 0.000000
14.116010 0.000000
14.130963 0.000000
14.145916 0.000000
14.160870 0.000000
14.175823 0.000000
14.190777 0.000000
14.205730 0.000000
14.220683 0.000000
14.235637 0.000000
14.250590 0.000000
14.265544 0.000000
14.280497 0.000000
14.295450 0.000000
14.310404 0.000000
14.325357 0.000000
14.340311 0.000000
14.355264 0.000000
14.370217 0.000000
14.385171 0.000000
14.400124 0.000000
14.415078 0.000000
14.430031 0.000000
14.444984 0.000000
14.459938 0.000000
14.474891 0.000000
14.489845 0.000000
14.504798 0.000000
14.519751 0.000000
14.534705 0.000000
14.549658 0.000000
14.564612 0.000000
14.579565 0.000000
14.594518 0.000000
14.609472 0.000000
14.624425 0.000000
14.639379 0.000000
14.654332 0.000000
14.669285 0.000000
14.684239 0.000000
14.699192 0.000000
14.714146 0.000000
14.729099 0.000000
14.744052 0.000000
14.759006 0.000000
14.773959 0.000000
14.788913 0.000000
14.803866 0.000000
14.818819 0.000000
14.833773 0.000000
14.848726 0.000000
14.863680 0.000000
14.878633 0.000000
14.893586 0.000000
14.908540 0.000000
14.923493 0.000000
14.938447 0.000000
14.953400 0.000000
14.968353 0.000000
14.983307 0.000000
14.998260 0.000000
15.013214 0.000000
15.028167 0.000000
15.043120 0.000000
15.058074 0.000000
15.073027 0.000000
15.087981 0.000000
15.102934 0.000000
15.117887 0.000000
15.132841 0.000000
15.147794 0.000000
15.162748 0.000000
15.177701 0.000000
15.192654 0.000000
15.207608 0.000000
15.222561 0.000000
15.237515 0.000000
15.252468 0.000000
15.267421 0.000000
15.282375 0.000000
15.297328 0.000000
15.312282 0.000000
15.327235 0.000000
15.342188 0.000000
15.357142 0.000000
15.372095 0.000000
15.387049 0.000000
15.402002 0.000000
15.416955 0.000000
15.431909 0.000000
15.446862 0.000000
15.461816 0.000000
15.476769 0.000000
15.491722 0.000000
15.506676 0.000000
15.521629 0.000000
15.536583 0.000000
15.551536 0.000000
15.566489 0.000000
15.581443 0.000000
15.596396 0.000000
15.611350 0.000000
15.626303 0.000000
15.641256 0.000000
15.656210 0.000000
15.671163 0.000000
15.686117 0.000000
15.701070 0.000000
15.716023 0.000000
15.730977 0.000000
15.745930 0.000000
15.760884 0.000000
15.775837 0.000000
15.790790 0.000000
15.805744 0.000000
15.820697 0.000000
15.835651 0.000000
15.850604 0.000000
15.865557 0.000000
15.880511 0.000000
15.895464 0.000000
15.910418 0.000000
15.925371 0.000000
15.940324 0.000000
15.955278 0.000000
15.970231 0.000000
15.985185 0.000000
16.000138 0.000000
16.015091 0.000000
16.030045 0.000000
16.044998 0.000000
16.059952 0.000000
16.074905 0.000000
16.089858 0.000000
16.104812 0.000000
16.119765 0.000000
16.134719 0.000000
16.149672 0.000000
16.164625 0.000000
16.179579 0.000000
16.194532 0.000000
16.209486 0.000000
16.224439 0.000000
16.239392 0.000000
16.254346 0.000000
16.269299 0.000000
16.284253 0.000000
16.299206 0.000000
16.314159 0.000000
16.329113 0.000000
16.344066 0.000000
16.359020 0.000000
16.373973 0.000000
16.388926 0.000000
16.403880 0.000000
16.418833 0.000000
16.433787 0.000000
16.448740 0.000000
16.463693 0.000000
16.478647 0.000000
16.493600 0.000000
16.508554 0.000000
16.523507 0.000000
16.538460 0.000000
16.553414 0.000000
16.568367 0.000000
16.583321 0.000000
16.598274 0.000000
16.613227 0.000000
16.628181 0.000000
16.643134 0.000000
16.658088 0.000000
16.673041 0.000000
16.687994 0.000000
16.702948 0.000000
16.717901 0.000000
16.732855 0.000000
16.747808 0.000000
16.762761 0.000000
16.777715 0.000000
16.792668 0.000000
16.807622 0.000000
16.822575 0.000000
16.837528 0.000000
16.852482 0.000000
16.867435 0.000000
16.882389 0.000000
16.897342 0.000000
16.912295 0.000000
16.927249 0.000000
16.942202 0.000000
16.957156 0.000000
16.972109 0.000000
16.987062 0.000000
17.002016 0.000000
17.016969 0.000000
17.031923 0.000000
17.046876 0.000000
17.061829 0.000000
17.076783 0.000000
17.091736 0.000000
17.106690 0.000000
17.121643 0.000000
17.136596 0.000000
17.151550 0.000000
17.166503 0.000000
17.181457 0.000000
17.196410 0.000000
17.211363 0.000000
17.226317 0.000000
17.241270 0.000000
17.256224 0.000000
17.271177 0.000000
17.286130 0.000000
17.301084 0.000000
17.316037 0.000000
17.330991 0.000000
17.345944 0.000000
17.360897 0.000000
17.375851 0.000000
17.390804 0.000000
17.405758 0.000000
17.420711 0.000000
17.435664 0.000000
17.450618 0.000000
17.465571 0.000000
17.480525 0.000000
17.495478 0.000000
17.510431 0.000000
17.525385 0.000000
17.540338 0.000000
17.555292 0.000000
17.570245 0.000000
17.585198 0.000000
17.600152 0.000000
17.615105 0.000000
17.630059 0.000000
17.645012 0.000000
17.659965 0.000000
17.674919 0.000000
17.689872 0.000000
17.704826 0.000000
17.719779 0.000000
17.734732 0.000000
17.749686 0.000000
17.764639 0.000000
17.779593 0.000000
17.794546 0.000000
17.809499 0.000000
17.824453 0.000000
17.839406 0.000000
17.854360 0.000000
17.869313 0.000000
17.884266 0.000000
17.899220 0.000000
17.914173 0.000000
17.929127 0.000000
17.944080 0.000000
17.959033 0.000000
17.973987 0.000000
17.988940 0.000000
18.003894 0.000000
18.018847 0.000000
18.033800 0.000000
18.048754 0.000000
18.063707 0.000000
18.078661 0.000000
18.093614 0.000000
18.108567 0.000000
18.123521 0.000000
18.138474 0.000000
18.153428 0.000000
18.168381 0.000000
18.183334 0.000000
18.198288 0.000000
18.213241 0.000000
18.228195 0.000000
18.243148 0.000000
18.258101 0.000000
18.273055 0.000000
18.288008 0.000000
18.302962 0.000000
18.317915 0.000000
18.332868 0.000000
18.347822 0.000000
18.362775 0.000000
18.377729 0.000000
18.392682 0.000000
18.407635 0.000000
18.422589 0.000000
18.437542 0.000000
18.452496 0.000000
18.467449 0.000000
18.482402 0.000000
18.497356 0.000000
18.512309 0.000000
18.527263 0.000000
18.542216 0.000000
18.557169 0.000000
18.572123 0.000000
18.587076 0.000000
18.602030 0.000000
18.616983 0.000000
18.631936 0.000000
18.646890 0.000000
18.661843 0.000000
18.676797 0.000000
18.691750 0.000000
18.706703 0.000000
18.721657 0.000000
18.736610 0.000000
18.751564 0.000000
18.766517 0.000000
18.781470 0.000000
18.796424 0.000000
18.811377 0.000000
18.826331 0.000000
18.841284 0.000000
18.856237 0.000000
18.871191 0.000000
18.886144 0.000000
18.901098 0.000000
18.916051 0.000000
18.931004 0.000000
18.945958 0.000000
18.960911 0.000000
18.975865 0.000000
18.990818 0.000000
19.005771 0.000000
19.020725 0.000000
19.035678 0.000000
19.050632 0.000000
19.065585 0.000000
19.080538 0.000000
19.095492 0.000000
19.110445 0.000000
19.125399 0.000000
19.140352 0.000000
19.155305 0.000000
19.170259 0.000000
19.185212 0.000000
19.200166 0.000000
19.215119 0.000000
19.230072 0.000000
19.245026 0.000000
19.259979 0.000000
19.274933 0.000000
19.289886 0.000000
19.304839 0.000000
19.319793 0.000000
19.334746 0.000000
19.349700 0.000000
19.364653 0.000000
19.379606 0.000000
19.394560 0.000000
19.409513 0.000000
19.424467 0.000000
19.439420 0.000000
19.454373 0.000000
19.469327 0.000000
19.484280 0.000000
19.499234 0.000000
19.514187 0.000000
19.529140 0.000000
19.544094 0.000000
19.559047 0.000000
19.574001 0.000000
19.588954 0.000000
19.603907 0.000000
19.618861 0.000000
19.633814 0.000000
19.648768 0.000000
19.663721 0.000000
19.678674 0.000000
19.693628 0.000000
19.708581 0.000000
19.723535 0.000000
19.738488 0.000000
19.753441 0.000000
19.768395 0.000000
19.783348 0.000000
19.798302 0.000000
19.813255 0.000000
19.828208 0.000000
19.843162 0.000000
19.858115 0.000000
19.873069 0.000000
19.888022 0.000000
19.902975 0.000000
19.917929 0.000000
19.932882 0.000000
19.947836 0.000000
19.962789 0.000000
19.977742 0.000000
19.992696 0.000000
20.007649 0.000000
20.022603 0.000000
20.037556 0.000000
20.052509 0.000000
20.067463 0.000000
20.082416 0.000000
20.097370 0.000000
20.112323 0.000000
20.127276 0.000000
20.142230 0.000000
20.157183 0.000000
20.172137 0.000000
20.187090 0.000000
20.202043 0.000000
20.216997 0.000000
20.231950 0.000000
20.246904 0.000000
20.261857 0.000000
20.276810 0.000000
20.291764 0.000000
20.306717 0.000000
20.321671 0.000000
20.336624 0.000000
20.351577 0.000000
20.366531 0.000000
20.381484 0.000000
20.396438 0.000000
20.411391 0.000000
20.426344 0.000000
20.441298 0.000000
20.456251 0.000000
20.471205 0.000000
20.486158 0.000000
20.501111 0.000000
20.516065 0.000000
20.531018 0.000000
20.545972 0.000000
20.560925 0.000000
20.575878 0.000000
20.590832 0.000000
20.605785 0.000000
20.620739 0.000000
20.635692 0.000000
20.650645 0.000000
20.665599 0.000000
20.680552 0.000000
20.695506 0.000000
20.710459 0.000000
20.725412 0.000000
20.740366 0.000000
20.755319 0.000000
20.770273 0.000000
20.785226 0.000000
20.800179 0.000000
20.815133 0.000000
20.830086 0.000000
20.845040 0.000000
20.859993 0.000000
20.874946 0.000000
20.889900 0.000000
20.904853 0.000000
20.919807 0.000000
20.934760 0.000000
20.949713 0.000000
20.964667 0.000000
20.979620 0.000000
20.994574 0.000000
21.009527 0.000000
21.024480 0.000000
21.039434 0.000000
21.054387 0.000000
21.069341 0.000000
21.084294 0.000000
21.099247 0.000000
21.114201 0.000000
21.129154 0.000000
21.144108 0.000000
21.159061 0.000000
21.174014 0.000000
21.188968 0.000000
21.203921 0.000000
21.218875 0.000000
21.233828 0.000000
21.248781 0.000000
21.263735 0.000000
21.278688 0.000000
21.293642 0.000000
21.308595 0.000000
21.323548 0.000000
21.338502 0.000000
21.353455 0.000000
21.368409 0.000000
21.383362 0.000000
21.398315 0.000000
21.413269 0.000000
21.428222 0.000000
21.443176 0.000000
21.458129 0.000000
21.473082 0.000000
21.488036 0.000000
21.502989 0.000000
21.517943 0.000000
21.532896 0.000000
21.547849 0.000000
21.562803 0.000000
21.577756 0.000000
21.592710 0.000000
21.607663 0.000000
21.622616 0.000000
21.637570 0.000000
21.652523 0.000000
21.667477 0.000000
21.682430 0.000000
21.697383 0.000000
21.712337 0.000000
21.727290 0.000000
21.742244 0.000000
21.757197 0.000000
21.772150 0.000000
21.787104 0.000000
21.802057 0.000000
21.817011 0.000000
21.831964 0.000000
21.846917 0.000000
21.861871 0.000000
21.876824 0.000000
21.891778 0.000000
21.906731 0.000000
21.921684 0.000000
21.936638 0.000000
21.951591 0.000000
21.966545 0.000000
21.981498 0.000000
21.996451 0.000000
22.011405 0.000000
22.026358 0.000000
22.041312 0.000000
22.056265 0.000000
22.071218 0.000000
22.086172 0.000000
22.101125 0.000000
22.116079 0.000000
22.131032 0.000000
22.145985 0.000000
22.160939 0.000000
22.175892 0.000000
22.190846 0.000000
22.205799 0.000000
22.220752 0.000000
22.235706 0.000000
22.250659 0.000000
22.265613 0.000000
22.280566 0.000000
22.295519 0.000000
22.310473 0.000000
22.325426 0.000000
22.340380 0.000000
22.355333 0.000000
22.370286 0.000000
22.385240 0.000000
22.400193 0.000000
22.415147 0.000000
22.430100 0.000000
22.445053 0.000000
22.460007 0.000000
22.474960 0.000000
22.489914 0.000000
22.504867 0.000000
22.519820 0.000000
22.534774 0.000000
22.549727 0.000000
22.564681 0.000000
22.579634 0.000000
22.594587 0.000000
22.609541 0.000000
22.624494 0.000000
22.639448 0.000000
22.654401 0.000000
22.669354 0.000000
22.684308 0.000000
22.699261 0.000000
22.714215 0.000000
22.729168 0.000000
22.744121 0.000000
22.759075 0.000000
22.774028 0.000000
22.788982 0.000000
22.803935 0.000000
22.818888 0.000000
22.833842 0.000000
22.848795 0.000000
22.863749 0.000000
22.878702 0.000000
22.893655 0.000000
22.908609 0.000000
22.923562 0.000000
22.938516 0.000000
22.953469 0.000000
22.968422 0.000000
22.983376 0.000000
22.998329 0.000000
23.013283 0.000000
23.028236 0.000000
23.043189 0.000000
23.058143 0.000000
23.073096 0.000000
23.088050 0.000000
23.103003 0.000000
23.117956 0.000000
23.132910 0.000000
23.147863 0.000000
23.162817 0.000000
23.177770 0.000000
23.192723 0.000000
23.207677 0.000000
23.222630 0.000000
23.237584 0.000000
23.252537 0.000000
23.267490 0.000000
23.282444 0.000000
23.297397 0.000000
23.312351 0.000000
23.327304 0.000000
23.342257 0.000000
23.357211 0.000000
23.372164 0.000000
23.387118 0.000000
23.402071 0.000000
23.417024 0.000000
23.431978 0.000000
23.446931 0.000000
23.461885 0.000000
23.476838 0.000000
23.491791 0.000000
23.506745 0.000000
23.521698 0.000000
23.536652 0.000000
23.551605 0.000000
23.566558 0.000000
23.581512 0.000000
23.596465 0.000000
23.611419 0.000000
23.626372 0.000000
23.641325 0.000000
23.656279 0.000000
23.671232 0.000000
23.686186 0.000000
23.701139 0.000000
23.716092 0.000000
23.731046 0.000000
23.745999 0.000000
23.760953 0.000000
23.775906 0.000000
23.790859 0.000000
23.805813 0.000000
23.820766 0.000000
23.835720 0.000000
23.850673 0.000000
23.865626 0.000000
23.880580 0.000000
23.895533 0.000000
23.910487 0.000000
23.925440 0.000000
23.940393 0.000000
23.955347 0.000000
23.970300 0.000000
23.985254 0.000000
24.000207 0.000000
24.015160 0.000000
24.030114 0.000000
24.045067 0.000000
24.060021 0.000000
24.074974 0.000000
24.089927 0.000000
24.104881 0.000000
24.119834 0.000000
24.134788 0.000000
24.149741 0.000000
24.164694 0.000000
24.179648 0.000000
24.194601 0.000000
24.209555 0.000000
24.224508 0.000000
24.239461 0.000000
24.254415 0.000000
24.269368 0.000000
24.284322 0.000000
24.299275 0.000000
24.314228 0.000000
24.329182 0.000000
24.344135 0.000000
24.359089 0.000000
24.374042 0.000000
24.388995 0.000000
24.403949 0.000000
24.418902 0.000000
24.433856 0.000000
24.448809 0.000000
24.463762 0.000000
24.478716 0.000000
24.493669 0.000000
24.508623 0.000000
24.523576 0.000000
24.538529 0.000000
24.553483 0.000000
24.568436 0.000000
24.583390 0.000000
24.598343 0.000000
24.613296 0.000000
24.628250 0.000000
24.643203 0.000000
24.658157 0.000000
24.673110 0.000000
24.688063 0.000000
24.703017 0.000000
24.717970 0.000000
24.732924 0.000000
24.747877 0.000000
24.762830 0.000000
24.777784 0.000000
24.792737 0.000000
24.807691 0.000000
24.822644 0.000000
24.837597 0.000000
24.852551 0.000000
24.867504 0.000000
24.882458 0.000000
24.897411 0.000000
24.912364 0.000000
24.927318 0.000000
24.942271 0.000000
24.957225 0.000000
24.972178 0.000000
24.987131 0.000000
25.002085 0.000000
25.017038 0.000000
25.031992 0.000000
25.046945 0.000000
25.061898 0.000000
25.076852 0.000000
25.091805 0.000000
25.106759 0.000000
25.121712 0.000000
25.136665 0.000000
25.151619 0.000000
25.166572 0.000000
25.181526 0.000000
25.196479 0.000000
25.211432 0.000000
25.226386 0.000000
25.241339 0.000000
25.256293 0.000000
25.271246 0.000000
25.286199 0.000000
25.301153 0.000000
25.316106 0.000000
25.331060 0.000000
25.346013 0.000000
25.360966 0.000000
25.375920 0.000000
25.390873 0.000000
25.405827 0.000000
25.420780 0.000000
25.435733 0.000000
25.450687 0.000000
25.465640 0.000000
25.480594 0.000000
25.495547 0.000000
25.510500 0.000000
25.525454 0.000000
25.540407 0.000000
25.555361 0.000000
25.570314 0.000000
25.585267 0.000000
25.600221 0.000000
25.615174 0.000000
25.630128 0.000000
25.645081 0.000000
25.660034 0.000000
25.674988 0.000000
25.689941 0.000000
25.704895 0.000000
25.719848 0.000000
25.734801 0.000000
25.749755 0.000000
25.764708 0.000000
25.779662 0.000000
25.794615 0.000000
25.809568 0.000000
25.824522 0.000000
25.839475 0.000000
25.854429 0.000000
25.869382 0.000000
25.884335 0.000000
25.899289 0.000000
25.914242 0.000000
25.929196 0.000000
25.944149 0.000000
25.959102 0.000000
25.974056 0.000000
25.989009 0.000000
26.003963 0.000000
26.018916 0.000000
26.033869 0.000000
26.048823 0.000000
26.063776 0.000000
26.078730 0.000000
26.093683 0.000000
26.108636 0.000000
26.123590 0.000000
26.138543 0.000000
26.153497 0.000000
26.168450 0.000000
26.183403 0.000000
26.198357 0.000000
26.213310 0.000000
26.228264 0.000000
26.243217 0.000000
26.258170 0.000000
26.273124 0.000000
26.288077 0.000000
26.303031 0.000000
26.317984 0.000000
26.332937 0.000000
26.347891 0.000000
26.362844 0.000000
26.377798 0.000000
26.392751 0.000000
26.407704 0.000000
26.422658 0.000000
26.437611 0.000000
26.452565 0.000000
26.467518 0.000000
26.482471 0.000000
26.497425 0.000000
26.512378 0.000000
26.527332 0.000000
26.542285 0.000000
26.557238 0.000000
26.572192 0.000000
26.587145 0.000000
26.602099 0.000000
26.617052 0.000000
26.632005 0.000000
26.646959 0.000000
26.661912 0.000000
26.676866 0.000000
26.691819 0.000000
26.706772 0.000000
26.721726 0.000000
26.736679 0.000000
26.751633 0.000000
26.766586 0.000000
26.781539 0.000000
26.796493 0.000000
26.811446 0.000000
26.826400 0.000000
26.841353 0.000000
26.856306 0.000000
26.871260 0.000000
26.886213 0.000000
26.901167 0.000000
26.916120 0.000000
26.931073 0.000000
26.946027 0.000000
26.960980 0.000000
26.975934 0.000000
26.990887 0.000000
27.005840 0.000000
27.020794 0.000000
27.035747 0.000000
27.050701 0.000000
27.065654 0.000000
27.080607 0.000000
27.095561 0.000000
27.110514 0.000000
27.125468 0.000000
27.140421 0.000000
27.155374 0.000000
27.170328 0.000000
27.185281 0.000000
27.200235 0.000000
27.215188 0.000000
27.230141 0.000000
27.245095 0.000000
27.260048 0.000000
27.275002 0.000000
27.289955 0.000000
27.304908 0.000000
27.319862 0.000000
27.334815 0.000000
27.349769 0.000000
27.364722 0.000000
27.379675 0.000000
27.394629 0.000000
27.409582 0.000000
27.424536 0.000000
27.439489 0.000000
27.454442 0.000000
27.469396 0.000000
27.484349 0.000000
27.499303 0.000000
27.514256 0.000000
27.529209 0.000000
27.544163 0.000000
27.559116 0.000000
27.574070 0.000000
27.589023 0.000000
27.603976 0.000000
27.618930 0.000000
27.633883 0.000000
27.648837 0.000000
27.663790 0.000000
27.678743 0.000000
27.693697 0.000000
27.708650 0.000000
27.723604 0.000000
27.738557 0.000000
27.753510 0.000000
27.768464 0.000000
27.783417 0.000000
27.798371 0.000000
27.813324 0.000000
27.828277 0.000000
27.843231 0.000000
27.858184 0.000000
27.873138 0.000000
27.888091 0.000000
27.903044 0.000000
27.917998 0.000000
27.932951 0.000000
27.947905 0.000000
27.962858 0.000000
27.977811 0.000000
27.992765 0.000000
28.007718 0.000000
28.022672 0.000000
28.037625 0.000000
28.052578 0.000000
28.067532 0.000000
28.082485 0.000000
28.097439 0.000000
28.112392 0.000000
28.127345 0.000000
28.142299 0.000000
28.157252 0.000000
28.172206 0.000000
28.187159 0.000000
28.202112 0.000000
28.217066 0.000000
28.232019 0.000000
28.246973 0.000000
28.261926 0.000000
28.276879 0.000000
28.291833 0.000000
28.306786 0.000000
28.321740 0.000000
28.336693 0.000000
28.351646 0.000000
28.366600 0.000000
28.381553 0.000000
28.396507 0.000000
28.411460 0.000000
28.426413 0.000000
28.441367 0.000000
28.456320 0.000000
28.471274 0.000000
28.486227 0.000000
28.501180 0.000000
28.516134 0.000000
28.531087 0.000000
28.546041 0.000000
28.560994 0.000000
28.575947 0.000000
28.590901 0.000000
28.605854 0.000000
28.620808 0.000000
28.635761 0.000000
28.650714 0.000000
28.665668 0.000000
28.680621 0.000000
28.695575 0.000000
28.710528 0.000000
28.725481 0.000000
28.740435 0.000000
28.755388 0.000000
28.770342 0.000000
28.785295 0.000000
28.800248 0.000000
28.815202 0.000000
28.830155 0.000000
28.845109 0.000000
28.860062 0.000000
28.875015 0.000000
28.889969 0.000000
28.904922 0.000000
28.919876 0.000000
28.934829 0.000000
28.949782 0.000000
28.964736 0.000000
28.979689 0.000000
28.994643 0.000000
29.009596 0.000000
29.024549 0.000000
29.039503 0.000000
29.054456 0.000000
29.069410 0.000000
29.084363 0.000000
29.099316 0.000000
29.114270 0.000000
29.129223 0.000000
29.144177 0.000000
29.159130 0.000000
29.174083 0.000000
29.189037 0.000000
29.203990 0.000000
29.218944 0.000000
29.233897 0.000000
29.248850 0.000000
29.263804 0.000000
29.278757 0.000000
29.293711 0.000000
29.308664 0.000000
29.323617 0.000000
29.338571 0.000000
29.353524 0.000000
29.368478 0.000000
29.383431 0.000000
29.398384 0.000000
29.413338 0.000000
29.428291 0.000000
29.443245 0.000000
29.458019 0.000000
29.472613 0.000000
29.487028 0.000000
29.501264 0.000000
29.515320 0.000000
29.529197 0.000000
29.542894 0.000000
29.556412 0.000000
29.569750 0.000000
29.582909 0.000000
29.595889 0.000000
29.608689 0.000000
29.621310 0.000000
29.633751 0.000000
29.646013 0.000000
29.658095 0.000000
29.669998 0.000000
29.681721 0.000000
29.693265 0.000000
29.704630 0.000000
29.715815 0.000000
29.726821 0.000000
29.737647 0.000000
29.748294 0.000000
29.758761 0.000000
29.769049 0.000081
29.779156 0.000240
29.789083 0.000474
29.798827 0.000780
29.808390 0.001155
29.817770 0.001598
29.826968 0.002104
29.835982 0.002671
29.844812 0.003296
29.853458 0.003977
29.861920 0.004710
29.870197 0.005492
29.878290 0.006321
29.886197 0.007194
29.893919 0.008108
29.901455 0.009060
29.908806 0.010048
29.915971 0.011067
29.922951 0.012117
29.929745 0.013193
29.936353 0.014293
29.942776 0.015414
29.949013 0.016553
29.955064 0.017707
29.960931 0.018874
29.966788 0.020087
29.972635 0.021346
29.978473 0.022651
29.984299 0.024001
29.990115 0.025397
29.995920 0.026839
30.001714 0.028327
30.007495 0.029860
30.013265 0.031438
30.019022 0.033062
30.024765 0.034731
30.030496 0.036444
30.036213 0.038203
30.041916 0.040007
30.047605 0.041855
30.053278 0.043748
30.058937 0.045686
30.064581 0.047667
30.070209 0.049693
30.075820 0.051764
30.081415 0.053878
30.086994 0.056036
30.092555 0.058238
30.098099 0.060484
30.103625 0.062772
30.109133 0.065105
30.114622 0.067480
30.120093 0.069899
30.125545 0.072360
30.130976 0.074864
30.136389 0.077411
30.141780 0.080000
30.147152 0.082632
30.152502 0.085305
30.157832 0.088021
30.163140 0.090778
30.168426 0.093577
30.173690 0.096417
30.178931 0.099299
30.184150 0.102221
30.189346 0.105185
30.194518 0.108189
30.199666 0.111234
30.204791 0.114319
30.209891 0.117444
30.214966 0.120609
30.220016 0.123814
30.225041 0.127059
30.230040 0.130343
30.235014 0.133666
30.239961 0.137028
30.244881 0.140429
30.249775 0.143868
30.254641 0.147346
30.259480 0.150861
30.264292 0.154415
30.269075 0.158006
30.273830 0.161635
30.278556 0.165301
30.283253 0.169004
30.287921 0.172744
30.292560 0.176520
30.297168 0.180333
30.301747 0.184182
30.306295 0.188066
30.310813 0.191986
30.315300 0.195942
30.319755 0.199933
30.324179 0.203958
30.328571 0.208018
30.332932 0.212113
30.337259 0.216242
30.341555 0.220404
30.345817 0.224600
30.350047 0.228830
30.354243 0.233092
30.358405 0.237388
30.362534 0.241715
30.366629 0.246076
30.370689 0.250468
30.374714 0.254892
30.378705 0.259347
30.382660 0.263834
30.386581 0.268352
30.390465 0.272900
30.394314 0.277479
30.398127 0.282087
30.401903 0.286726
30.405643 0.291394
30.409346 0.296091
30.413012 0.300817
30.416641 0.305572
30.420232 0.310355
30.423786 0.315167
30.427301 0.320006
30.430779 0.324872
30.434218 0.329766
30.437619 0.334686
30.440981 0.339633
30.444304 0.344607
30.447588 0.349606
30.450833 0.354631
30.454038 0.359681
30.457203 0.364756
30.460328 0.369856
30.463413 0.374981
30.466458 0.380129
30.469462 0.385301
30.472426 0.390497
30.475348 0.395715
30.478230 0.400957
30.481070 0.406221
30.483869 0.411507
30.486626 0.416815
30.489342 0.422144
30.492015 0.427495
30.494647 0.432866
30.497236 0.438258
30.499783 0.443670
30.502287 0.449102
30.504748 0.454554
30.507167 0.460024
30.509542 0.465514
30.511874 0.471022
30.514163 0.476548
30.516409 0.482092
30.518611 0.487653
30.520769 0.493231
30.522883 0.498827
30.524953 0.504438
30.526980 0.510066
30.528961 0.515710
30.530899 0.521368
30.532792 0.527042
30.534640 0.532731
30.536444 0.538434
30.538203 0.544151
30.539916 0.549881
30.541585 0.555625
30.543209 0.561382
30.544787 0.567151
30.546320 0.572933
30.547807 0.578727
30.549249 0.584531
30.550646 0.590348
30.551996 0.596174
30.553301 0.602012
30.554560 0.607859
30.555773 0.613716
30.556940 0.619583
30.558061 0.625458
30.559168 0.631519
30.560258 0.637764
30.561328 0.644196
30.562376 0.650812
30.563399 0.657614
30.564393 0.664602
30.565357 0.671775
30.566286 0.679133
30.567179 0.686677
30.568032 0.694406
30.568843 0.702320
30.569609 0.710418
30.570326 0.718701
30.570993 0.727169
30.571605 0.735820
30.572161 0.744655
30.572657 0.753673
30.573091 0.762874
30.573460 0.772258
30.573760 0.781823
30.573990 0.791570
30.574146 0.801498
30.574225 0.811606
30.574225 0.821894
30.574225 0.832361
30.574225 0.843008
30.574225 0.853835
30.574225 0.864840
30.574225 0.876025
30.574225 0.887390
30.574225 0.898934
30.574225 0.910657
30.574225 0.922560
30.574225 0.934643
30.574225 0.946904
30.574225 0.959346
30.574225 0.971966
30.574225 0.984766
30.574225 0.997746
30.574225 1.010905
30.574225 1.024243
30.574225 1.037761
30.574225 1.051459
30.574225 1.065335
30.574225 1.079392
30.574225 1.093627
30.574225 1.108042
30.574225 1.122637
30.574225 1.137411
30.574225 1.152364
30.574225 1.167318
30.574225 1.182271
30.574225 1.197224
30.574225 1.212178
30.574225 1.227131
30.574225 1.242085
30.574225 1.257038
30.574225 1.271991
30.574225 1.286945
30.574225 1.301898
30.574225 1.316852
30.574225 1.331805
30.574225 1.346758
30.574225 1.361712
30.574225 1.376665
30.574225 1.391619
30.574225 1.406572
30.574225 1.421525
30.574225 1.436479
30.574225 1.451432
30.574225 1.466386
30.574225 1.481339
30.574225 1.496292
30.574225 1.511246
30.574225 1.526199
30.574225 1.541153
30.574225 1.556106
30.574225 1.571059
30.574225 1.586013
30.574225 1.600966
30.574225 1.615920
30.574225 1.630873
30.574225 1.645826
30.574225 1.660780
30.574225 1.675733
30.574225 1.690687
30.574225 1.705640
30.574225 1.720593
30.574225 1.735547
30.574225 1.750500
30.574225 1.765454
30.574225 1.780407
30.574225 1.795360
30.574225 1.810314
30.574225 1.825267
30.574225 1.840221
30.574225 1.855174
30.574225 1.870127
30.574225 1.885081
30.574225 1.900034
30.574225 1.914988
30.574225 1.929941
30.574225 1.944894
30.574225 1.959848
30.574225 1.974801
30.574225 1.989755
30.574225 2.004708
30.574225 2.019661
30.574225 2.034615
30.574225 2.049568
30.574225 2.064522
30.574225 2.079475
30.574225 2.094428
30.574225 2.109382
30.574225 2.124335
30.574225 2.139289
30.574225 2.154242
30.574225 2.169195
30.574225 2.184149
30.574225 2.199102
30.574225 2.214056
30.574225 2.229009
30.574225 2.243962
30.574225 2.258916
30.574225 2.273869
30.574225 2.288823
30.574225 2.303776
30.574225 2.318729
30.574225 2.333683
30.574225 2.348636
30.574225 2.363590
30.574225 2.378543
30.574225 2.393496
30.574225 2.408450
30.574225 2.423403
30.574225 2.438357
30.574225 2.453310
30.574225 2.468263
30.574225 2.483217
30.574225 2.498170
30.574225 2.513124
30.574225 2.528077
30.574225 2.543030
30.574225 2.557984
30.574225 2.572937
30.574225 2.587891
30.574225 2.602844
30.574225 2.617797
30.574225 2.632751
30.574225 2.647704
30.574225 2.662658
30.574225 2.677611
30.574225 2.692564
30.574225 2.707518
30.574225 2.722471
30.574225 2.737425
30.574225 2.752378
30.574225 2.767331
30.574225 2.782285
30.574225 2.797238
30.574225 2.812192
30.574225 2.827145
30.574225 2.842098
30.574225 2.857052
30.574225 2.872005
30.574225 2.886959
30.574225 2.901912
30.574225 2.916865
30.574225 2.931819
30.574225 2.946772
30.574225 2.961726
30.574225 2.976679
30.574225 2.991632
30.574225 3.006586
30.574225 3.021539
30.574225 3.036493
30.574225 3.051446
30.574225 3.066399
30.574225 3.081353
30.574225 3.096306
30.574225 3.111260
30.574225 3.126213
30.574225 3.141166
30.574225 3.156120
30.574225 3.171073
30.574225 3.186027
30.574225 3.200980
30.574225 3.215933
30.574225 3.230887
30.574225 3.245840
30.574225 3.260794
30.574225 3.275747
30.574225 3.290700
30.574225 3.305654
30.574225 3.320607
30.574225 3.335561
30.574225 3.350514
30.574225 3.365467
30.574225 3.380421
30.574225 3.395374
30.574225 3.410328
30.574225 3.425281
30.574225 3.440234
30.574225 3.455188
30.574225 3.470141
30.574225 3.485095
30.574225 3.500048
30.574225 3.515001
30.574225 3.529955
30.574225 3.544908
30.574225 3.559862
30.574225 3.574815
30.574225 3.589768
30.574225 3.604722
30.574225 3.619675
30.574225 3.634629
30.574225 3.649582
30.574225 3.664535
30.574225 3.679489
30.574225 3.694442
30.574225 3.709396
30.574225 3.724349
30.574225 3.739302
30.574225 3.754256
30.574225 3.769209
30.574225 3.784163
30.574225 3.799116
30.574225 3.814069
30.574225 3.829023
30.574225 3.843976
30.574225 3.858930
30.574225 3.873883
30.574225 3.888836
30.574225 3.903790
30.574225 3.918743
30.574225 3.933697
30.574225 3.948650
30.574225 3.963603
30.574225 3.978557
30.574225 3.993510
30.574225 4.008464
30.574225 4.023417
30.574225 4.038370
30.574225 4.053324
30.574225 4.068277
30.574225 4.083231
30.574225 4.098184
30.574225 4.113137
30.574225 4.128091
30.574225 4.143044
30.574225 4.157998
30.574225 4.172951
30.574225 4.187904
30.574225 4.202858
30.574225 4.217811
30.574225 4.232765
30.574225 4.247718
30.574225 4.262671
30.574225 4.277625
30.574225 4.292578
30.574225 4.307532
30.574225 4.322485
30.574225 4.337438
30.574225 4.352392
30.574225 4.367345
30.574225 4.382299
30.574225 4.397252
30.574225 4.412205
30.574225 4.427159
30.574225 4.442112
30.574225 4.457066
30.574225 4.472019
30.574225 4.486972
30.574225 4.501926
30.574225 4.516879
30.574225 4.531833
30.574225 4.546786
30.574225 4.561739
30.574225 4.576693
30.574225 4.591646
30.574225 4.606600
30.574225 4.621553
30.574225 4.636506
30.574225 4.651460
30.574225 4.666413
30.574225 4.681367
30.574225 4.696320
30.574225 4.711273
30.574225 4.726227
30.574225 4.741180
30.574225 4.756134
30.574225 4.771087
30.574225 4.786040
30.574225 4.800994
30.574225 4.815947
30.574225 4.830901
30.574225 4.845854
30.574225 4.860807
30.574225 4.875761
30.574225 4.890714
30.574225 4.905668
30.574225 4.920621
30.574225 4.935574
30.574225 4.950528
30.574225 4.965481
30.574225 4.980435
30.574225 4.995388
30.574225 5.010341
30.574225 5.025295
30.574225 5.040248
30.574225 5.055202
30.574225 5.070155
30.574225 5.085108
30.574225 5.100062
30.574225 5.115015
30.574225 5.129969
30.574225 5.144922
30.574225 5.159875
30.574225 5.174829
30.574225 5.189782
30.574225 5.204736
30.574225 5.219689
30.574225 5.234642
30.574225 5.249596
30.574225 5.264549
30.574225 5.279503
30.574225 5.294456
30.574225 5.309409
30.574225 5.324363
30.574225 5.339316
30.574225 5.354270
30.574225 5.369223
30.574225 5.384176
30.574225 5.399130
30.574225 5.414083
30.574225 5.429037
30.574225 5.443990
30.574225 5.458943
30.574225 5.473897
30.574225 5.488850
30.574225 5.503804
30.574225 5.518757
30.574225 5.533710
30.574225 5.548664
30.574225 5.563617
30.574225 5.578571
30.574225 5.593524
30.574225 5.608477
30.574225 5.623431
30.574225 5.638384
30.574225 5.653338
30.574225 5.668291
30.574225 5.683244
30.574225 5.698198
30.574225 5.713151
30.574225 5.728105
30.574225 5.743058
30.574225 5.758011
30.574225 5.772965
30.574225 5.787918
30.574225 5.802872
30.574225 5.817825
30.574225 5.832778
30.574225 5.847732
30.574225 5.862685
30.574225 5.877639
30.574225 5.892592
30.574225 5.907545
30.574225 5.922499
30.574225 5.937452
30.574225 5.952406
30.574225 5.967359
30.574225 5.982312
30.574225 5.997266
30.574225 6.012219
30.574225 6.027173
30.574225 6.042126
30.574225 6.057079
30.574225 6.072033
30.574225 6.086986
30.574225 6.101940
30.574225 6.116893
30.574225 6.131846
30.574225 6.146800
30.574225 6.161753
30.574225 6.176707
30.574225 6.191660
30.574225 6.206613
30.574225 6.221567
30.574225 6.236520
30.574225 6.251474
30.574225 6.266427
30.574225 6.281380
30.574225 6.296334
30.574225 6.311287
30.574225 6.326241
30.574225 6.341194
30.574225 6.356147
30.574225 6.371101
30.574225 6.386054
30.574225 6.401008
30.574225 6.415961
30.574225 6.430914
30.574225 6.445868
30.574225 6.460821
30.574225 6.475775
30.574225 6.490728
30.574225 6.505681
30.574225 6.520635
30.574225 6.535588
30.574225 6.550542
30.574225 6.565495
30.574225 6.580448
30.574225 6.595402
30.574225 6.610355
30.574225 6.625309
30.574225 6.640262
30.574225 6.655215
30.574225 6.670169
30.574225 6.685122
30.574225 6.700076
30.574225 6.715029
30.574225 6.729982
30.574225 6.744936
30.574225 6.759889
30.574225 6.774843
30.574225 6.789796
30.574225 6.804749
30.574225 6.819703
30.574225 6.834656
30.574225 6.849610
30.574225 6.864563
30.574225 6.879516
30.574225 6.894470
30.574225 6.909423
30.574225 6.924377
30.574225 6.939330
30.574225 6.954283
30.574225 6.969237
30.574225 6.984190
30.574225 6.999144
30.574225 7.014097
30.574225 7.029050
30.574225 7.044004
30.574225 7.058957
30.574225 7.073911
30.574225 7.088864
30.574225 7.103817
30.574225 7.118771
30.574225 7.133724
30.574225 7.148678
30.574225 7.163631
30.574225 7.178584
30.574225 7.193538
30.574225 7.208491
30.574225 7.223445
30.574225 7.238398
30.574225 7.253351
30.574225 7.268305
30.574225 7.283258
30.574225 7.298212
30.574225 7.313165
30.574225 7.328118
30.574225 7.343072
30.574225 7.358025
30.574225 7.372979
30.574225 7.387932
30.574225 7.402885
30.574225 7.417839
30.574225 7.432792
30.574225 7.447746
30.574225 7.462699
30.574225 7.477652
30.574225 7.492606
30.574225 7.507559
30.574225 7.522513
30.574225 7.537466
30.574225 7.552419
30.574225 7.567373
30.574225 7.582326
30.574225 7.597280
30.574225 7.612233
30.574225 7.627186
30.574225 7.642140
30.574225 7.657093
30.574225 7.672047
30.574225 7.687000
30.574225 7.701953
30.574225 7.716907
30.574225 7.731860
30.574225 7.746814
30.574225 7.761767
30.574225 7.776720
30.574225 7.791674
30.574225 7.806627
30.574225 7.821581
30.574225 7.836534
30.574225 7.851487
30.574225 7.866441
30.574225 7.881394
30.574225 7.896348
30.574225 7.911301
30.574225 7.926254
30.574225 7.941208
30.574225 7.956161
30.574225 7.971115
30.574225 7.986068
30.574225 8.001021
30.574225 8.015975
30.574225 8.030928
30.574225 8.045882
30.574225 8.060835
30.574225 8.075788
30.574225 8.090742
30.574225 8.105695
30.574225 8.120649
30.574225 8.135602
30.574225 8.150555
30.574225 8.165509
30.574225 8.180462
30.574225 8.195416
30.574225 8.210369
30.574225 8.225322
30.574225 8.240276
30.574225 8.255229
30.574225 8.270183
30.574225 8.285136
30.574225 8.300089
30.574225 8.315043
30.574225 8.329996
30.574225 8.344950
30.574225 8.359903
30.574225 8.374856
30.574225 8.389810
30.574225 8.404763
30.574225 8.419717
30.574225 8.434670
30.574225 8.449623
30.574225 8.464577
30.574225 8.479530
30.574225 8.494484
30.574225 8.509437
30.574225 8.524390
30.574225 8.539344
30.574225 8.554297
30.574225 8.569251
30.574225 8.584204
30.574225 8.599157
30.574225 8.614111
30.574225 8.629064
30.574225 8.644018
30.574225 8.658971
30.574225 8.673924
30.574225 8.688878
30.574225 8.703831
30.574225 8.718785
30.574225 8.733738
30.574225 8.748691
30.574225 8.763645
30.574225 8.778598
30.574225 8.793552
30.574225 8.808505
30.574225 8.823458
30.574225 8.838412
30.574225 8.853365
30.574225 8.868319
30.574225 8.883272
30.574225 8.898225
30.574225 8.913179
30.574225 8.928132
30.574225 8.943086
30.574225 8.958039
30.574225 8.972992
30.574225 8.987946
30.574225 9.002899
30.574225 9.017853
30.574225 9.032806
30.574225 9.047759
30.574225 9.062713
30.574225 9.077666
30.574225 9.092620
30.574225 9.107573
30.574225 9.122526
30.574225 9.137480
30.574225 9.152433
30.574225 9.167387
30.574225 9.182340
30.574225 9.197293
30.574225 9.212247
30.574225 9.227200
30.574225 9.242154
30.574225 9.257107
30.574225 9.272060
30.574225 9.287014
30.574225 9.301967
30.574225 9.316921
30.574225 9.331874
30.574225 9.346827
30.574225 9.361781
30.574225 9.376734
30.574225 9.391688
30.574225 9.406641
30.574225 9.421594
30.574225 9.436548
30.574225 9.451501
30.574225 9.466455
30.574225 9.481408
30.574225 9.496361
30.574225 9.511315
30.574225 9.526268
30.574225 9.541222
30.574225 9.556175
30.574225 9.571128
30.574225 9.586082
30.574225 9.601035
30.574225 9.615989
30.574225 9.630942
30.574225 9.645895
30.574225 9.660849
30.574225 9.675802
30.574225 9.690756
30.574225 9.705709
30.574225 9.720662
30.574225 9.735616
30.574225 9.750569
30.574225 9.765523
30.574225 9.780476
30.574225 9.795429
30.574225 9.810383
30.574225 9.825336
30.574225 9.840290
30.574225 9.855243
30.574225 9.870196
30.574225 9.885150
30.574225 9.900103
30.574225 9.915057
30.574225 9.930010
30.574225 9.944963
30.574225 9.959917
30.574225 9.974870
30.574225 9.989824
30.574225 10.004777
30.574225 10.019730
30.574225 10.034684
30.574225 10.049637
30.574225 10.064591
30.574225 10.079544
30.574225 10.094497
30.574225 10.109451
30.574225 10.124404
30.574225 10.139358
30.574225 10.154311
30.574225 10.169264
30.574225 10.184218
30.574225 10.199171
30.574225 10.214125
30.574225 10.229078
30.574225 10.244031
30.574225 10.258985
30.574225 10.273938
30.574225 10.288892
30.574225 10.303845
30.574225 10.318798
30.574225 10.333752
30.574225 10.348705
30.574225 10.363659
30.574225 10.378612
30.574225 10.393565
30.574225 10.408519
30.574225 10.423472
30.574225 10.438426
30.574225 10.453379
30.574225 10.468332
30.574225 10.483286
30.574225 10.498239
30.574225 10.513193
30.574225 10.528146
30.574225 10.543099
30.574225 10.558053
30.574225 10.573006
30.574225 10.587960
30.574225 10.602913
30.574225 10.617866
30.574225 10.632820
30.574225 10.647773
30.574225 10.662727
30.574225 10.677680
30.574225 10.692633
30.574225 10.707587
30.574225 10.722540
30.574225 10.737494
30.574225 10.752447
30.574225 10.767400
30.574225 10.782354
30.574225 10.797307
30.574225 10.812261
30.574225 10.827214
30.574225 10.842167
30.574225 10.857121
30.574225 10.872074
30.574225 10.887028
30.574225 10.901981
30.574225 10.916934
30.574225 10.931888
30.574225 10.946841
30.574225 10.961795
30.574225 10.976748
30.574225 10.991701
30.574225 11.006655
30.574225 11.021608
30.574225 11.036562
30.574225 11.051515
30.574225 11.066468
30.574225 11.081422
30.574225 11.096375
30.574225 11.111329
30.574225 11.126282
30.574225 11.141235
30.574225 11.156189
30.574225 11.171142
30.574225 11.186096
30.574225 11.201049
30.574225 11.216002
30.574225 11.230956
30.574225 11.245909
30.574225 11.260863
30.574225 11.275816
30.574225 11.290769
30.574225 11.305723
30.574225 11.320676
30.574225 11.335630
30.574225 11.350583
30.574225 11.365536
30.574225 11.380490
30.574225 11.395443
30.574225 11.410397
30.574225 11.425350
30.574225 11.440303
30.574225 11.455257
30.574225 11.470210
30.574225 11.485164
30.574225 11.500117
30.574225 11.515070
30.574225 11.530024
30.574225 11.544977
30.574225 11.559931
30.574225 11.574884
30.574225 11.589837
30.574225 11.604791
30.574225 11.619744
30.574225 11.634698
30.574225 11.649651
30.574225 11.664604
30.574225 11.679558
30.574225 11.694511
30.574225 11.709465
30.574225 11.724418
30.574225 11.739371
30.574225 11.754325
30.574225 11.769278
30.574225 11.784232
30.574225 11.799185
30.574225 11.814138
30.574225 11.829092
30.574225 11.844045
30.574225 11.858999
30.574225 11.873952
30.574225 11.888905
30.574225 11.903859
30.574225 11.918812
30.574225 11.933766
30.574225 11.948719
30.574225 11.963672
30.574225 11.978626
30.574225 11.993579
30.574225 12.008533
30.574225 12.023486
30.574225 12.038439
30.574225 12.053393
30.574225 12.068346
30.574225 12.083300
30.574225 12.098253
30.574225 12.113206
30.574225 12.128160
30.574225 12.143113
30.574225 12.158067
30.574225 12.173020
30.574225 12.187973
30.574225 12.202927
30.574225 12.217880
30.574225 12.232834
30.574225 12.247787
30.574225 12.262740
30.574225 12.277694
30.574225 12.292647
30.574225 12.307601
30.574225 12.322554
30.574225 12.337507
30.574225 12.352461
30.574225 12.367414
30.574225 12.382368
30.574225 12.397321
30.574225 12.412274
30.574225 12.427228
30.574225 12.442181
30.574225 12.457135
30.574225 12.472088
30.574225 12.487041
30.574225 12.501995
30.574225 12.516948
30.574225 12.531902
30.574225 12.546855
30.574225 12.561808
30.574225 12.576762
30.574225 12.591715
30.574225 12.606669
30.574225 12.621622
30.574225 12.636575
30.574225 12.651529
30.574225 12.666482
30.574225 12.681436
30.574225 12.696389
30.574225 12.711342
30.574225 12.726296
30.574225 12.741249
30.574225 12.756203
30.574225 12.771156
30.574225 12.786109
30.574225 12.801063
30.574225 12.816016
30.574225 12.830970
30.574225 12.845923
30.574225 12.860876
30.574225 12.875830
30.574225 12.890783
30.574225 12.905737
30.574225 12.920690
30.574225 12.935643
30.574225 12.950597
30.574225 12.965550
30.574225 12.980504
30.574225 12.995457
30.574225 13.010410
30.574225 13.025364
30.574225 13.040317
30.574225 13.055271
30.574225 13.070224
30.574225 13.085177
30.574225 13.100131
30.574225 13.115084
30.574225 13.130038
30.574225 13.144991
30.574225 13.159944
30.574225 13.174898
30.574225 13.189851
30.574225 13.204805
30.574225 13.219758
30.574225 13.234711
30.574225 13.249665
30.574225 13.264618
30.574225 13.279572
30.574225 13.294525
30.574225 13.309478
30.574225 13.324432
30.574225 13.339385
30.574225 13.354339
30.574225 13.369292
30.574225 13.384245
30.574225 13.399199
30.574225 13.414152
30.574225 13.429106
30.574225 13.444059
30.574225 13.459012
30.574225 13.473966
30.574225 13.488919
30.574225 13.503873
30.574225 13.518826
30.574225 13.533779
30.574225 13.548733
30.574225 13.563686
30.574225 13.578640
30.574225 13.593593
30.574225 13.608546
30.574225 13.623500
30.574225 13.638453
30.574225 13.653407
30.574225 13.668360
30.574225 13.683313
30.574225 13.698267
30.574225 13.713220
30.574225 13.728174
30.574225 13.743127
30.574225 13.758080
30.574225 13.773034
30.574225 13.787987
30.574225 13.802941
30.574225 13.817894
30.574225 13.832847
30.574225 13.847801
30.574225 13.862754
30.574225 13.877708
30.574225 13.892661
30.574225 13.907614
30.574225 13.922568
30.574225 13.937521
30.574225 13.952475
30.574225 13.967428
30.574225 13.982381
30.574225 13.997335
30.574225 14.012288
30.574225 14.027242
30.574225 14.042195
30.574225 14.057148
30.574225 14.072102
30.574225 14.087055
30.574225 14.102009
30.574225 14.116962
30.574225 14.131915
30.574225 14.146869
30.574225 14.161822
30.574225 14.176776
30.574225 14.191729
30.574225 14.206682
30.574225 14.221636
30.574225 14.236589
30.574225 14.251543
30.574225 14.266496
30.574225 14.281449
30.574225 14.296403
30.574225 14.311356
30.574225 14.326310
30.574225 14.341263
30.574225 14.356216
30.574225 14.371170
30.574225 14.386123
30.574225 14.401077
30.574225 14.416030
30.574225 14.430983
30.574225 14.445937
30.574225 14.460890
30.574225 14.475844
30.574225 14.490797
30.574225 14.505750
30.574225 14.520704
30.574225 14.535657
30.574225 14.550611
30.574225 14.565564
30.574225 14.580517
30.574225 14.595471
30.574225 14.610424
30.574225 14.625378
30.574225 14.640331
30.574225 14.655284
30.574225 14.670238
30.574225 14.685191
30.574225 14.700145
30.574225 14.715098
30.574225 14.730051
30.574225 14.745005
30.574225 14.759958
30.574225 14.774912
30.574225 14.789865
30.574225 14.804818
30.574225 14.819772
30.574225 14.834725
30.574225 14.849679
30.574225 14.864632
30.574225 14.879585
30.574225 14.894539
30.574225 14.909492
30.574225 14.924446
30.574225 14.939399
30.574225 14.954352
30.574225 14.969306
30.574225 14.984259
30.574225 14.999213
30.574225 15.014166
30.574225 15.029119
30.574225 15.044073
30.574225 15.059026
30.574225 15.073980
30.574225 15.088933
30.574225 15.103886
30.574225 15.118840
30.574225 15.133793
30.574225 15.148747
30.574225 15.163700
30.574225 15.178653
30.574225 15.193607
30.574225 15.208560
30.574225 15.223514
30.574225 15.238467
30.574225 15.253420
30.574225 15.268374
30.574225 15.283327
30.574225 15.298281
30.574225 15.313234
30.574225 15.328187
30.574225 15.343141
30.574225 15.358094
30.574225 15.373048
30.574225 15.388001
30.574225 15.402954
30.574225 15.417908
30.574225 15.432861
30.574225 15.447815
30.574225 15.462768
30.574225 15.477721
30.574225 15.492675
30.574225 15.507628
30.574225 15.522582
30.574225 15.537535
30.574225 15.552488
30.574225 15.567442
30.574225 15.582395
30.574225 15.597349
30.574225 15.612302
30.574225 15.627255
30.574225 15.642209
30.574225 15.657162
30.574225 15.672116
30.574225 15.687069
30.574225 15.702022
30.574225 15.716976
30.574225 15.731929
30.574225 15.746883
30.574225 15.761836
30.574225 15.776789
30.574225 15.791743
30.574225 15.806696
30.574225 15.821650
30.574225 15.836603
30.574225 15.851556
30.574225 15.866510
30.574225 15.881463
30.574225 15.896417
30.574225 15.911370
30.574225 15.926323
30.574225 15.941277
30.574225 15.956230
30.574225 15.971184
30.574225 15.986137
30.574225 16.001090
30.574225 16.016044
30.574225 16.030997
30.574225 16.045951
30.574225 16.060904
30.574225 16.075857
30.574225 16.090811
30.574225 16.105764
30.574225 16.120718
30.574225 16.135671
30.574225 16.150624
30.574225 16.165578
30.574225 16.180531
30.574225 16.195485
30.574225 16.210438
30.574225 16.225391
30.574225 16.240345
30.574225 16.255298
30.574225 16.270252
30.574225 16.285205
30.574225 16.300158
30.574225 16.315112
30.574225 16.330065
30.574225 16.345019
30.574225 16.359972
30.574225 16.374925
30.574225 16.389879
30.574225 16.404832
30.574225 16.419786
30.574225 16.434739
30.574225 16.449692
30.574225 16.464646
30.574225 16.479599
30.574225 16.494553
30.574225 16.509506
30.574225 16.524459
30.574225 16.539413
30.574225 16.554366
30.574225 16.569320
30.574225 16.584273
30.574225 16.599226
30.574225 16.614180
30.574225 16.629133
30.574225 16.644087
30.574225 16.659040
30.574225 16.673993
30.574225 16.688947
30.574225 16.703900
30.574225 16.718854
30.574225 16.733807
30.574225 16.748760
30.574225 16.763714
30.574225 16.778667
30.574225 16.793621
30.574225 16.808574
30.574225 16.823527
30.574225 16.838481
30.574225 16.853434
30.574225 16.868388
30.574225 16.883341
30.574225 16.898294
30.574225 16.913248
30.574225 16.928201
30.574225 16.943155
30.574225 16.958108
30.574225 16.973061
30.574225 16.988015
30.574225 17.002968
30.574225 17.017922
30.574225 17.032875
30.574225 17.047828
30.574225 17.062782
30.574225 17.077735
30.574225 17.092689
30.574225 17.107642
30.574225 17.122595
30.574225 17.137549
30.574225 17.152502
30.574225 17.167456
30.574225 17.182409
30.574225 17.197362
30.574225 17.212316
30.574225 17.227269
30.574225 17.242223
30.574225 17.257176
30.574225 17.272129
30.574225 17.287083
30.574225 17.302036
30.574225 17.316990
30.574225 17.331943
30.574225 17.346896
30.574225 17.361850
30.574225 17.376803
30.574225 17.391757
30.574225 17.406710
30.574225 17.421663
30.574225 17.436617
30.574225 17.451570
30.574225 17.466524
30.574225 17.481477
30.574225 17.496430
30.574225 17.511384
30.574225 17.526337
30.574225 17.541291
30.574225 17.556244
30.574225 17.571197
30.574225 17.586151
30.574225 17.601104
30.574225 17.616058
30.574225 17.631011
30.574225 17.645964
30.574225 17.660918
30.574225 17.675871
30.574225 17.690825
30.574225 17.705778
30.574225 17.720731
30.574225 17.735685
30.574225 17.750638
30.574225 17.765592
30.574225 17.780545
30.574225 17.795498
30.574225 17.810452
30.574225 17.825405
30.574225 17.840359
30.574225 17.855312
30.574225 17.870265
30.574225 17.885219
30.574225 17.900172
30.574225 17.915126
30.574225 17.930079
30.574225 17.945032
30.574225 17.959986
30.574225 17.974939
30.574225 17.989893
30.574225 18.004846
30.574225 18.019799
30.574225 18.034753
30.574225 18.049706
30.574225 18.064660
30.574225 18.079613
30.574225 18.094566
30.574225 18.109520
30.574225 18.124473
30.574225 18.139427
30.574225 18.154380
30.574225 18.169333
30.574225 18.184287
30.574225 18.199240
30.574225 18.214194
30.574225 18.229147
30.574225 18.244100
30.574225 18.259054
30.574225 18.274007
30.574225 18.288961
30.574225 18.303914
30.574225 18.318867
30.574225 18.333821
30.574225 18.348774
30.574225 18.363728
30.574225 18.378681
30.574225 18.393634
30.574225 18.408588
30.574225 18.423541
30.574225 18.438495
30.574225 18.453448
30.574225 18.468401
30.574225 18.483355
30.574225 18.498308
30.574225 18.513262
30.574225 18.528215
30.574225 18.543168
30.574225 18.558122
30.574225 18.573075
30.574225 18.588029
30.574225 18.602982
30.574225 18.617935
30.574225 18.632889
30.574225 18.647842
30.574225 18.662796
30.574225 18.677749
30.574225 18.692702
30.574225 18.707656
30.574225 18.722609
30.574225 18.737563
30.574225 18.752516
30.574225 18.767469
30.574225 18.782423
30.574225 18.797376
30.574225 18.812330
30.574225 18.827283
30.574225 18.842236
30.574225 18.857190
30.574225 18.872143
30.574225 18.887097
30.574225 18.902050
30.574225 18.917003
30.574225 18.931957
30.574225 18.946910
30.574225 18.961864
30.574225 18.976817
30.574225 18.991770
30.574225 19.006724
30.574225 19.021677
30.574225 19.036631
30.574225 19.051584
30.574225 19.066537
30.574225 19.081491
30.574225 19.096444
30.574225 19.111398
30.574225 19.126351
30.574225 19.141304
30.574225 19.156258
30.574225 19.171211
30.574225 19.186165
30.574225 19.201118
30.574225 19.216071
30.574225 19.231025
30.574225 19.245978
30.574225 19.260932
30.574225 19.275885
30.574225 19.290838
30.574225 19.305792
30.574225 19.320745
30.574225 19.335699
30.574225 19.350652
30.574225 19.365605
30.574225 19.380559
30.574225 19.395512
30.574225 19.410466
30.574225 19.425419
30.574225 19.440372
30.574225 19.455326
30.574225 19.470279
30.574225 19.485233
30.574225 19.500186
30.574225 19.515139
30.574225 19.530093
30.574225 19.545046
30.574225 19.560000
30.574225 19.574953
30.574225 19.589906
30.574225 19.604860
30.574225 19.619813
30.574225 19.634767
30.574225 19.649720
30.574225 19.664673
30.574225 19.679627
30.574225 19.694580
30.574225 19.709534
30.574225 19.724487
30.574225 19.739440
30.574225 19.754394
30.574225 19.769347
30.574225 19.784301
30.574225 19.799254
30.574225 19.814207
30.574225 19.829161
30.574225 19.844114
30.574225 19.859068
30.574225 19.874021
30.574225 19.888974
30.574225 19.903928
30.574225 19.918881
30.574225 19.933835
30.574225 19.948788
30.574225 19.963741
30.574225 19.978695
30.574225 19.993648
30.574225 20.008602
30.574225 20.023555
30.574225 20.038508
30.574225 20.053462
30.574225 20.068415
30.574225 20.083369
30.574225 20.098322
30.574225 20.113275
30.574225 20.128229
30.574225 20.143182
30.574225 20.158136
30.574225 20.173089
30.574225 20.188042
30.574225 20.202996
30.574225 20.217949
30.574225 20.232903
30.574225 20.247856
30.574225 20.262809
30.574225 20.277763
30.574225 20.292716
30.574225 20.307670
30.574225 20.322623
30.574225 20.337576
30.574225 20.352530
30.574225 20.367483
30.574225 20.382437
30.574225 20.397390
30.574225 20.412343
30.574225 20.427297
30.574225 20.442250
30.574225 20.457204
30.574225 20.472157
30.574225 20.487110
30.574225 20.502064
30.574225 20.517017
30.574225 20.531971
30.574225 20.546924
30.574225 20.561877
30.574225 20.576831
30.574225 20.591784
30.574225 20.606738
30.574225 20.621691
30.574225 20.636644
30.574225 20.651598
30.574225 20.666551
30.574225 20.681505
30.574225 20.696458
30.574225 20.711411
30.574225 20.726365
30.574225 20.741318
30.574225 20.756272
30.574225 20.771225
30.574225 20.786178
30.574225 20.801132
30.574225 20.816085
30.574225 20.831039
30.574225 20.845992
30.574225 20.860945
30.574225 20.875899
30.574225 20.890852
30.574225 20.905806
30.574225 20.920759
30.574225 20.935712
30.574225 20.950666
30.574225 20.965619
30.574225 20.980573
30.574225 20.995526
30.574225 21.010479
30.574225 21.025433
30.574225 21.040386
30.574225 21.055340
30.574225 21.070293
30.574225 21.085246
30.574225 21.100200
30.574225 21.115153
30.574225 21.130107
30.574225 21.145060
30.574225 21.160013
30.574225 21.174967
30.574225 21.189920
30.574225 21.204874
30.574225 21.219827
30.574225 21.234780
30.574225 21.249734
30.574225 21.264687
30.574225 21.279641
30.574225 21.294594
30.574225 21.309547
30.574225 21.324501
30.574225 21.339454
30.574225 21.354408
30.574225 21.369361
30.574225 21.384314
30.574225 21.399268
30.574225 21.414221
30.574225 21.429175
30.574225 21.444128
30.574225 21.459081
30.574225 21.474035
30.574225 21.488988
30.574225 21.503942
30.574225 21.518895
30.574225 21.533848
30.574225 21.548802
30.574225 21.563755
30.574225 21.578709
30.574225 21.593662
30.574225 21.608615
30.574225 21.623569
30.574225 21.638522
30.574225 21.653476
30.574225 21.668429
30.574225 21.683382
30.574225 21.698336
30.574225 21.713289
30.574225 21.728243
30.574225 21.743196
30.574225 21.758149
30.574225 21.773103
30.574225 21.788056
30.574225 21.803010
30.574225 21.817963
30.574225 21.832916
30.574225 21.847870
30.574225 21.862823
30.574225 21.877777
30.574225 21.892730
30.574225 21.907683
30.574225 21.922637
30.574225 21.937590
30.574225 21.952544
30.574225 21.967497
30.574225 21.982450
30.574225 21.997404
30.574225 22.012357
30.574225 22.027311
30.574225 22.042264
30.574225 22.057217
30.574225 22.072171
30.574225 22.087124
30.574225 22.102078
30.574225 22.117031
30.574225 22.131984
30.574225 22.146938
30.574225 22.161891
30.574225 22.176845
30.574225 22.191798
30.574225 22.206751
30.574225 22.221705
30.574225 22.236658
30.574225 22.251612
30.574225 22.266565
30.574225 22.281518
30.574225 22.296472
30.574225 22.311425
30.574225 22.326379
30.574225 22.341332
30.574225 22.356285
30.574225 22.371239
30.574225 22.386192
30.574225 22.401146
30.574225 22.416099
30.574225 22.431052
30.574225 22.446006
30.574225 22.460959
30.574225 22.475913
30.574225 22.490866
30.574225 22.505819
30.574225 22.520773
30.574225 22.535726
30.574225 22.550680
30.574225 22.565633
30.574225 22.580586
30.574225 22.595540
30.574225 22.610493
30.574225 22.625447
30.574225 22.640400
30.574225 22.655353
30.574225 22.670307
30.574225 22.685260
30.574225 22.700214
30.574225 22.715167
30.574225 22.730120
30.574225 22.745074
30.574225 22.760027
30.574225 22.774981
30.574225 22.789934
30.574225 22.804887
30.574225 22.819841
30.574225 22.834794
30.574225 22.849748
30.574225 22.864701
30.574225 22.879654
30.574225 22.894608
30.574225 22.909561
30.574225 22.924515
30.574225 22.939468
30.574225 22.954421
30.574225 22.969375
30.574225 22.984328
30.574225 22.999282
30.574225 23.014235
30.574225 23.029188
30.574225 23.044142
30.574225 23.059095
30.574225 23.074049
30.574225 23.089002
30.574225 23.103955
30.574225 23.118909
30.574225 23.133862
30.574225 23.148816
30.574225 23.163769
30.574225 23.178722
30.574225 23.193676
30.574225 23.208629
30.574225 23.223583
30.574225 23.238536
30.574225 23.253489
30.574225 23.268443
30.574225 23.283396
30.574225 23.298350
30.574225 23.313303
30.574225 23.328256
30.574225 23.343210
30.574225 23.358163
30.574225 23.373117
30.574225 23.388070
30.574225 23.403023
30.574225 23.417977
30.574225 23.432930
30.574225 23.447884
30.574225 23.462837
30.574225 23.477790
30.574225 23.492744
30.574225 23.507697
30.574225 23.522651
30.574225 23.537604
30.574225 23.552557
30.574225 23.567511
30.574225 23.582464
30.574225 23.597418
30.574225 23.612371
30.574225 23.627324
30.574225 23.642278
30.574225 23.657231
30.574225 23.672185
30.574225 23.687138
30.574225 23.702091
30.574225 23.717045
30.574225 23.731998
30.574225 23.746952
30.574225 23.761905
30.574225 23.776858
30.574225 23.791812
30.574225 23.806765
30.574225 23.821719
30.574225 23.836672
30.574225 23.851625
30.574225 23.866579
30.574225 23.881532
30.574225 23.896486
30.574225 23.911439
30.574225 23.926392
30.574225 23.941346
30.574225 23.956299
30.574225 23.971253
30.574225 23.986206
30.574225 24.001159
30.574225 24.016113
30.574225 24.031066
30.574225 24.046020
30.574225 24.060973
30.574225 24.075926
30.574225 24.090880
30.574225 24.105833
30.574225 24.120787
30.574225 24.135740
30.574225 24.150693
30.574225 24.165647
30.574225 24.180600
30.574225 24.195554
30.574225 24.210507
30.574225 24.225460
30.574225 24.240414
30.574225 24.255367
30.574225 24.270321
30.574225 24.285274
30.574225 24.300227
30.574225 24.315181
30.574225 24.330134
30.574225 24.345088
30.574225 24.360041
30.574225 24.374994
30.574225 24.389948
30.574225 24.404901
30.574225 24.419855
30.574225 24.434808
30.574225 24.449761
30.574225 24.464715
30.574225 24.479668
30.574225 24.494622
30.574225 24.509575
30.574225 24.524528
30.574225 24.539482
30.574225 24.554435
30.574225 24.569389
30.574225 24.584342
30.574225 24.599295
30.574225 24.614249
30.574225 24.629202
30.574225 24.644156
30.574225 24.659109
30.574225 24.674062
30.574225 24.689016
30.574225 24.703969
30.574225 24.718923
30.574225 24.733876
30.574225 24.748829
30.574225 24.763783
30.574225 24.778736
30.574225 24.793690
30.574225 24.808643
30.574225 24.823596
30.574225 24.838550
30.574225 24.853503
30.574225 24.868457
30.574225 24.883410
30.574225 24.898363
30.574225 24.913317
30.574225 24.928270
30.574225 24.943224
30.574225 24.958177
30.574225 24.973130
30.574225 24.988084
30.574225 25.003037
30.574225 25.017991
30.574225 25.032944
30.574225 25.047897
30.574225 25.062851
30.574225 25.077804
30.574225 25.092758
30.574225 25.107711
30.574225 25.122664
30.574225 25.137618
30.574225 25.152571
30.574225 25.167525
30.574225 25.182478
30.574225 25.197431
30.574225 25.212385
30.574225 25.227338
30.574225 25.242292
30.574225 25.257245
30.574225 25.272198
30.574225 25.287152
30.574225 25.302105
30.574225 25.317059
30.574225 25.332012
30.574225 25.346965
30.574225 25.361919
30.574225 25.376872
30.574225 25.391826
30.574225 25.406779
30.574225 25.421732
30.574225 25.436686
30.574225 25.451639
30.574225 25.466593
30.574225 25.481546
30.574225 25.496499
30.574225 25.511453
30.574225 25.526406
30.574225 25.541360
30.574225 25.556313
30.574225 25.571266
30.574225 25.586220
30.574225 25.601173
30.574225 25.616127
30.574225 25.631080
30.574225 25.646033
30.574225 25.660987
30.574225 25.675940
30.574225 25.690894
30.574225 25.705847
30.574225 25.720800
30.574225 25.735754
30.574225 25.750707
30.574225 25.765661
30.574225 25.780614
30.574225 25.795567
30.574225 25.810521
30.574225 25.825474
30.574225 25.840428
30.574225 25.855381
30.574225 25.870334
30.574225 25.885288
30.574225 25.900241
30.574225 25.915195
30.574225 25.930148
30.574225 25.945101
30.574225 25.960055
30.574225 25.975008
30.574225 25.989962
30.574225 26.004915
30.574225 26.019868
30.574225 26.034822
30.574225 26.049775
30.574225 26.064729
30.574225 26.079682
30.574225 26.094635
30.574225 26.109589
30.574225 26.124542
30.574225 26.139496
30.574225 26.154449
30.574225 26.169402
30.574225 26.184356
30.574225 26.199309
30.574225 26.214263
30.574225 26.229216
30.574225 26.244169
30.574225 26.259123
30.574225 26.274076
30.574225 26.289030
30.574225 26.303983
30.574225 26.318936
30.574225 26.333890
30.574225 26.348843
30.574225 26.363797
30.574225 26.378750
30.574225 26.393703
30.574225 26.408657
30.574225 26.423610
30.574225 26.438564
30.574225 26.453517
30.574225 26.468470
30.574225 26.483424
30.574225 26.498377
30.574225 26.513331
30.574225 26.528284
30.574225 26.543237
30.574225 26.558191
30.574225 26.573144
30.574225 26.588098
30.574225 26.603051
30.574225 26.618004
30.574225 26.632958
30.574225 26.647911
30.574225 26.662865
30.574225 26.677818
30.574225 26.692771
30.574225 26.707725
30.574225 26.722678
30.574225 26.737632
30.574225 26.752585
30.574225 26.767538
30.574225 26.782492
30.574225 26.797445
30.574225 26.812399
30.574225 26.827352
30.574225 26.842305
30.574225 26.857259
30.574225 26.872212
30.574225 26.887166
30.574225 26.902119
30.574225 26.917072
30.574225 26.932026
30.574225 26.946979
30.574225 26.961933
30.574225 26.976886
30.574225 26.991839
30.574225 27.006793
30.574225 27.021746
30.574225 27.036700
30.574225 27.051653
30.574225 27.066606
30.574225 27.081560
30.574225 27.096513
30.574225 27.111467
30.574225 27.126420
30.574225 27.141373
30.574225 27.156327
30.574225 27.171280
30.574225 27.186234
30.574225 27.201187
30.574225 27.216140
30.574225 27.231094
30.574225 27.246047
30.574225 27.261001
30.574225 27.275954
30.574225 27.290907
30.574225 27.305861
30.574225 27.320814
30.574225 27.335768
30.574225 27.350721
30.574225 27.365674
30.574225 27.380628
30.574225 27.395581
30.574225 27.410535
30.574225 27.425488
30.574225 27.440441
30.574225 27.455395
30.574225 27.470348
30.574225 27.485302
30.574225 27.500255
30.574225 27.515208
30.574225 27.530162
30.574225 27.545115
30.574225 27.560069
30.574225 27.575022
30.574225 27.589975
30.574225 27.604929
30.574225 27.619882
30.574225 27.634836
30.574225 27.649789
30.574225 27.664742
30.574225 27.679696
30.574225 27.694649
30.574225 27.709603
30.574225 27.724556
30.574225 27.739509
30.574225 27.754463
30.574225 27.769416
30.574225 27.784370
30.574225 27.799323
30.574225 27.814276
30.574225 27.829230
30.574225 27.844183
30.574225 27.859137
30.574225 27.874090
30.574225 27.889043
30.574225 27.903997
30.574225 27.918950
30.574225 27.933904
30.574225 27.948857
30.574225 27.963810
30.574225 27.978764
30.574225 27.993717
30.574225 28.008671
30.574225 28.023624
30.574225 28.038577
30.574225 28.053531
30.574225 28.068484
30.574225 28.083438
30.574225 28.098391
30.574225 28.113344
30.574225 28.128298
30.574225 28.143251
30.574225 28.158205
30.574225 28.173158
30.574225 28.188111
30.574225 28.203065
30.574225 28.218018
30.574225 28.232972
30.574225 28.247925
30.574225 28.262878
30.574225 28.277832
30.574225 28.292785
30.574225 28.307739
30.574225 28.322692
30.574225 28.337645
30.574225 28.352599
30.574225 28.367552
30.574225 28.382506
30.574225 28.397459
30.574225 28.412412
30.574225 28.427366
30.574225 28.442319
30.574225 28.457273
30.574225 28.472226
30.574225 28.487179
30.574225 28.502133
30.574225 28.517086
30.574225 28.532040
30.574225 28.546993
30.574225 28.561946
30.574225 28.576900
30.574225 28.591853
30.574225 28.606807
30.574225 28.621760
30.574225 28.636713
30.574225 28.651667
30.574225 28.666620
30.574225 28.681574
30.574225 28.696527
30.574225 28.711480
30.574225 28.726434
30.574225 28.741387
30.574225 28.756341
30.574225 28.771294
30.574225 28.786247
30.574225 28.801201
30.574225 28.816154
30.574225 28.831108
30.574225 28.846061
30.574225 28.861014
30.574225 28.875968
30.574225 28.890921
30.574225 28.905875
30.574225 28.920828
30.574225 28.935781
30.574225 28.950735
30.574225 28.965688
30.574225 28.980642
30.574225 28.995595
30.574225 29.010548
30.574225 29.025502
30.574225 29.040455
30.574225 29.055409
30.574225 29.070362
30.574225 29.085315
30.574225 29.100269
30.574225 29.115222
30.574225 29.130176
30.574225 29.145129
30.574225 29.160082
30.574225 29.175036
30.574225 29.189989
30.574225 29.204943
30.574225 29.219896
30.574225 29.234849
30.574225 29.249803
30.574225 29.264756
30.574225 29.279710
30.574225 29.294663
30.574225 29.309616
30.574225 29.324570
30.574225 29.339523
30.574225 29.354477
30.574225 29.369430
30.574225 29.384383
30.574225 29.399337
30.574225 29.414290
30.574225 29.429244
30.574225 29.444197
30.574225 29.459150
30.574225 29.474104
30.574225 29.489057
30.574225 29.504011
30.574225 29.518964
30.574225 29.533917
30.574225 29.548871
30.574225 29.563824
30.574225 29.578778
30.574225 29.593731
30.574225 29.608684
30.574225 29.623638
30.574225 29.638591
30.574225 29.653545
30.574225 29.668498
30.574225 29.683451
30.574225 29.698405
30.574225 29.713358
30.574225 29.728312
30.574225 29.743265
30.574225 29.758218
30.574225 29.773172
30.574225 29.788125
30.574225 29.803079
30.574225 29.818032
30.574225 29.832985
30.574225 29.847939
30.574225 29.862892
30.574225 29.877846
30.574225 29.892799
30.574225 29.907752
30.574225 29.922706
30.574225 29.937659
30.574225 29.952613
30.574225 29.967566
30.574225 29.982519
30.574225 29.997473
30.574225 30.012426
30.574225 30.027380
30.574225 30.042333
30.574225 30.057286
30.574225 30.072240
30.574225 30.087193
30.574225 30.102147
30.574225 30.117100
30.574225 30.132053
30.574225 30.147007
30.574225 30.161960
30.574225 30.176914
30.574225 30.191867
30.574225 30.206820
30.574225 30.221774
30.574225 30.236727
30.574225 30.251681
30.574225 30.266634
30.574225 30.281587
30.574225 30.296541
30.574225 30.311315
30.574225 30.325909
30.574225 30.340324
30.574225 30.354560
30.574225 30.368616
30.574225 30.382493
30.574225 30.396190
30.574225 30.409708
30.574225 30.423047
30.574225 30.436206
30.574225 30.449185
30.574225 30.461985
30.574225 30.474606
30.574225 30.487047
30.574225 30.499309
30.574225 30.511391
30.574225 30.523294
30.574225 30.535018
30.574225 30.546562
30.574225 30.557926
30.574225 30.569111
30.574225 30.580117
30.574225 30.590943
30.574225 30.601590
30.574225 30.612058
30.574145 30.622345
30.573986 30.632452
30.573752 30.642379
30.573446 30.652123
30.573070 30.661686
30.572628 30.671067
30.572121 30.680264
30.571554 30.689278
30.570929 30.698108
30.570249 30.706755
30.569516 30.715216
30.568733 30.723494
30.567904 30.731586
30.567031 30.739493
30.566117 30.747215
30.565165 30.754751
30.564178 30.762102
30.563158 30.769267
30.562109 30.776247
30.561033 30.783041
30.559933 30.789649
30.558812 30.796072
30.557673 30.802309
30.556518 30.808360
30.555352 30.814227
30.554139 30.820084
30.552880 30.825931
30.551575 30.831769
30.550224 30.837596
30.548828 30.843412
30.547386 30.849217
30.545898 30.855010
30.544366 30.860792
30.542787 30.866561
30.541164 30.872318
30.539495 30.878062
30.537781 30.883792
30.536022 30.889509
30.534219 30.895212
30.532370 30.900901
30.530477 30.906575
30.528540 30.912234
30.526558 30.917877
30.524532 30.923505
30.522462 30.929116
30.520347 30.934712
30.518189 30.940290
30.515987 30.945851
30.513742 30.951395
30.511453 30.956921
30.509121 30.962429
30.506745 30.967919
30.504327 30.973389
30.501865 30.978841
30.499361 30.984273
30.496814 30.989685
30.494225 30.995077
30.491594 31.000448
30.488920 31.005799
30.486205 31.011128
30.483447 31.016436
30.480649 31.021722
30.477808 31.026986
30.474927 31.032228
30.472004 31.037446
30.469041 31.042642
30.466036 31.047814
30.462992 31.052963
30.459907 31.058087
30.456781 31.063187
30.453616 31.068262
30.450411 31.073312
30.447167 31.078337
30.443883 31.083336
30.440560 31.088310
30.437198 31.093257
30.433797 31.098177
30.430358 31.103071
30.426880 31.107937
30.423364 31.112777
30.419810 31.117588
30.416219 31.122371
30.412590 31.127126
30.408924 31.131852
30.405221 31.136549
30.401482 31.141217
30.397705 31.145856
30.393893 31.150465
30.390044 31.155043
30.386159 31.159591
30.382239 31.164109
30.378283 31.168596
30.374293 31.173051
30.370267 31.177475
30.366207 31.181867
30.362113 31.186228
30.357984 31.190556
30.353821 31.194851
30.349625 31.199114
30.345396 31.203343
30.341133 31.207539
30.336838 31.211702
30.332510 31.215830
30.328150 31.219925
30.323758 31.223985
30.319334 31.228010
30.314878 31.232001
30.310391 31.235957
30.305874 31.239877
30.301326 31.243761
30.296747 31.247610
30.292138 31.251423
30.287500 31.255199
30.282832 31.258939
30.278134 31.262642
30.273408 31.266308
30.268653 31.269937
30.263870 31.273528
30.259059 31.277082
30.254220 31.280598
30.249353 31.284075
30.244460 31.287515
30.239539 31.290915
30.234592 31.294277
30.229619 31.297600
30.224620 31.300884
30.219595 31.304129
30.214544 31.307334
30.209469 31.310499
30.204369 31.313624
30.199245 31.316709
30.194096 31.319754
30.188924 31.322758
30.183729 31.325722
30.178510 31.328644
30.173268 31.331526
30.168004 31.334366
30.162718 31.337165
30.157410 31.339922
30.152081 31.342638
30.146730 31.345311
30.141359 31.347943
30.135967 31.350532
30.130555 31.353079
30.125123 31.355583
30.119672 31.358044
30.114201 31.360463
30.108712 31.362838
30.103204 31.365171
30.097678 31.367460
30.092134 31.369705
30.086572 31.371907
30.080994 31.374065
30.075399 31.376179
30.069787 31.378250
30.064159 31.380276
30.058516 31.382258
30.052857 31.384195
30.047183 31.386088
30.041494 31.387936
30.035791 31.389740
30.030075 31.391499
30.024344 31.393213
30.018600 31.394881
30.012843 31.396505
30.007074 31.398083
30.001292 31.399616
29.995499 31.401104
29.989694 31.402546
29.983878 31.403942
29.978051 31.405293
29.972214 31.406597
29.966366 31.407856
29.960509 31.409069
29.954643 31.410236
29.948767 31.411357
29.942707 31.412464
29.936461 31.413554
29.930030 31.414624
29.923413 31.415672
29.916611 31.416695
29.909623 31.417689
29.902450 31.418653
29.895092 31.419582
29.887548 31.420475
29.879820 31.421329
29.871906 31.422139
29.863807 31.422905
29.855524 31.423622
29.847057 31.424289
29.838405 31.424901
29.829571 31.425457
29.820552 31.425953
29.811351 31.426387
29.801968 31.426756
29.792402 31.427057
29.782655 31.427286
29.772728 31.427442
29.762619 31.427522
29.752331 31.427522
29.741864 31.427522
29.731217 31.427522
29.720391 31.427522
29.709385 31.427522
29.698200 31.427522
29.686836 31.427522
29.675291 31.427522
29.663568 31.427522
29.651665 31.427522
29.639583 31.427522
29.627321 31.427522
29.614880 31.427522
29.602259 31.427522
29.589459 31.427522
29.576479 31.427522
29.563320 31.427522
29.549982 31.427522
29.536464 31.427522
29.522767 31.427522
29.508890 31.427522
29.494834 31.427522
29.480598 31.427522
29.466183 31.427522
29.451589 31.427522
29.436815 31.427522
29.421861 31.427522
29.406908 31.427522
29.391954 31.427522
29.377001 31.427522
29.362048 31.427522
29.347094 31.427522
29.332141 31.427522
29.317187 31.427522
29.302234 31.427522
29.287281 31.427522
29.272327 31.427522
29.257374 31.427522
29.242420 31.427522
29.227467 31.427522
29.212514 31.427522
29.197560 31.427522
29.182607 31.427522
29.167653 31.427522
29.152700 31.427522
29.137747 31.427522
29.122793 31.427522
29.107840 31.427522
29.092886 31.427522
29.077933 31.427522
29.062980 31.427522
29.048026 31.427522
29.033073 31.427522
29.018119 31.427522
29.003166 31.427522
28.988213 31.427522
28.973259 31.427522
28.958306 31.427522
28.943352 31.427522
28.928399 31.427522
28.913446 31.427522
28.898492 31.427522
28.883539 31.427522
28.868585 31.427522
28.853632 31.427522
28.838679 31.427522
28.823725 31.427522
28.808772 31.427522
28.793818 31.427522
28.778865 31.427522
28.763912 31.427522
28.748958 31.427522
28.734005 31.427522
28.719051 31.427522
28.704098 31.427522
28.689145 31.427522
28.674191 31.427522
28.659238 31.427522
28.644284 31.427522
28.629331 31.427522
28.614378 31.427522
28.599424 31.427522
28.584471 31.427522
28.569517 31.427522
28.554564 31.427522
28.539611 31.427522
28.524657 31.427522
28.509704 31.427522
28.494750 31.427522
28.479797 31.427522
28.464844 31.427522
28.449890 31.427522
28.434937 31.427522
28.419983 31.427522
28.405030 31.427522
28.390077 31.427522
28.375123 31.427522
28.360170 31.427522
28.345216 31.427522
28.330263 31.427522
28.315310 31.427522
28.300356 31.427522
28.285403 31.427522
28.270449 31.427522
28.255496 31.427522
28.240543 31.427522
28.225589 31.427522
28.210636 31.427522
28.195682 31.427522
28.180729 31.427522
28.165776 31.427522
28.150822 31.427522
28.135869 31.427522
28.120915 31.427522
28.105962 31.427522
28.091009 31.427522
28.076055 31.427522
28.061102 31.427522
28.046148 31.427522
28.031195 31.427522
28.016242 31.427522
28.001288 31.427522
27.986335 31.427522
27.971381 31.427522
27.956428 31.427522
27.941475 31.427522
27.926521 31.427522
27.911568 31.427522
27.896614 31.427522
27.881661 31.427522
27.866708 31.427522
27.851754 31.427522
27.836801 31.427522
27.821847 31.427522
27.806894 31.427522
27.791941 31.427522
27.776987 31.427522
27.762034 31.427522
27.747080 31.427522
27.732127 31.427522
27.717174 31.427522
27.702220 31.427522
27.687267 31.427522
27.672313 31.427522
27.657360 31.427522
27.642407 31.427522
27.627453 31.427522
27.612500 31.427522
27.597546 31.427522
27.582593 31.427522
27.567640 31.427522
27.552686 31.427522
27.537733 31.427522
27.522779 31.427522
27.507826 31.427522
27.492873 31.427522
27.477919 31.427522
27.462966 31.427522
27.448012 31.427522
27.433059 31.427522
27.418106 31.427522
27.403152 31.427522
27.388199 31.427522
27.373245 31.427522
27.358292 31.427522
27.343339 31.427522
27.328385 31.427522
27.313432 31.427522
27.298478 31.427522
27.283525 31.427522
27.268572 31.427522
27.253618 31.427522
27.238665 31.427522
27.223711 31.427522
27.208758 31.427522
27.193805 31.427522
27.178851 31.427522
27.163898 31.427522
27.148944 31.427522
27.133991 31.427522
27.119038 31.427522
27.104084 31.427522
27.089131 31.427522
27.074177 31.427522
27.059224 31.427522
27.044271 31.427522
27.029317 31.427522
27.014364 31.427522
26.999410 31.427522
26.984457 31.427522
26.969504 31.427522
26.954550 31.427522
26.939597 31.427522
26.924643 31.427522
26.909690 31.427522
26.894737 31.427522
26.879783 31.427522
26.864830 31.427522
26.849876 31.427522
26.834923 31.427522
26.819970 31.427522
26.805016 31.427522
26.790063 31.427522
26.775109 31.427522
26.760156 31.427522
26.745203 31.427522
26.730249 31.427522
26.715296 31.427522
26.700342 31.427522
26.685389 31.427522
26.670436 31.427522
26.655482 31.427522
26.640529 31.427522
26.625575 31.427522
26.610622 31.427522
26.595669 31.427522
26.580715 31.427522
26.565762 31.427522
26.550808 31.427522
26.535855 31.427522
26.520902 31.427522
26.505948 31.427522
26.490995 31.427522
26.476041 31.427522
26.461088 31.427522
26.446135 31.427522
26.431181 31.427522
26.416228 31.427522
26.401274 31.427522
26.386321 31.427522
26.371368 31.427522
26.356414 31.427522
26.341461 31.427522
26.326507 31.427522
26.311554 31.427522
26.296601 31.427522
26.281647 31.427522
26.266694 31.427522
26.251740 31.427522
26.236787 31.427522
26.221834 31.427522
26.206880 31.427522
26.191927 31.427522
26.176973 31.427522
26.162020 31.427522
26.147067 31.427522
26.132113 31.427522
26.117160 31.427522
26.102206 31.427522
26.087253 31.427522
26.072300 31.427522
26.057346 31.427522
26.042393 31.427522
26.027439 31.427522
26.012486 31.427522
25.997533 31.427522
25.982579 31.427522
25.967626 31.427522
25.952672 31.427522
25.937719 31.427522
25.922766 31.427522
25.907812 31.427522
25.892859 31.427522
25.877905 31.427522
25.862952 31.427522
25.847999 31.427522
25.833045 31.427522
25.818092 31.427522
25.803138 31.427522
25.788185 31.427522
25.773232 31.427522
25.758278 31.427522
25.743325 31.427522
25.728371 31.427522
25.713418 31.427522
25.698465 31.427522
25.683511 31.427522
25.668558 31.427522
25.653604 31.427522
25.638651 31.427522
25.623698 31.427522
25.608744 31.427522
25.593791 31.427522
25.578837 31.427522
25.563884 31.427522
25.548931 31.427522
25.533977 31.427522
25.519024 31.427522
25.504070 31.427522
25.489117 31.427522
25.474164 31.427522
25.459210 31.427522
25.444257 31.427522
25.429303 31.427522
25.414350 31.427522
25.399397 31.427522
25.384443 31.427522
25.369490 31.427522
25.354536 31.427522
25.339583 31.427522
25.324630 31.427522
25.309676 31.427522
25.294723 31.427522
25.279769 31.427522
25.264816 31.427522
25.249863 31.427522
25.234909 31.427522
25.219956 31.427522
25.205002 31.427522
25.190049 31.427522
25.175096 31.427522
25.160142 31.427522
25.145189 31.427522
25.130235 31.427522
25.115282 31.427522
25.100329 31.427522
25.085375 31.427522
25.070422 31.427522
25.055468 31.427522
25.040515 31.427522
25.025562 31.427522
25.010608 31.427522
24.995655 31.427522
24.980701 31.427522
24.965748 31.427522
24.950795 31.427522
24.935841 31.427522
24.920888 31.427522
24.905934 31.427522
24.890981 31.427522
24.876028 31.427522
24.861074 31.427522
24.846121 31.427522
24.831167 31.427522
24.816214 31.427522
24.801261 31.427522
24.786307 31.427522
24.771354 31.427522
24.756400 31.427522
24.741447 31.427522
24.726494 31.427522
24.711540 31.427522
24.696587 31.427522
24.681633 31.427522
24.666680 31.427522
24.651727 31.427522
24.636773 31.427522
24.621820 31.427522
24.606866 31.427522
24.591913 31.427522
24.576960 31.427522
24.562006 31.427522
24.547053 31.427522
24.532099 31.427522
24.517146 31.427522
24.502193 31.427522
24.487239 31.427522
24.472286 31.427522
24.457332 31.427522
24.442379 31.427522
24.427426 31.427522
24.412472 31.427522
24.397519 31.427522
24.382565 31.427522
24.367612 31.427522
24.352659 31.427522
24.337705 31.427522
24.322752 31.427522
24.307798 31.427522
24.292845 31.427522
24.277892 31.427522
24.262938 31.427522
24.247985 31.427522
24.233031 31.427522
24.218078 31.427522
24.203125 31.427522
24.188171 31.427522
24.173218 31.427522
24.158264 31.427522
24.143311 31.427522
24.128358 31.427522
24.113404 31.427522
24.098451 31.427522
24.083497 31.427522
24.068544 31.427522
24.053591 31.427522
24.038637 31.427522
24.023684 31.427522
24.008730 31.427522
23.993777 31.427522
23.978824 31.427522
23.963870 31.427522
23.948917 31.427522
23.933963 31.427522
23.919010 31.427522
23.904057 31.427522
23.889103 31.427522
23.874150 31.427522
23.859196 31.427522
23.844243 31.427522
23.829290 31.427522
23.814336 31.427522
23.799383 31.427522
23.784429 31.427522
23.769476 31.427522
23.754523 31.427522
23.739569 31.427522
23.724616 31.427522
23.709662 31.427522
23.694709 31.427522
23.679756 31.427522
23.664802 31.427522
23.649849 31.427522
23.634895 31.427522
23.619942 31.427522
23.604989 31.427522
23.590035 31.427522
23.575082 31.427522
23.560128 31.427522
23.545175 31.427522
23.530222 31.427522
23.515268 31.427522
23.500315 31.427522
23.485361 31.427522
23.470408 31.427522
23.455455 31.427522
23.440501 31.427522
23.425548 31.427522
23.410594 31.427522
23.395641 31.427522
23.380688 31.427522
23.365734 31.427522
23.350781 31.427522
23.335827 31.427522
23.320874 31.427522
23.305921 31.427522
23.290967 31.427522
23.276014 31.427522
23.261060 31.427522
23.246107 31.427522
23.231154 31.427522
23.216200 31.427522
23.201247 31.427522
23.186293 31.427522
23.171340 31.427522
23.156387 31.427522
23.141433 31.427522
23.126480 31.427522
23.111526 31.427522
23.096573 31.427522
23.081620 31.427522
23.066666 31.427522
23.051713 31.427522
23.036759 31.427522
23.021806 31.427522
23.006853 31.427522
22.991899 31.427522
22.976946 31.427522
22.961992 31.427522
22.947039 31.427522
22.932086 31.427522
22.917132 31.427522
22.902179 31.427522
22.887225 31.427522
22.872272 31.427522
22.857319 31.427522
22.842365 31.427522
22.827412 31.427522
22.812458 31.427522
22.797505 31.427522
22.782552 31.427522
22.767598 31.427522
22.752645 31.427522
22.737691 31.427522
22.722738 31.427522
22.707785 31.427522
22.692831 31.427522
22.677878 31.427522
22.662924 31.427522
22.647971 31.427522
22.633018 31.427522
22.618064 31.427522
22.603111 31.427522
22.588157 31.427522
22.573204 31.427522
22.558251 31.427522
22.543297 31.427522
22.528344 31.427522
22.513390 31.427522
22.498437 31.427522
22.483484 31.427522
22.468530 31.427522
22.453577 31.427522
22.438623 31.427522
22.423670 31.427522
22.408717 31.427522
22.393763 31.427522
22.378810 31.427522
22.363856 31.427522
22.348903 31.427522
22.333950 31.427522
22.318996 31.427522
22.304043 31.427522
22.289089 31.427522
22.274136 31.427522
22.259183 31.427522
22.244229 31.427522
22.229276 31.427522
22.214322 31.427522
22.199369 31.427522
22.184416 31.427522
22.169462 31.427522
22.154509 31.427522
22.139555 31.427522
22.124602 31.427522
22.109649 31.427522
22.094695 31.427522
22.079742 31.427522
22.064788 31.427522
22.049835 31.427522
22.034882 31.427522
22.019928 31.427522
22.004975 31.427522
21.990021 31.427522
21.975068 31.427522
21.960115 31.427522
21.945161 31.427522
21.930208 31.427522
21.915254 31.427522
21.900301 31.427522
21.885348 31.427522
21.870394 31.427522
21.855441 31.427522
21.840487 31.427522
21.825534 31.427522
21.810581 31.427522
21.795627 31.427522
21.780674 31.427522
21.765720 31.427522
21.750767 31.427522
21.735814 31.427522
21.720860 31.427522
21.705907 31.427522
21.690953 31.427522
21.676000 31.427522
21.661047 31.427522
21.646093 31.427522
21.631140 31.427522
21.616186 31.427522
21.601233 31.427522
21.586280 31.427522
21.571326 31.427522
21.556373 31.427522
21.541419 31.427522
21.526466 31.427522
21.511513 31.427522
21.496559 31.427522
21.481606 31.427522
21.466652 31.427522
21.451699 31.427522
21.436746 31.427522
21.421792 31.427522
21.406839 31.427522
21.391885 31.427522
21.376932 31.427522
21.361979 31.427522
21.347025 31.427522
21.332072 31.427522
21.317118 31.427522
21.302165 31.427522
21.287212 31.427522
21.272258 31.427522
21.257305 31.427522
21.242351 31.427522
21.227398 31.427522
21.212445 31.427522
21.197491 31.427522
21.182538 31.427522
21.167584 31.427522
21.152631 31.427522
21.137678 31.427522
21.122724 31.427522
21.107771 31.427522
21.092817 31.427522
21.077864 31.427522
21.062911 31.427522
21.047957 31.427522
21.033004 31.427522
21.018050 31.427522
21.003097 31.427522
20.988144 31.427522
20.973190 31.427522
20.958237 31.427522
20.943283 31.427522
20.928330 31.427522
20.913377 31.427522
20.898423 31.427522
20.883470 31.427522
20.868516 31.427522
20.853563 31.427522
20.838610 31.427522
20.823656 31.427522
20.808703 31.427522
20.793749 31.427522
20.778796 31.427522
20.763843 31.427522
20.748889 31.427522
20.733936 31.427522
20.718982 31.427522
20.704029 31.427522
20.689076 31.427522
20.674122 31.427522
20.659169 31.427522
20.644215 31.427522
20.629262 31.427522
20.614309 31.427522
20.599355 31.427522
20.584402 31.427522
20.569448 31.427522
20.554495 31.427522
20.539542 31.427522
20.524588 31.427522
20.509635 31.427522
20.494681 31.427522
20.479728 31.427522
20.464775 31.427522
20.449821 31.427522
20.434868 31.427522
20.419914 31.427522
20.404961 31.427522
20.390008 31.427522
20.375054 31.427522
20.360101 31.427522
20.345147 31.427522
20.330194 31.427522
20.315241 31.427522
20.300287 31.427522
20.285334 31.427522
20.270380 31.427522
20.255427 31.427522
20.240474 31.427522
20.225520 31.427522
20.210567 31.427522
20.195613 31.427522
20.180660 31.427522
20.165707 31.427522
20.150753 31.427522
20.135800 31.427522
20.120846 31.427522
20.105893 31.427522
20.090940 31.427522
20.075986 31.427522
20.061033 31.427522
20.046079 31.427522
20.031126 31.427522
20.016173 31.427522
20.001219 31.427522
19.986266 31.427522
19.971312 31.427522
19.956359 31.427522
19.941406 31.427522
19.926452 31.427522
19.911499 31.427522
19.896545 31.427522
19.881592 31.427522
19.866639 31.427522
19.851685 31.427522
19.836732 31.427522
19.821778 31.427522
19.806825 31.427522
19.791872 31.427522
19.776918 31.427522
19.761965 31.427522
19.747011 31.427522
19.732058 31.427522
19.717105 31.427522
19.702151 31.427522
19.687198 31.427522
19.672244 31.427522
19.657291 31.427522
19.642338 31.427522
19.627384 31.427522
19.612431 31.427522
19.597477 31.427522
19.582524 31.427522
19.567571 31.427522
19.552617 31.427522
19.537664 31.427522
19.522710 31.427522
19.507757 31.427522
19.492804 31.427522
19.477850 31.427522
19.462897 31.427522
19.447943 31.427522
19.432990 31.427522
19.418037 31.427522
19.403083 31.427522
19.388130 31.427522
19.373176 31.427522
19.358223 31.427522
19.343270 31.427522
19.328316 31.427522
19.313363 31.427522
19.298409 31.427522
19.283456 31.427522
19.268503 31.427522
19.253549 31.427522
19.238596 31.427522
19.223642 31.427522
19.208689 31.427522
19.193736 31.427522
19.178782 31.427522
19.163829 31.427522
19.148875 31.427522
19.133922 31.427522
19.118969 31.427522
19.104015 31.427522
19.089062 31.427522
19.074108 31.427522
19.059155 31.427522
19.044202 31.427522
19.029248 31.427522
19.014295 31.427522
18.999341 31.427522
18.984388 31.427522
18.969435 31.427522
18.954481 31.427522
18.939528 31.427522
18.924574 31.427522
18.909621 31.427522
18.894668 31.427522
18.879714 31.427522
18.864761 31.427522
18.849807 31.427522
18.834854 31.427522
18.819901 31.427522
18.804947 31.427522
18.789994 31.427522
18.775040 31.427522
18.760087 31.427522
18.745134 31.427522
18.730180 31.427522
18.715227 31.427522
18.700273 31.427522
18.685320 31.427522
18.670367 31.427522
18.655413 31.427522
18.640460 31.427522
18.625506 31.427522
18.610553 31.427522
18.595600 31.427522
18.580646 31.427522
18.565693 31.427522
18.550739 31.427522
18.535786 31.427522
18.520833 31.427522
18.505879 31.427522
18.490926 31.427522
18.475972 31.427522
18.461019 31.427522
18.446066 31.427522
18.431112 31.427522
18.416159 31.427522
18.401205 31.427522
18.386252 31.427522
18.371299 31.427522
18.356345 31.427522
18.341392 31.427522
18.326438 31.427522
18.311485 31.427522
18.296532 31.427522
18.281578 31.427522
18.266625 31.427522
18.251671 31.427522
18.236718 31.427522
18.221765 31.427522
18.206811 31.427522
18.191858 31.427522
18.176904 31.427522
18.161951 31.427522
18.146998 31.427522
18.132044 31.427522
18.117091 31.427522
18.102137 31.427522
18.087184 31.427522
18.072231 31.427522
18.057277 31.427522
18.042324 31.427522
18.027370 31.427522
18.012417 31.427522
17.997464 31.427522
17.982510 31.427522
17.967557 31.427522
17.952603 31.427522
17.937650 31.427522
17.922697 31.427522
17.907743 31.427522
17.892790 31.427522
17.877836 31.427522
17.862883 31.427522
17.847930 31.427522
17.832976 31.427522
17.818023 31.427522
17.803069 31.427522
17.788116 31.427522
17.773163 31.427522
17.758209 31.427522
17.743256 31.427522
17.728302 31.427522
17.713349 31.427522
17.698396 31.427522
17.683442 31.427522
17.668489 31.427522
17.653535 31.427522
17.638582 31.427522
17.623629 31.427522
17.608675 31.427522
17.593722 31.427522
17.578768 31.427522
17.563815 31.427522
17.548862 31.427522
17.533908 31.427522
17.518955 31.427522
17.504001 31.427522
17.489048 31.427522
17.474095 31.427522
17.459141 31.427522
17.444188 31.427522
17.429234 31.427522
17.414281 31.427522
17.399328 31.427522
17.384374 31.427522
17.369421 31.427522
17.354467 31.427522
17.339514 31.427522
17.324561 31.427522
17.309607 31.427522
17.294654 31.427522
17.279700 31.427522
17.264747 31.427522
17.249794 31.427522
17.234840 31.427522
17.219887 31.427522
17.204933 31.427522
17.189980 31.427522
17.175027 31.427522
17.160073 31.427522
17.145120 31.427522
17.130166 31.427522
17.115213 31.427522
17.100260 31.427522
17.085306 31.427522
17.070353 31.427522
17.055399 31.427522
17.040446 31.427522
17.025493 31.427522
17.010539 31.427522
16.995586 31.427522
16.980632 31.427522
16.965679 31.427522
16.950726 31.427522
16.935772 31.427522
16.920819 31.427522
16.905865 31.427522
16.890912 31.427522
16.875959 31.427522
16.861005 31.427522
16.846052 31.427522
16.831098 31.427522
16.816145 31.427522
16.801192 31.427522
16.786238 31.427522
16.771285 31.427522
16.756331 31.427522
16.741378 31.427522
16.726425 31.427522
16.711471 31.427522
16.696518 31.427522
16.681564 31.427522
16.666611 31.427522
16.651658 31.427522
16.636704 31.427522
16.621751 31.427522
16.606797 31.427522
16.591844 31.427522
16.576891 31.427522
16.561937 31.427522
16.546984 31.427522
16.532030 31.427522
16.517077 31.427522
16.502124 31.427522
16.487170 31.427522
16.472217 31.427522
16.457263 31.427522
16.442310 31.427522
16.427357 31.427522
16.412403 31.427522
16.397450 31.427522
16.382496 31.427522
16.367543 31.427522
16.352590 31.427522
16.337636 31.427522
16.322683 31.427522
16.307729 31.427522
16.292776 31.427522
16.277823 31.427522
16.262869 31.427522
16.247916 31.427522
16.232962 31.427522
16.218009 31.427522
16.203056 31.427522
16.188102 31.427522
16.173149 31.427522
16.158195 31.427522
16.143242 31.427522
16.128289 31.427522
16.113335 31.427522
16.098382 31.427522
16.083428 31.427522
16.068475 31.427522
16.053522 31.427522
16.038568 31.427522
16.023615 31.427522
16.008661 31.427522
15.993708 31.427522
15.978755 31.427522
15.963801 31.427522
15.948848 31.427522
15.933894 31.427522
15.918941 31.427522
15.903988 31.427522
15.889034 31.427522
15.874081 31.427522
15.859127 31.427522
15.844174 31.427522
15.829221 31.427522
15.814267 31.427522
15.799314 31.427522
15.784360 31.427522
15.769407 31.427522
15.754454 31.427522
15.739500 31.427522
15.724547 31.427522
15.709593 31.427522
15.694640 31.427522
15.679687 31.427522
15.664733 31.427522
15.649780 31.427522
15.634826 31.427522
15.619873 31.427522
15.604920 31.427522
15.589966 31.427522
15.575013 31.427522
15.560059 31.427522
15.545106 31.427522
15.530153 31.427522
15.515199 31.427522
15.500246 31.427522
15.485292 31.427522
15.470339 31.427522
15.455386 31.427522
15.440432 31.427522
15.425479 31.427522
15.410525 31.427522
15.395572 31.427522
15.380619 31.427522
15.365665 31.427522
15.350712 31.427522
15.335758 31.427522
15.320805 31.427522
15.305852 31.427522
15.290898 31.427522
15.275945 31.427522
15.260991 31.427522
15.246038 31.427522
15.231085 31.427522
15.216131 31.427522
15.201178 31.427522
15.186224 31.427522
15.171271 31.427522
15.156318 31.427522
15.141364 31.427522
15.126411 31.427522
15.111457 31.427522
15.096504 31.427522
15.081551 31.427522
15.066597 31.427522
15.051644 31.427522
15.036690 31.427522
15.021737 31.427522
15.006784 31.427522
14.991830 31.427522
14.976877 31.427522
14.961923 31.427522
14.946970 31.427522
14.932017 31.427522
14.917063 31.427522
14.902110 31.427522
14.887156 31.427522
14.872203 31.427522
14.857250 31.427522
14.842296 31.427522
14.827343 31.427522
14.812389 31.427522
14.797436 31.427522
14.782483 31.427522
14.767529 31.427522
14.752576 31.427522
14.737622 31.427522
14.722669 31.427522
14.707716 31.427522
14.692762 31.427522
14.677809 31.427522
14.662855 31.427522
14.647902 31.427522
14.632949 31.427522
14.617995 31.427522
14.603042 31.427522
14.588088 31.427522
14.573135 31.427522
14.558182 31.427522
14.543228 31.427522
14.528275 31.427522
14.513321 31.427522
14.498368 31.427522
14.483415 31.427522
14.468461 31.427522
14.453508 31.427522
14.438554 31.427522
14.423601 31.427522
14.408648 31.427522
14.393694 31.427522
14.378741 31.427522
14.363787 31.427522
14.348834 31.427522
14.333881 31.427522
14.318927 31.427522
14.303974 31.427522
14.289020 31.427522
14.274067 31.427522
14.259114 31.427522
14.244160 31.427522
14.229207 31.427522
14.214253 31.427522
14.199300 31.427522
14.184347 31.427522
14.169393 31.427522
14.154440 31.427522
14.139486 31.427522
14.124533 31.427522
14.109580 31.427522
14.094626 31.427522
14.079673 31.427522
14.064719 31.427522
14.049766 31.427522
14.034813 31.427522
14.019859 31.427522
14.004906 31.427522
13.989952 31.427522
13.974999 31.427522
13.960046 31.427522
13.945092 31.427522
13.930139 31.427522
13.915185 31.427522
13.900232 31.427522
13.885279 31.427522
13.870325 31.427522
13.855372 31.427522
13.840418 31.427522
13.825465 31.427522
13.810512 31.427522
13.795558 31.427522
13.780605 31.427522
13.765651 31.427522
13.750698 31.427522
13.735745 31.427522
13.720791 31.427522
13.705838 31.427522
13.690884 31.427522
13.675931 31.427522
13.660978 31.427522
13.646024 31.427522
13.631071 31.427522
13.616117 31.427522
13.601164 31.427522
13.586211 31.427522
13.571257 31.427522
13.556304 31.427522
13.541350 31.427522
13.526397 31.427522
13.511444 31.427522
13.496490 31.427522
13.481537 31.427522
13.466583 31.427522
13.451630 31.427522
13.436677 31.427522
13.421723 31.427522
13.406770 31.427522
13.391816 31.427522
13.376863 31.427522
13.361910 31.427522
13.346956 31.427522
13.332003 31.427522
13.317049 31.427522
13.302096 31.427522
13.287143 31.427522
13.272189 31.427522
13.257236 31.427522
13.242282 31.427522
13.227329 31.427522
13.212376 31.427522
13.197422 31.427522
13.182469 31.427522
13.167515 31.427522
13.152562 31.427522
13.137609 31.427522
13.122655 31.427522
13.107702 31.427522
13.092748 31.427522
13.077795 31.427522
13.062842 31.427522
13.047888 31.427522
13.032935 31.427522
13.017981 31.427522
13.003028 31.427522
12.988075 31.427522
12.973121 31.427522
12.958168 31.427522
12.943214 31.427522
12.928261 31.427522
12.913308 31.427522
12.898354 31.427522
12.883401 31.427522
12.868447 31.427522
12.853494 31.427522
12.838541 31.427522
12.823587 31.427522
12.808634 31.427522
12.793680 31.427522
12.778727 31.427522
12.763774 31.427522
12.748820 31.427522
12.733867 31.427522
12.718913 31.427522
12.703960 31.427522
12.689007 31.427522
12.674053 31.427522
12.659100 31.427522
12.644146 31.427522
12.629193 31.427522
12.614240 31.427522
12.599286 31.427522
12.584333 31.427522
12.569379 31.427522
12.554426 31.427522
12.539473 31.427522
12.524519 31.427522
12.509566 31.427522
12.494612 31.427522
12.479659 31.427522
12.464706 31.427522
12.449752 31.427522
12.434799 31.427522
12.419845 31.427522
12.404892 31.427522
12.389939 31.427522
12.374985 31.427522
12.360032 31.427522
12.345078 31.427522
12.330125 31.427522
12.315172 31.427522
12.300218 31.427522
12.285265 31.427522
12.270311 31.427522
12.255358 31.427522
12.240405 31.427522
12.225451 31.427522
12.210498 31.427522
12.195544 31.427522
12.180591 31.427522
12.165638 31.427522
12.150684 31.427522
12.135731 31.427522
12.120777 31.427522
12.105824 31.427522
12.090871 31.427522
12.075917 31.427522
12.060964 31.427522
12.046010 31.427522
12.031057 31.427522
12.016104 31.427522
12.001150 31.427522
11.986197 31.427522
11.971243 31.427522
11.956290 31.427522
11.941337 31.427522
11.926383 31.427522
11.911430 31.427522
11.896476 31.427522
11.881523 31.427522
11.866570 31.427522
11.851616 31.427522
11.836663 31.427522
11.821709 31.427522
11.806756 31.427522
11.791803 31.427522
11.776849 31.427522
11.761896 31.427522
11.746942 31.427522
11.731989 31.427522
11.717036 31.427522
11.702082 31.427522
11.687129 31.427522
11.672175 31.427522
11.657222 31.427522
11.642269 31.427522
11.627315 31.427522
11.612362 31.427522
11.597408 31.427522
11.582455 31.427522
11.567502 31.427522
11.552548 31.427522
11.537595 31.427522
11.522641 31.427522
11.507688 31.427522
11.492735 31.427522
11.477781 31.427522
11.462828 31.427522
11.447874 31.427522
11.432921 31.427522
11.417968 31.427522
11.403014 31.427522
11.388061 31.427522
11.373107 31.427522
11.358154 31.427522
11.343201 31.427522
11.328247 31.427522
11.313294 31.427522
11.298340 31.427522
11.283387 31.427522
11.268434 31.427522
11.253480 31.427522
11.238527 31.427522
11.223573 31.427522
11.208620 31.427522
11.193667 31.427522
11.178713 31.427522
11.163760 31.427522
11.148806 31.427522
11.133853 31.427522
11.118900 31.427522
11.103946 31.427522
11.088993 31.427522
11.074039 31.427522
11.059086 31.427522
11.044133 31.427522
11.029179 31.427522
11.014226 31.427522
10.999272 31.427522
10.984319 31.427522
10.969366 31.427522
10.954412 31.427522
10.939459 31.427522
10.924505 31.427522
10.909552 31.427522
10.894599 31.427522
10.879645 31.427522
10.864692 31.427522
10.849738 31.427522
10.834785 31.427522
10.819832 31.427522
10.804878 31.427522
10.789925 31.427522
10.774971 31.427522
10.760018 31.427522
10.745065 31.427522
10.730111 31.427522
10.715158 31.427522
10.700204 31.427522
10.685251 31.427522
10.670298 31.427522
10.655344 31.427522
10.640391 31.427522
10.625437 31.427522
10.610484 31.427522
10.595531 31.427522
10.580577 31.427522
10.565624 31.427522
10.550670 31.427522
10.535717 31.427522
10.520764 31.427522
10.505810 31.427522
10.490857 31.427522
10.475903 31.427522
10.460950 31.427522
10.445997 31.427522
10.431043 31.427522
10.416090 31.427522
10.401136 31.427522
10.386183 31.427522
10.371230 31.427522
10.356276 31.427522
10.341323 31.427522
10.326369 31.427522
10.311416 31.427522
10.296463 31.427522
10.281509 31.427522
10.266556 31.427522
10.251602 31.427522
10.236649 31.427522
10.221696 31.427522
10.206742 31.427522
10.191789 31.427522
10.176835 31.427522
10.161882 31.427522
10.146929 31.427522
10.131975 31.427522
10.117022 31.427522
10.102068 31.427522
10.087115 31.427522
10.072162 31.427522
10.057208 31.427522
10.042255 31.427522
10.027301 31.427522
10.012348 31.427522
9.997395 31.427522
9.982441 31.427522
9.967488 31.427522
9.952534 31.427522
9.937581 31.427522
9.922628 31.427522
9.907674 31.427522
9.892721 31.427522
9.877767 31.427522
9.862814 31.427522
9.847861 31.427522
9.832907 31.427522
9.817954 31.427522
9.803000 31.427522
9.788047 31.427522
9.773094 31.427522
9.758140 31.427522
9.743187 31.427522
9.728233 31.427522
9.713280 31.427522
9.698327 31.427522
9.683373 31.427522
9.668420 31.427522
9.653466 31.427522
9.638513 31.427522
9.623560 31.427522
9.608606 31.427522
9.593653 31.427522
9.578699 31.427522
9.563746 31.427522
9.548793 31.427522
9.533839 31.427522
9.518886 31.427522
9.503932 31.427522
9.488979 31.427522
9.474026 31.427522
9.459072 31.427522
9.444119 31.427522
9.429165 31.427522
9.414212 31.427522
9.399259 31.427522
9.384305 31.427522
9.369352 31.427522
9.354398 31.427522
9.339445 31.427522
9.324492 31.427522
9.309538 31.427522
9.294585 31.427522
9.279631 31.427522
9.264678 31.427522
9.249725 31.427522
9.234771 31.427522
9.219818 31.427522
9.204864 31.427522
9.189911 31.427522
9.174958 31.427522
9.160004 31.427522
9.145051 31.427522
9.130097 31.427522
9.115144 31.427522
9.100191 31.427522
9.085237 31.427522
9.070284 31.427522
9.055330 31.427522
9.040377 31.427522
9.025424 31.427522
9.010470 31.427522
8.995517 31.427522
8.980563 31.427522
8.965610 31.427522
8.950657 31.427522
8.935703 31.427522
8.920750 31.427522
8.905796 31.427522
8.890843 31.427522
8.875890 31.427522
8.860936 31.427522
8.845983 31.427522
8.831029 31.427522
8.816076 31.427522
8.801123 31.427522
8.786169 31.427522
8.771216 31.427522
8.756262 31.427522
8.741309 31.427522
8.726356 31.427522
8.711402 31.427522
8.696449 31.427522
8.681495 31.427522
8.666542 31.427522
8.651589 31.427522
8.636635 31.427522
8.621682 31.427522
8.606728 31.427522
8.591775 31.427522
8.576822 31.427522
8.561868 31.427522
8.546915 31.427522
8.531961 31.427522
8.517008 31.427522
8.502055 31.427522
8.487101 31.427522
8.472148 31.427522
8.457194 31.427522
8.442241 31.427522
8.427288 31.427522
8.412334 31.427522
8.397381 31.427522
8.382427 31.427522
8.367474 31.427522
8.352521 31.427522
8.337567 31.427522
8.322614 31.427522
8.307660 31.427522
8.292707 31.427522
8.277754 31.427522
8.262800 31.427522
8.247847 31.427522
8.232893 31.427522
8.217940 31.427522
8.202987 31.427522
8.188033 31.427522
8.173080 31.427522
8.158126 31.427522
8.143173 31.427522
8.128220 31.427522
8.113266 31.427522
8.098313 31.427522
8.083359 31.427522
8.068406 31.427522
8.053453 31.427522
8.038499 31.427522
8.023546 31.427522
8.008592 31.427522
7.993639 31.427522
7.978686 31.427522
7.963732 31.427522
7.948779 31.427522
7.933825 31.427522
7.918872 31.427522
7.903919 31.427522
7.888965 31.427522
7.874012 31.427522
7.859058 31.427522
7.844105 31.427522
7.829152 31.427522
7.814198 31.427522
7.799245 31.427522
7.784291 31.427522
7.769338 31.427522
7.754385 31.427522
7.739431 31.427522
7.724478 31.427522
7.709524 31.427522
7.694571 31.427522
7.679618 31.427522
7.664664 31.427522
7.649711 31.427522
7.634757 31.427522
7.619804 31.427522
7.604851 31.427522
7.589897 31.427522
7.574944 31.427522
7.559990 31.427522
7.545037 31.427522
7.530084 31.427522
7.515130 31.427522
7.500177 31.427522
7.485223 31.427522
7.470270 31.427522
7.455317 31.427522
7.440363 31.427522
7.425410 31.427522
7.410456 31.427522
7.395503 31.427522
7.380550 31.427522
7.365596 31.427522
7.350643 31.427522
7.335689 31.427522
7.320736 31.427522
7.305783 31.427522
7.290829 31.427522
7.275876 31.427522
7.260922 31.427522
7.245969 31.427522
7.231016 31.427522
7.216062 31.427522
7.201109 31.427522
7.186155 31.427522
7.171202 31.427522
7.156249 31.427522
7.141295 31.427522
7.126342 31.427522
7.111388 31.427522
7.096435 31.427522
7.081482 31.427522
7.066528 31.427522
7.051575 31.427522
7.036621 31.427522
7.021668 31.427522
7.006715 31.427522
6.991761 31.427522
6.976808 31.427522
6.961854 31.427522
6.946901 31.427522
6.931948 31.427522
6.916994 31.427522
6.902041 31.427522
6.887087 31.427522
6.872134 31.427522
6.857181 31.427522
6.842227 31.427522
6.827274 31.427522
6.812320 31.427522
6.797367 31.427522
6.782414 31.427522
6.767460 31.427522
6.752507 31.427522
6.737553 31.427522
6.722600 31.427522
6.707647 31.427522
6.692693 31.427522
6.677740 31.427522
6.662786 31.427522
6.647833 31.427522
6.632880 31.427522
6.617926 31.427522
6.602973 31.427522
6.588019 31.427522
6.573066 31.427522
6.558113 31.427522
6.543159 31.427522
6.528206 31.427522
6.513252 31.427522
6.498299 31.427522
6.483346 31.427522
6.468392 31.427522
6.453439 31.427522
6.438485 31.427522
6.423532 31.427522
6.408579 31.427522
6.393625 31.427522
6.378672 31.427522
6.363718 31.427522
6.348765 31.427522
6.333812 31.427522
6.318858 31.427522
6.303905 31.427522
6.288951 31.427522
6.273998 31.427522
6.259045 31.427522
6.244091 31.427522
6.229138 31.427522
6.214184 31.427522
6.199231 31.427522
6.184278 31.427522
6.169324 31.427522
6.154371 31.427522
6.139417 31.427522
6.124464 31.427522
6.109511 31.427522
6.094557 31.427522
6.079604 31.427522
6.064650 31.427522
6.049697 31.427522
6.034744 31.427522
6.019790 31.427522
6.004837 31.427522
5.989883 31.427522
5.974930 31.427522
5.959977 31.427522
5.945023 31.427522
5.930070 31.427522
5.915116 31.427522
5.900163 31.427522
5.885210 31.427522
5.870256 31.427522
5.855303 31.427522
5.840349 31.427522
5.825396 31.427522
5.810443 31.427522
5.795489 31.427522
5.780536 31.427522
5.765582 31.427522
5.750629 31.427522
5.735676 31.427522
5.720722 31.427522
5.705769 31.427522
5.690815 31.427522
5.675862 31.427522
5.660909 31.427522
5.645955 31.427522
5.631002 31.427522
5.616048 31.427522
5.601095 31.427522
5.586142 31.427522
5.571188 31.427522
5.556235 31.427522
5.541281 31.427522
5.526328 31.427522
5.511375 31.427522
5.496421 31.427522
5.481468 31.427522
5.466514 31.427522
5.451561 31.427522
5.436608 31.427522
5.421654 31.427522
5.406701 31.427522
5.391747 31.427522
5.376794 31.427522
5.361841 31.427522
5.346887 31.427522
5.331934 31.427522
5.316980 31.427522
5.302027 31.427522
5.287074 31.427522
5.272120 31.427522
5.257167 31.427522
5.242213 31.427522
5.227260 31.427522
5.212307 31.427522
5.197353 31.427522
5.182400 31.427522
5.167446 31.427522
5.152493 31.427522
5.137540 31.427522
5.122586 31.427522
5.107633 31.427522
5.092679 31.427522
5.077726 31.427522
5.062773 31.427522
5.047819 31.427522
5.032866 31.427522
5.017912 31.427522
5.002959 31.427522
4.988006 31.427522
4.973052 31.427522
4.958099 31.427522
4.943145 31.427522
4.928192 31.427522
4.913239 31.427522
4.898285 31.427522
4.883332 31.427522
4.868378 31.427522
4.853425 31.427522
4.838472 31.427522
4.823518 31.427522
4.808565 31.427522
4.793611 31.427522
4.778658 31.427522
4.763705 31.427522
4.748751 31.427522
4.733798 31.427522
4.718844 31.427522
4.703891 31.427522
4.688938 31.427522
4.673984 31.427522
4.659031 31.427522
4.644077 31.427522
4.629124 31.427522
4.614171 31.427522
4.599217 31.427522
4.584264 31.427522
4.569310 31.427522
4.554357 31.427522
4.539404 31.427522
4.524450 31.427522
4.509497 31.427522
4.494543 31.427522
4.479590 31.427522
4.464637 31.427522
4.449683 31.427522
4.434730 31.427522
4.419776 31.427522
4.404823 31.427522
4.389870 31.427522
4.374916 31.427522
4.359963 31.427522
4.345009 31.427522
4.330056 31.427522
4.315103 31.427522
4.300149 31.427522
4.285196 31.427522
4.270242 31.427522
4.255289 31.427522
4.240336 31.427522
4.225382 31.427522
4.210429 31.427522
4.195475 31.427522
4.180522 31.427522
4.165569 31.427522
4.150615 31.427522
4.135662 31.427522
4.120708 31.427522
4.105755 31.427522
4.090802 31.427522
4.075848 31.427522
4.060895 31.427522
4.045941 31.427522
4.030988 31.427522
4.016035 31.427522
4.001081 31.427522
3.986128 31.427522
3.971174 31.427522
3.956221 31.427522
3.941268 31.427522
3.926314 31.427522
3.911361 31.427522
3.896407 31.427522
3.881454 31.427522
3.866501 31.427522
3.851547 31.427522
3.836594 31.427522
3.821640 31.427522
3.806687 31.427522
3.791734 31.427522
3.776780 31.427522
3.761827 31.427522
3.746873 31.427522
3.731920 31.427522
3.716967 31.427522
3.702013 31.427522
3.687060 31.427522
3.672106 31.427522
3.657153 31.427522
3.642200 31.427522
3.627246 31.427522
3.612293 31.427522
3.597339 31.427522
3.582386 31.427522
3.567433 31.427522
3.552479 31.427522
3.537526 31.427522
3.522572 31.427522
3.507619 31.427522
3.492666 31.427522
3.477712 31.427522
3.462759 31.427522
3.447805 31.427522
3.432852 31.427522
3.417899 31.427522
3.402945 31.427522
3.387992 31.427522
3.373038 31.427522
3.358085 31.427522
3.343132 31.427522
3.328178 31.427522
3.313225 31.427522
3.298271 31.427522
3.283318 31.427522
3.268365 31.427522
3.253411 31.427522
3.238458 31.427522
3.223504 31.427522
3.208551 31.427522
3.193598 31.427522
3.178644 31.427522
3.163691 31.427522
3.148737 31.427522
3.133784 31.427522
3.118831 31.427522
3.103877 31.427522
3.088924 31.427522
3.073970 31.427522
3.059017 31.427522
3.044064 31.427522
3.029110 31.427522
3.014157 31.427522
2.999203 31.427522
2.984250 31.427522
2.969297 31.427522
2.954343 31.427522
2.939390 31.427522
2.924436 31.427522
2.909483 31.427522
2.894530 31.427522
2.879576 31.427522
2.864623 31.427522
2.849669 31.427522
2.834716 31.427522
2.819763 31.427522
2.804809 31.427522
2.789856 31.427522
2.774902 31.427522
2.759949 31.427522
2.744996 31.427522
2.730042 31.427522
2.715089 31.427522
2.700135 31.427522
2.685182 31.427522
2.670229 31.427522
2.655275 31.427522
2.640322 31.427522
2.625368 31.427522
2.610415 31.427522
2.595462 31.427522
2.580508 31.427522
2.565555 31.427522
2.550601 31.427522
2.535648 31.427522
2.520695 31.427522
2.505741 31.427522
2.490788 31.427522
2.475834 31.427522
2.460881 31.427522
2.445928 31.427522
2.430974 31.427522
2.416021 31.427522
2.401067 31.427522
2.386114 31.427522
2.371161 31.427522
2.356207 31.427522
2.341254 31.427522
2.326300 31.427522
2.311347 31.427522
2.296394 31.427522
2.281440 31.427522
2.266487 31.427522
2.251533 31.427522
2.236580 31.427522
2.221627 31.427522
2.206673 31.427522
2.191720 31.427522
2.176766 31.427522
2.161813 31.427522
2.146860 31.427522
2.131906 31.427522
2.116953 31.427522
2.101999 31.427522
2.087046 31.427522
2.072093 31.427522
2.057139 31.427522
2.042186 31.427522
2.027232 31.427522
2.012279 31.427522
1.997326 31.427522
1.982372 31.427522
1.967419 31.427522
1.952465 31.427522
1.937512 31.427522
1.922559 31.427522
1.907605 31.427522
1.892652 31.427522
1.877698 31.427522
1.862745 31.427522
1.847792 31.427522
1.832838 31.427522
1.817885 31.427522
1.802931 31.427522
1.787978 31.427522
1.773025 31.427522
1.758071 31.427522
1.743118 31.427522
1.728164 31.427522
1.713211 31.427522
1.698258 31.427522
1.683304 31.427522
1.668351 31.427522
1.653397 31.427522
1.638444 31.427522
1.623491 31.427522
1.608537 31.427522
1.593584 31.427522
1.578630 31.427522
1.563677 31.427522
1.548724 31.427522
1.533770 31.427522
1.518817 31.427522
1.503863 31.427522
1.488910 31.427522
1.473957 31.427522
1.459003 31.427522
1.444050 31.427522
1.429096 31.427522
1.414143 31.427522
1.399190 31.427522
1.384236 31.427522
1.369283 31.427522
1.354329 31.427522
1.339376 31.427522
1.324423 31.427522
1.309469 31.427522
1.294516 31.427522
1.279562 31.427522
1.264609 31.427522
1.249656 31.427522
1.234702 31.427522
1.219749 31.427522
1.204795 31.427522
1.189842 31.427522
1.174889 31.427522
1.159935 31.427522
1.144982 31.427522
1.130028 31.427522
1.115075 31.427522
1.100122 31.427522
1.085168 31.427522
1.070215 31.427522
1.055261 31.427522
1.040308 31.427522
1.025355 31.427522
1.010401 31.427522
0.995448 31.427522
0.980494 31.427522
0.965541 31.427522
0.950588 31.427522
0.935634 31.427522
0.920681 31.427522
0.905727 31.427522
0.890774 31.427522
0.875821 31.427522
0.860867 31.427522
0.845914 31.427522
0.830960 31.427522
0.816007 31.427522
0.801054 31.427522
0.786100 31.427522
0.771147 31.427522
0.756193 31.427522
0.741240 31.427522
0.726287 31.427522
0.711333 31.427522
0.696380 31.427522
0.681426 31.427522
0.666473 31.427522
0.651520 31.427522
0.636566 31.427522
0.621613 31.427522
0.606659 31.427522
0.591706 31.427522
0.576753 31.427522
0.561799 31.427522
0.546846 31.427522
0.531892 31.427522
0.516939 31.427522
0.501986 31.427522
0.487032 31.427522
0.472079 31.427522
0.457125 31.427522
0.442172 31.427522
0.427219 31.427522
0.412265 31.427522
0.397312 31.427522
0.382358 31.427522
0.367405 31.427522
0.352452 31.427522
0.337498 31.427522
0.322545 31.427522
0.307591 31.427522
0.292638 31.427522
0.277685 31.427522
0.262911 31.427522
0.248316 31.427522
0.233901 31.427522
0.219665 31.427522
0.205609 31.427522
0.191733 31.427522
0.178035 31.427522
0.164517 31.427522
0.151179 31.427522
0.138020 31.427522
0.125040 31.427522
0.112240 31.427522
0.099620 31.427522
0.087178 31.427522
0.074917 31.427522
0.062834 31.427522
0.050931 31.427522
0.039208 31.427522
0.027664 31.427522
0.016299 31.427522
0.005114 31.427522
-0.005892 31.427522
-0.016718 31.427522
-0.027365 31.427522
-0.037832 31.427522
-0.048120 31.427441
-0.058227 31.427282
-0.068153 31.427048
-0.077898 31.426742
-0.087461 31.426366
-0.096841 31.425924
-0.106039 31.425418
-0.115053 31.424851
-0.123883 31.424225
-0.132529 31.423545
-0.140991 31.422812
-0.149268 31.422030
-0.157360 31.421200
-0.165268 31.420327
-0.172989 31.419414
-0.180526 31.418461
-0.187877 31.417474
-0.195042 31.416454
-0.202022 31.415405
-0.208815 31.414329
-0.215424 31.413229
-0.221846 31.412108
-0.228083 31.410969
-0.234135 31.409815
-0.240001 31.408648
-0.245859 31.407435
-0.251706 31.406176
-0.257543 31.404871
-0.263370 31.403520
-0.269186 31.402124
-0.274991 31.400682
-0.280785 31.399195
-0.286566 31.397662
-0.292336 31.396083
-0.298092 31.394460
-0.303836 31.392791
-0.309567 31.391077
-0.315284 31.389319
-0.320987 31.387515
-0.326675 31.385667
-0.332349 31.383774
-0.338008 31.381836
-0.343652 31.379854
-0.349279 31.377828
-0.354891 31.375758
-0.360486 31.373644
-0.366065 31.371486
-0.371626 31.369284
-0.377170 31.367038
-0.382696 31.364749
-0.388204 31.362417
-0.393693 31.360041
-0.399164 31.357623
-0.404615 31.355161
-0.410047 31.352657
-0.415459 31.350111
-0.420851 31.347521
-0.426223 31.344890
-0.431573 31.342216
-0.436903 31.339501
-0.442211 31.336744
-0.447497 31.333945
-0.452761 31.331105
-0.458002 31.328223
-0.463221 31.325300
-0.468417 31.322337
-0.473589 31.319333
-0.478737 31.316288
-0.483861 31.313203
-0.488961 31.310078
-0.494037 31.306912
-0.499087 31.303707
-0.504112 31.300463
-0.509111 31.297179
-0.514084 31.293856
-0.519031 31.290494
-0.523952 31.287093
-0.528846 31.283654
-0.533712 31.280176
-0.538551 31.276660
-0.543362 31.273107
-0.548146 31.269515
-0.552900 31.265887
-0.557627 31.262221
-0.562324 31.258517
-0.566992 31.254778
-0.571630 31.251001
-0.576239 31.247189
-0.580818 31.243340
-0.585366 31.239455
-0.589884 31.235535
-0.594370 31.231580
-0.598826 31.227589
-0.603250 31.223563
-0.607642 31.219503
-0.612002 31.215409
-0.616330 31.211280
-0.620626 31.207118
-0.624888 31.202922
-0.629118 31.198692
-0.633314 31.194430
-0.637476 31.190134
-0.641605 31.185806
-0.645699 31.181446
-0.649759 31.177054
-0.653785 31.172630
-0.657776 31.168174
-0.661731 31.163688
-0.665651 31.159170
-0.669536 31.154622
-0.673385 31.150043
-0.677197 31.145434
-0.680974 31.140796
-0.684714 31.136128
-0.688417 31.131431
-0.692083 31.126704
-0.695711 31.121949
-0.699303 31.117166
-0.702856 31.112355
-0.706372 31.107516
-0.709850 31.102650
-0.713289 31.097756
-0.716690 31.092835
-0.720052 31.087888
-0.723375 31.082915
-0.726659 31.077916
-0.729903 31.072891
-0.733108 31.067841
-0.736274 31.062765
-0.739399 31.057665
-0.742484 31.052541
-0.745529 31.047393
-0.748533 31.042220
-0.751496 31.037025
-0.754419 31.031806
-0.757301 31.026565
-0.760141 31.021301
-0.762940 31.016015
-0.765697 31.010707
-0.768412 31.005377
-0.771086 31.000027
-0.773717 30.994655
-0.776307 30.989263
-0.778853 30.983851
-0.781357 30.978419
-0.783819 30.972968
-0.786237 30.967497
-0.788613 30.962008
-0.790945 30.956500
-0.793234 30.950974
-0.795480 30.945430
-0.797682 30.939869
-0.799840 30.934290
-0.801954 30.928695
-0.804024 30.923083
-0.806050 30.917456
-0.808032 30.911812
-0.809970 30.906153
-0.811863 30.900479
-0.813711 30.894791
-0.815515 30.889088
-0.817273 30.883371
-0.818987 30.877640
-0.820656 30.871896
-0.822279 30.866140
-0.823858 30.860370
-0.825391 30.854589
-0.826878 30.848795
-0.828320 30.842990
-0.829716 30.837174
-0.831067 30.831347
-0.832372 30.825510
-0.833631 30.819662
-0.834844 30.813805
-0.836011 30.807939
-0.837131 30.802064
-0.838238 30.796003
-0.839328 30.789757
-0.840399 30.783326
-0.841447 30.776709
-0.842469 30.769907
-0.843464 30.762920
-0.844427 30.755747
-0.845357 30.748388
-0.846250 30.740845
-0.847103 30.733116
-0.847914 30.725202
-0.848679 30.717103
-0.849397 30.708820
-0.850063 30.700353
-0.850676 30.691702
-0.851232 30.682867
-0.851728 30.673848
-0.852162 30.664647
-0.852531 30.655264
-0.852831 30.645698
-0.853061 30.635952
-0.853217 30.626024
-0.853296 30.615916
-0.853296 30.605628
-0.853296 30.595160
-0.853296 30.584513
-0.853296 30.573687
-0.853296 30.562681
-0.853296 30.551496
-0.853296 30.540132
-0.853296 30.528588
-0.853296 30.516864
-0.853296 30.504961
-0.853296 30.492879
-0.853296 30.480617
-0.853296 30.468176
-0.853296 30.455555
-0.853296 30.442755
-0.853296 30.429776
-0.853296 30.416617
-0.853296 30.403278
-0.853296 30.389760
-0.853296 30.376063
-0.853296 30.362186
-0.853296 30.348130
-0.853296 30.333894
-0.853296 30.319479
-0.853296 30.304885
-0.853296 30.290111
-0.853296 30.275157
-0.853296 30.260204
-0.853296 30.245251
-0.853296 30.230297
-0.853296 30.215344
-0.853296 30.200390
-0.853296 30.185437
-0.853296 30.170484
-0.853296 30.155530
-0.853296 30.140577
-0.853296 30.125623
-0.853296 30.110670
-0.853296 30.095717
-0.853296 30.080763
-0.853296 30.065810
-0.853296 30.050856
-0.853296 30.035903
-0.853296 30.020950
-0.853296 30.005996
-0.853296 29.991043
-0.853296 29.976089
-0.853296 29.961136
-0.853296 29.946183
-0.853296 29.931229
-0.853296 29.916276
-0.853296 29.901322
-0.853296 29.886369
-0.853296 29.871416
-0.853296 29.856462
-0.853296 29.841509
-0.853296 29.826555
-0.853296 29.811602
-0.853296 29.796649
-0.853296 29.781695
-0.853296 29.766742
-0.853296 29.751788
-0.853296 29.736835
-0.853296 29.721882
-0.853296 29.706928
-0.853296 29.691975
-0.853296 29.677021
-0.853296 29.662068
-0.853296 29.647115
-0.853296 29.632161
-0.853296 29.617208
-0.853296 29.602254
-0.853296 29.587301
-0.853296 29.572348
-0.853296 29.557394
-0.853296 29.542441
-0.853296 29.527487
-0.853296 29.512534
-0.853296 29.497581
-0.853296 29.482627
-0.853296 29.467674
-0.853296 29.452720
-0.853296 29.437767
-0.853296 29.422814
-0.853296 29.407860
-0.853296 29.392907
-0.853296 29.377953
-0.853296 29.363000
-0.853296 29.348047
-0.853296 29.333093
-0.853296 29.318140
-0.853296 29.303186
-0.853296 29.288233
-0.853296 29.273280
-0.853296 29.258326
-0.853296 29.243373
-0.853296 29.228419
-0.853296 29.213466
-0.853296 29.198513
-0.853296 29.183559
-0.853296 29.168606
-0.853296 29.153652
-0.853296 29.138699
-0.853296 29.123746
-0.853296 29.108792
-0.853296 29.093839
-0.853296 29.078885
-0.853296 29.063932
-0.853296 29.048979
-0.853296 29.034025
-0.853296 29.019072
-0.853296 29.004118
-0.853296 28.989165
-0.853296 28.974212
-0.853296 28.959258
-0.853296 28.944305
-0.853296 28.929351
-0.853296 28.914398
-0.853296 28.899445
-0.853296 28.884491
-0.853296 28.869538
-0.853296 28.854584
-0.853296 28.839631
-0.853296 28.824678
-0.853296 28.809724
-0.853296 28.794771
-0.853296 28.779817
-0.853296 28.764864
-0.853296 28.749911
-0.853296 28.734957
-0.853296 28.720004
-0.853296 28.705050
-0.853296 28.690097
-0.853296 28.675144
-0.853296 28.660190
-0.853296 28.645237
-0.853296 28.630283
-0.853296 28.615330
-0.853296 28.600377
-0.853296 28.585423
-0.853296 28.570470
-0.853296 28.555516
-0.853296 28.540563
-0.853296 28.525610
-0.853296 28.510656
-0.853296 28.495703
-0.853296 28.480749
-0.853296 28.465796
-0.853296 28.450843
-0.853296 28.435889
-0.853296 28.420936
-0.853296 28.405982
-0.853296 28.391029
-0.853296 28.376076
-0.853296 28.361122
-0.853296 28.346169
-0.853296 28.331215
-0.853296 28.316262
-0.853296 28.301309
-0.853296 28.286355
-0.853296 28.271402
-0.853296 28.256448
-0.853296 28.241495
-0.853296 28.226542
-0.853296 28.211588
-0.853296 28.196635
-0.853296 28.181681
-0.853296 28.166728
-0.853296 28.151775
-0.853296 28.136821
-0.853296 28.121868
-0.853296 28.106914
-0.853296 28.091961
-0.853296 28.077008
-0.853296 28.062054
-0.853296 28.047101
-0.853296 28.032147
-0.853296 28.017194
-0.853296 28.002241
-0.853296 27.987287
-0.853296 27.972334
-0.853296 27.957380
-0.853296 27.942427
-0.853296 27.927474
-0.853296 27.912520
-0.853296 27.897567
-0.853296 27.882613
-0.853296 27.867660
-0.853296 27.852707
-0.853296 27.837753
-0.853296 27.822800
-0.853296 27.807846
-0.853296 27.792893
-0.853296 27.777940
-0.853296 27.762986
-0.853296 27.748033
-0.853296 27.733079
-0.853296 27.718126
-0.853296 27.703173
-0.853296 27.688219
-0.853296 27.673266
-0.853296 27.658312
-0.853296 27.643359
-0.853296 27.628406
-0.853296 27.613452
-0.853296 27.598499
-0.853296 27.583545
-0.853296 27.568592
-0.853296 27.553639
-0.853296 27.538685
-0.853296 27.523732
-0.853296 27.508778
-0.853296 27.493825
-0.853296 27.478872
-0.853296 27.463918
-0.853296 27.448965
-0.853296 27.434011
-0.853296 27.419058
-0.853296 27.404105
-0.853296 27.389151
-0.853296 27.374198
-0.853296 27.359244
-0.853296 27.344291
-0.853296 27.329338
-0.853296 27.314384
-0.853296 27.299431
-0.853296 27.284477
-0.853296 27.269524
-0.853296 27.254571
-0.853296 27.239617
-0.853296 27.224664
-0.853296 27.209710
-0.853296 27.194757
-0.853296 27.179804
-0.853296 27.164850
-0.853296 27.149897
-0.853296 27.134943
-0.853296 27.119990
-0.853296 27.105037
-0.853296 27.090083
-0.853296 27.075130
-0.853296 27.060176
-0.853296 27.045223
-0.853296 27.030270
-0.853296 27.015316
-0.853296 27.000363
-0.853296 26.985409
-0.853296 26.970456
-0.853296 26.955503
-0.853296 26.940549
-0.853296 26.925596
-0.853296 26.910642
-0.853296 26.895689
-0.853296 26.880736
-0.853296 26.865782
-0.853296 26.850829
-0.853296 26.835875
-0.853296 26.820922
-0.853296 26.805969
-0.853296 26.791015
-0.853296 26.776062
-0.853296 26.761108
-0.853296 26.746155
-0.853296 26.731202
-0.853296 26.716248
-0.853296 26.701295
-0.853296 26.686341
-0.853296 26.671388
-0.853296 26.656435
-0.853296 26.641481
-0.853296 26.626528
-0.853296 26.611574
-0.853296 26.596621
-0.853296 26.581668
-0.853296 26.566714
-0.853296 26.551761
-0.853296 26.536807
-0.853296 26.521854
-0.853296 26.506901
-0.853296 26.491947
-0.853296 26.476994
-0.853296 26.462040
-0.853296 26.447087
-0.853296 26.432134
-0.853296 26.417180
-0.853296 26.402227
-0.853296 26.387273
-0.853296 26.372320
-0.853296 26.357367
-0.853296 26.342413
-0.853296 26.327460
-0.853296 26.312506
-0.853296 26.297553
-0.853296 26.282600
-0.853296 26.267646
-0.853296 26.252693
-0.853296 26.237739
-0.853296 26.222786
-0.853296 26.207833
-0.853296 26.192879
-0.853296 26.177926
-0.853296 26.162972
-0.853296 26.148019
-0.853296 26.133066
-0.853296 26.118112
-0.853296 26.103159
-0.853296 26.088205
-0.853296 26.073252
-0.853296 26.058299
-0.853296 26.043345
-0.853296 26.028392
-0.853296 26.013438
-0.853296 25.998485
-0.853296 25.983532
-0.853296 25.968578
-0.853296 25.953625
-0.853296 25.938671
-0.853296 25.923718
-0.853296 25.908765
-0.853296 25.893811
-0.853296 25.878858
-0.853296 25.863904
-0.853296 25.848951
-0.853296 25.833998
-0.853296 25.819044
-0.853296 25.804091
-0.853296 25.789137
-0.853296 25.774184
-0.853296 25.759231
-0.853296 25.744277
-0.853296 25.729324
-0.853296 25.714370
-0.853296 25.699417
-0.853296 25.684464
-0.853296 25.669510
-0.853296 25.654557
-0.853296 25.639603
-0.853296 25.624650
-0.853296 25.609697
-0.853296 25.594743
-0.853296 25.579790
-0.853296 25.564836
-0.853296 25.549883
-0.853296 25.534930
-0.853296 25.519976
-0.853296 25.505023
-0.853296 25.490069
-0.853296 25.475116
-0.853296 25.460163
-0.853296 25.445209
-0.853296 25.430256
-0.853296 25.415302
-0.853296 25.400349
-0.853296 25.385396
-0.853296 25.370442
-0.853296 25.355489
-0.853296 25.340535
-0.853296 25.325582
-0.853296 25.310629
-0.853296 25.295675
-0.853296 25.280722
-0.853296 25.265768
-0.853296 25.250815
-0.853296 25.235862
-0.853296 25.220908
-0.853296 25.205955
-0.853296 25.191001
-0.853296 25.176048
-0.853296 25.161095
-0.853296 25.146141
-0.853296 25.131188
-0.853296 25.116234
-0.853296 25.101281
-0.853296 25.086328
-0.853296 25.071374
-0.853296 25.056421
-0.853296 25.041467
-0.853296 25.026514
-0.853296 25.011561
-0.853296 24.996607
-0.853296 24.981654
-0.853296 24.966700
-0.853296 24.951747
-0.853296 24.936794
-0.853296 24.921840
-0.853296 24.906887
-0.853296 24.891933
-0.853296 24.876980
-0.853296 24.862027
-0.853296 24.847073
-0.853296 24.832120
-0.853296 24.817166
-0.853296 24.802213
-0.853296 24.787260
-0.853296 24.772306
-0.853296 24.757353
-0.853296 24.742399
-0.853296 24.727446
-0.853296 24.712493
-0.853296 24.697539
-0.853296 24.682586
-0.853296 24.667632
-0.853296 24.652679
-0.853296 24.637726
-0.853296 24.622772
-0.853296 24.607819
-0.853296 24.592865
-0.853296 24.577912
-0.853296 24.562959
-0.853296 24.548005
-0.853296 24.533052
-0.853296 24.518098
-0.853296 24.503145
-0.853296 24.488192
-0.853296 24.473238
-0.853296 24.458285
-0.853296 24.443331
-0.853296 24.428378
-0.853296 24.413425
-0.853296 24.398471
-0.853296 24.383518
-0.853296 24.368564
-0.853296 24.353611
-0.853296 24.338658
-0.853296 24.323704
-0.853296 24.308751
-0.853296 24.293797
-0.853296 24.278844
-0.853296 24.263891
-0.853296 24.248937
-0.853296 24.233984
-0.853296 24.219030
-0.853296 24.204077
-0.853296 24.189124
-0.853296 24.174170
-0.853296 24.159217
-0.853296 24.144263
-0.853296 24.129310
-0.853296 24.114357
-0.853296 24.099403
-0.853296 24.084450
-0.853296 24.069496
-0.853296 24.054543
-0.853296 24.039590
-0.853296 24.024636
-0.853296 24.009683
-0.853296 23.994729
-0.853296 23.979776
-0.853296 23.964823
-0.853296 23.949869
-0.853296 23.934916
-0.853296 23.919962
-0.853296 23.905009
-0.853296 23.890056
-0.853296 23.875102
-0.853296 23.860149
-0.853296 23.845195
-0.853296 23.830242
-0.853296 23.815289
-0.853296 23.800335
-0.853296 23.785382
-0.853296 23.770428
-0.853296 23.755475
-0.853296 23.740522
-0.853296 23.725568
-0.853296 23.710615
-0.853296 23.695661
-0.853296 23.680708
-0.853296 23.665755
-0.853296 23.650801
-0.853296 23.635848
-0.853296 23.620894
-0.853296 23.605941
-0.853296 23.590988
-0.853296 23.576034
-0.853296 23.561081
-0.853296 23.546127
-0.853296 23.531174
-0.853296 23.516221
-0.853296 23.501267
-0.853296 23.486314
-0.853296 23.471360
-0.853296 23.456407
-0.853296 23.441454
-0.853296 23.426500
-0.853296 23.411547
-0.853296 23.396593
-0.853296 23.381640
-0.853296 23.366687
-0.853296 23.351733
-0.853296 23.336780
-0.853296 23.321826
-0.853296 23.306873
-0.853296 23.291920
-0.853296 23.276966
-0.853296 23.262013
-0.853296 23.247059
-0.853296 23.232106
-0.853296 23.217153
-0.853296 23.202199
-0.853296 23.187246
-0.853296 23.172292
-0.853296 23.157339
-0.853296 23.142386
-0.853296 23.127432
-0.853296 23.112479
-0.853296 23.097525
-0.853296 23.082572
-0.853296 23.067619
-0.853296 23.052665
-0.853296 23.037712
-0.853296 23.022758
-0.853296 23.007805
-0.853296 22.992852
-0.853296 22.977898
-0.853296 22.962945
-0.853296 22.947991
-0.853296 22.933038
-0.853296 22.918085
-0.853296 22.903131
-0.853296 22.888178
-0.853296 22.873224
-0.853296 22.858271
-0.853296 22.843318
-0.853296 22.828364
-0.853296 22.813411
-0.853296 22.798457
-0.853296 22.783504
-0.853296 22.768551
-0.853296 22.753597
-0.853296 22.738644
-0.853296 22.723690
-0.853296 22.708737
-0.853296 22.693784
-0.853296 22.678830
-0.853296 22.663877
-0.853296 22.648923
-0.853296 22.633970
-0.853296 22.619017
-0.853296 22.604063
-0.853296 22.589110
-0.853296 22.574156
-0.853296 22.559203
-0.853296 22.544250
-0.853296 22.529296
-0.853296 22.514343
-0.853296 22.499389
-0.853296 22.484436
-0.853296 22.469483
-0.853296 22.454529
-0.853296 22.439576
-0.853296 22.424622
-0.853296 22.409669
-0.853296 22.394716
-0.853296 22.379762
-0.853296 22.364809
-0.853296 22.349855
-0.853296 22.334902
-0.853296 22.319949
-0.853296 22.304995
-0.853296 22.290042
-0.853296 22.275088
-0.853296 22.260135
-0.853296 22.245182
-0.853296 22.230228
-0.853296 22.215275
-0.853296 22.200321
-0.853296 22.185368
-0.853296 22.170415
-0.853296 22.155461
-0.853296 22.140508
-0.853296 22.125554
-0.853296 22.110601
-0.853296 22.095648
-0.853296 22.080694
-0.853296 22.065741
-0.853296 22.050787
-0.853296 22.035834
-0.853296 22.020881
-0.853296 22.005927
-0.853296 21.990974
-0.853296 21.976020
-0.853296 21.961067
-0.853296 21.946114
-0.853296 21.931160
-0.853296 21.916207
-0.853296 21.901253
-0.853296 21.886300
-0.853296 21.871347
-0.853296 21.856393
-0.853296 21.841440
-0.853296 21.826486
-0.853296 21.811533
-0.853296 21.796580
-0.853296 21.781626
-0.853296 21.766673
-0.853296 21.751719
-0.853296 21.736766
-0.853296 21.721813
-0.853296 21.706859
-0.853296 21.691906
-0.853296 21.676952
-0.853296 21.661999
-0.853296 21.647046
-0.853296 21.632092
-0.853296 21.617139
-0.853296 21.602185
-0.853296 21.587232
-0.853296 21.572279
-0.853296 21.557325
-0.853296 21.542372
-0.853296 21.527418
-0.853296 21.512465
-0.853296 21.497512
-0.853296 21.482558
-0.853296 21.467605
-0.853296 21.452651
-0.853296 21.437698
-0.853296 21.422745
-0.853296 21.407791
-0.853296 21.392838
-0.853296 21.377884
-0.853296 21.362931
-0.853296 21.347978
-0.853296 21.333024
-0.853296 21.318071
-0.853296 21.303117
-0.853296 21.288164
-0.853296 21.273211
-0.853296 21.258257
-0.853296 21.243304
-0.853296 21.228350
-0.853296 21.213397
-0.853296 21.198444
-0.853296 21.183490
-0.853296 21.168537
-0.853296 21.153583
-0.853296 21.138630
-0.853296 21.123677
-0.853296 21.108723
-0.853296 21.093770
-0.853296 21.078816
-0.853296 21.063863
-0.853296 21.048910
-0.853296 21.033956
-0.853296 21.019003
-0.853296 21.004049
-0.853296 20.989096
-0.853296 20.974143
-0.853296 20.959189
-0.853296 20.944236
-0.853296 20.929282
-0.853296 20.914329
-0.853296 20.899376
-0.853296 20.884422
-0.853296 20.869469
-0.853296 20.854515
-0.853296 20.839562
-0.853296 20.824609
-0.853296 20.809655
-0.853296 20.794702
-0.853296 20.779748
-0.853296 20.764795
-0.853296 20.749842
-0.853296 20.734888
-0.853296 20.719935
-0.853296 20.704981
-0.853296 20.690028
-0.853296 20.675075
-0.853296 20.660121
-0.853296 20.645168
-0.853296 20.630214
-0.853296 20.615261
-0.853296 20.600308
-0.853296 20.585354
-0.853296 20.570401
-0.853296 20.555447
-0.853296 20.540494
-0.853296 20.525541
-0.853296 20.510587
-0.853296 20.495634
-0.853296 20.480680
-0.853296 20.465727
-0.853296 20.450774
-0.853296 20.435820
-0.853296 20.420867
-0.853296 20.405913
-0.853296 20.390960
-0.853296 20.376007
-0.853296 20.361053
-0.853296 20.346100
-0.853296 20.331146
-0.853296 20.316193
-0.853296 20.301240
-0.853296 20.286286
-0.853296 20.271333
-0.853296 20.256379
-0.853296 20.241426
-0.853296 20.226473
-0.853296 20.211519
-0.853296 20.196566
-0.853296 20.181612
-0.853296 20.166659
-0.853296 20.151706
-0.853296 20.136752
-0.853296 20.121799
-0.853296 20.106845
-0.853296 20.091892
-0.853296 20.076939
-0.853296 20.061985
-0.853296 20.047032
-0.853296 20.032078
-0.853296 20.017125
-0.853296 20.002172
-0.853296 19.987218
-0.853296 19.972265
-0.853296 19.957311
-0.853296 19.942358
-0.853296 19.927405
-0.853296 19.912451
-0.853296 19.897498
-0.853296 19.882544
-0.853296 19.867591
-0.853296 19.852638
-0.853296 19.837684
-0.853296 19.822731
-0.853296 19.807777
-0.853296 19.792824
-0.853296 19.777871
-0.853296 19.762917
-0.853296 19.747964
-0.853296 19.733010
-0.853296 19.718057
-0.853296 19.703104
-0.853296 19.688150
-0.853296 19.673197
-0.853296 19.658243
-0.853296 19.643290
-0.853296 19.628337
-0.853296 19.613383
-0.853296 19.598430
-0.853296 19.583476
-0.853296 19.568523
-0.853296 19.553570
-0.853296 19.538616
-0.853296 19.523663
-0.853296 19.508709
-0.853296 19.493756
-0.853296 19.478803
-0.853296 19.463849
-0.853296 19.448896
-0.853296 19.433942
-0.853296 19.418989
-0.853296 19.404036
-0.853296 19.389082
-0.853296 19.374129
-0.853296 19.359175
-0.853296 19.344222
-0.853296 19.329269
-0.853296 19.314315
-0.853296 19.299362
-0.853296 19.284408
-0.853296 19.269455
-0.853296 19.254502
-0.853296 19.239548
-0.853296 19.224595
-0.853296 19.209641
-0.853296 19.194688
-0.853296 19.179735
-0.853296 19.164781
-0.853296 19.149828
-0.853296 19.134874
-0.853296 19.119921
-0.853296 19.104968
-0.853296 19.090014
-0.853296 19.075061
-0.853296 19.060107
-0.853296 19.045154
-0.853296 19.030201
-0.853296 19.015247
-0.853296 19.000294
-0.853296 18.985340
-0.853296 18.970387
-0.853296 18.955434
-0.853296 18.940480
-0.853296 18.925527
-0.853296 18.910573
-0.853296 18.895620
-0.853296 18.880667
-0.853296 18.865713
-0.853296 18.850760
-0.853296 18.835806
-0.853296 18.820853
-0.853296 18.805900
-0.853296 18.790946
-0.853296 18.775993
-0.853296 18.761039
-0.853296 18.746086
-0.853296 18.731133
-0.853296 18.716179
-0.853296 18.701226
-0.853296 18.686272
-0.853296 18.671319
-0.853296 18.656366
-0.853296 18.641412
-0.853296 18.626459
-0.853296 18.611505
-0.853296 18.596552
-0.853296 18.581599
-0.853296 18.566645
-0.853296 18.551692
-0.853296 18.536738
-0.853296 18.521785
-0.853296 18.506832
-0.853296 18.491878
-0.853296 18.476925
-0.853296 18.461971
-0.853296 18.447018
-0.853296 18.432065
-0.853296 18.417111
-0.853296 18.402158
-0.853296 18.387204
-0.853296 18.372251
-0.853296 18.357298
-0.853296 18.342344
-0.853296 18.327391
-0.853296 18.312437
-0.853296 18.297484
-0.853296 18.282531
-0.853296 18.267577
-0.853296 18.252624
-0.853296 18.237670
-0.853296 18.222717
-0.853296 18.207764
-0.853296 18.192810
-0.853296 18.177857
-0.853296 18.162903
-0.853296 18.147950
-0.853296 18.132997
-0.853296 18.118043
-0.853296 18.103090
-0.853296 18.088136
-0.853296 18.073183
-0.853296 18.058230
-0.853296 18.043276
-0.853296 18.028323
-0.853296 18.013369
-0.853296 17.998416
-0.853296 17.983463
-0.853296 17.968509
-0.853296 17.953556
-0.853296 17.938602
-0.853296 17.923649
-0.853296 17.908696
-0.853296 17.893742
-0.853296 17.878789
-0.853296 17.863835
-0.853296 17.848882
-0.853296 17.833929
-0.853296 17.818975
-0.853296 17.804022
-0.853296 17.789068
-0.853296 17.774115
-0.853296 17.759162
-0.853296 17.744208
-0.853296 17.729255
-0.853296 17.714301
-0.853296 17.699348
-0.853296 17.684395
-0.853296 17.669441
-0.853296 17.654488
-0.853296 17.639534
-0.853296 17.624581
-0.853296 17.609628
-0.853296 17.594674
-0.853296 17.579721
-0.853296 17.564767
-0.853296 17.549814
-0.853296 17.534861
-0.853296 17.519907
-0.853296 17.504954
-0.853296 17.490000
-0.853296 17.475047
-0.853296 17.460094
-0.853296 17.445140
-0.853296 17.430187
-0.853296 17.415233
-0.853296 17.400280
-0.853296 17.385327
-0.853296 17.370373
-0.853296 17.355420
-0.853296 17.340466
-0.853296 17.325513
-0.853296 17.310560
-0.853296 17.295606
-0.853296 17.280653
-0.853296 17.265699
-0.853296 17.250746
-0.853296 17.235793
-0.853296 17.220839
-0.853296 17.205886
-0.853296 17.190932
-0.853296 17.175979
-0.853296 17.161026
-0.853296 17.146072
-0.853296 17.131119
-0.853296 17.116165
-0.853296 17.101212
-0.853296 17.086259
-0.853296 17.071305
-0.853296 17.056352
-0.853296 17.041398
-0.853296 17.026445
-0.853296 17.011492
-0.853296 16.996538
-0.853296 16.981585
-0.853296 16.966631
-0.853296 16.951678
-0.853296 16.936725
-0.853296 16.921771
-0.853296 16.906818
-0.853296 16.891864
-0.853296 16.876911
-0.853296 16.861958
-0.853296 16.847004
-0.853296 16.832051
-0.853296 16.817097
-0.853296 16.802144
-0.853296 16.787191
-0.853296 16.772237
-0.853296 16.757284
-0.853296 16.742330
-0.853296 16.727377
-0.853296 16.712424
-0.853296 16.697470
-0.853296 16.682517
-0.853296 16.667563
-0.853296 16.652610
-0.853296 16.637657
-0.853296 16.622703
-0.853296 16.607750
-0.853296 16.592796
-0.853296 16.577843
-0.853296 16.562890
-0.853296 16.547936
-0.853296 16.532983
-0.853296 16.518029
-0.853296 16.503076
-0.853296 16.488123
-0.853296 16.473169
-0.853296 16.458216
-0.853296 16.443262
-0.853296 16.428309
-0.853296 16.413356
-0.853296 16.398402
-0.853296 16.383449
-0.853296 16.368495
-0.853296 16.353542
-0.853296 16.338589
-0.853296 16.323635
-0.853296 16.308682
-0.853296 16.293728
-0.853296 16.278775
-0.853296 16.263822
-0.853296 16.248868
-0.853296 16.233915
-0.853296 16.218961
-0.853296 16.204008
-0.853296 16.189055
-0.853296 16.174101
-0.853296 16.159148
-0.853296 16.144194
-0.853296 16.129241
-0.853296 16.114288
-0.853296 16.099334
-0.853296 16.084381
-0.853296 16.069427
-0.853296 16.054474
-0.853296 16.039521
-0.853296 16.024567
-0.853296 16.009614
-0.853296 15.994660
-0.853296 15.979707
-0.853296 15.964754
-0.853296 15.949800
-0.853296 15.934847
-0.853296 15.919893
-0.853296 15.904940
-0.853296 15.889987
-0.853296 15.875033
-0.853296 15.860080
-0.853296 15.845126
-0.853296 15.830173
-0.853296 15.815220
-0.853296 15.800266
-0.853296 15.785313
-0.853296 15.770359
-0.853296 15.755406
-0.853296 15.740453
-0.853296 15.725499
-0.853296 15.710546
-0.853296 15.695592
-0.853296 15.680639
-0.853296 15.665686
-0.853296 15.650732
-0.853296 15.635779
-0.853296 15.620825
-0.853296 15.605872
-0.853296 15.590919
-0.853296 15.575965
-0.853296 15.561012
-0.853296 15.546058
-0.853296 15.531105
-0.853296 15.516152
-0.853296 15.501198
-0.853296 15.486245
-0.853296 15.471291
-0.853296 15.456338
-0.853296 15.441385
-0.853296 15.426431
-0.853296 15.411478
-0.853296 15.396524
-0.853296 15.381571
-0.853296 15.366618
-0.853296 15.351664
-0.853296 15.336711
-0.853296 15.321757
-0.853296 15.306804
-0.853296 15.291851
-0.853296 15.276897
-0.853296 15.261944
-0.853296 15.246990
-0.853296 15.232037
-0.853296 15.217084
-0.853296 15.202130
-0.853296 15.187177
-0.853296 15.172223
-0.853296 15.157270
-0.853296 15.142317
-0.853296 15.127363
-0.853296 15.112410
-0.853296 15.097456
-0.853296 15.082503
-0.853296 15.067550
-0.853296 15.052596
-0.853296 15.037643
-0.853296 15.022689
-0.853296 15.007736
-0.853296 14.992783
-0.853296 14.977829
-0.853296 14.962876
-0.853296 14.947922
-0.853296 14.932969
-0.853296 14.918016
-0.853296 14.903062
-0.853296 14.888109
-0.853296 14.873155
-0.853296 14.858202
-0.853296 14.843249
-0.853296 14.828295
-0.853296 14.813342
-0.853296 14.798388
-0.853296 14.783435
-0.853296 14.768482
-0.853296 14.753528
-0.853296 14.738575
-0.853296 14.723621
-0.853296 14.708668
-0.853296 14.693715
-0.853296 14.678761
-0.853296 14.663808
-0.853296 14.648854
-0.853296 14.633901
-0.853296 14.618948
-0.853296 14.603994
-0.853296 14.589041
-0.853296 14.574087
-0.853296 14.559134
-0.853296 14.544181
-0.853296 14.529227
-0.853296 14.514274
-0.853296 14.499320
-0.853296 14.484367
-0.853296 14.469414
-0.853296 14.454460
-0.853296 14.439507
-0.853296 14.424553
-0.853296 14.409600
-0.853296 14.394647
-0.853296 14.379693
-0.853296 14.364740
-0.853296 14.349786
-0.853296 14.334833
-0.853296 14.319880
-0.853296 14.304926
-0.853296 14.289973
-0.853296 14.275019
-0.853296 14.260066
-0.853296 14.245113
-0.853296 14.230159
-0.853296 14.215206
-0.853296 14.200252
-0.853296 14.185299
-0.853296 14.170346
-0.853296 14.155392
-0.853296 14.140439
-0.853296 14.125485
-0.853296 14.110532
-0.853296 14.095579
-0.853296 14.080625
-0.853296 14.065672
-0.853296 14.050718
-0.853296 14.035765
-0.853296 14.020812
-0.853296 14.005858
-0.853296 13.990905
-0.853296 13.975951
-0.853296 13.960998
-0.853296 13.946045
-0.853296 13.931091
-0.853296 13.916138
-0.853296 13.901184
-0.853296 13.886231
-0.853296 13.871278
-0.853296 13.856324
-0.853296 13.841371
-0.853296 13.826417
-0.853296 13.811464
-0.853296 13.796511
-0.853296 13.781557
-0.853296 13.766604
-0.853296 13.751650
-0.853296 13.736697
-0.853296 13.721744
-0.853296 13.706790
-0.853296 13.691837
-0.853296 13.676883
-0.853296 13.661930
-0.853296 13.646977
-0.853296 13.632023
-0.853296 13.617070
-0.853296 13.602116
-0.853296 13.587163
-0.853296 13.572210
-0.853296 13.557256
-0.853296 13.542303
-0.853296 13.527349
-0.853296 13.512396
-0.853296 13.497443
-0.853296 13.482489
-0.853296 13.467536
-0.853296 13.452582
-0.853296 13.437629
-0.853296 13.422676
-0.853296 13.407722
-0.853296 13.392769
-0.853296 13.377815
-0.853296 13.362862
-0.853296 13.347909
-0.853296 13.332955
-0.853296 13.318002
-0.853296 13.303048
-0.853296 13.288095
-0.853296 13.273142
-0.853296 13.258188
-0.853296 13.243235
-0.853296 13.228281
-0.853296 13.213328
-0.853296 13.198375
-0.853296 13.183421
-0.853296 13.168468
-0.853296 13.153514
-0.853296 13.138561
-0.853296 13.123608
-0.853296 13.108654
-0.853296 13.093701
-0.853296 13.078747
-0.853296 13.063794
-0.853296 13.048841
-0.853296 13.033887
-0.853296 13.018934
-0.853296 13.003980
-0.853296 12.989027
-0.853296 12.974074
-0.853296 12.959120
-0.853296 12.944167
-0.853296 12.929213
-0.853296 12.914260
-0.853296 12.899307
-0.853296 12.884353
-0.853296 12.869400
-0.853296 12.854446
-0.853296 12.839493
-0.853296 12.824540
-0.853296 12.809586
-0.853296 12.794633
-0.853296 12.779679
-0.853296 12.764726
-0.853296 12.749773
-0.853296 12.734819
-0.853296 12.719866
-0.853296 12.704912
-0.853296 12.689959
-0.853296 12.675006
-0.853296 12.660052
-0.853296 12.645099
-0.853296 12.630145
-0.853296 12.615192
-0.853296 12.600239
-0.853296 12.585285
-0.853296 12.570332
-0.853296 12.555378
-0.853296 12.540425
-0.853296 12.525472
-0.853296 12.510518
-0.853296 12.495565
-0.853296 12.480611
-0.853296 12.465658
-0.853296 12.450705
-0.853296 12.435751
-0.853296 12.420798
-0.853296 12.405844
-0.853296 12.390891
-0.853296 12.375938
-0.853296 12.360984
-0.853296 12.346031
-0.853296 12.331077
-0.853296 12.316124
-0.853296 12.301171
-0.853296 12.286217
-0.853296 12.271264
-0.853296 12.256310
-0.853296 12.241357
-0.853296 12.226404
-0.853296 12.211450
-0.853296 12.196497
-0.853296 12.181543
-0.853296 12.166590
-0.853296 12.151637
-0.853296 12.136683
-0.853296 12.121730
-0.853296 12.106776
-0.853296 12.091823
-0.853296 12.076870
-0.853296 12.061916
-0.853296 12.046963
-0.853296 12.032009
-0.853296 12.017056
-0.853296 12.002103
-0.853296 11.987149
-0.853296 11.972196
-0.853296 11.957242
-0.853296 11.942289
-0.853296 11.927336
-0.853296 11.912382
-0.853296 11.897429
-0.853296 11.882475
-0.853296 11.867522
-0.853296 11.852569
-0.853296 11.837615
-0.853296 11.822662
-0.853296 11.807708
-0.853296 11.792755
-0.853296 11.777802
-0.853296 11.762848
-0.853296 11.747895
-0.853296 11.732941
-0.853296 11.717988
-0.853296 11.703035
-0.853296 11.688081
-0.853296 11.673128
-0.853296 11.658174
-0.853296 11.643221
-0.853296 11.628268
-0.853296 11.613314
-0.853296 11.598361
-0.853296 11.583407
-0.853296 11.568454
-0.853296 11.553501
-0.853296 11.538547
-0.853296 11.523594
-0.853296 11.508640
-0.853296 11.493687
-0.853296 11.478734
-0.853296 11.463780
-0.853296 11.448827
-0.853296 11.433873
-0.853296 11.418920
-0.853296 11.403967
-0.853296 11.389013
-0.853296 11.374060
-0.853296 11.359106
-0.853296 11.344153
-0.853296 11.329200
-0.853296 11.314246
-0.853296 11.299293
-0.853296 11.284339
-0.853296 11.269386
-0.853296 11.254433
-0.853296 11.239479
-0.853296 11.224526
-0.853296 11.209572
-0.853296 11.194619
-0.853296 11.179666
-0.853296 11.164712
-0.853296 11.149759
-0.853296 11.134805
-0.853296 11.119852
-0.853296 11.104899
-0.853296 11.089945
-0.853296 11.074992
-0.853296 11.060038
-0.853296 11.045085
-0.853296 11.030132
-0.853296 11.015178
-0.853296 11.000225
-0.853296 10.985271
-0.853296 10.970318
-0.853296 10.955365
-0.853296 10.940411
-0.853296 10.925458
-0.853296 10.910504
-0.853296 10.895551
-0.853296 10.880598
-0.853296 10.865644
-0.853296 10.850691
-0.853296 10.835737
-0.853296 10.820784
-0.853296 10.805831
-0.853296 10.790877
-0.853296 10.775924
-0.853296 10.760970
-0.853296 10.746017
-0.853296 10.731064
-0.853296 10.716110
-0.853296 10.701157
-0.853296 10.686203
-0.853296 10.671250
-0.853296 10.656297
-0.853296 10.641343
-0.853296 10.626390
-0.853296 10.611436
-0.853296 10.596483
-0.853296 10.581530
-0.853296 10.566576
-0.853296 10.551623
-0.853296 10.536669
-0.853296 10.521716
-0.853296 10.506763
-0.853296 10.491809
-0.853296 10.476856
-0.853296 10.461902
-0.853296 10.446949
-0.853296 10.431996
-0.853296 10.417042
-0.853296 10.402089
-0.853296 10.387135
-0.853296 10.372182
-0.853296 10.357229
-0.853296 10.342275
-0.853296 10.327322
-0.853296 10.312368
-0.853296 10.297415
-0.853296 10.282462
-0.853296 10.267508
-0.853296 10.252555
-0.853296 10.237601
-0.853296 10.222648
-0.853296 10.207695
-0.853296 10.192741
-0.853296 10.177788
-0.853296 10.162834
-0.853296 10.147881
-0.853296 10.132928
-0.853296 10.117974
-0.853296 10.103021
-0.853296 10.088067
-0.853296 10.073114
-0.853296 10.058161
-0.853296 10.043207
-0.853296 10.028254
-0.853296 10.013300
-0.853296 9.998347
-0.853296 9.983394
-0.853296 9.968440
-0.853296 9.953487
-0.853296 9.938533
-0.853296 9.923580
-0.853296 9.908627
-0.853296 9.893673
-0.853296 9.878720
-0.853296 9.863766
-0.853296 9.848813
-0.853296 9.833860
-0.853296 9.818906
-0.853296 9.803953
-0.853296 9.788999
-0.853296 9.774046
-0.853296 9.759093
-0.853296 9.744139
-0.853296 9.729186
-0.853296 9.714232
-0.853296 9.699279
-0.853296 9.684326
-0.853296 9.669372
-0.853296 9.654419
-0.853296 9.639465
-0.853296 9.624512
-0.853296 9.609559
-0.853296 9.594605
-0.853296 9.579652
-0.853296 9.564698
-0.853296 9.549745
-0.853296 9.534792
-0.853296 9.519838
-0.853296 9.504885
-0.853296 9.489931
-0.853296 9.474978
-0.853296 9.460025
-0.853296 9.445071
-0.853296 9.430118
-0.853296 9.415164
-0.853296 9.400211
-0.853296 9.385258
-0.853296 9.370304
-0.853296 9.355351
-0.853296 9.340397
-0.853296 9.325444
-0.853296 9.310491
-0.853296 9.295537
-0.853296 9.280584
-0.853296 9.265630
-0.853296 9.250677
-0.853296 9.235724
-0.853296 9.220770
-0.853296 9.205817
-0.853296 9.190863
-0.853296 9.175910
-0.853296 9.160957
-0.853296 9.146003
-0.853296 9.131050
-0.853296 9.116096
-0.853296 9.101143
-0.853296 9.086190
-0.853296 9.071236
-0.853296 9.056283
-0.853296 9.041329
-0.853296 9.026376
-0.853296 9.011423
-0.853296 8.996469
-0.853296 8.981516
-0.853296 8.966562
-0.853296 8.951609
-0.853296 8.936656
-0.853296 8.921702
-0.853296 8.906749
-0.853296 8.891795
-0.853296 8.876842
-0.853296 8.861889
-0.853296 8.846935
-0.853296 8.831982
-0.853296 8.817028
-0.853296 8.802075
-0.853296 8.787122
-0.853296 8.772168
-0.853296 8.757215
-0.853296 8.742261
-0.853296 8.727308
-0.853296 8.712355
-0.853296 8.697401
-0.853296 8.682448
-0.853296 8.667494
-0.853296 8.652541
-0.853296 8.637588
-0.853296 8.622634
-0.853296 8.607681
-0.853296 8.592727
-0.853296 8.577774
-0.853296 8.562821
-0.853296 8.547867
-0.853296 8.532914
-0.853296 8.517960
-0.853296 8.503007
-0.853296 8.488054
-0.853296 8.473100
-0.853296 8.458147
-0.853296 8.443193
-0.853296 8.428240
-0.853296 8.413287
-0.853296 8.398333
-0.853296 8.383380
-0.853296 8.368426
-0.853296 8.353473
-0.853296 8.338520
-0.853296 8.323566
-0.853296 8.308613
-0.853296 8.293659
-0.853296 8.278706
-0.853296 8.263753
-0.853296 8.248799
-0.853296 8.233846
-0.853296 8.218892
-0.853296 8.203939
-0.853296 8.188986
-0.853296 8.174032
-0.853296 8.159079
-0.853296 8.144125
-0.853296 8.129172
-0.853296 8.114219
-0.853296 8.099265
-0.853296 8.084312
-0.853296 8.069358
-0.853296 8.054405
-0.853296 8.039452
-0.853296 8.024498
-0.853296 8.009545
-0.853296 7.994591
-0.853296 7.979638
-0.853296 7.964685
-0.853296 7.949731
-0.853296 7.934778
-0.853296 7.919824
-0.853296 7.904871
-0.853296 7.889918
-0.853296 7.874964
-0.853296 7.860011
-0.853296 7.845057
-0.853296 7.830104
-0.853296 7.815151
-0.853296 7.800197
-0.853296 7.785244
-0.853296 7.770290
-0.853296 7.755337
-0.853296 7.740384
-0.853296 7.725430
-0.853296 7.710477
-0.853296 7.695523
-0.853296 7.680570
-0.853296 7.665617
-0.853296 7.650663
-0.853296 7.635710
-0.853296 7.620756
-0.853296 7.605803
-0.853296 7.590850
-0.853296 7.575896
-0.853296 7.560943
-0.853296 7.545989
-0.853296 7.531036
-0.853296 7.516083
-0.853296 7.501129
-0.853296 7.486176
-0.853296 7.471222
-0.853296 7.456269
-0.853296 7.441316
-0.853296 7.426362
-0.853296 7.411409
-0.853296 7.396455
-0.853296 7.381502
-0.853296 7.366549
-0.853296 7.351595
-0.853296 7.336642
-0.853296 7.321688
-0.853296 7.306735
-0.853296 7.291782
-0.853296 7.276828
-0.853296 7.261875
-0.853296 7.246921
-0.853296 7.231968
-0.853296 7.217015
-0.853296 7.202061
-0.853296 7.187108
-0.853296 7.172154
-0.853296 7.157201
-0.853296 7.142248
-0.853296 7.127294
-0.853296 7.112341
-0.853296 7.097387
-0.853296 7.082434
-0.853296 7.067481
-0.853296 7.052527
-0.853296 7.037574
-0.853296 7.022620
-0.853296 7.007667
-0.853296 6.992714
-0.853296 6.977760
-0.853296 6.962807
-0.853296 6.947853
-0.853296 6.932900
-0.853296 6.917947
-0.853296 6.902993
-0.853296 6.888040
-0.853296 6.873086
-0.853296 6.858133
-0.853296 6.843180
-0.853296 6.828226
-0.853296 6.813273
-0.853296 6.798319
-0.853296 6.783366
-0.853296 6.768413
-0.853296 6.753459
-0.853296 6.738506
-0.853296 6.723552
-0.853296 6.708599
-0.853296 6.693646
-0.853296 6.678692
-0.853296 6.663739
-0.853296 6.648785
-0.853296 6.633832
-0.853296 6.618879
-0.853296 6.603925
-0.853296 6.588972
-0.853296 6.574018
-0.853296 6.559065
-0.853296 6.544112
-0.853296 6.529158
-0.853296 6.514205
-0.853296 6.499251
-0.853296 6.484298
-0.853296 6.469345
-0.853296 6.454391
-0.853296 6.439438
-0.853296 6.424484
-0.853296 6.409531
-0.853296 6.394578
-0.853296 6.379624
-0.853296 6.364671
-0.853296 6.349717
-0.853296 6.334764
-0.853296 6.319811
-0.853296 6.304857
-0.853296 6.289904
-0.853296 6.274950
-0.853296 6.259997
-0.853296 6.245044
-0.853296 6.230090
-0.853296 6.215137
-0.853296 6.200183
-0.853296 6.185230
-0.853296 6.170277
-0.853296 6.155323
-0.853296 6.140370
-0.853296 6.125416
-0.853296 6.110463
-0.853296 6.095510
-0.853296 6.080556
-0.853296 6.065603
-0.853296 6.050649
-0.853296 6.035696
-0.853296 6.020743
-0.853296 6.005789
-0.853296 5.990836
-0.853296 5.975882
-0.853296 5.960929
-0.853296 5.945976
-0.853296 5.931022
-0.853296 5.916069
-0.853296 5.901115
-0.853296 5.886162
-0.853296 5.871209
-0.853296 5.856255
-0.853296 5.841302
-0.853296 5.826348
-0.853296 5.811395
-0.853296 5.796442
-0.853296 5.781488
-0.853296 5.766535
-0.853296 5.751581
-0.853296 5.736628
-0.853296 5.721675
-0.853296 5.706721
-0.853296 5.691768
-0.853296 5.676814
-0.853296 5.661861
-0.853296 5.646908
-0.853296 5.631954
-0.853296 5.617001
-0.853296 5.602047
-0.853296 5.587094
-0.853296 5.572141
-0.853296 5.557187
-0.853296 5.542234
-0.853296 5.527280
-0.853296 5.512327
-0.853296 5.497374
-0.853296 5.482420
-0.853296 5.467467
-0.853296 5.452513
-0.853296 5.437560
-0.853296 5.422607
-0.853296 5.407653
-0.853296 5.392700
-0.853296 5.377746
-0.853296 5.362793
-0.853296 5.347840
-0.853296 5.332886
-0.853296 5.317933
-0.853296 5.302979
-0.853296 5.288026
-0.853296 5.273073
-0.853296 5.258119
-0.853296 5.243166
-0.853296 5.228212
-0.853296 5.213259
-0.853296 5.198306
-0.853296 5.183352
-0.853296 5.168399
-0.853296 5.153445
-0.853296 5.138492
-0.853296 5.123539
-0.853296 5.108585
-0.853296 5.093632
-0.853296 5.078678
-0.853296 5.063725
-0.853296 5.048772
-0.853296 5.033818
-0.853296 5.018865
-0.853296 5.003911
-0.853296 4.988958
-0.853296 4.974005
-0.853296 4.959051
-0.853296 4.944098
-0.853296 4.929144
-0.853296 4.914191
-0.853296 4.899238
-0.853296 4.884284
-0.853296 4.869331
-0.853296 4.854377
-0.853296 4.839424
-0.853296 4.824471
-0.853296 4.809517
-0.853296 4.794564
-0.853296 4.779610
-0.853296 4.764657
-0.853296 4.749704
-0.853296 4.734750
-0.853296 4.719797
-0.853296 4.704843
-0.853296 4.689890
-0.853296 4.674937
-0.853296 4.659983
-0.853296 4.645030
-0.853296 4.630076
-0.853296 4.615123
-0.853296 4.600170
-0.853296 4.585216
-0.853296 4.570263
-0.853296 4.555309
-0.853296 4.540356
-0.853296 4.525403
-0.853296 4.510449
-0.853296 4.495496
-0.853296 4.480542
-0.853296 4.465589
-0.853296 4.450636
-0.853296 4.435682
-0.853296 4.420729
-0.853296 4.405775
-0.853296 4.390822
-0.853296 4.375869
-0.853296 4.360915
-0.853296 4.345962
-0.853296 4.331008
-0.853296 4.316055
-0.853296 4.301102
-0.853296 4.286148
-0.853296 4.271195
-0.853296 4.256241
-0.853296 4.241288
-0.853296 4.226335
-0.853296 4.211381
-0.853296 4.196428
-0.853296 4.181474
-0.853296 4.166521
-0.853296 4.151568
-0.853296 4.136614
-0.853296 4.121661
-0.853296 4.106707
-0.853296 4.091754
-0.853296 4.076801
-0.853296 4.061847
-0.853296 4.046894
-0.853296 4.031940
-0.853296 4.016987
-0.853296 4.002034
-0.853296 3.987080
-0.853296 3.972127
-0.853296 3.957173
-0.853296 3.942220
-0.853296 3.927267
-0.853296 3.912313
-0.853296 3.897360
-0.853296 3.882406
-0.853296 3.867453
-0.853296 3.852500
-0.853296 3.837546
-0.853296 3.822593
-0.853296 3.807639
-0.853296 3.792686
-0.853296 3.777733
-0.853296 3.762779
-0.853296 3.747826
-0.853296 3.732872
-0.853296 3.717919
-0.853296 3.702966
-0.853296 3.688012
-0.853296 3.673059
-0.853296 3.658105
-0.853296 3.643152
-0.853296 3.628199
-0.853296 3.613245
-0.853296 3.598292
-0.853296 3.583338
-0.853296 3.568385
-0.853296 3.553432
-0.853296 3.538478
-0.853296 3.523525
-0.853296 3.508571
-0.853296 3.493618
-0.853296 3.478665
-0.853296 3.463711
-0.853296 3.448758
-0.853296 3.433804
-0.853296 3.418851
-0.853296 3.403898
-0.853296 3.388944
-0.853296 3.373991
-0.853296 3.359037
-0.853296 3.344084
-0.853296 3.329131
-0.853296 3.314177
-0.853296 3.299224
-0.853296 3.284270
-0.853296 3.269317
-0.853296 3.254364
-0.853296 3.239410
-0.853296 3.224457
-0.853296 3.209503
-0.853296 3.194550
-0.853296 3.179597
-0.853296 3.164643
-0.853296 3.149690
-0.853296 3.134736
-0.853296 3.119783
-0.853296 3.104830
-0.853296 3.089876
-0.853296 3.074923
-0.853296 3.059969
-0.853296 3.045016
-0.853296 3.030063
-0.853296 3.015109
-0.853296 3.000156
-0.853296 2.985202
-0.853296 2.970249
-0.853296 2.955296
-0.853296 2.940342
-0.853296 2.925389
-0.853296 2.910435
-0.853296 2.895482
-0.853296 2.880529
-0.853296 2.865575
-0.853296 2.850622
-0.853296 2.835668
-0.853296 2.820715
-0.853296 2.805762
-0.853296 2.790808
-0.853296 2.775855
-0.853296 2.760901
-0.853296 2.745948
-0.853296 2.730995
-0.853296 2.716041
-0.853296 2.701088
-0.853296 2.686134
-0.853296 2.671181
-0.853296 2.656228
-0.853296 2.641274
-0.853296 2.626321
-0.853296 2.611367
-0.853296 2.596414
-0.853296 2.581461
-0.853296 2.566507
-0.853296 2.551554
-0.853296 2.536600
-0.853296 2.521647
-0.853296 2.506694
-0.853296 2.491740
-0.853296 2.476787
-0.853296 2.461833
-0.853296 2.446880
-0.853296 2.431927
-0.853296 2.416973
-0.853296 2.402020
-0.853296 2.387066
-0.853296 2.372113
-0.853296 2.357160
-0.853296 2.342206
-0.853296 2.327253
-0.853296 2.312299
-0.853296 2.297346
-0.853296 2.282393
-0.853296 2.267439
-0.853296 2.252486
-0.853296 2.237532
-0.853296 2.222579
-0.853296 2.207626
-0.853296 2.192672
-0.853296 2.177719
-0.853296 2.162765
-0.853296 2.147812
-0.853296 2.132859
-0.853296 2.117905
-0.853296 2.102952
-0.853296 2.087998
-0.853296 2.073045
-0.853296 2.058092
-0.853296 2.043138
-0.853296 2.028185
-0.853296 2.013231
-0.853296 1.998278
-0.853296 1.983325
-0.853296 1.968371
-0.853296 1.953418
-0.853296 1.938464
-0.853296 1.923511
-0.853296 1.908558
-0.853296 1.893604
-0.853296 1.878651
-0.853296 1.863697
-0.853296 1.848744
-0.853296 1.833791
-0.853296 1.818837
-0.853296 1.803884
-0.853296 1.788930
-0.853296 1.773977
-0.853296 1.759024
-0.853296 1.744070
-0.853296 1.729117
-0.853296 1.714163
-0.853296 1.699210
-0.853296 1.684257
-0.853296 1.669303
-0.853296 1.654350
-0.853296 1.639396
-0.853296 1.624443
-0.853296 1.609490
-0.853296 1.594536
-0.853296 1.579583
-0.853296 1.564629
-0.853296 1.549676
-0.853296 1.534723
-0.853296 1.519769
-0.853296 1.504816
-0.853296 1.489862
-0.853296 1.474909
-0.853296 1.459956
-0.853296 1.445002
-0.853296 1.430049
-0.853296 1.415095
-0.853296 1.400142
-0.853296 1.385189
-0.853296 1.370235
-0.853296 1.355282
-0.853296 1.340328
-0.853296 1.325375
-0.853296 1.310422
-0.853296 1.295468
-0.853296 1.280515
-0.853296 1.265561
-0.853296 1.250608
-0.853296 1.235655
-0.853296 1.220701
-0.853296 1.205748
-0.853296 1.190794
-0.853296 1.175841
-0.853296 1.160888
-0.853296 1.145934
-0.853296 1.130981
-0.853296 1.116207
-0.853296 1.101612
-0.853296 1.087197
-0.853296 1.072962
-0.853296 1.058905
-0.853296 1.045029
-0.853296 1.031331
-0.853296 1.017814
-0.853296 1.004475
-0.853296 0.991316
-0.853296 0.978337
-0.853296 0.965536
-0.853296 0.952916
-0.853296 0.940475
-0.853296 0.928213
-0.853296 0.916130
-0.853296 0.904227
-0.853296 0.892504
-0.853296 0.880960
-0.853296 0.869595
-0.853296 0.858410
-0.853296 0.847405
-0.853296 0.836578
-0.853296 0.825931
-0.853296 0.815464
-0.853215 0.805176
-0.853057 0.795069
-0.852823 0.785143
-0.852516 0.775398
-0.852141 0.765835
-0.851698 0.756455
-0.851192 0.747258
-0.850625 0.738244
-0.850000 0.729413
-0.849319 0.720767
-0.848586 0.712305
-0.847804 0.704028
-0.846975 0.695936
-0.846102 0.688029
-0.845188 0.680307
-0.844236 0.672770
-0.843249 0.665419
-0.842229 0.658254
-0.841180 0.651275
-0.840103 0.644481
-0.839004 0.637873
-0.837883 0.631450
-0.836744 0.625213
-0.835589 0.619161
-0.834422 0.613295
-0.833209 0.607438
-0.831950 0.601590
-0.830646 0.595753
-0.829295 0.589926
-0.827899 0.584110
-0.826457 0.578305
-0.824969 0.572512
-0.823436 0.566730
-0.821858 0.560961
-0.820234 0.555204
-0.818566 0.549460
-0.816852 0.543729
-0.815093 0.538012
-0.813289 0.532310
-0.811441 0.526621
-0.809548 0.520947
-0.807611 0.515288
-0.805629 0.509645
-0.803603 0.504017
-0.801532 0.498405
-0.799418 0.492810
-0.797260 0.487232
-0.795058 0.481670
-0.792813 0.476126
-0.790524 0.470600
-0.788191 0.465092
-0.785816 0.459603
-0.783397 0.454132
-0.780936 0.448681
-0.778432 0.443249
-0.775885 0.437837
-0.773296 0.432445
-0.770664 0.427074
-0.767991 0.421723
-0.765275 0.416394
-0.762518 0.411086
-0.759719 0.405799
-0.756879 0.400535
-0.753998 0.395294
-0.751075 0.390075
-0.748111 0.384880
-0.745107 0.379708
-0.742062 0.374559
-0.738977 0.369435
-0.735852 0.364335
-0.732687 0.359260
-0.729482 0.354209
-0.726237 0.349184
-0.722953 0.344185
-0.719630 0.339212
-0.716268 0.334265
-0.712868 0.329344
-0.709428 0.324451
-0.705951 0.319584
-0.702435 0.314745
-0.698881 0.309934
-0.695290 0.305151
-0.691661 0.300396
-0.687995 0.295670
-0.684292 0.290972
-0.680552 0.286304
-0.676776 0.281666
-0.672963 0.277057
-0.669114 0.272478
-0.665230 0.267930
-0.661310 0.263413
-0.657354 0.258926
-0.653364 0.254470
-0.649338 0.250046
-0.645278 0.245654
-0.641183 0.241294
-0.637055 0.236966
-0.632892 0.232671
-0.628696 0.228408
-0.624467 0.224179
-0.620204 0.219983
-0.615909 0.215820
-0.611581 0.211691
-0.607221 0.207597
-0.602828 0.203537
-0.598404 0.199511
-0.593949 0.195521
-0.589462 0.191565
-0.584944 0.187645
-0.580396 0.183760
-0.575818 0.179911
-0.571209 0.176099
-0.566570 0.172322
-0.561902 0.168583
-0.557205 0.164880
-0.552479 0.161214
-0.547724 0.157585
-0.542941 0.153993
-0.538130 0.150440
-0.533291 0.146924
-0.528424 0.143446
-0.523530 0.140007
-0.518610 0.136606
-0.513663 0.133244
-0.508690 0.129921
-0.503690 0.126637
-0.498665 0.123393
-0.493615 0.120188
-0.488540 0.117023
-0.483440 0.113897
-0.478316 0.110812
-0.473167 0.107768
-0.467995 0.104763
-0.462799 0.101800
-0.457581 0.098877
-0.452339 0.095996
-0.447075 0.093155
-0.441789 0.090356
-0.436481 0.087599
-0.431152 0.084884
-0.425801 0.082210
-0.420430 0.079579
-0.415038 0.076990
-0.409626 0.074443
-0.404194 0.071939
-0.398742 0.069477
-0.393272 0.067059
-0.387782 0.064683
-0.382274 0.062351
-0.376748 0.060062
-0.371204 0.057817
-0.365643 0.055615
-0.360065 0.053456
-0.354469 0.051342
-0.348858 0.049272
-0.343230 0.047246
-0.337587 0.045264
-0.331928 0.043327
-0.326254 0.041434
-0.320565 0.039585
-0.314862 0.037782
-0.309145 0.036023
-0.303415 0.034309
-0.297671 0.032640
-0.291914 0.031017
-0.286145 0.029438
-0.280363 0.027905
-0.274570 0.026418
-0.268765 0.024976
-0.262949 0.023580
-0.257122 0.022229
-0.251284 0.020924
-0.245437 0.019665
-0.239580 0.018452
-0.233714 0.017286
-0.227956 0.016187
-0.222307 0.015156
-0.216768 0.014189
-0.211340 0.013285
-0.206023 0.012443
-0.200818 0.011661
-0.195725 0.010936
-0.190746 0.010267
-0.185880 0.009652
-0.181128 0.009090
-0.176490 0.008578
-0.171968 0.008115
-0.167562 0.007698
-0.163271 0.007326
-0.159097 0.006998
-0.155040 0.006711
-0.151100 0.006463
-0.147278 0.006252
-0.143573 0.006078
-0.139987 0.005937
-0.136520 0.005828
-0.133171 0.005749
-0.129942 0.005698
-0.126832 0.005674
