# mx (normalized), my (normalized), mz (normalized)
0.000000 38.162164 -23.846367
0.000000 38.162164 -23.846367
0.000000 38.162164 -23.846367
0.000000 38.162164 -23.846367
0.000000 38.162164 -23.846367
0.000000 38.162164 -23.846367
0.000000 38.162164 -23.846367
0.000000 38.162164 -23.846367
0.000000 38.162164 -23.846367
0.000000 38.162164 -23.846367
0.000000 38.162164 -23.846367
0.000000 38.162164 -23.846367
0.000000 38.162164 -23.846367
0.000000 38.162164 -23.846367
0.000000 38.162164 -23.846367
0.000000 38.162164 -23.846367
0.000000 38.162164 -23.846367
0.000000 38.162164 -23.846367
0.000000 38.162164 -23.846367
0.000000 38.162164 -23.846367
0.000000 38.162164 -23.846367
0.000000 38.162164 -23.846367
0.000000 38.162164 -23.846367
0.000000 38.162164 -23.846367
0.000000 38.162164 -23.846367
0.000000 38.162164 -23.846367
0.000000 38.162164 -23.846367
0.000000 38.162164 -23.846367
0.000000 38.162164 -23.846367
0.000000 38.162164 -23.846367
0.000000 38.162164 -23.846367
0.000000 38.162164 -23.846367
0.000000 38.162164 -23.846367
0.000000 38.162164 -23.846367
0.000000 38.162164 -23.846367
0.000000 38.162164 -23.846367
0.000000 38.162164 -23.846367
0.000000 38.162164 -23.846367
0.000000 38.162164 -23.846367
0.000000 38.162164 -23.846367
0.000000 38.162164 -23.846367
0.000000 38.162164 -23.846367
0.000000 38.162164 -23.846367
0.000000 38.162164 -23.846367
0.000000 38.162164 -23.846367
0.000000 38.162164 -23.846367
0.000000 38.162164 -23.846367
0.000000 38.162164 -23.846367
0.000000 38.162164 -23.846367
0.000000 38.162164 -23.846367
0.000000 38.162164 -23.846367
0.000000 38.162164 -23.846367
0.000000 38.162164 -23.846367
0.000000 38.162164 -23.846367
0.000000 38.162164 -23.846367
0.000000 38.162164 -23.846367
0.000000 38.162164 -23.846367
0.000000 38.162164 -23.846367
0.000000 38.162164 -23.846367
0.000000 38.162164 -23.846367
0.000000 38.162164 -23.846367
0.000000 38.162164 -23.846367
0.000000 38.162164 -23.846367
0.000000 38.162164 -23.846367
0.000000 38.162164 -23.846367
0.000000 38.162164 -23.846367
0.000000 38.162164 -23.846367
0.000000 38.162164 -23.846367
0.000000 38.162164 -23.846367
0.000000 38.162164 -23.846367
0.000000 38.162164 -23.846367
0.000000 38.162164 -23.846367
0.000000 38.162164 -23.846367
0.000000 38.162164 -23.846367
0.000000 38.162164 -23.846367
0.000000 38.162164 -23.846367
0.000000 38.162164 -23.846367
0.000000 38.162164 -23.846367
0.000000 38.162164 -23.846367
0.000000 38.162164 -23.846367
0.000000 38.162164 -23.846367
0.000000 38.162164 -23.846367
0.000000 38.162164 -23.846367
0.000000 38.162164 -23.846367
0.000000 38.162164 -23.846367
0.000000 38.162164 -23.846367
0.000000 38.162164 -23.846367
0.000000 38.162164 -23.846367
0.000000 38.162164 -23.846367
0.000000 38.162164 -23.846367
0.000000 38.162164 -23.846367
0.000000 38.162164 -23.846367
0.000000 38.162164 -23.846367
0.000000 38.162164 -23.846367
0.000000 38.162164 -23.846367
0.000000 38.162164 -23.846367
0.000000 38.162164 -23.846367
0.000000 38.162164 -23.846367
0.000000 38.162164 -23.846367
0.000000 38.162164 -23.846367
0.000000 38.162164 -23.846367
0.000000 38.162164 -23.846367
0.000000 38.162164 -23.846367
0.000000 38.162164 -23.846367
0.000000 38.162164 -23.846367
0.000000 38.162164 -23.846367
0.000000 38.162164 -23.846367
0.000000 38.162164 -23.846367
0.000000 38.162164 -23.846367
0.000000 38.162164 -23.846367
0.000000 38.162164 -23.846367
0.000000 38.162164 -23.846367
0.000000 38.162164 -23.846367
0.000000 38.162164 -23.846367
0.000000 38.162164 -23.846367
0.000000 38.162164 -23.846367
0.000000 38.162164 -23.846367
0.000000 38.162164 -23.846367
0.000000 38.162164 -23.846367
0.000000 38.162164 -23.846367
0.000000 38.162164 -23.846367
0.000000 38.162164 -23.846367
0.000000 38.162164 -23.846367
0.000000 38.162164 -23.846367
0.000000 38.162164 -23.846367
0.000000 38.162164 -23.846367
0.000000 38.162164 -23.846367
0.000000 38.162164 -23.846367
0.000000 38.162164 -23.846367
0.000000 38.162164 -23.846367
0.000000 38.162164 -23.846367
0.000000 38.162164 -23.846367
0.000000 38.162164 -23.846367
0.000000 38.162164 -23.846367
0.000000 38.162164 -23.846367
0.000000 38.162164 -23.846367
0.000000 38.162164 -23.846367
0.000000 38.162164 -23.846367
0.000000 38.162164 -23.846367
0.000000 38.162164 -23.846367
0.000000 38.162164 -23.846367
0.000000 38.162164 -23.846367
0.000000 38.162164 -23.846367
0.000000 38.162164 -23.846367
0.000000 38.162164 -23.846367
0.000000 38.162164 -23.846367
0.000000 38.162164 -23.846367
0.000000 38.162164 -23.846367
0.000000 38.162164 -23.846367
0.000000 38.162164 -23.846367
0.000000 38.162164 -23.846367
0.000000 38.162164 -23.846367
0.000000 38.162164 -23.846367
0.000000 38.162164 -23.846367
0.000000 38.162164 -23.846367
0.000000 38.162164 -23.846367
0.000000 38.162164 -23.846367
0.000000 38.162164 -23.846367
0.000000 38.162164 -23.846367
0.000000 38.162164 -23.846367
0.000000 38.162164 -23.846367
0.000000 38.162164 -23.846367
0.000000 38.162164 -23.846367
0.000000 38.162164 -23.846367
0.000000 38.162164 -23.846367
0.000000 38.162164 -23.846367
0.000000 38.162164 -23.846367
0.000000 38.162164 -23.846367
0.000000 38.162164 -23.846367
0.000000 38.162164 -23.846367
0.000000 38.162164 -23.846367
0.000000 38.162164 -23.846367
0.000000 38.162164 -23.846367
0.000000 38.162164 -23.846367
0.000000 38.162164 -23.846367
0.000000 38.162164 -23.846367
0.000000 38.162164 -23.846367
0.000000 38.162164 -23.846367
0.000000 38.162164 -23.846367
0.000000 38.162164 -23.846367
0.000000 38.162164 -23.846367
0.000000 38.162164 -23.846367
0.000000 38.162164 -23.846367
0.000000 38.162164 -23.846367
0.000000 38.162164 -23.846367
0.000000 38.162164 -23.846367
0.000000 38.162164 -23.846367
0.000000 38.162164 -23.846367
0.000000 38.162164 -23.846367
0.000000 38.162164 -23.846367
0.000000 38.162164 -23.846367
0.000000 38.162164 -23.846367
0.000000 38.162164 -23.846367
0.000000 38.162164 -23.846367
0.000000 38.162164 -23.846367
0.000000 38.162164 -23.846367
0.000000 38.162164 -23.846367
0.000000 38.162164 -23.846367
0.000000 38.162164 -23.846367
0.000000 38.162164 -23.846367
0.000000 38.162164 -23.846367
0.000000 38.162164 -23.846367
0.000000 38.162164 -23.846367
0.000000 38.162164 -23.846367
0.000000 38.162164 -23.846367
0.000000 38.162164 -23.846367
0.000000 38.162164 -23.846367
0.000000 38.162164 -23.846367
0.000000 38.162164 -23.846367
0.000000 38.162164 -23.846367
0.000000 38.162164 -23.846367
0.000000 38.162164 -23.846367
0.000000 38.162164 -23.846367
0.000000 38.162164 -23.846367
0.000000 38.162164 -23.846367
0.000000 38.162164 -23.846367
0.000000 38.162164 -23.846367
0.000000 38.162164 -23.846367
0.000000 38.162164 -23.846367
0.000000 38.162164 -23.846367
0.000000 38.162164 -23.846367
0.000000 38.162164 -23.846367
0.000000 38.162164 -23.846367
0.000000 38.162164 -23.846367
0.000000 38.162164 -23.846367
0.000000 38.162164 -23.846367
0.000000 38.162164 -23.846367
0.000000 38.162164 -23.846367
0.000000 38.162164 -23.846367
0.000000 38.162164 -23.846367
0.000000 38.162164 -23.846367
0.000000 38.162164 -23.846367
0.000000 38.162164 -23.846367
0.000000 38.162164 -23.846367
0.000000 38.162164 -23.846367
0.000000 38.162164 -23.846367
0.000000 38.162164 -23.846367
0.000000 38.162164 -23.846367
0.000000 38.162164 -23.846367
0.000000 38.162164 -23.846367
0.000000 38.162164 -23.846367
0.000000 38.162164 -23.846367
0.000000 38.162164 -23.846367
0.000000 38.162164 -23.846367
0.000000 38.162164 -23.846367
0.000000 38.162164 -23.846367
0.000000 38.162164 -23.846367
0.000000 38.162164 -23.846367
0.000000 38.162164 -23.846367
0.000000 38.162164 -23.846367
0.000000 38.162164 -23.846367
0.000000 38.162164 -23.846367
0.000000 38.162164 -23.846367
0.000000 38.162164 -23.846367
0.000000 38.162164 -23.846367
0.000000 38.162164 -23.846367
0.000000 38.162164 -23.846367
0.000000 38.162164 -23.846367
0.000000 38.162164 -23.846367
0.000000 38.162164 -23.846367
0.000000 38.162164 -23.846367
0.000000 38.162164 -23.846367
0.000000 38.162164 -23.846367
0.000000 38.162164 -23.846367
0.000000 38.162164 -23.846367
0.000000 38.162164 -23.846367
0.000000 38.162164 -23.846367
0.000000 38.162164 -23.846367
0.000000 38.162164 -23.846367
0.000000 38.162164 -23.846367
0.000000 38.162164 -23.846367
0.000000 38.162164 -23.846367
0.000000 38.162164 -23.846367
0.000000 38.162164 -23.846367
0.000000 38.162164 -23.846367
0.000000 38.162164 -23.846367
0.000000 38.162164 -23.846367
0.000000 38.162164 -23.846367
0.000000 38.162164 -23.846367
0.000000 38.162164 -23.846367
0.000000 38.162164 -23.846367
0.000000 38.162164 -23.846367
0.000000 38.162164 -23.846367
0.000000 38.162164 -23.846367
0.000000 38.162164 -23.846367
0.000000 38.162164 -23.846367
0.000000 38.162164 -23.846367
0.000000 38.162164 -23.846367
0.000000 38.162164 -23.846367
0.000000 38.162164 -23.846367
0.000000 38.162164 -23.846367
0.000000 38.162164 -23.846367
0.000000 38.162164 -23.846367
0.000000 38.162164 -23.846367
0.000000 38.162164 -23.846367
0.000000 38.162164 -23.846367
0.000000 38.162164 -23.846367
0.000000 38.162164 -23.846367
0.000000 38.162164 -23.846367
0.000000 38.162164 -23.846367
0.000000 38.162164 -23.846367
0.000000 38.162164 -23.846367
0.000000 38.162164 -23.846367
0.000000 38.162164 -23.846367
0.000000 38.162164 -23.846367
0.000000 38.162164 -23.846367
0.000000 38.162164 -23.846367
0.000000 38.162164 -23.846367
0.000000 38.162164 -23.846367
0.000000 38.162164 -23.846367
0.000000 38.162164 -23.846367
0.000000 38.162164 -23.846367
0.000000 38.162164 -23.846367
0.000000 38.162164 -23.846367
0.000000 38.162164 -23.846367
0.000000 38.162164 -23.846367
0.000000 38.162164 -23.846367
0.000000 38.162164 -23.846367
0.000000 38.162164 -23.846367
0.000000 38.162164 -23.846367
0.000000 38.162164 -23.846367
0.000000 38.162164 -23.846367
0.000000 38.162164 -23.846367
0.000000 38.162164 -23.846367
0.000000 38.162164 -23.846367
0.000000 38.162164 -23.846367
0.000000 38.162164 -23.846367
0.000000 38.162164 -23.846367
0.000000 38.162164 -23.846367
0.000000 38.162164 -23.846367
0.000000 38.162164 -23.846367
0.000000 38.162164 -23.846367
0.000000 38.162164 -23.846367
0.000000 38.162164 -23.846367
0.000000 38.162164 -23.846367
0.000000 38.162164 -23.846367
0.000000 38.162164 -23.846367
0.000000 38.162164 -23.846367
0.000000 38.162164 -23.846367
0.000000 38.162164 -23.846367
0.000000 38.162164 -23.846367
0.000000 38.162164 -23.846367
0.000000 38.162164 -23.846367
0.000000 38.162164 -23.846367
0.000000 38.162164 -23.846367
0.000000 38.162164 -23.846367
0.000000 38.162164 -23.846367
0.000000 38.162164 -23.846367
0.000000 38.162164 -23.846367
0.000000 38.162164 -23.846367
0.000000 38.162164 -23.846367
0.000000 38.162164 -23.846367
0.000000 38.162164 -23.846367
0.000000 38.162164 -23.846367
0.000000 38.162164 -23.846367
0.000000 38.162164 -23.846367
0.000000 38.162164 -23.846367
0.000000 38.162164 -23.846367
0.000000 38.162164 -23.846367
0.000000 38.162164 -23.846367
0.000000 38.162164 -23.846367
0.000000 38.162164 -23.846367
0.000000 38.162164 -23.846367
0.000000 38.162164 -23.846367
0.000000 38.162164 -23.846367
0.000000 38.162164 -23.846367
0.000000 38.162164 -23.846367
0.000000 38.162164 -23.846367
0.000000 38.162164 -23.846367
0.000000 38.162164 -23.846367
0.000000 38.162164 -23.846367
0.000000 38.162164 -23.846367
0.000000 38.162164 -23.846367
0.000000 38.162164 -23.846367
0.000000 38.162164 -23.846367
0.000000 38.162164 -23.846367
0.000000 38.162164 -23.846367
0.000000 38.162164 -23.846367
0.000000 38.162164 -23.846367
0.000000 38.162164 -23.846367
0.000000 38.162164 -23.846367
0.000000 38.162164 -23.846367
0.000000 38.162164 -23.846367
0.000000 38.162164 -23.846367
0.000000 38.162164 -23.846367
0.000000 38.162164 -23.846367
0.000000 38.162164 -23.846367
0.000000 38.162164 -23.846367
0.000000 38.162164 -23.846367
0.000000 38.162164 -23.846367
0.000000 38.162164 -23.846367
0.000000 38.162164 -23.846367
0.000000 38.162164 -23.846367
0.000000 38.162164 -23.846367
0.000000 38.162164 -23.846367
0.000000 38.162164 -23.846367
0.000000 38.162164 -23.846367
0.000000 38.162164 -23.846367
0.000000 38.162164 -23.846367
0.000000 38.162164 -23.846367
0.000000 38.162164 -23.846367
0.000000 38.162164 -23.846367
0.000000 38.162164 -23.846367
0.000000 38.162164 -23.846367
0.000000 38.162164 -23.846367
0.000000 38.162164 -23.846367
0.000000 38.162164 -23.846367
0.000000 38.162164 -23.846367
0.000000 38.162164 -23.846367
0.000000 38.162164 -23.846367
0.000000 38.162164 -23.846367
0.000000 38.162164 -23.846367
0.000000 38.162164 -23.846367
0.000000 38.162164 -23.846367
0.000000 38.162164 -23.846367
0.000000 38.162164 -23.846367
0.000000 38.162164 -23.846367
0.000000 38.162164 -23.846367
0.000000 38.162164 -23.846367
0.000000 38.162164 -23.846367
0.000000 38.162164 -23.846367
0.000000 38.162164 -23.846367
0.000000 38.162164 -23.846367
0.000000 38.162164 -23.846367
0.000000 38.162164 -23.846367
0.000000 38.162164 -23.846367
0.000000 38.162164 -23.846367
0.000000 38.162164 -23.846367
0.000000 38.162164 -23.846367
0.000000 38.162164 -23.846367
0.000000 38.162164 -23.846367
0.000000 38.162164 -23.846367
0.000000 38.162164 -23.846367
0.000000 38.162164 -23.846367
0.000000 38.162164 -23.846367
0.000000 38.162164 -23.846367
0.000000 38.162164 -23.846367
0.000000 38.162164 -23.846367
0.000000 38.162164 -23.846367
0.000000 38.162164 -23.846367
0.000000 38.162164 -23.846367
0.000000 38.162164 -23.846367
0.000000 38.162164 -23.846367
0.000000 38.162164 -23.846367
0.000000 38.162164 -23.846367
0.000000 38.162164 -23.846367
0.000000 38.162164 -23.846367
0.000000 38.162164 -23.846367
0.000000 38.162164 -23.846367
0.000000 38.162164 -23.846367
0.000000 38.162164 -23.846367
0.000000 38.162164 -23.846367
0.000000 38.162164 -23.846367
0.000000 38.162164 -23.846367
0.000000 38.162164 -23.846367
0.000000 38.162164 -23.846367
0.000000 38.162164 -23.846367
0.000000 38.162164 -23.846367
0.000000 38.162164 -23.846367
0.000000 38.162164 -23.846367
0.000000 38.162164 -23.846367
0.000000 38.162164 -23.846367
0.000000 38.162164 -23.846367
0.000000 38.162164 -23.846367
0.000000 38.162164 -23.846367
0.000000 38.162164 -23.846367
0.000000 38.162164 -23.846367
0.000000 38.162164 -23.846367
0.000000 38.162164 -23.846367
0.000000 38.162164 -23.846367
0.000000 38.162164 -23.846367
0.000000 38.162164 -23.846367
0.000000 38.162164 -23.846367
0.000000 38.162164 -23.846367
0.000000 38.162164 -23.846367
0.000000 38.162164 -23.846367
0.000000 38.162164 -23.846367
0.000000 38.162164 -23.846367
0.000000 38.162164 -23.846367
0.000000 38.162164 -23.846367
0.000000 38.162164 -23.846367
0.000000 38.162164 -23.846367
0.000000 38.162164 -23.846367
0.000000 38.162164 -23.846367
0.000000 38.162164 -23.846367
0.000000 38.162164 -23.846367
0.000000 38.162164 -23.846367
0.000000 38.162164 -23.846367
0.000000 38.162164 -23.846367
0.000000 38.162164 -23.846367
0.000000 38.162164 -23.846367
0.000000 38.162164 -23.846367
0.000000 38.162164 -23.846367
0.000000 38.162164 -23.846367
0.000000 38.162164 -23.846367
0.000000 38.162164 -23.846367
0.000000 38.162164 -23.846367
0.000000 38.162164 -23.846367
0.000000 38.162164 -23.846367
0.000000 38.162164 -23.846367
0.000000 38.162164 -23.846367
0.000000 38.162164 -23.846367
0.000000 38.162164 -23.846367
0.000000 38.162164 -23.846367
0.000000 38.162164 -23.846367
0.000000 38.162164 -23.846367
0.000000 38.162164 -23.846367
0.000000 38.162164 -23.846367
0.000000 38.162164 -23.846367
0.000000 38.162164 -23.846367
0.000000 38.162164 -23.846367
0.000000 38.162164 -23.846367
0.000000 38.162164 -23.846367
0.000000 38.162164 -23.846367
0.000000 38.162164 -23.846367
0.000000 38.162164 -23.846367
0.000000 38.162164 -23.846367
0.000000 38.162164 -23.846367
0.000000 38.162164 -23.846367
0.000000 38.162164 -23.846367
0.000000 38.162164 -23.846367
0.000000 38.162164 -23.846367
0.000000 38.162164 -23.846367
0.000000 38.162164 -23.846367
0.000000 38.162164 -23.846367
0.000000 38.162164 -23.846367
0.000000 38.162164 -23.846367
0.000000 38.162164 -23.846367
0.000000 38.162164 -23.846367
0.000000 38.162164 -23.846367
0.000000 38.162164 -23.846367
0.000000 38.162164 -23.846367
0.000000 38.162164 -23.846367
0.000000 38.162164 -23.846367
0.000000 38.162164 -23.846367
0.000000 38.162164 -23.846367
0.000000 38.162164 -23.846367
0.000000 38.162164 -23.846367
0.000000 38.162164 -23.846367
0.000000 38.162164 -23.846367
0.000000 38.162164 -23.846367
0.000000 38.162164 -23.846367
0.000000 38.162164 -23.846367
0.000000 38.162164 -23.846367
0.000000 38.162164 -23.846367
0.000000 38.162164 -23.846367
0.000000 38.162164 -23.846367
0.000000 38.162164 -23.846367
0.000000 38.162164 -23.846367
0.000000 38.162164 -23.846367
0.000000 38.162164 -23.846367
0.000000 38.162164 -23.846367
0.000000 38.162164 -23.846367
0.000000 38.162164 -23.846367
0.000000 38.162164 -23.846367
0.000000 38.162164 -23.846367
0.000000 38.162164 -23.846367
0.000000 38.162164 -23.846367
0.000000 38.162164 -23.846367
0.000000 38.162164 -23.846367
0.000000 38.162164 -23.846367
0.000000 38.162164 -23.846367
0.000000 38.162164 -23.846367
0.000000 38.162164 -23.846367
0.000000 38.162164 -23.846367
0.000000 38.162164 -23.846367
0.000000 38.162164 -23.846367
0.000000 38.162164 -23.846367
0.000000 38.162164 -23.846367
0.000000 38.162164 -23.846367
0.000000 38.162164 -23.846367
0.000000 38.162164 -23.846367
0.000000 38.162164 -23.846367
0.000000 38.162164 -23.846367
0.000000 38.162164 -23.846367
0.000000 38.162164 -23.846367
0.000000 38.162164 -23.846367
0.000000 38.162164 -23.846367
0.000000 38.162164 -23.846367
0.000000 38.162164 -23.846367
0.000000 38.162164 -23.846367
0.000000 38.162164 -23.846367
0.000000 38.162164 -23.846367
0.000000 38.162164 -23.846367
0.000000 38.162164 -23.846367
0.000000 38.162164 -23.846367
0.000000 38.162164 -23.846367
0.000000 38.162164 -23.846367
0.000000 38.162164 -23.846367
0.000000 38.162164 -23.846367
0.000000 38.162164 -23.846367
0.000000 38.162164 -23.846367
0.000000 38.162164 -23.846367
0.000000 38.162164 -23.846367
0.000000 38.162164 -23.846367
0.000000 38.162164 -23.846367
0.000000 38.162164 -23.846367
0.000000 38.162164 -23.846367
0.000000 38.162164 -23.846367
0.000000 38.162164 -23.846367
0.000000 38.162164 -23.846367
0.000000 38.162164 -23.846367
0.000000 38.162164 -23.846367
0.000000 38.162164 -23.846367
0.000000 38.162164 -23.846367
0.000000 38.162164 -23.846367
0.000000 38.162164 -23.846367
0.000000 38.162164 -23.846367
0.000000 38.162164 -23.846367
0.000000 38.162164 -23.846367
0.000000 38.162164 -23.846367
0.000000 38.162164 -23.846367
0.000000 38.162164 -23.846367
0.000000 38.162164 -23.846367
0.000000 38.162164 -23.846367
0.000000 38.162164 -23.846367
0.000000 38.162164 -23.846367
0.000000 38.162164 -23.846367
0.000000 38.162164 -23.846367
0.000000 38.162164 -23.846367
0.000000 38.162164 -23.846367
0.000000 38.162164 -23.846367
0.000000 38.162164 -23.846367
0.000000 38.162164 -23.846367
0.000000 38.162164 -23.846367
0.000000 38.162164 -23.846367
0.000000 38.162164 -23.846367
0.000000 38.162164 -23.846367
0.000000 38.162164 -23.846367
0.000000 38.162164 -23.846367
0.000000 38.162164 -23.846367
0.000000 38.162164 -23.846367
0.000000 38.162164 -23.846367
0.000000 38.162164 -23.846367
0.000000 38.162164 -23.846367
0.000000 38.162164 -23.846367
0.000000 38.162164 -23.846367
0.000000 38.162164 -23.846367
0.000000 38.162164 -23.846367
0.000000 38.162164 -23.846367
0.000000 38.162164 -23.846367
0.000000 38.162164 -23.846367
0.000000 38.162164 -23.846367
0.000000 38.162164 -23.846367
0.000000 38.162164 -23.846367
0.000000 38.162164 -23.846367
0.000000 38.162164 -23.846367
0.000000 38.162164 -23.846367
0.000000 38.162164 -23.846367
0.000000 38.162164 -23.846367
0.000000 38.162164 -23.846367
0.000000 38.162164 -23.846367
0.000000 38.162164 -23.846367
0.000000 38.162164 -23.846367
0.000000 38.162164 -23.846367
0.000000 38.162164 -23.846367
0.000000 38.162164 -23.846367
0.000000 38.162164 -23.846367
0.000000 38.162164 -23.846367
0.000000 38.162164 -23.846367
0.000000 38.162164 -23.846367
0.000000 38.162164 -23.846367
0.000000 38.162164 -23.846367
0.000000 38.162164 -23.846367
0.000000 38.162164 -23.846367
0.000000 38.162164 -23.846367
0.000000 38.162164 -23.846367
0.000000 38.162164 -23.846367
0.000000 38.162164 -23.846367
0.000000 38.162164 -23.846367
0.000000 38.162164 -23.846367
0.000000 38.162164 -23.846367
0.000000 38.162164 -23.846367
0.000000 38.162164 -23.846367
0.000000 38.162164 -23.846367
0.000000 38.162164 -23.846367
0.000000 38.162164 -23.846367
0.000000 38.162164 -23.846367
0.000000 38.162164 -23.846367
0.000000 38.162164 -23.846367
0.000000 38.162164 -23.846367
0.000000 38.162164 -23.846367
0.000000 38.162164 -23.846367
0.000000 38.162164 -23.846367
0.000000 38.162164 -23.846367
0.000000 38.162164 -23.846367
0.000000 38.162164 -23.846367
0.000000 38.162164 -23.846367
0.000000 38.162164 -23.846367
0.000000 38.162164 -23.846367
0.000000 38.162164 -23.846367
0.000000 38.162164 -23.846367
0.000000 38.162164 -23.846367
0.000000 38.162164 -23.846367
0.000000 38.162164 -23.846367
0.000000 38.162164 -23.846367
0.000000 38.162164 -23.846367
0.000000 38.162164 -23.846367
0.000000 38.162164 -23.846367
0.000000 38.162164 -23.846367
0.000000 38.162164 -23.846367
0.000000 38.162164 -23.846367
0.000000 38.162164 -23.846367
0.000000 38.162164 -23.846367
0.000000 38.162164 -23.846367
0.000000 38.162164 -23.846367
0.000000 38.162164 -23.846367
0.000000 38.162164 -23.846367
0.000000 38.162164 -23.846367
0.000000 38.162164 -23.846367
0.000000 38.162164 -23.846367
0.000000 38.162164 -23.846367
0.000000 38.162164 -23.846367
0.000000 38.162164 -23.846367
0.000000 38.162164 -23.846367
0.000000 38.162164 -23.846367
0.000000 38.162164 -23.846367
0.000000 38.162164 -23.846367
0.000000 38.162164 -23.846367
0.000000 38.162164 -23.846367
0.000000 38.162164 -23.846367
0.000000 38.162164 -23.846367
0.000000 38.162164 -23.846367
0.000000 38.162164 -23.846367
0.000000 38.162164 -23.846367
0.000000 38.162164 -23.846367
0.000000 38.162164 -23.846367
0.000000 38.162164 -23.846367
0.000000 38.162164 -23.846367
0.000000 38.162164 -23.846367
0.000000 38.162164 -23.846367
0.000000 38.162164 -23.846367
0.000000 38.162164 -23.846367
0.000000 38.162164 -23.846367
0.000000 38.162164 -23.846367
0.000000 38.162164 -23.846367
0.000000 38.162164 -23.846367
0.000000 38.162164 -23.846367
0.000000 38.162164 -23.846367
0.000000 38.162164 -23.846367
0.000000 38.162164 -23.846367
0.000000 38.162164 -23.846367
0.000000 38.162164 -23.846367
0.000000 38.162164 -23.846367
0.000000 38.162164 -23.846367
0.000000 38.162164 -23.846367
0.000000 38.162164 -23.846367
0.000000 38.162164 -23.846367
0.000000 38.162164 -23.846367
0.000000 38.162164 -23.846367
0.000000 38.162164 -23.846367
0.000000 38.162164 -23.846367
0.000000 38.162164 -23.846367
0.000000 38.162164 -23.846367
0.000000 38.162164 -23.846367
0.000000 38.162164 -23.846367
0.000000 38.162164 -23.846367
0.000000 38.162164 -23.846367
0.000000 38.162164 -23.846367
0.000000 38.162164 -23.846367
0.000000 38.162164 -23.846367
0.000000 38.162164 -23.846367
0.000000 38.162164 -23.846367
0.000000 38.162164 -23.846367
0.000000 38.162164 -23.846367
0.000000 38.162164 -23.846367
0.000000 38.162164 -23.846367
0.000000 38.162164 -23.846367
0.000000 38.162164 -23.846367
0.000000 38.162164 -23.846367
0.000000 38.162164 -23.846367
0.000000 38.162164 -23.846367
0.000000 38.162164 -23.846367
0.000000 38.162164 -23.846367
0.000000 38.162164 -23.846367
0.000000 38.162164 -23.846367
0.000000 38.162164 -23.846367
0.000000 38.162164 -23.846367
0.000000 38.162164 -23.846367
0.000000 38.162164 -23.846367
0.000000 38.162164 -23.846367
0.000000 38.162164 -23.846367
0.000000 38.162164 -23.846367
0.000000 38.162164 -23.846367
0.000000 38.162164 -23.846367
0.000000 38.162164 -23.846367
0.000000 38.162164 -23.846367
0.000000 38.162164 -23.846367
0.000000 38.162164 -23.846367
0.000000 38.162164 -23.846367
0.000000 38.162164 -23.846367
0.000000 38.162164 -23.846367
0.000000 38.162164 -23.846367
0.000000 38.162164 -23.846367
0.000000 38.162164 -23.846367
0.000000 38.162164 -23.846367
0.000000 38.162164 -23.846367
0.000000 38.162164 -23.846367
0.000000 38.162164 -23.846367
0.000000 38.162164 -23.846367
0.000000 38.162164 -23.846367
0.000000 38.162164 -23.846367
0.000000 38.162164 -23.846367
0.000000 38.162164 -23.846367
0.000000 38.162164 -23.846367
0.000000 38.162164 -23.846367
0.000000 38.162164 -23.846367
0.000000 38.162164 -23.846367
0.000000 38.162164 -23.846367
0.000000 38.162164 -23.846367
0.000000 38.162164 -23.846367
0.000000 38.162164 -23.846367
0.000000 38.162164 -23.846367
0.000000 38.162164 -23.846367
0.000000 38.162164 -23.846367
0.000000 38.162164 -23.846367
0.000000 38.162164 -23.846367
0.000000 38.162164 -23.846367
0.000000 38.162164 -23.846367
0.000000 38.162164 -23.846367
0.000000 38.162164 -23.846367
0.000000 38.162164 -23.846367
0.000000 38.162164 -23.846367
0.000000 38.162164 -23.846367
0.000000 38.162164 -23.846367
0.000000 38.162164 -23.846367
0.000000 38.162164 -23.846367
0.000000 38.162164 -23.846367
0.000000 38.162164 -23.846367
0.000000 38.162164 -23.846367
0.000000 38.162164 -23.846367
0.000000 38.162164 -23.846367
0.000000 38.162164 -23.846367
0.000000 38.162164 -23.846367
0.000000 38.162164 -23.846367
0.000000 38.162164 -23.846367
0.000000 38.162164 -23.846367
0.000000 38.162164 -23.846367
0.000000 38.162164 -23.846367
0.000000 38.162164 -23.846367
0.000000 38.162164 -23.846367
0.000000 38.162164 -23.846367
0.000000 38.162164 -23.846367
0.000000 38.162164 -23.846367
0.000000 38.162164 -23.846367
0.000000 38.162164 -23.846367
0.000000 38.162164 -23.846367
0.000000 38.162164 -23.846367
0.000000 38.162164 -23.846367
0.000000 38.162164 -23.846367
0.000000 38.162164 -23.846367
0.000000 38.162164 -23.846367
0.000000 38.162164 -23.846367
0.000000 38.162164 -23.846367
0.000000 38.162164 -23.846367
0.000000 38.162164 -23.846367
0.000000 38.162164 -23.846367
0.000000 38.162164 -23.846367
0.000000 38.162164 -23.846367
0.000000 38.162164 -23.846367
0.000000 38.162164 -23.846367
0.000000 38.162164 -23.846367
0.000000 38.162164 -23.846367
0.000000 38.162164 -23.846367
0.000000 38.162164 -23.846367
0.000000 38.162164 -23.846367
0.000000 38.162164 -23.846367
0.000000 38.162164 -23.846367
0.000000 38.162164 -23.846367
0.000000 38.162164 -23.846367
0.000000 38.162164 -23.846367
0.000000 38.162164 -23.846367
0.000000 38.162164 -23.846367
0.000000 38.162164 -23.846367
0.000000 38.162164 -23.846367
0.000000 38.162164 -23.846367
0.000000 38.162164 -23.846367
0.000000 38.162164 -23.846367
0.000000 38.162164 -23.846367
0.000000 38.162164 -23.846367
0.000000 38.162164 -23.846367
0.000000 38.162164 -23.846367
0.000000 38.162164 -23.846367
0.000000 38.162164 -23.846367
0.000000 38.162164 -23.846367
0.000000 38.162164 -23.846367
0.000000 38.162164 -23.846367
0.000000 38.162164 -23.846367
0.000000 38.162164 -23.846367
0.000000 38.162164 -23.846367
0.000000 38.162164 -23.846367
0.000000 38.162164 -23.846367
0.000000 38.162164 -23.846367
0.000000 38.162164 -23.846367
0.000000 38.162164 -23.846367
0.000000 38.162164 -23.846367
0.000000 38.162164 -23.846367
0.000000 38.162164 -23.846367
0.000000 38.162164 -23.846367
0.000000 38.162164 -23.846367
0.000000 38.162164 -23.846367
0.000000 38.162164 -23.846367
0.000000 38.162164 -23.846367
0.000000 38.162164 -23.846367
0.000000 38.162164 -23.846367
0.000000 38.162164 -23.846367
0.000000 38.162164 -23.846367
0.000000 38.162164 -23.846367
0.000000 38.162164 -23.846367
0.000000 38.162164 -23.846367
0.000000 38.162164 -23.846367
0.000000 38.162164 -23.846367
0.000000 38.162164 -23.846367
0.000000 38.162164 -23.846367
0.000000 38.162164 -23.846367
0.000000 38.162164 -23.846367
0.000000 38.162164 -23.846367
0.000000 38.162164 -23.846367
0.000000 38.162164 -23.846367
0.000000 38.162164 -23.846367
0.000000 38.162164 -23.846367
0.000000 38.162164 -23.846367
0.000000 38.162164 -23.846367
0.000000 38.162164 -23.846367
0.000000 38.162164 -23.846367
0.000000 38.162164 -23.846367
0.000000 38.162164 -23.846367
0.000000 38.162164 -23.846367
0.000000 38.162164 -23.846367
0.000000 38.162164 -23.846367
0.000000 38.162164 -23.846367
0.000000 38.162164 -23.846367
0.000000 38.162164 -23.846367
0.000000 38.162164 -23.846367
0.000000 38.162164 -23.846367
0.000000 38.162164 -23.846367
0.000000 38.162164 -23.846367
0.000000 38.162164 -23.846367
0.000000 38.162164 -23.846367
0.000000 38.162164 -23.846367
0.000000 38.162164 -23.846367
0.000000 38.162164 -23.846367
0.000000 38.162164 -23.846367
0.000000 38.162164 -23.846367
0.000000 38.162164 -23.846367
0.000000 38.162164 -23.846367
0.000000 38.162164 -23.846367
0.000000 38.162164 -23.846367
0.000000 38.162164 -23.846367
0.000000 38.162164 -23.846367
0.000000 38.162164 -23.846367
0.000000 38.162164 -23.846367
0.000000 38.162164 -23.846367
0.000000 38.162164 -23.846367
0.000000 38.162164 -23.846367
0.000000 38.162164 -23.846367
0.000000 38.162164 -23.846367
0.000000 38.162164 -23.846367
0.000000 38.162164 -23.846367
0.000000 38.162164 -23.846367
0.000000 38.162164 -23.846367
0.000000 38.162164 -23.846367
0.000000 38.162164 -23.846367
0.000000 38.162164 -23.846367
0.000000 38.162164 -23.846367
0.000000 38.162164 -23.846367
0.000000 38.162164 -23.846367
0.000000 38.162164 -23.846367
0.000000 38.162164 -23.846367
0.000000 38.162164 -23.846367
0.000000 38.162164 -23.846367
0.000000 38.162164 -23.846367
0.000000 38.162164 -23.846367
0.000000 38.162164 -23.846367
0.000000 38.162164 -23.846367
0.000000 38.162164 -23.846367
0.000000 38.162164 -23.846367
0.000000 38.162164 -23.846367
0.000000 38.162164 -23.846367
0.000000 38.162164 -23.846367
0.000000 38.162164 -23.846367
0.000000 38.162164 -23.846367
0.000000 38.162164 -23.846367
0.000000 38.162164 -23.846367
0.000000 38.162164 -23.846367
0.000000 38.162164 -23.846367
0.000000 38.162164 -23.846367
0.000000 38.162164 -23.846367
0.000000 38.162164 -23.846367
0.000000 38.162164 -23.846367
0.000000 38.162164 -23.846367
0.000000 38.162164 -23.846367
0.000000 38.162164 -23.846367
0.000000 38.162164 -23.846367
0.000000 38.162164 -23.846367
0.000000 38.162164 -23.846367
0.000000 38.162164 -23.846367
0.000000 38.162164 -23.846367
0.000000 38.162164 -23.846367
0.000000 38.162164 -23.846367
0.000000 38.162164 -23.846367
0.000000 38.162164 -23.846367
0.000000 38.162164 -23.846367
0.000000 38.162164 -23.846367
0.000000 38.162164 -23.846367
0.000000 38.162164 -23.846367
0.000000 38.162164 -23.846367
0.000000 38.162164 -23.846367
0.000000 38.162164 -23.846367
0.000000 38.162164 -23.846367
0.000000 38.162164 -23.846367
0.000000 38.162164 -23.846367
0.000000 38.162164 -23.846367
0.000000 38.162164 -23.846367
0.000000 38.162164 -23.846367
0.000000 38.162164 -23.846367
0.000000 38.162164 -23.846367
0.000000 38.162164 -23.846367
0.000000 38.162164 -23.846367
0.000000 38.162164 -23.846367
0.000000 38.162164 -23.846367
0.000000 38.162164 -23.846367
0.000000 38.162164 -23.846367
0.000000 38.162164 -23.846367
0.000000 38.162164 -23.846367
0.000000 38.162164 -23.846367
0.000000 38.162164 -23.846367
0.000000 38.162164 -23.846367
0.000000 38.162164 -23.846367
0.000000 38.162164 -23.846367
0.000000 38.162164 -23.846367
0.000000 38.162164 -23.846367
0.000000 38.162164 -23.846367
0.000000 38.162164 -23.846367
0.000000 38.162164 -23.846367
0.000000 38.162164 -23.846367
0.000000 38.162164 -23.846367
0.000000 38.162164 -23.846367
0.000000 38.162164 -23.846367
0.000000 38.162164 -23.846367
0.000000 38.162164 -23.846367
0.000000 38.162164 -23.846367
0.000000 38.162164 -23.846367
0.000000 38.162164 -23.846367
0.000000 38.162164 -23.846367
0.000000 38.162164 -23.846367
0.000000 38.162164 -23.846367
0.000000 38.162164 -23.846367
0.000000 38.162164 -23.846367
0.000000 38.162164 -23.846367
0.000000 38.162164 -23.846367
0.000000 38.162164 -23.846367
0.000000 38.162164 -23.846367
0.000000 38.162164 -23.846367
0.000000 38.162164 -23.846367
0.000000 38.162164 -23.846367
0.000000 38.162164 -23.846367
0.000000 38.162164 -23.846367
0.000000 38.162164 -23.846367
0.000000 38.162164 -23.846367
0.000000 38.162164 -23.846367
0.000000 38.162164 -23.846367
0.000000 38.162164 -23.846367
0.000000 38.162164 -23.846367
0.000000 38.162164 -23.846367
0.000000 38.162164 -23.846367
0.000000 38.162164 -23.846367
0.000000 38.162164 -23.846367
0.000000 38.162164 -23.846367
0.000000 38.162164 -23.846367
0.000000 38.162164 -23.846367
0.000000 38.162164 -23.846367
0.000000 38.162164 -23.846367
0.000000 38.162164 -23.846367
0.000000 38.162164 -23.846367
0.000000 38.162164 -23.846367
0.000000 38.162164 -23.846367
0.000000 38.162164 -23.846367
0.000000 38.162164 -23.846367
0.000000 38.162164 -23.846367
0.000000 38.162164 -23.846367
0.000000 38.162164 -23.846367
0.000000 38.162164 -23.846367
0.000000 38.162164 -23.846367
0.000000 38.162164 -23.846367
0.000000 38.162164 -23.846367
0.000000 38.162164 -23.846367
0.000000 38.162164 -23.846367
0.000000 38.162164 -23.846367
0.000000 38.162164 -23.846367
0.000000 38.162164 -23.846367
0.000000 38.162164 -23.846367
0.000000 38.162164 -23.846367
0.000000 38.162164 -23.846367
0.000000 38.162164 -23.846367
0.000000 38.162164 -23.846367
0.000000 38.162164 -23.846367
0.000000 38.162164 -23.846367
0.000000 38.162164 -23.846367
0.000000 38.162164 -23.846367
0.000000 38.162164 -23.846367
0.000000 38.162164 -23.846367
0.000000 38.162164 -23.846367
0.000000 38.162164 -23.846367
0.000000 38.162164 -23.846367
0.000000 38.162164 -23.846367
0.000000 38.162164 -23.846367
0.000000 38.162164 -23.846367
0.000000 38.162164 -23.846367
0.000000 38.162164 -23.846367
0.000000 38.162164 -23.846367
0.000000 38.162164 -23.846367
0.000000 38.162164 -23.846367
0.000000 38.162164 -23.846367
0.000000 38.162164 -23.846367
0.000000 38.162164 -23.846367
0.000000 38.162164 -23.846367
0.000000 38.162164 -23.846367
0.000000 38.162164 -23.846367
0.000000 38.162164 -23.846367
0.000000 38.162164 -23.846367
0.000000 38.162164 -23.846367
0.000000 38.162164 -23.846367
0.000000 38.162164 -23.846367
0.000000 38.162164 -23.846367
0.000000 38.162164 -23.846367
0.000000 38.162164 -23.846367
0.000000 38.162164 -23.846367
0.000000 38.162164 -23.846367
0.000000 38.162164 -23.846367
0.000000 38.162164 -23.846367
0.000000 38.162164 -23.846367
0.000000 38.162164 -23.846367
0.000000 38.162164 -23.846367
0.000000 38.162164 -23.846367
0.000000 38.162164 -23.846367
0.000000 38.162164 -23.846367
0.000000 38.162164 -23.846367
0.000000 38.162164 -23.846367
0.000000 38.162164 -23.846367
0.000000 38.162164 -23.846367
0.000000 38.162164 -23.846367
0.000000 38.162164 -23.846367
0.000000 38.162164 -23.846367
0.000000 38.162164 -23.846367
0.000000 38.162164 -23.846367
0.000000 38.162164 -23.846367
0.000000 38.162164 -23.846367
0.000000 38.162164 -23.846367
0.000000 38.162164 -23.846367
0.000000 38.162164 -23.846367
0.000000 38.162164 -23.846367
0.000000 38.162164 -23.846367
0.000000 38.162164 -23.846367
0.000000 38.162164 -23.846367
0.000000 38.162164 -23.846367
0.000000 38.162164 -23.846367
0.000000 38.162164 -23.846367
0.000000 38.162164 -23.846367
0.000000 38.162164 -23.846367
0.000000 38.162164 -23.846367
0.000000 38.162164 -23.846367
0.000000 38.162164 -23.846367
0.000000 38.162164 -23.846367
0.000000 38.162164 -23.846367
0.000000 38.162164 -23.846367
0.000000 38.162164 -23.846367
0.000000 38.162164 -23.846367
0.000000 38.162164 -23.846367
0.000000 38.162164 -23.846367
0.000000 38.162164 -23.846367
0.000000 38.162164 -23.846367
0.000000 38.162164 -23.846367
0.000000 38.162164 -23.846367
0.000000 38.162164 -23.846367
0.000000 38.162164 -23.846367
0.000000 38.162164 -23.846367
0.000000 38.162164 -23.846367
0.000000 38.162164 -23.846367
0.000000 38.162164 -23.846367
0.000000 38.162164 -23.846367
0.000000 38.162164 -23.846367
0.000000 38.162164 -23.846367
0.000000 38.162164 -23.846367
0.000000 38.162164 -23.846367
0.000000 38.162164 -23.846367
0.000000 38.162164 -23.846367
0.000000 38.162164 -23.846367
0.000000 38.162164 -23.846367
0.000000 38.162164 -23.846367
0.000000 38.162164 -23.846367
0.000000 38.162164 -23.846367
0.000000 38.162164 -23.846367
0.000000 38.162164 -23.846367
0.000000 38.162164 -23.846367
0.000000 38.162164 -23.846367
0.000000 38.162164 -23.846367
0.000000 38.162164 -23.846367
0.000000 38.162164 -23.846367
0.000000 38.162164 -23.846367
0.000000 38.162164 -23.846367
0.000000 38.162164 -23.846367
0.000000 38.162164 -23.846367
0.000000 38.162164 -23.846367
0.000000 38.162164 -23.846367
0.000000 38.162164 -23.846367
0.000000 38.162164 -23.846367
0.000000 38.162164 -23.846367
0.000000 38.162164 -23.846367
0.000000 38.162164 -23.846367
0.000000 38.162164 -23.846367
0.000000 38.162164 -23.846367
0.000000 38.162164 -23.846367
0.000000 38.162164 -23.846367
0.000000 38.162164 -23.846367
0.000000 38.162164 -23.846367
0.000000 38.162164 -23.846367
0.000000 38.162164 -23.846367
0.000000 38.162164 -23.846367
0.000000 38.162164 -23.846367
0.000000 38.162164 -23.846367
0.000000 38.162164 -23.846367
0.000000 38.162164 -23.846367
0.000000 38.162164 -23.846367
0.000000 38.162164 -23.846367
0.000000 38.162164 -23.846367
0.000000 38.162164 -23.846367
0.000000 38.162164 -23.846367
0.000000 38.162164 -23.846367
0.000000 38.162164 -23.846367
0.000000 38.162164 -23.846367
0.000000 38.162164 -23.846367
0.000000 38.162164 -23.846367
0.000000 38.162164 -23.846367
0.000000 38.162164 -23.846367
0.000000 38.162164 -23.846367
0.000000 38.162164 -23.846367
0.000000 38.162164 -23.846367
0.000000 38.162164 -23.846367
0.000000 38.162164 -23.846367
0.000000 38.162164 -23.846367
0.000000 38.162164 -23.846367
0.000000 38.162164 -23.846367
0.000000 38.162164 -23.846367
0.000000 38.162164 -23.846367
0.000000 38.162164 -23.846367
0.000000 38.162164 -23.846367
0.000000 38.162164 -23.846367
0.000000 38.162164 -23.846367
0.000000 38.162164 -23.846367
0.000000 38.162164 -23.846367
0.000000 38.162164 -23.846367
0.000000 38.162164 -23.846367
0.000000 38.162164 -23.846367
0.000000 38.162164 -23.846367
0.000000 38.162164 -23.846367
0.000000 38.162164 -23.846367
0.000000 38.162164 -23.846367
0.000000 38.162164 -23.846367
0.000000 38.162164 -23.846367
0.000000 38.162164 -23.846367
0.000000 38.162164 -23.846367
0.000000 38.162164 -23.846367
0.000000 38.162164 -23.846367
0.000000 38.162164 -23.846367
0.000000 38.162164 -23.846367
0.000000 38.162164 -23.846367
0.000000 38.162164 -23.846367
0.000000 38.162164 -23.846367
0.000000 38.162164 -23.846367
0.000000 38.162164 -23.846367
0.000000 38.162164 -23.846367
0.000000 38.162164 -23.846367
0.000000 38.162164 -23.846367
0.000000 38.162164 -23.846367
0.000000 38.162164 -23.846367
0.000000 38.162164 -23.846367
0.000000 38.162164 -23.846367
0.000000 38.162164 -23.846367
0.000000 38.162164 -23.846367
0.000000 38.162164 -23.846367
0.000000 38.162164 -23.846367
0.000000 38.162164 -23.846367
0.000000 38.162164 -23.846367
0.000000 38.162164 -23.846367
0.000000 38.162164 -23.846367
0.000000 38.162164 -23.846367
0.000000 38.162164 -23.846367
0.000000 38.162164 -23.846367
0.000000 38.162164 -23.846367
0.000000 38.162164 -23.846367
0.000000 38.162164 -23.846367
0.000000 38.162164 -23.846367
0.000000 38.162164 -23.846367
0.000000 38.162164 -23.846367
0.000000 38.162164 -23.846367
0.000000 38.162164 -23.846367
0.000000 38.162164 -23.846367
0.000000 38.162164 -23.846367
0.000000 38.162164 -23.846367
0.000000 38.162164 -23.846367
0.000000 38.162164 -23.846367
0.000000 38.162164 -23.846367
0.000000 38.162164 -23.846367
0.000000 38.162164 -23.846367
0.000000 38.162164 -23.846367
0.000000 38.162164 -23.846367
0.000000 38.162164 -23.846367
0.000000 38.162164 -23.846367
0.000000 38.162164 -23.846367
0.000000 38.162164 -23.846367
0.000000 38.162164 -23.846367
0.000000 38.162164 -23.846367
0.000000 38.162164 -23.846367
0.000000 38.162164 -23.846367
0.000000 38.162164 -23.846367
0.000000 38.162164 -23.846367
0.000000 38.162164 -23.846367
0.000000 38.162164 -23.846367
0.000000 38.162164 -23.846367
0.000000 38.162164 -23.846367
0.000000 38.162164 -23.846367
0.000000 38.162164 -23.846367
0.000000 38.162164 -23.846367
0.000000 38.162164 -23.846367
0.000000 38.162164 -23.846367
0.000000 38.162164 -23.846367
0.000000 38.162164 -23.846367
0.000000 38.162164 -23.846367
0.000000 38.162164 -23.846367
0.000000 38.162164 -23.846367
0.000000 38.162164 -23.846367
0.000000 38.162164 -23.846367
0.000000 38.162164 -23.846367
0.000000 38.162164 -23.846367
0.000000 38.162164 -23.846367
0.000000 38.162164 -23.846367
0.000000 38.162164 -23.846367
0.000000 38.162164 -23.846367
0.000000 38.162164 -23.846367
0.000000 38.162164 -23.846367
0.000000 38.162164 -23.846367
0.000000 38.162164 -23.846367
0.000000 38.162164 -23.846367
0.000000 38.162164 -23.846367
0.000000 38.162164 -23.846367
0.000000 38.162164 -23.846367
0.000000 38.162164 -23.846367
0.000000 38.162164 -23.846367
0.000000 38.162164 -23.846367
0.000000 38.162164 -23.846367
0.000000 38.162164 -23.846367
0.000000 38.162164 -23.846367
0.000000 38.162164 -23.846367
0.000000 38.162164 -23.846367
0.000000 38.162164 -23.846367
0.000000 38.162164 -23.846367
0.000000 38.162164 -23.846367
0.000000 38.162164 -23.846367
0.000000 38.162164 -23.846367
0.000000 38.162164 -23.846367
0.000000 38.162164 -23.846367
0.000000 38.162164 -23.846367
0.000000 38.162164 -23.846367
0.000000 38.162164 -23.846367
0.000000 38.162164 -23.846367
0.000000 38.162164 -23.846367
0.000000 38.162164 -23.846367
0.000000 38.162164 -23.846367
0.000000 38.162164 -23.846367
0.000000 38.162164 -23.846367
0.000000 38.162164 -23.846367
0.000000 38.162164 -23.846367
0.000000 38.162164 -23.846367
0.000000 38.162164 -23.846367
0.000000 38.162164 -23.846367
0.000000 38.162164 -23.846367
0.000000 38.162164 -23.846367
0.000000 38.162164 -23.846367
0.000000 38.162164 -23.846367
0.000000 38.162164 -23.846367
0.000000 38.162164 -23.846367
0.000000 38.162164 -23.846367
0.000000 38.162164 -23.846367
0.000000 38.162164 -23.846367
0.000000 38.162164 -23.846367
0.000000 38.162164 -23.846367
0.000000 38.162164 -23.846367
0.000000 38.162164 -23.846367
0.000000 38.162164 -23.846367
0.000000 38.162164 -23.846367
0.000000 38.162164 -23.846367
0.000000 38.162164 -23.846367
0.000000 38.162164 -23.846367
0.000000 38.162164 -23.846367
0.000000 38.162164 -23.846367
0.000000 38.162164 -23.846367
0.000000 38.162164 -23.846367
0.000000 38.162164 -23.846367
0.000000 38.162164 -23.846367
0.000000 38.162164 -23.846367
0.000000 38.162164 -23.846367
0.000000 38.162164 -23.846367
0.000000 38.162164 -23.846367
0.000000 38.162164 -23.846367
0.000000 38.162164 -23.846367
0.000000 38.162164 -23.846367
0.000000 38.162164 -23.846367
0.000000 38.162164 -23.846367
0.000000 38.162164 -23.846367
0.000000 38.162164 -23.846367
0.000000 38.162164 -23.846367
0.000000 38.162164 -23.846367
0.000000 38.162164 -23.846367
0.000000 38.162164 -23.846367
0.000000 38.162164 -23.846367
0.000000 38.162164 -23.846367
0.000000 38.162164 -23.846367
0.000000 38.162164 -23.846367
0.000000 38.162164 -23.846367
0.000000 38.162164 -23.846367
0.000000 38.162164 -23.846367
0.000000 38.162164 -23.846367
0.000000 38.162164 -23.846367
0.000000 38.162164 -23.846367
0.000000 38.162164 -23.846367
0.000000 38.162164 -23.846367
0.000000 38.162164 -23.846367
0.000000 38.162164 -23.846367
0.000000 38.162164 -23.846367
0.000000 38.162164 -23.846367
0.000000 38.162164 -23.846367
0.000000 38.162164 -23.846367
0.000000 38.162164 -23.846367
0.000000 38.162164 -23.846367
0.000000 38.162164 -23.846367
0.000000 38.162164 -23.846367
0.000000 38.162164 -23.846367
0.000000 38.162164 -23.846367
0.000000 38.162164 -23.846367
0.000000 38.162164 -23.846367
0.000000 38.162164 -23.846367
0.000000 38.162164 -23.846367
0.000000 38.162164 -23.846367
0.000000 38.162164 -23.846367
0.000000 38.162164 -23.846367
0.000000 38.162164 -23.846367
0.000000 38.162164 -23.846367
0.000000 38.162164 -23.846367
0.000000 38.162164 -23.846367
0.000000 38.162164 -23.846367
0.000000 38.162164 -23.846367
0.000000 38.162164 -23.846367
0.000000 38.162164 -23.846367
0.000000 38.162164 -23.846367
0.000000 38.162164 -23.846367
0.000000 38.162164 -23.846367
0.000000 38.162164 -23.846367
0.000000 38.162164 -23.846367
0.000000 38.162164 -23.846367
0.000000 38.162164 -23.846367
0.000000 38.162164 -23.846367
0.000000 38.162164 -23.846367
0.000000 38.162164 -23.846367
0.000000 38.162164 -23.846367
0.000000 38.162164 -23.846367
0.000000 38.162164 -23.846367
0.000000 38.162164 -23.846367
0.000000 38.162164 -23.846367
0.000000 38.162164 -23.846367
0.000000 38.162164 -23.846367
0.000000 38.162164 -23.846367
0.000000 38.162164 -23.846367
0.000000 38.162164 -23.846367
0.000000 38.162164 -23.846367
0.000000 38.162164 -23.846367
0.000000 38.162164 -23.846367
0.000000 38.162164 -23.846367
0.000000 38.162164 -23.846367
0.000000 38.162164 -23.846367
0.000000 38.162164 -23.846367
0.000000 38.162164 -23.846367
0.000000 38.162164 -23.846367
0.000000 38.162164 -23.846367
0.000000 38.162164 -23.846367
0.000000 38.162164 -23.846367
0.000000 38.162164 -23.846367
0.000000 38.162164 -23.846367
0.000000 38.162164 -23.846367
0.000000 38.162164 -23.846367
0.000000 38.162164 -23.846367
0.000000 38.162164 -23.846367
0.000000 38.162164 -23.846367
0.000000 38.162164 -23.846367
0.000000 38.162164 -23.846367
0.000000 38.162164 -23.846367
0.000000 38.162164 -23.846367
0.000000 38.162164 -23.846367
0.000000 38.162164 -23.846367
0.000000 38.162164 -23.846367
0.000000 38.162164 -23.846367
0.000000 38.162164 -23.846367
0.000000 38.162164 -23.846367
0.000000 38.162164 -23.846367
0.000000 38.162164 -23.846367
0.000000 38.162164 -23.846367
0.000000 38.162164 -23.846367
0.000000 38.162164 -23.846367
0.000000 38.162164 -23.846367
0.000000 38.162164 -23.846367
0.000000 38.162164 -23.846367
0.000000 38.162164 -23.846367
0.000000 38.162164 -23.846367
0.000000 38.162164 -23.846367
0.000000 38.162164 -23.846367
0.000000 38.162164 -23.846367
0.000000 38.162164 -23.846367
0.000000 38.162164 -23.846367
0.000000 38.162164 -23.846367
0.000000 38.162164 -23.846367
0.000000 38.162164 -23.846367
0.000000 38.162164 -23.846367
0.000000 38.162164 -23.846367
0.000000 38.162164 -23.846367
0.000000 38.162164 -23.846367
0.000000 38.162164 -23.846367
0.000000 38.162164 -23.846367
0.000000 38.162164 -23.846367
0.000000 38.162164 -23.846367
0.000000 38.162164 -23.846367
0.000000 38.162164 -23.846367
0.000000 38.162164 -23.846367
0.000000 38.162164 -23.846367
0.000000 38.162164 -23.846367
0.000000 38.162164 -23.846367
0.000000 38.162164 -23.846367
0.000000 38.162164 -23.846367
0.000000 38.162164 -23.846367
0.000000 38.162164 -23.846367
0.000000 38.162164 -23.846367
0.000000 38.162164 -23.846367
0.000000 38.162164 -23.846367
0.000000 38.162164 -23.846367
0.000000 38.162164 -23.846367
0.000000 38.162164 -23.846367
0.000000 38.162164 -23.846367
0.000000 38.162164 -23.846367
0.000000 38.162164 -23.846367
0.000000 38.162164 -23.846367
0.000000 38.162164 -23.846367
0.000000 38.162164 -23.846367
0.000000 38.162164 -23.846367
0.000000 38.162164 -23.846367
0.000000 38.162164 -23.846367
0.000000 38.162164 -23.846367
0.000000 38.162164 -23.846367
0.000000 38.162164 -23.846367
0.000000 38.162164 -23.846367
0.000000 38.162164 -23.846367
0.000000 38.162164 -23.846367
0.000000 38.162164 -23.846367
0.000000 38.162164 -23.846367
0.000000 38.162164 -23.846367
0.000000 38.162164 -23.846367
0.000000 38.162164 -23.846367
0.000000 38.162164 -23.846367
0.000000 38.162164 -23.846367
0.000000 38.162164 -23.846367
0.000000 38.162164 -23.846367
0.000000 38.162164 -23.846367
0.000000 38.162164 -23.846367
0.000000 38.162164 -23.846367
0.000000 38.162164 -23.846367
0.000000 38.162164 -23.846367
0.000000 38.162164 -23.846367
0.000000 38.162164 -23.846367
0.000000 38.162164 -23.846367
0.000000 38.162164 -23.846367
0.000000 38.162164 -23.846367
0.000000 38.162164 -23.846367
0.000000 38.162164 -23.846367
0.000000 38.162164 -23.846367
0.000000 38.162164 -23.846367
0.000000 38.162164 -23.846367
0.000000 38.162164 -23.846367
0.000000 38.162164 -23.846367
0.000000 38.162164 -23.846367
0.000000 38.162164 -23.846367
0.000000 38.162164 -23.846367
0.000000 38.162164 -23.846367
0.000000 38.162164 -23.846367
0.000000 38.162164 -23.846367
0.000000 38.162164 -23.846367
0.000000 38.162164 -23.846367
0.000000 38.162164 -23.846367
0.000000 38.162164 -23.846367
0.000000 38.162164 -23.846367
0.000000 38.162164 -23.846367
0.000000 38.162164 -23.846367
0.000000 38.162164 -23.846367
0.000000 38.162164 -23.846367
0.000000 38.162164 -23.846367
0.000000 38.162164 -23.846367
0.000000 38.162164 -23.846367
0.000000 38.162164 -23.846367
0.000000 38.162164 -23.846367
0.000000 38.162164 -23.846367
0.000000 38.162164 -23.846367
0.000000 38.162164 -23.846367
0.000000 38.162164 -23.846367
0.000000 38.162164 -23.846367
0.000000 38.162164 -23.846367
0.000000 38.162164 -23.846367
0.000000 38.162164 -23.846367
0.000000 38.162164 -23.846367
0.000000 38.162164 -23.846367
0.000000 38.162164 -23.846367
0.000000 38.162164 -23.846367
0.000000 38.162164 -23.846367
0.000000 38.162164 -23.846367
0.000000 38.162164 -23.846367
0.000000 38.162164 -23.846367
0.000000 38.162164 -23.846367
0.000000 38.162164 -23.846367
0.000000 38.162164 -23.846367
0.000000 38.162164 -23.846367
0.000000 38.162164 -23.846367
0.000000 38.162164 -23.846367
0.000000 38.162164 -23.846367
0.000000 38.162164 -23.846367
0.000000 38.162164 -23.846367
0.000000 38.162164 -23.846367
0.000000 38.162164 -23.846367
0.000000 38.162164 -23.846367
0.000000 38.162164 -23.846367
0.000000 38.162164 -23.846367
0.000000 38.162164 -23.846367
0.000000 38.162164 -23.846367
0.000000 38.162164 -23.846367
0.000000 38.162164 -23.846367
0.000000 38.162164 -23.846367
0.000000 38.162164 -23.846367
0.000000 38.162164 -23.846367
0.000000 38.162164 -23.846367
0.000000 38.162164 -23.846367
0.000000 38.162164 -23.846367
0.000000 38.162164 -23.846367
0.000000 38.162164 -23.846367
0.000000 38.162164 -23.846367
0.000000 38.162164 -23.846367
0.000000 38.162164 -23.846367
0.000000 38.162164 -23.846367
0.000000 38.162164 -23.846367
0.000000 38.162164 -23.846367
0.000000 38.162164 -23.846367
0.000000 38.162164 -23.846367
0.000000 38.162164 -23.846367
0.000000 38.162164 -23.846367
0.000000 38.162164 -23.846367
0.000000 38.162164 -23.846367
0.000000 38.162164 -23.846367
0.000000 38.162164 -23.846367
0.000000 38.162164 -23.846367
0.000000 38.162164 -23.846367
0.000000 38.162164 -23.846367
0.000000 38.162164 -23.846367
0.000000 38.162164 -23.846367
0.000000 38.162164 -23.846367
0.000000 38.162164 -23.846367
0.000000 38.162164 -23.846367
0.000000 38.162164 -23.846367
0.000000 38.162164 -23.846367
0.000000 38.162164 -23.846367
0.000000 38.162164 -23.846367
0.000000 38.162164 -23.846367
0.000000 38.162164 -23.846367
0.000000 38.162164 -23.846367
0.000000 38.162164 -23.846367
0.000000 38.162164 -23.846367
0.000000 38.162164 -23.846367
0.000000 38.162164 -23.846367
0.000000 38.162164 -23.846367
0.000000 38.162164 -23.846367
0.000000 38.162164 -23.846367
0.000000 38.162164 -23.846367
0.000000 38.162164 -23.846367
0.000000 38.162164 -23.846367
0.000000 38.162164 -23.846367
0.000000 38.162164 -23.846367
0.000000 38.162164 -23.846367
0.000000 38.162164 -23.846367
0.000000 38.162164 -23.846367
0.000000 38.162164 -23.846367
0.000000 38.162164 -23.846367
0.000000 38.162164 -23.846367
0.000000 38.162164 -23.846367
0.000000 38.162164 -23.846367
0.000000 38.162164 -23.846367
0.000000 38.162164 -23.846367
0.000000 38.162164 -23.846367
0.000000 38.162164 -23.846367
0.000000 38.162164 -23.846367
0.000000 38.162164 -23.846367
0.000000 38.162164 -23.846367
0.000000 38.162164 -23.846367
0.000000 38.162164 -23.846367
0.000000 38.162164 -23.846367
0.000000 38.162164 -23.846367
0.000000 38.162164 -23.846367
0.000000 38.162164 -23.846367
0.000000 38.162164 -23.846367
0.000000 38.162164 -23.846367
0.000000 38.162164 -23.846367
0.000000 38.162164 -23.846367
0.000000 38.162164 -23.846367
0.000000 38.162164 -23.846367
0.000000 38.162164 -23.846367
0.000000 38.162164 -23.846367
0.000000 38.162164 -23.846367
0.000000 38.162164 -23.846367
0.000000 38.162164 -23.846367
0.000000 38.162164 -23.846367
0.000000 38.162164 -23.846367
0.000000 38.162164 -23.846367
0.000000 38.162164 -23.846367
0.000000 38.162164 -23.846367
0.000000 38.162164 -23.846367
0.000000 38.162164 -23.846367
0.000000 38.162164 -23.846367
0.000000 38.162164 -23.846367
0.000000 38.162164 -23.846367
0.000000 38.162164 -23.846367
0.000000 38.162164 -23.846367
0.000000 38.162164 -23.846367
0.000000 38.162164 -23.846367
0.000000 38.162164 -23.846367
0.000000 38.162164 -23.846367
0.000000 38.162164 -23.846367
0.000000 38.162164 -23.846367
0.000000 38.162164 -23.846367
0.000000 38.162164 -23.846367
0.000000 38.162164 -23.846367
0.000000 38.162164 -23.846367
0.000000 38.162164 -23.846367
0.000000 38.162164 -23.846367
0.000000 38.162164 -23.846367
0.000000 38.162164 -23.846367
0.000000 38.162164 -23.846367
0.000000 38.162164 -23.846367
0.000000 38.162164 -23.846367
0.000000 38.162164 -23.846367
0.000000 38.162164 -23.846367
0.000000 38.162164 -23.846367
0.000000 38.162164 -23.846367
0.000000 38.162164 -23.846367
0.000000 38.162164 -23.846367
0.000000 38.162164 -23.846367
0.000000 38.162164 -23.846367
0.000000 38.162164 -23.846367
0.000000 38.162164 -23.846367
0.000000 38.162164 -23.846367
0.000000 38.162164 -23.846367
0.000000 38.162164 -23.846367
0.000000 38.162164 -23.846367
0.000000 38.162164 -23.846367
0.000000 38.162164 -23.846367
0.000000 38.162164 -23.846367
0.000000 38.162164 -23.846367
0.000000 38.162164 -23.846367
0.000000 38.162164 -23.846367
0.000000 38.162164 -23.846367
0.000000 38.162164 -23.846367
0.000000 38.162164 -23.846367
0.000000 38.162164 -23.846367
0.000000 38.162164 -23.846367
0.000000 38.162164 -23.846367
0.000000 38.162164 -23.846367
0.000000 38.162164 -23.846367
0.000000 38.162164 -23.846367
0.000000 38.162164 -23.846367
0.000000 38.162164 -23.846367
0.000000 38.162164 -23.846367
0.000000 38.162164 -23.846367
0.000000 38.162164 -23.846367
0.000000 38.162164 -23.846367
0.000000 38.162164 -23.846367
0.000000 38.162164 -23.846367
0.000000 38.162164 -23.846367
0.000000 38.162164 -23.846367
0.000000 38.162164 -23.846367
0.000000 38.162164 -23.846367
0.000000 38.162164 -23.846367
0.000000 38.162164 -23.846367
0.000000 38.162164 -23.846367
0.000000 38.162164 -23.846367
0.000000 38.162164 -23.846367
0.000000 38.162164 -23.846367
0.000000 38.162164 -23.846367
0.000000 38.162164 -23.846367
0.000000 38.162164 -23.846367
0.000000 38.162164 -23.846367
0.000000 38.162164 -23.846367
0.000000 38.162164 -23.846367
0.000000 38.162164 -23.846367
0.000000 38.162164 -23.846367
0.000000 38.162164 -23.846367
0.000000 38.162164 -23.846367
0.000000 38.162164 -23.846367
0.000000 38.162164 -23.846367
0.000000 38.162164 -23.846367
0.000000 38.162164 -23.846367
0.000000 38.162164 -23.846367
0.000000 38.162164 -23.846367
0.000000 38.162164 -23.846367
0.000000 38.162164 -23.846367
0.000000 38.162164 -23.846367
0.000000 38.162164 -23.846367
0.000000 38.162164 -23.846367
0.000000 38.162164 -23.846367
0.000000 38.162164 -23.846367
0.000000 38.162164 -23.846367
0.000000 38.162164 -23.846367
0.000000 38.162164 -23.846367
0.000000 38.162164 -23.846367
0.000000 38.162164 -23.846367
0.000000 38.162164 -23.846367
0.000000 38.162164 -23.846367
0.000000 38.162164 -23.846367
0.000000 38.162164 -23.846367
0.000000 38.162164 -23.846367
0.000000 38.162164 -23.846367
0.000000 38.162164 -23.846367
0.000000 38.162164 -23.846367
0.000000 38.162164 -23.846367
0.000000 38.162164 -23.846367
0.000000 38.162164 -23.846367
0.000000 38.162164 -23.846367
0.000000 38.162164 -23.846367
0.000000 38.162164 -23.846367
0.000000 38.162164 -23.846367
0.000000 38.162164 -23.846367
0.000000 38.162164 -23.846367
0.000000 38.162164 -23.846367
0.000000 38.162164 -23.846367
0.000000 38.162164 -23.846367
0.000000 38.162164 -23.846367
0.000000 38.162164 -23.846367
0.000000 38.162164 -23.846367
0.000000 38.162164 -23.846367
0.000000 38.162164 -23.846367
0.000000 38.162164 -23.846367
0.000000 38.162164 -23.846367
0.000000 38.162164 -23.846367
0.000000 38.162164 -23.846367
0.000000 38.162164 -23.846367
0.000000 38.162164 -23.846367
0.000000 38.162164 -23.846367
0.000000 38.162164 -23.846367
0.000000 38.162164 -23.846367
0.000000 38.162164 -23.846367
0.000000 38.162164 -23.846367
0.000000 38.162164 -23.846367
0.000000 38.162164 -23.846367
0.000000 38.162164 -23.846367
0.000000 38.162164 -23.846367
0.000000 38.162164 -23.846367
0.000000 38.162164 -23.846367
0.000000 38.162164 -23.846367
0.000000 38.162164 -23.846367
0.000000 38.162164 -23.846367
0.000000 38.162164 -23.846367
0.000000 38.162164 -23.846367
0.000000 38.162164 -23.846367
0.000000 38.162164 -23.846367
0.000000 38.162164 -23.846367
0.000000 38.162164 -23.846367
0.000000 38.162164 -23.846367
0.000000 38.162164 -23.846367
0.000000 38.162164 -23.846367
0.000000 38.162164 -23.846367
0.000000 38.162164 -23.846367
0.000000 38.162164 -23.846367
0.000000 38.162164 -23.846367
0.000000 38.162164 -23.846367
0.000000 38.162164 -23.846367
0.000000 38.162164 -23.846367
0.000000 38.162164 -23.846367
0.000000 38.162164 -23.846367
0.000000 38.162164 -23.846367
0.000000 38.162164 -23.846367
0.000000 38.162164 -23.846367
0.000000 38.162164 -23.846367
0.000000 38.162164 -23.846367
0.000000 38.162164 -23.846367
0.000000 38.162164 -23.846367
0.000000 38.162164 -23.846367
0.000000 38.162164 -23.846367
0.000000 38.162164 -23.846367
0.000000 38.162164 -23.846367
0.000000 38.162164 -23.846367
0.000000 38.162164 -23.846367
0.000000 38.162164 -23.846367
0.000000 38.162164 -23.846367
0.000000 38.162164 -23.846367
0.000000 38.162164 -23.846367
0.000000 38.162164 -23.846367
0.000000 38.162164 -23.846367
0.000000 38.162164 -23.846367
0.000000 38.162164 -23.846367
0.000000 38.162164 -23.846367
0.000000 38.162164 -23.846367
0.000000 38.162164 -23.846367
0.000000 38.162164 -23.846367
0.000000 38.162164 -23.846367
0.000000 38.162164 -23.846367
0.000000 38.162164 -23.846367
0.000000 38.162164 -23.846367
0.000000 38.162164 -23.846367
0.000000 38.162164 -23.846367
0.000000 38.162164 -23.846367
0.000000 38.162164 -23.846367
0.000000 38.162164 -23.846367
0.000000 38.162164 -23.846367
0.000000 38.162164 -23.846367
0.000000 38.162164 -23.846367
0.000000 38.162164 -23.846367
0.000000 38.162164 -23.846367
0.000000 38.162164 -23.846367
0.000000 38.162164 -23.846367
0.000000 38.162164 -23.846367
0.000000 38.162164 -23.846367
0.000000 38.162164 -23.846367
0.000000 38.162164 -23.846367
0.000000 38.162164 -23.846367
0.000000 38.162164 -23.846367
0.000000 38.162164 -23.846367
0.000000 38.162164 -23.846367
0.000000 38.162164 -23.846367
0.000000 38.162164 -23.846367
0.000000 38.162164 -23.846367
0.000000 38.162164 -23.846367
0.000000 38.162164 -23.846367
0.000000 38.162164 -23.846367
0.000000 38.162164 -23.846367
0.000000 38.162164 -23.846367
0.000000 38.162164 -23.846367
0.000000 38.162164 -23.846367
0.000000 38.162164 -23.846367
0.000000 38.162164 -23.846367
0.000000 38.162164 -23.846367
0.000000 38.162164 -23.846367
0.000000 38.162164 -23.846367
0.000000 38.162164 -23.846367
0.000000 38.162164 -23.846367
0.000000 38.162164 -23.846367
0.000000 38.162164 -23.846367
0.000000 38.162164 -23.846367
0.000000 38.162164 -23.846367
0.000000 38.162164 -23.846367
0.000000 38.162164 -23.846367
0.000000 38.162164 -23.846367
0.000000 38.162164 -23.846367
0.000000 38.162164 -23.846367
0.000000 38.162164 -23.846367
0.000000 38.162164 -23.846367
0.000000 38.162164 -23.846367
0.000000 38.162164 -23.846367
0.000000 38.162164 -23.846367
0.000000 38.162164 -23.846367
0.000000 38.162164 -23.846367
0.000000 38.162164 -23.846367
0.000000 38.162164 -23.846367
0.000000 38.162164 -23.846367
0.000000 38.162164 -23.846367
0.000000 38.162164 -23.846367
0.000000 38.162164 -23.846367
0.000000 38.162164 -23.846367
0.000000 38.162164 -23.846367
0.000000 38.162164 -23.846367
0.000000 38.162164 -23.846367
0.000000 38.162164 -23.846367
0.000000 38.162164 -23.846367
0.000000 38.162164 -23.846367
0.000000 38.162164 -23.846367
0.000000 38.162164 -23.846367
0.000000 38.162164 -23.846367
0.000000 38.162164 -23.846367
0.000000 38.162164 -23.846367
0.000000 38.162164 -23.846367
0.000000 38.162164 -23.846367
0.000000 38.162164 -23.846367
0.000000 38.162164 -23.846367
0.000000 38.162164 -23.846367
0.000000 38.162164 -23.846367
0.000000 38.162164 -23.846367
0.000000 38.162164 -23.846367
0.000000 38.162164 -23.846367
0.000000 38.162164 -23.846367
0.000000 38.162164 -23.846367
0.000000 38.162164 -23.846367
0.000000 38.162164 -23.846367
0.299722 38.160987 -23.846367
0.599425 38.157456 -23.846367
0.899092 38.151572 -23.846367
1.198703 38.143334 -23.846367
1.498240 38.132743 -23.846367
1.797684 38.119800 -23.846367
2.097018 38.104505 -23.846367
2.396222 38.086860 -23.846367
2.695279 38.066866 -23.846367
2.994169 38.044523 -23.846367
3.292874 38.019834 -23.846367
3.591377 37.992799 -23.846367
3.889658 37.963421 -23.846367
4.187699 37.931701 -23.846367
4.485481 37.897642 -23.846367
4.782987 37.861244 -23.846367
5.080198 37.822511 -23.846367
5.377096 37.781446 -23.846367
5.673662 37.738049 -23.846367
5.969878 37.692325 -23.846367
6.265725 37.644275 -23.846367
6.561187 37.593904 -23.846367
6.856243 37.541214 -23.846367
7.150877 37.486207 -23.846367
7.445069 37.428889 -23.846367
7.738802 37.369262 -23.846367
8.032058 37.307329 -23.846367
8.324818 37.243096 -23.846367
8.617065 37.176565 -23.846367
8.908780 37.107741 -23.846367
9.199946 37.036628 -23.846367
9.490544 36.963230 -23.846367
9.780557 36.887552 -23.846367
10.069967 36.809599 -23.846367
10.358755 36.729375 -23.846367
10.646904 36.646885 -23.846367
10.934397 36.562135 -23.846367
11.221215 36.475130 -23.846367
11.507341 36.385875 -23.846367
11.792757 36.294375 -23.846367
12.077446 36.200637 -23.846367
12.361390 36.104665 -23.846367
12.644571 36.006466 -23.846367
12.926972 35.906047 -23.846367
13.208576 35.803412 -23.846367
13.489365 35.698569 -23.846367
13.769322 35.591524 -23.846367
14.048430 35.482283 -23.846367
14.326671 35.370854 -23.846367
14.604028 35.257243 -23.846367
14.880484 35.141457 -23.846367
15.156023 35.023503 -23.846367
15.430627 34.903389 -23.846367
15.704279 34.781122 -23.846367
15.976962 34.656709 -23.846367
16.248659 34.530159 -23.846367
16.519355 34.401478 -23.846367
16.789031 34.270676 -23.846367
17.057672 34.137760 -23.846367
17.325260 34.002737 -23.846367
17.591780 33.865618 -23.846367
17.857214 33.726409 -23.846367
18.121548 33.585120 -23.846367
18.384763 33.441760 -23.846367
18.646844 33.296336 -23.846367
18.907775 33.148859 -23.846367
19.167540 32.999336 -23.846367
19.426122 32.847779 -23.846367
19.683506 32.694195 -23.846367
19.939676 32.538594 -23.846367
20.194616 32.380986 -23.846367
20.448310 32.221381 -23.846367
20.700743 32.059788 -23.846367
20.951899 31.896218 -23.846367
21.201763 31.730680 -23.846367
21.450318 31.563185 -23.846367
21.697551 31.393743 -23.846367
21.943445 31.222364 -23.846367
22.187985 31.049059 -23.846367
22.431157 30.873839 -23.846367
22.672946 30.696715 -23.846367
22.913335 30.517697 -23.846367
23.152312 30.336797 -23.846367
23.389860 30.154025 -23.846367
23.625965 29.969394 -23.846367
23.860613 29.782913 -23.846367
24.093789 29.594596 -23.846367
24.325479 29.404453 -23.846367
24.555668 29.212496 -23.846367
24.784343 29.018737 -23.846367
25.011489 28.823189 -23.846367
25.237092 28.625862 -23.846367
25.461138 28.426769 -23.846367
25.683614 28.225923 -23.846367
25.904506 28.023336 -23.846367
26.123799 27.819021 -23.846367
26.341481 27.612989 -23.846367
26.557539 27.405254 -23.846367
26.771958 27.195828 -23.846367
26.984725 26.984725 -23.846367
27.195828 26.771958 -23.846367
27.405254 26.557539 -23.846367
27.612989 26.341481 -23.846367
27.819021 26.123799 -23.846367
28.023336 25.904506 -23.846367
28.225923 25.683614 -23.846367
28.426769 25.461138 -23.846367
28.625862 25.237092 -23.846367
28.823189 25.011489 -23.846367
29.018737 24.784343 -23.846367
29.212496 24.555668 -23.846367
29.404453 24.325479 -23.846367
29.594596 24.093789 -23.846367
29.782913 23.860613 -23.846367
29.969394 23.625965 -23.846367
30.154025 23.389860 -23.846367
30.336797 23.152312 -23.846367
30.517697 22.913335 -23.846367
30.696715 22.672946 -23.846367
30.873839 22.431157 -23.846367
31.049059 22.187985 -23.846367
31.222364 21.943445 -23.846367
31.393743 21.697551 -23.846367
31.563185 21.450318 -23.846367
31.730680 21.201763 -23.846367
31.896218 20.951899 -23.846367
32.059788 20.700743 -23.846367
32.221381 20.448310 -23.846367
32.380986 20.194616 -23.846367
32.538594 19.939676 -23.846367
32.694195 19.683506 -23.846367
32.847779 19.426122 -23.846367
32.999336 19.167540 -23.846367
33.148859 18.907775 -23.846367
33.296336 18.646844 -23.846367
33.441760 18.384763 -23.846367
33.585120 18.121548 -23.846367
33.726409 17.857214 -23.846367
33.865618 17.591780 -23.846367
34.002737 17.325260 -23.846367
34.137760 17.057672 -23.846367
34.270676 16.789031 -23.846367
34.401478 16.519355 -23.846367
34.530159 16.248659 -23.846367
34.656709 15.976962 -23.846367
34.781122 15.704279 -23.846367
34.903389 15.430627 -23.846367
35.023503 15.156023 -23.846367
35.141457 14.880484 -23.846367
35.257243 14.604028 -23.846367
35.370854 14.326671 -23.846367
35.482283 14.048430 -23.846367
35.591524 13.769322 -23.846367
35.698569 13.489365 -23.846367
35.803412 13.208576 -23.846367
35.906047 12.926972 -23.846367
36.006466 12.644571 -23.846367
36.104665 12.361390 -23.846367
36.200637 12.077446 -23.846367
36.294375 11.792757 -23.846367
36.385875 11.507341 -23.846367
36.475130 11.221215 -23.846367
36.562135 10.934397 -23.846367
36.646885 10.646904 -23.846367
36.729375 10.358755 -23.846367
36.809599 10.069967 -23.846367
36.887552 9.780557 -23.846367
36.963230 9.490544 -23.846367
37.036628 9.199946 -23.846367
37.107741 8.908780 -23.846367
37.176565 8.617065 -23.846367
37.243096 8.324818 -23.846367
37.307329 8.032058 -23.846367
37.369262 7.738802 -23.846367
37.428889 7.445069 -23.846367
37.486207 7.150877 -23.846367
37.541214 6.856243 -23.846367
37.593904 6.561187 -23.846367
37.644275 6.265725 -23.846367
37.692325 5.969878 -23.846367
37.738049 5.673662 -23.846367
37.781446 5.377096 -23.846367
37.822511 5.080198 -23.846367
37.861244 4.782987 -23.846367
37.897642 4.485481 -23.846367
37.931701 4.187699 -23.846367
37.963421 3.889658 -23.846367
37.992799 3.591377 -23.846367
38.019834 3.292874 -23.846367
38.044523 2.994169 -23.846367
38.066866 2.695279 -23.846367
38.086860 2.396222 -23.846367
38.104505 2.097018 -23.846367
38.119800 1.797684 -23.846367
38.132743 1.498240 -23.846367
38.143334 1.198703 -23.846367
38.151572 0.899092 -23.846367
38.157456 0.599425 -23.846367
38.160987 0.299722 -23.846367
38.162164 0.000000 -23.846367
38.162164 0.000000 -23.846367
38.162164 0.000000 -23.846367
38.162164 0.000000 -23.846367
38.162164 0.000000 -23.846367
38.162164 0.000000 -23.846367
38.162164 0.000000 -23.846367
38.162164 0.000000 -23.846367
38.162164 0.000000 -23.846367
38.162164 0.000000 -23.846367
38.162164 0.000000 -23.846367
38.162164 0.000000 -23.846367
38.162164 0.000000 -23.846367
38.162164 0.000000 -23.846367
38.162164 0.000000 -23.846367
38.162164 0.000000 -23.846367
38.162164 0.000000 -23.846367
38.162164 0.000000 -23.846367
38.162164 0.000000 -23.846367
38.162164 0.000000 -23.846367
38.162164 0.000000 -23.846367
38.162164 0.000000 -23.846367
38.162164 0.000000 -23.846367
38.162164 0.000000 -23.846367
38.162164 0.000000 -23.846367
38.162164 0.000000 -23.846367
38.162164 0.000000 -23.846367
38.162164 0.000000 -23.846367
38.162164 0.000000 -23.846367
38.162164 0.000000 -23.846367
38.162164 0.000000 -23.846367
38.162164 0.000000 -23.846367
38.162164 0.000000 -23.846367
38.162164 0.000000 -23.846367
38.162164 0.000000 -23.846367
38.162164 0.000000 -23.846367
38.162164 0.000000 -23.846367
38.162164 0.000000 -23.846367
38.162164 0.000000 -23.846367
38.162164 0.000000 -23.846367
38.162164 0.000000 -23.846367
38.162164 0.000000 -23.846367
38.162164 0.000000 -23.846367
38.162164 0.000000 -23.846367
38.162164 0.000000 -23.846367
38.162164 0.000000 -23.846367
38.162164 0.000000 -23.846367
38.162164 0.000000 -23.846367
38.162164 0.000000 -23.846367
38.162164 0.000000 -23.846367
38.162164 0.000000 -23.846367
38.162164 0.000000 -23.846367
38.162164 0.000000 -23.846367
38.162164 0.000000 -23.846367
38.162164 0.000000 -23.846367
38.162164 0.000000 -23.846367
38.162164 0.000000 -23.846367
38.162164 0.000000 -23.846367
38.162164 0.000000 -23.846367
38.162164 0.000000 -23.846367
38.162164 0.000000 -23.846367
38.162164 0.000000 -23.846367
38.162164 0.000000 -23.846367
38.162164 0.000000 -23.846367
38.162164 0.000000 -23.846367
38.162164 0.000000 -23.846367
38.162164 0.000000 -23.846367
38.162164 0.000000 -23.846367
38.162164 0.000000 -23.846367
38.162164 0.000000 -23.846367
38.162164 0.000000 -23.846367
38.162164 0.000000 -23.846367
38.162164 0.000000 -23.846367
38.162164 0.000000 -23.846367
38.162164 0.000000 -23.846367
38.162164 0.000000 -23.846367
38.162164 0.000000 -23.846367
38.162164 0.000000 -23.846367
38.162164 0.000000 -23.846367
38.162164 0.000000 -23.846367
38.162164 0.000000 -23.846367
38.162164 0.000000 -23.846367
38.162164 0.000000 -23.846367
38.162164 0.000000 -23.846367
38.162164 0.000000 -23.846367
38.162164 0.000000 -23.846367
38.162164 0.000000 -23.846367
38.162164 0.000000 -23.846367
38.162164 0.000000 -23.846367
38.162164 0.000000 -23.846367
38.162164 0.000000 -23.846367
38.162164 0.000000 -23.846367
38.162164 0.000000 -23.846367
38.162164 0.000000 -23.846367
38.162164 0.000000 -23.846367
38.162164 0.000000 -23.846367
38.162164 0.000000 -23.846367
38.162164 0.000000 -23.846367
38.162164 0.000000 -23.846367
38.162164 0.000000 -23.846367
38.162164 0.000000 -23.846367
38.162164 0.000000 -23.846367
38.162164 0.000000 -23.846367
38.162164 0.000000 -23.846367
38.162164 0.000000 -23.846367
38.162164 0.000000 -23.846367
38.162164 0.000000 -23.846367
38.162164 0.000000 -23.846367
38.162164 0.000000 -23.846367
38.162164 0.000000 -23.846367
38.162164 0.000000 -23.846367
38.162164 0.000000 -23.846367
38.162164 0.000000 -23.846367
38.162164 0.000000 -23.846367
38.162164 0.000000 -23.846367
38.162164 0.000000 -23.846367
38.162164 0.000000 -23.846367
38.162164 0.000000 -23.846367
38.162164 0.000000 -23.846367
38.162164 0.000000 -23.846367
38.162164 0.000000 -23.846367
38.162164 0.000000 -23.846367
38.162164 0.000000 -23.846367
38.162164 0.000000 -23.846367
38.162164 0.000000 -23.846367
38.162164 0.000000 -23.846367
38.162164 0.000000 -23.846367
38.162164 0.000000 -23.846367
38.162164 0.000000 -23.846367
38.162164 0.000000 -23.846367
38.162164 0.000000 -23.846367
38.162164 0.000000 -23.846367
38.162164 0.000000 -23.846367
38.162164 0.000000 -23.846367
38.162164 0.000000 -23.846367
38.162164 0.000000 -23.846367
38.162164 0.000000 -23.846367
38.162164 0.000000 -23.846367
38.162164 0.000000 -23.846367
38.162164 0.000000 -23.846367
38.162164 0.000000 -23.846367
38.162164 0.000000 -23.846367
38.162164 0.000000 -23.846367
38.162164 0.000000 -23.846367
38.162164 0.000000 -23.846367
38.162164 0.000000 -23.846367
38.162164 0.000000 -23.846367
38.162164 0.000000 -23.846367
38.162164 0.000000 -23.846367
38.162164 0.000000 -23.846367
38.162164 0.000000 -23.846367
38.162164 0.000000 -23.846367
38.162164 0.000000 -23.846367
38.162164 0.000000 -23.846367
38.162164 0.000000 -23.846367
38.162164 0.000000 -23.846367
38.162164 0.000000 -23.846367
38.162164 0.000000 -23.846367
38.162164 0.000000 -23.846367
38.162164 0.000000 -23.846367
38.162164 0.000000 -23.846367
38.162164 0.000000 -23.846367
38.162164 0.000000 -23.846367
38.162164 0.000000 -23.846367
38.162164 0.000000 -23.846367
38.162164 0.000000 -23.846367
38.162164 0.000000 -23.846367
38.162164 0.000000 -23.846367
38.162164 0.000000 -23.846367
38.162164 0.000000 -23.846367
38.162164 0.000000 -23.846367
38.162164 0.000000 -23.846367
38.162164 0.000000 -23.846367
38.162164 0.000000 -23.846367
38.162164 0.000000 -23.846367
38.162164 0.000000 -23.846367
38.162164 0.000000 -23.846367
38.162164 0.000000 -23.846367
38.162164 0.000000 -23.846367
38.162164 0.000000 -23.846367
38.162164 0.000000 -23.846367
38.162164 0.000000 -23.846367
38.162164 0.000000 -23.846367
38.162164 0.000000 -23.846367
38.162164 0.000000 -23.846367
38.162164 0.000000 -23.846367
38.162164 0.000000 -23.846367
38.162164 0.000000 -23.846367
38.162164 0.000000 -23.846367
38.162164 0.000000 -23.846367
38.162164 0.000000 -23.846367
38.162164 0.000000 -23.846367
38.162164 0.000000 -23.846367
38.162164 0.000000 -23.846367
38.162164 0.000000 -23.846367
38.162164 0.000000 -23.846367
38.162164 0.000000 -23.846367
38.162164 0.000000 -23.846367
38.162164 0.000000 -23.846367
38.162164 0.000000 -23.846367
38.162164 0.000000 -23.846367
38.162164 0.000000 -23.846367
38.162164 0.000000 -23.846367
38.162164 0.000000 -23.846367
38.162164 0.000000 -23.846367
38.162164 0.000000 -23.846367
38.162164 0.000000 -23.846367
38.162164 0.000000 -23.846367
38.162164 0.000000 -23.846367
38.162164 0.000000 -23.846367
38.162164 0.000000 -23.846367
38.162164 0.000000 -23.846367
38.162164 0.000000 -23.846367
38.162164 0.000000 -23.846367
38.162164 0.000000 -23.846367
38.162164 0.000000 -23.846367
38.162164 0.000000 -23.846367
38.162164 0.000000 -23.846367
38.162164 0.000000 -23.846367
38.162164 0.000000 -23.846367
38.162164 0.000000 -23.846367
38.162164 0.000000 -23.846367
38.162164 0.000000 -23.846367
38.162164 0.000000 -23.846367
38.162164 0.000000 -23.846367
38.162164 0.000000 -23.846367
38.162164 0.000000 -23.846367
38.162164 0.000000 -23.846367
38.162164 0.000000 -23.846367
38.162164 0.000000 -23.846367
38.162164 0.000000 -23.846367
38.162164 0.000000 -23.846367
38.162164 0.000000 -23.846367
38.162164 0.000000 -23.846367
38.162164 0.000000 -23.846367
38.162164 0.000000 -23.846367
38.162164 0.000000 -23.846367
38.162164 0.000000 -23.846367
38.162164 0.000000 -23.846367
38.162164 0.000000 -23.846367
38.162164 0.000000 -23.846367
38.162164 0.000000 -23.846367
38.162164 0.000000 -23.846367
38.162164 0.000000 -23.846367
38.162164 0.000000 -23.846367
38.162164 0.000000 -23.846367
38.162164 0.000000 -23.846367
38.162164 0.000000 -23.846367
38.162164 0.000000 -23.846367
38.162164 0.000000 -23.846367
38.162164 0.000000 -23.846367
38.162164 0.000000 -23.846367
38.162164 0.000000 -23.846367
38.162164 0.000000 -23.846367
38.162164 0.000000 -23.846367
38.162164 0.000000 -23.846367
38.162164 0.000000 -23.846367
38.162164 0.000000 -23.846367
38.162164 0.000000 -23.846367
38.162164 0.000000 -23.846367
38.162164 0.000000 -23.846367
38.162164 0.000000 -23.846367
38.162164 0.000000 -23.846367
38.162164 0.000000 -23.846367
38.162164 0.000000 -23.846367
38.162164 0.000000 -23.846367
38.162164 0.000000 -23.846367
38.162164 0.000000 -23.846367
38.162164 0.000000 -23.846367
38.162164 0.000000 -23.846367
38.162164 0.000000 -23.846367
38.162164 0.000000 -23.846367
38.162164 0.000000 -23.846367
38.162164 0.000000 -23.846367
38.162164 0.000000 -23.846367
38.162164 0.000000 -23.846367
38.162164 0.000000 -23.846367
38.162164 0.000000 -23.846367
38.162164 0.000000 -23.846367
38.162164 0.000000 -23.846367
38.162164 0.000000 -23.846367
38.162164 0.000000 -23.846367
38.162164 0.000000 -23.846367
38.162164 0.000000 -23.846367
38.162164 0.000000 -23.846367
38.162164 0.000000 -23.846367
38.162164 0.000000 -23.846367
38.162164 0.000000 -23.846367
38.162164 0.000000 -23.846367
38.162164 0.000000 -23.846367
38.162164 0.000000 -23.846367
38.162164 0.000000 -23.846367
38.162164 0.000000 -23.846367
38.162164 0.000000 -23.846367
38.162164 0.000000 -23.846367
38.162164 0.000000 -23.846367
38.162164 0.000000 -23.846367
38.162164 0.000000 -23.846367
38.162164 0.000000 -23.846367
38.162164 0.000000 -23.846367
38.162164 0.000000 -23.846367
38.162164 0.000000 -23.846367
38.162164 0.000000 -23.846367
38.162164 0.000000 -23.846367
38.162164 0.000000 -23.846367
38.162164 0.000000 -23.846367
38.162164 0.000000 -23.846367
38.162164 0.000000 -23.846367
38.162164 0.000000 -23.846367
38.162164 0.000000 -23.846367
38.162164 0.000000 -23.846367
38.162164 0.000000 -23.846367
38.162164 0.000000 -23.846367
38.162164 0.000000 -23.846367
38.162164 0.000000 -23.846367
38.162164 0.000000 -23.846367
38.162164 0.000000 -23.846367
38.162164 0.000000 -23.846367
38.162164 0.000000 -23.846367
38.162164 0.000000 -23.846367
38.162164 0.000000 -23.846367
38.162164 0.000000 -23.846367
38.162164 0.000000 -23.846367
38.162164 0.000000 -23.846367
38.162164 0.000000 -23.846367
38.162164 0.000000 -23.846367
38.162164 0.000000 -23.846367
38.162164 0.000000 -23.846367
38.162164 0.000000 -23.846367
38.162164 0.000000 -23.846367
38.162164 0.000000 -23.846367
38.162164 0.000000 -23.846367
38.162164 0.000000 -23.846367
38.162164 0.000000 -23.846367
38.162164 0.000000 -23.846367
38.162164 0.000000 -23.846367
38.162164 0.000000 -23.846367
38.162164 0.000000 -23.846367
38.162164 0.000000 -23.846367
38.162164 0.000000 -23.846367
38.162164 0.000000 -23.846367
38.162164 0.000000 -23.846367
38.162164 0.000000 -23.846367
38.162164 0.000000 -23.846367
38.162164 0.000000 -23.846367
38.162164 0.000000 -23.846367
38.162164 0.000000 -23.846367
38.162164 0.000000 -23.846367
38.162164 0.000000 -23.846367
38.162164 0.000000 -23.846367
38.162164 0.000000 -23.846367
38.162164 0.000000 -23.846367
38.162164 0.000000 -23.846367
38.162164 0.000000 -23.846367
38.162164 0.000000 -23.846367
38.162164 0.000000 -23.846367
38.162164 0.000000 -23.846367
38.162164 0.000000 -23.846367
38.162164 0.000000 -23.846367
38.162164 0.000000 -23.846367
38.162164 0.000000 -23.846367
38.162164 0.000000 -23.846367
38.162164 0.000000 -23.846367
38.162164 0.000000 -23.846367
38.162164 0.000000 -23.846367
38.162164 0.000000 -23.846367
38.162164 0.000000 -23.846367
38.162164 0.000000 -23.846367
38.162164 0.000000 -23.846367
38.162164 0.000000 -23.846367
38.162164 0.000000 -23.846367
38.162164 0.000000 -23.846367
38.162164 0.000000 -23.846367
38.162164 0.000000 -23.846367
38.162164 0.000000 -23.846367
38.162164 0.000000 -23.846367
38.162164 0.000000 -23.846367
38.162164 0.000000 -23.846367
38.162164 0.000000 -23.846367
38.162164 0.000000 -23.846367
38.162164 0.000000 -23.846367
38.162164 0.000000 -23.846367
38.162164 0.000000 -23.846367
38.162164 0.000000 -23.846367
38.162164 0.000000 -23.846367
38.162164 0.000000 -23.846367
38.162164 0.000000 -23.846367
38.162164 0.000000 -23.846367
38.162164 0.000000 -23.846367
38.162164 0.000000 -23.846367
38.162164 0.000000 -23.846367
38.162164 0.000000 -23.846367
38.162164 0.000000 -23.846367
38.162164 0.000000 -23.846367
38.162164 0.000000 -23.846367
38.162164 0.000000 -23.846367
38.162164 0.000000 -23.846367
38.162164 0.000000 -23.846367
38.162164 0.000000 -23.846367
38.162164 0.000000 -23.846367
38.162164 0.000000 -23.846367
38.162164 0.000000 -23.846367
38.162164 0.000000 -23.846367
38.162164 0.000000 -23.846367
38.162164 0.000000 -23.846367
38.162164 0.000000 -23.846367
38.162164 0.000000 -23.846367
38.162164 0.000000 -23.846367
38.162164 0.000000 -23.846367
38.162164 0.000000 -23.846367
38.162164 0.000000 -23.846367
38.162164 0.000000 -23.846367
38.162164 0.000000 -23.846367
38.162164 0.000000 -23.846367
38.162164 0.000000 -23.846367
38.162164 0.000000 -23.846367
38.162164 0.000000 -23.846367
38.162164 0.000000 -23.846367
38.162164 0.000000 -23.846367
38.162164 0.000000 -23.846367
38.162164 0.000000 -23.846367
38.162164 0.000000 -23.846367
38.162164 0.000000 -23.846367
38.162164 0.000000 -23.846367
38.162164 0.000000 -23.846367
38.162164 0.000000 -23.846367
38.162164 0.000000 -23.846367
38.162164 0.000000 -23.846367
38.162164 0.000000 -23.846367
38.162164 0.000000 -23.846367
38.162164 0.000000 -23.846367
38.162164 0.000000 -23.846367
38.162164 0.000000 -23.846367
38.162164 0.000000 -23.846367
38.162164 0.000000 -23.846367
38.162164 0.000000 -23.846367
38.162164 0.000000 -23.846367
38.162164 0.000000 -23.846367
38.162164 0.000000 -23.846367
38.162164 0.000000 -23.846367
38.162164 0.000000 -23.846367
38.162164 0.000000 -23.846367
38.162164 0.000000 -23.846367
38.162164 0.000000 -23.846367
38.162164 0.000000 -23.846367
38.162164 0.000000 -23.846367
38.162164 0.000000 -23.846367
38.162164 0.000000 -23.846367
38.162164 0.000000 -23.846367
38.162164 0.000000 -23.846367
38.162164 0.000000 -23.846367
38.162164 0.000000 -23.846367
38.162164 0.000000 -23.846367
38.162164 0.000000 -23.846367
38.162164 0.000000 -23.846367
38.162164 0.000000 -23.846367
38.162164 0.000000 -23.846367
38.162164 0.000000 -23.846367
38.162164 0.000000 -23.846367
38.162164 0.000000 -23.846367
38.162164 0.000000 -23.846367
38.162164 0.000000 -23.846367
38.162164 0.000000 -23.846367
38.162164 0.000000 -23.846367
38.162164 0.000000 -23.846367
38.162164 0.000000 -23.846367
38.162164 0.000000 -23.846367
38.162164 0.000000 -23.846367
38.162164 0.000000 -23.846367
38.162164 0.000000 -23.846367
38.162164 0.000000 -23.846367
38.162164 0.000000 -23.846367
38.162164 0.000000 -23.846367
38.162164 0.000000 -23.846367
38.162164 0.000000 -23.846367
38.162164 0.000000 -23.846367
38.162164 0.000000 -23.846367
38.162164 0.000000 -23.846367
38.162164 0.000000 -23.846367
38.162164 0.000000 -23.846367
38.162164 0.000000 -23.846367
38.162164 0.000000 -23.846367
38.162164 0.000000 -23.846367
38.162164 0.000000 -23.846367
38.162164 0.000000 -23.846367
38.162164 0.000000 -23.846367
38.162164 0.000000 -23.846367
38.162164 0.000000 -23.846367
38.162164 0.000000 -23.846367
38.162164 0.000000 -23.846367
38.162164 0.000000 -23.846367
38.162164 0.000000 -23.846367
38.162164 0.000000 -23.846367
38.162164 0.000000 -23.846367
38.162164 0.000000 -23.846367
38.162164 0.000000 -23.846367
38.162164 0.000000 -23.846367
38.162164 0.000000 -23.846367
38.162164 0.000000 -23.846367
38.162164 0.000000 -23.846367
38.162164 0.000000 -23.846367
38.162164 0.000000 -23.846367
38.162164 0.000000 -23.846367
38.162164 0.000000 -23.846367
38.162164 0.000000 -23.846367
38.162164 0.000000 -23.846367
38.162164 0.000000 -23.846367
38.162164 0.000000 -23.846367
38.162164 0.000000 -23.846367
38.162164 0.000000 -23.846367
38.162164 0.000000 -23.846367
38.162164 0.000000 -23.846367
38.162164 0.000000 -23.846367
38.162164 0.000000 -23.846367
38.162164 0.000000 -23.846367
38.162164 0.000000 -23.846367
38.162164 0.000000 -23.846367
38.162164 0.000000 -23.846367
38.162164 0.000000 -23.846367
38.162164 0.000000 -23.846367
38.162164 0.000000 -23.846367
38.162164 0.000000 -23.846367
38.162164 0.000000 -23.846367
38.162164 0.000000 -23.846367
38.162164 0.000000 -23.846367
38.162164 0.000000 -23.846367
38.162164 0.000000 -23.846367
38.162164 0.000000 -23.846367
38.162164 0.000000 -23.846367
38.162164 0.000000 -23.846367
38.162164 0.000000 -23.846367
38.162164 0.000000 -23.846367
38.162164 0.000000 -23.846367
38.162164 0.000000 -23.846367
38.162164 0.000000 -23.846367
38.162164 0.000000 -23.846367
38.162164 0.000000 -23.846367
38.162164 0.000000 -23.846367
38.162164 0.000000 -23.846367
38.162164 0.000000 -23.846367
38.162164 0.000000 -23.846367
38.162164 0.000000 -23.846367
38.162164 0.000000 -23.846367
38.162164 0.000000 -23.846367
38.162164 0.000000 -23.846367
38.162164 0.000000 -23.846367
38.162164 0.000000 -23.846367
38.162164 0.000000 -23.846367
38.162164 0.000000 -23.846367
38.162164 0.000000 -23.846367
38.162164 0.000000 -23.846367
38.162164 0.000000 -23.846367
38.162164 0.000000 -23.846367
38.162164 0.000000 -23.846367
38.162164 0.000000 -23.846367
38.162164 0.000000 -23.846367
38.162164 0.000000 -23.846367
38.162164 0.000000 -23.846367
38.162164 0.000000 -23.846367
38.162164 0.000000 -23.846367
38.162164 0.000000 -23.846367
38.162164 0.000000 -23.846367
38.162164 0.000000 -23.846367
38.162164 0.000000 -23.846367
38.162164 0.000000 -23.846367
38.162164 0.000000 -23.846367
38.162164 0.000000 -23.846367
38.162164 0.000000 -23.846367
38.162164 0.000000 -23.846367
38.162164 0.000000 -23.846367
38.162164 0.000000 -23.846367
38.162164 0.000000 -23.846367
38.162164 0.000000 -23.846367
38.162164 0.000000 -23.846367
38.162164 0.000000 -23.846367
38.162164 0.000000 -23.846367
38.162164 0.000000 -23.846367
38.162164 0.000000 -23.846367
38.162164 0.000000 -23.846367
38.162164 0.000000 -23.846367
38.162164 0.000000 -23.846367
38.162164 0.000000 -23.846367
38.162164 0.000000 -23.846367
38.162164 0.000000 -23.846367
38.162164 0.000000 -23.846367
38.162164 0.000000 -23.846367
38.162164 0.000000 -23.846367
38.162164 0.000000 -23.846367
38.162164 0.000000 -23.846367
38.162164 0.000000 -23.846367
38.162164 0.000000 -23.846367
38.162164 0.000000 -23.846367
38.162164 0.000000 -23.846367
38.162164 0.000000 -23.846367
38.162164 0.000000 -23.846367
38.162164 0.000000 -23.846367
38.162164 0.000000 -23.846367
38.162164 0.000000 -23.846367
38.162164 0.000000 -23.846367
38.162164 0.000000 -23.846367
38.162164 0.000000 -23.846367
38.162164 0.000000 -23.846367
38.162164 0.000000 -23.846367
38.162164 0.000000 -23.846367
38.162164 0.000000 -23.846367
38.162164 0.000000 -23.846367
38.162164 0.000000 -23.846367
38.162164 0.000000 -23.846367
38.162164 0.000000 -23.846367
38.162164 0.000000 -23.846367
38.162164 0.000000 -23.846367
38.162164 0.000000 -23.846367
38.162164 0.000000 -23.846367
38.162164 0.000000 -23.846367
38.162164 0.000000 -23.846367
38.162164 0.000000 -23.846367
38.162164 0.000000 -23.846367
38.162164 0.000000 -23.846367
38.162164 0.000000 -23.846367
38.162164 0.000000 -23.846367
38.162164 0.000000 -23.846367
38.162164 0.000000 -23.846367
38.162164 0.000000 -23.846367
38.162164 0.000000 -23.846367
38.162164 0.000000 -23.846367
38.162164 0.000000 -23.846367
38.162164 0.000000 -23.846367
38.162164 0.000000 -23.846367
38.162164 0.000000 -23.846367
38.162164 0.000000 -23.846367
38.162164 0.000000 -23.846367
38.162164 0.000000 -23.846367
38.162164 0.000000 -23.846367
38.162164 0.000000 -23.846367
38.162164 0.000000 -23.846367
38.162164 0.000000 -23.846367
38.162164 0.000000 -23.846367
38.162164 0.000000 -23.846367
38.162164 0.000000 -23.846367
38.162164 0.000000 -23.846367
38.162164 0.000000 -23.846367
38.162164 0.000000 -23.846367
38.162164 0.000000 -23.846367
38.162164 0.000000 -23.846367
38.162164 0.000000 -23.846367
38.162164 0.000000 -23.846367
38.162164 0.000000 -23.846367
38.162164 0.000000 -23.846367
38.162164 0.000000 -23.846367
38.162164 0.000000 -23.846367
38.162164 0.000000 -23.846367
38.162164 0.000000 -23.846367
38.162164 0.000000 -23.846367
38.162164 0.000000 -23.846367
38.162164 0.000000 -23.846367
38.162164 0.000000 -23.846367
38.162164 0.000000 -23.846367
38.162164 0.000000 -23.846367
38.162164 0.000000 -23.846367
38.162164 0.000000 -23.846367
38.162164 0.000000 -23.846367
38.162164 0.000000 -23.846367
38.162164 0.000000 -23.846367
38.162164 0.000000 -23.846367
38.162164 0.000000 -23.846367
38.162164 0.000000 -23.846367
38.162164 0.000000 -23.846367
38.162164 0.000000 -23.846367
38.162164 0.000000 -23.846367
38.162164 0.000000 -23.846367
38.162164 0.000000 -23.846367
38.162164 0.000000 -23.846367
38.162164 0.000000 -23.846367
38.162164 0.000000 -23.846367
38.162164 0.000000 -23.846367
38.162164 0.000000 -23.846367
38.162164 0.000000 -23.846367
38.162164 0.000000 -23.846367
38.162164 0.000000 -23.846367
38.162164 0.000000 -23.846367
38.162164 0.000000 -23.846367
38.162164 0.000000 -23.846367
38.162164 0.000000 -23.846367
38.162164 0.000000 -23.846367
38.162164 0.000000 -23.846367
38.162164 0.000000 -23.846367
38.162164 0.000000 -23.846367
38.162164 0.000000 -23.846367
38.162164 0.000000 -23.846367
38.162164 0.000000 -23.846367
38.162164 0.000000 -23.846367
38.162164 0.000000 -23.846367
38.162164 0.000000 -23.846367
38.162164 0.000000 -23.846367
38.162164 0.000000 -23.846367
38.162164 0.000000 -23.846367
38.162164 0.000000 -23.846367
38.162164 0.000000 -23.846367
38.162164 0.000000 -23.846367
38.162164 0.000000 -23.846367
38.162164 0.000000 -23.846367
38.162164 0.000000 -23.846367
38.162164 0.000000 -23.846367
38.162164 0.000000 -23.846367
38.162164 0.000000 -23.846367
38.162164 0.000000 -23.846367
38.162164 0.000000 -23.846367
38.162164 0.000000 -23.846367
38.162164 0.000000 -23.846367
38.162164 0.000000 -23.846367
38.162164 0.000000 -23.846367
38.162164 0.000000 -23.846367
38.162164 0.000000 -23.846367
38.162164 0.000000 -23.846367
38.162164 0.000000 -23.846367
38.162164 0.000000 -23.846367
38.162164 0.000000 -23.846367
38.162164 0.000000 -23.846367
38.162164 0.000000 -23.846367
38.162164 0.000000 -23.846367
38.162164 0.000000 -23.846367
38.162164 0.000000 -23.846367
38.162164 0.000000 -23.846367
38.162164 0.000000 -23.846367
38.162164 0.000000 -23.846367
38.162164 0.000000 -23.846367
38.162164 0.000000 -23.846367
38.162164 0.000000 -23.846367
38.162164 0.000000 -23.846367
38.162164 0.000000 -23.846367
38.162164 0.000000 -23.846367
38.162164 0.000000 -23.846367
38.162164 0.000000 -23.846367
38.162164 0.000000 -23.846367
38.162164 0.000000 -23.846367
38.162164 0.000000 -23.846367
38.162164 0.000000 -23.846367
38.162164 0.000000 -23.846367
38.162164 0.000000 -23.846367
38.162164 0.000000 -23.846367
38.162164 0.000000 -23.846367
38.162164 0.000000 -23.846367
38.162164 0.000000 -23.846367
38.162164 0.000000 -23.846367
38.162164 0.000000 -23.846367
38.162164 0.000000 -23.846367
38.162164 0.000000 -23.846367
38.162164 0.000000 -23.846367
38.162164 0.000000 -23.846367
38.162164 0.000000 -23.846367
38.162164 0.000000 -23.846367
38.162164 0.000000 -23.846367
38.162164 0.000000 -23.846367
38.162164 0.000000 -23.846367
38.162164 0.000000 -23.846367
38.162164 0.000000 -23.846367
38.162164 0.000000 -23.846367
38.162164 0.000000 -23.846367
38.162164 0.000000 -23.846367
38.162164 0.000000 -23.846367
38.162164 0.000000 -23.846367
38.162164 0.000000 -23.846367
38.162164 0.000000 -23.846367
38.162164 0.000000 -23.846367
38.162164 0.000000 -23.846367
38.162164 0.000000 -23.846367
38.162164 0.000000 -23.846367
38.162164 0.000000 -23.846367
38.162164 0.000000 -23.846367
38.162164 0.000000 -23.846367
38.162164 0.000000 -23.846367
38.162164 0.000000 -23.846367
38.162164 0.000000 -23.846367
38.162164 0.000000 -23.846367
38.162164 0.000000 -23.846367
38.162164 0.000000 -23.846367
38.162164 0.000000 -23.846367
38.162164 0.000000 -23.846367
38.162164 0.000000 -23.846367
38.162164 0.000000 -23.846367
38.162164 0.000000 -23.846367
38.162164 0.000000 -23.846367
38.162164 0.000000 -23.846367
38.162164 0.000000 -23.846367
38.162164 0.000000 -23.846367
38.162164 0.000000 -23.846367
38.162164 0.000000 -23.846367
38.162164 0.000000 -23.846367
38.162164 0.000000 -23.846367
38.162164 0.000000 -23.846367
38.162164 0.000000 -23.846367
38.162164 0.000000 -23.846367
38.162164 0.000000 -23.846367
38.162164 0.000000 -23.846367
38.162164 0.000000 -23.846367
38.162164 0.000000 -23.846367
38.162164 0.000000 -23.846367
38.162164 0.000000 -23.846367
38.162164 0.000000 -23.846367
38.162164 0.000000 -23.846367
38.162164 0.000000 -23.846367
38.162164 0.000000 -23.846367
38.162164 0.000000 -23.846367
38.162164 0.000000 -23.846367
38.162164 0.000000 -23.846367
38.162164 0.000000 -23.846367
38.162164 0.000000 -23.846367
38.162164 0.000000 -23.846367
38.162164 0.000000 -23.846367
38.162164 0.000000 -23.846367
38.162164 0.000000 -23.846367
38.162164 0.000000 -23.846367
38.162164 0.000000 -23.846367
38.162164 0.000000 -23.846367
38.162164 0.000000 -23.846367
38.162164 0.000000 -23.846367
38.162164 0.000000 -23.846367
38.162164 0.000000 -23.846367
38.162164 0.000000 -23.846367
38.162164 0.000000 -23.846367
38.162164 0.000000 -23.846367
38.162164 0.000000 -23.846367
38.162164 0.000000 -23.846367
38.162164 0.000000 -23.846367
38.162164 0.000000 -23.846367
38.162164 0.000000 -23.846367
38.162164 0.000000 -23.846367
38.162164 0.000000 -23.846367
38.162164 0.000000 -23.846367
38.162164 0.000000 -23.846367
38.162164 0.000000 -23.846367
38.162164 0.000000 -23.846367
38.162164 0.000000 -23.846367
38.162164 0.000000 -23.846367
38.162164 0.000000 -23.846367
38.162164 0.000000 -23.846367
38.162164 0.000000 -23.846367
38.162164 0.000000 -23.846367
38.162164 0.000000 -23.846367
38.162164 0.000000 -23.846367
38.162164 0.000000 -23.846367
38.162164 0.000000 -23.846367
38.162164 0.000000 -23.846367
38.162164 0.000000 -23.846367
38.162164 0.000000 -23.846367
38.162164 0.000000 -23.846367
38.162164 0.000000 -23.846367
38.162164 0.000000 -23.846367
38.162164 0.000000 -23.846367
38.162164 0.000000 -23.846367
38.162164 0.000000 -23.846367
38.162164 0.000000 -23.846367
38.162164 0.000000 -23.846367
38.162164 0.000000 -23.846367
38.162164 0.000000 -23.846367
38.162164 0.000000 -23.846367
38.162164 0.000000 -23.846367
38.162164 0.000000 -23.846367
38.162164 0.000000 -23.846367
38.162164 0.000000 -23.846367
38.162164 0.000000 -23.846367
38.162164 0.000000 -23.846367
38.162164 0.000000 -23.846367
38.162164 0.000000 -23.846367
38.162164 0.000000 -23.846367
38.162164 0.000000 -23.846367
38.162164 0.000000 -23.846367
38.162164 0.000000 -23.846367
38.162164 0.000000 -23.846367
38.162164 0.000000 -23.846367
38.162164 0.000000 -23.846367
38.162164 0.000000 -23.846367
38.162164 0.000000 -23.846367
38.162164 0.000000 -23.846367
38.162164 0.000000 -23.846367
38.162164 0.000000 -23.846367
38.162164 0.000000 -23.846367
38.162164 0.000000 -23.846367
38.162164 0.000000 -23.846367
38.162164 0.000000 -23.846367
38.162164 0.000000 -23.846367
38.162164 0.000000 -23.846367
38.162164 0.000000 -23.846367
38.162164 0.000000 -23.846367
38.162164 0.000000 -23.846367
38.162164 0.000000 -23.846367
38.162164 0.000000 -23.846367
38.162164 0.000000 -23.846367
38.162164 0.000000 -23.846367
38.162164 0.000000 -23.846367
38.162164 0.000000 -23.846367
38.162164 0.000000 -23.846367
38.162164 0.000000 -23.846367
38.162164 0.000000 -23.846367
38.162164 0.000000 -23.846367
38.162164 0.000000 -23.846367
38.162164 0.000000 -23.846367
38.162164 0.000000 -23.846367
38.162164 0.000000 -23.846367
38.162164 0.000000 -23.846367
38.162164 0.000000 -23.846367
38.162164 0.000000 -23.846367
38.162164 0.000000 -23.846367
38.162164 0.000000 -23.846367
38.162164 0.000000 -23.846367
38.162164 0.000000 -23.846367
38.162164 0.000000 -23.846367
38.162164 0.000000 -23.846367
38.162164 0.000000 -23.846367
38.162164 0.000000 -23.846367
38.162164 0.000000 -23.846367
38.162164 0.000000 -23.846367
38.162164 0.000000 -23.846367
38.162164 0.000000 -23.846367
38.162164 0.000000 -23.846367
38.162164 0.000000 -23.846367
38.162164 0.000000 -23.846367
38.162164 0.000000 -23.846367
38.162164 0.000000 -23.846367
38.162164 0.000000 -23.846367
38.162164 0.000000 -23.846367
38.162164 0.000000 -23.846367
38.162164 0.000000 -23.846367
38.162164 0.000000 -23.846367
38.162164 0.000000 -23.846367
38.162164 0.000000 -23.846367
38.162164 0.000000 -23.846367
38.162164 0.000000 -23.846367
38.162164 0.000000 -23.846367
38.162164 0.000000 -23.846367
38.162164 0.000000 -23.846367
38.162164 0.000000 -23.846367
38.162164 0.000000 -23.846367
38.162164 0.000000 -23.846367
38.162164 0.000000 -23.846367
38.162164 0.000000 -23.846367
38.162164 0.000000 -23.846367
38.162164 0.000000 -23.846367
38.162164 0.000000 -23.846367
38.162164 0.000000 -23.846367
38.162164 0.000000 -23.846367
38.162164 0.000000 -23.846367
38.162164 0.000000 -23.846367
38.162164 0.000000 -23.846367
38.162164 0.000000 -23.846367
38.162164 0.000000 -23.846367
38.162164 0.000000 -23.846367
38.162164 0.000000 -23.846367
38.162164 0.000000 -23.846367
38.162164 0.000000 -23.846367
38.162164 0.000000 -23.846367
38.162164 0.000000 -23.846367
38.162164 0.000000 -23.846367
38.162164 0.000000 -23.846367
38.162164 0.000000 -23.846367
38.162164 0.000000 -23.846367
38.162164 0.000000 -23.846367
38.162164 0.000000 -23.846367
38.162164 0.000000 -23.846367
38.162164 0.000000 -23.846367
38.162164 0.000000 -23.846367
38.162164 0.000000 -23.846367
38.162164 0.000000 -23.846367
38.162164 0.000000 -23.846367
38.162164 0.000000 -23.846367
38.162164 0.000000 -23.846367
38.162164 0.000000 -23.846367
38.162164 0.000000 -23.846367
38.162164 0.000000 -23.846367
38.162164 0.000000 -23.846367
38.162164 0.000000 -23.846367
38.162164 0.000000 -23.846367
38.162164 0.000000 -23.846367
38.162164 0.000000 -23.846367
38.162164 0.000000 -23.846367
38.162164 0.000000 -23.846367
38.162164 0.000000 -23.846367
38.162164 0.000000 -23.846367
38.162164 0.000000 -23.846367
38.162164 0.000000 -23.846367
38.162164 0.000000 -23.846367
38.162164 0.000000 -23.846367
38.162164 0.000000 -23.846367
38.162164 0.000000 -23.846367
38.162164 0.000000 -23.846367
38.162164 0.000000 -23.846367
38.162164 0.000000 -23.846367
38.162164 0.000000 -23.846367
38.162164 0.000000 -23.846367
38.162164 0.000000 -23.846367
38.162164 0.000000 -23.846367
38.162164 0.000000 -23.846367
38.162164 0.000000 -23.846367
38.162164 0.000000 -23.846367
38.162164 0.000000 -23.846367
38.162164 0.000000 -23.846367
38.162164 0.000000 -23.846367
38.162164 0.000000 -23.846367
38.162164 0.000000 -23.846367
38.162164 0.000000 -23.846367
38.162164 0.000000 -23.846367
38.162164 0.000000 -23.846367
38.162164 0.000000 -23.846367
38.162164 0.000000 -23.846367
38.162164 0.000000 -23.846367
38.162164 0.000000 -23.846367
38.162164 0.000000 -23.846367
38.162164 0.000000 -23.846367
38.162164 0.000000 -23.846367
38.162164 0.000000 -23.846367
38.162164 0.000000 -23.846367
38.162164 0.000000 -23.846367
38.162164 0.000000 -23.846367
38.162164 0.000000 -23.846367
38.162164 0.000000 -23.846367
38.162164 0.000000 -23.846367
38.162164 0.000000 -23.846367
38.162164 0.000000 -23.846367
38.162164 0.000000 -23.846367
38.162164 0.000000 -23.846367
38.162164 0.000000 -23.846367
38.162164 0.000000 -23.846367
38.162164 0.000000 -23.846367
38.162164 0.000000 -23.846367
38.162164 0.000000 -23.846367
38.162164 0.000000 -23.846367
38.162164 0.000000 -23.846367
38.162164 0.000000 -23.846367
38.162164 0.000000 -23.846367
38.162164 0.000000 -23.846367
38.162164 0.000000 -23.846367
38.162164 0.000000 -23.846367
38.162164 0.000000 -23.846367
38.162164 0.000000 -23.846367
38.162164 0.000000 -23.846367
38.162164 0.000000 -23.846367
38.162164 0.000000 -23.846367
38.162164 0.000000 -23.846367
38.162164 0.000000 -23.846367
38.162164 0.000000 -23.846367
38.162164 0.000000 -23.846367
38.162164 0.000000 -23.846367
38.162164 0.000000 -23.846367
38.162164 0.000000 -23.846367
38.162164 0.000000 -23.846367
38.162164 0.000000 -23.846367
38.162164 0.000000 -23.846367
38.162164 0.000000 -23.846367
38.162164 0.000000 -23.846367
38.162164 0.000000 -23.846367
38.162164 0.000000 -23.846367
38.162164 0.000000 -23.846367
38.162164 0.000000 -23.846367
38.162164 0.000000 -23.846367
38.162164 0.000000 -23.846367
38.162164 0.000000 -23.846367
38.162164 0.000000 -23.846367
38.162164 0.000000 -23.846367
38.162164 0.000000 -23.846367
38.162164 0.000000 -23.846367
38.162164 0.000000 -23.846367
38.162164 0.000000 -23.846367
38.162164 0.000000 -23.846367
38.162164 0.000000 -23.846367
38.162164 0.000000 -23.846367
38.162164 0.000000 -23.846367
38.162164 0.000000 -23.846367
38.162164 0.000000 -23.846367
38.162164 0.000000 -23.846367
38.162164 0.000000 -23.846367
38.162164 0.000000 -23.846367
38.162164 0.000000 -23.846367
38.162164 0.000000 -23.846367
38.162164 0.000000 -23.846367
38.162164 0.000000 -23.846367
38.162164 0.000000 -23.846367
38.162164 0.000000 -23.846367
38.162164 0.000000 -23.846367
38.162164 0.000000 -23.846367
38.162164 0.000000 -23.846367
38.162164 0.000000 -23.846367
38.162164 0.000000 -23.846367
38.162164 0.000000 -23.846367
38.162164 0.000000 -23.846367
38.162164 0.000000 -23.846367
38.162164 0.000000 -23.846367
38.162164 0.000000 -23.846367
38.162164 0.000000 -23.846367
38.162164 0.000000 -23.846367
38.162164 0.000000 -23.846367
38.162164 0.000000 -23.846367
38.162164 0.000000 -23.846367
38.162164 0.000000 -23.846367
38.162164 0.000000 -23.846367
38.162164 0.000000 -23.846367
38.162164 0.000000 -23.846367
38.162164 0.000000 -23.846367
38.162164 0.000000 -23.846367
38.162164 0.000000 -23.846367
38.162164 0.000000 -23.846367
38.162164 0.000000 -23.846367
38.162164 0.000000 -23.846367
38.162164 0.000000 -23.846367
38.162164 0.000000 -23.846367
38.162164 0.000000 -23.846367
38.162164 0.000000 -23.846367
38.162164 0.000000 -23.846367
38.162164 0.000000 -23.846367
38.162164 0.000000 -23.846367
38.162164 0.000000 -23.846367
38.162164 0.000000 -23.846367
38.162164 0.000000 -23.846367
38.162164 0.000000 -23.846367
38.162164 0.000000 -23.846367
38.162164 0.000000 -23.846367
38.162164 0.000000 -23.846367
38.162164 0.000000 -23.846367
38.162164 0.000000 -23.846367
38.162164 0.000000 -23.846367
38.162164 0.000000 -23.846367
38.162164 0.000000 -23.846367
38.162164 0.000000 -23.846367
38.162164 0.000000 -23.846367
38.162164 0.000000 -23.846367
38.162164 0.000000 -23.846367
38.162164 0.000000 -23.846367
38.162164 0.000000 -23.846367
38.162164 0.000000 -23.846367
38.162164 0.000000 -23.846367
38.162164 0.000000 -23.846367
38.162164 0.000000 -23.846367
38.162164 0.000000 -23.846367
38.162164 0.000000 -23.846367
38.162164 0.000000 -23.846367
38.162164 0.000000 -23.846367
38.162164 0.000000 -23.846367
38.162164 0.000000 -23.846367
38.162164 0.000000 -23.846367
38.162164 0.000000 -23.846367
38.162164 0.000000 -23.846367
38.162164 0.000000 -23.846367
38.162164 0.000000 -23.846367
38.162164 0.000000 -23.846367
38.162164 0.000000 -23.846367
38.162164 0.000000 -23.846367
38.162164 0.000000 -23.846367
38.162164 0.000000 -23.846367
38.162164 0.000000 -23.846367
38.162164 0.000000 -23.846367
38.162164 0.000000 -23.846367
38.162164 0.000000 -23.846367
38.162164 0.000000 -23.846367
38.162164 0.000000 -23.846367
38.162164 0.000000 -23.846367
38.162164 0.000000 -23.846367
38.162164 0.000000 -23.846367
38.162164 0.000000 -23.846367
38.162164 0.000000 -23.846367
38.162164 0.000000 -23.846367
38.162164 0.000000 -23.846367
38.162164 0.000000 -23.846367
38.162164 0.000000 -23.846367
38.162164 0.000000 -23.846367
38.162164 0.000000 -23.846367
38.162164 0.000000 -23.846367
38.162164 0.000000 -23.846367
38.162164 0.000000 -23.846367
38.162164 0.000000 -23.846367
38.162164 0.000000 -23.846367
38.162164 0.000000 -23.846367
38.162164 0.000000 -23.846367
38.162164 0.000000 -23.846367
38.162164 0.000000 -23.846367
38.162164 0.000000 -23.846367
38.162164 0.000000 -23.846367
38.162164 0.000000 -23.846367
38.162164 0.000000 -23.846367
38.162164 0.000000 -23.846367
38.162164 0.000000 -23.846367
38.162164 0.000000 -23.846367
38.162164 0.000000 -23.846367
38.162164 0.000000 -23.846367
38.162164 0.000000 -23.846367
38.162164 0.000000 -23.846367
38.162164 0.000000 -23.846367
38.162164 0.000000 -23.846367
38.162164 0.000000 -23.846367
38.162164 0.000000 -23.846367
38.162164 0.000000 -23.846367
38.162164 0.000000 -23.846367
38.162164 0.000000 -23.846367
38.162164 0.000000 -23.846367
38.162164 0.000000 -23.846367
38.162164 0.000000 -23.846367
38.162164 0.000000 -23.846367
38.162164 0.000000 -23.846367
38.162164 0.000000 -23.846367
38.162164 0.000000 -23.846367
38.162164 0.000000 -23.846367
38.162164 0.000000 -23.846367
38.162164 0.000000 -23.846367
38.162164 0.000000 -23.846367
38.162164 0.000000 -23.846367
38.162164 0.000000 -23.846367
38.162164 0.000000 -23.846367
38.162164 0.000000 -23.846367
38.162164 0.000000 -23.846367
38.162164 0.000000 -23.846367
38.162164 0.000000 -23.846367
38.162164 0.000000 -23.846367
38.162164 0.000000 -23.846367
38.162164 0.000000 -23.846367
38.162164 0.000000 -23.846367
38.162164 0.000000 -23.846367
38.162164 0.000000 -23.846367
38.162164 0.000000 -23.846367
38.162164 0.000000 -23.846367
38.162164 0.000000 -23.846367
38.162164 0.000000 -23.846367
38.162164 0.000000 -23.846367
38.162164 0.000000 -23.846367
38.162164 0.000000 -23.846367
38.162164 0.000000 -23.846367
38.162164 0.000000 -23.846367
38.162164 0.000000 -23.846367
38.162164 0.000000 -23.846367
38.162164 0.000000 -23.846367
38.162164 0.000000 -23.846367
38.162164 0.000000 -23.846367
38.162164 0.000000 -23.846367
38.162164 0.000000 -23.846367
38.162164 0.000000 -23.846367
38.162164 0.000000 -23.846367
38.162164 0.000000 -23.846367
38.162164 0.000000 -23.846367
38.162164 0.000000 -23.846367
38.162164 0.000000 -23.846367
38.162164 0.000000 -23.846367
38.162164 0.000000 -23.846367
38.162164 0.000000 -23.846367
38.162164 0.000000 -23.846367
38.162164 0.000000 -23.846367
38.162164 0.000000 -23.846367
38.162164 0.000000 -23.846367
38.162164 0.000000 -23.846367
38.162164 0.000000 -23.846367
38.162164 0.000000 -23.846367
38.162164 0.000000 -23.846367
38.162164 0.000000 -23.846367
38.162164 0.000000 -23.846367
38.162164 0.000000 -23.846367
38.162164 0.000000 -23.846367
38.162164 0.000000 -23.846367
38.162164 0.000000 -23.846367
38.162164 0.000000 -23.846367
38.162164 0.000000 -23.846367
38.162164 0.000000 -23.846367
38.162164 0.000000 -23.846367
38.162164 0.000000 -23.846367
38.162164 0.000000 -23.846367
38.162164 0.000000 -23.846367
38.162164 0.000000 -23.846367
38.162164 0.000000 -23.846367
38.162164 0.000000 -23.846367
38.162164 0.000000 -23.846367
38.162164 0.000000 -23.846367
38.162164 0.000000 -23.846367
38.162164 0.000000 -23.846367
38.162164 0.000000 -23.846367
38.162164 0.000000 -23.846367
38.162164 0.000000 -23.846367
38.162164 0.000000 -23.846367
38.162164 0.000000 -23.846367
38.162164 0.000000 -23.846367
38.162164 0.000000 -23.846367
38.162164 0.000000 -23.846367
38.162164 0.000000 -23.846367
38.162164 0.000000 -23.846367
38.162164 0.000000 -23.846367
38.162164 0.000000 -23.846367
38.162164 0.000000 -23.846367
38.162164 0.000000 -23.846367
38.162164 0.000000 -23.846367
38.162164 0.000000 -23.846367
38.162164 0.000000 -23.846367
38.162164 0.000000 -23.846367
38.162164 0.000000 -23.846367
38.162164 0.000000 -23.846367
38.162164 0.000000 -23.846367
38.162164 0.000000 -23.846367
38.162164 0.000000 -23.846367
38.162164 0.000000 -23.846367
38.162164 0.000000 -23.846367
38.162164 0.000000 -23.846367
38.162164 0.000000 -23.846367
38.162164 0.000000 -23.846367
38.162164 0.000000 -23.846367
38.162164 0.000000 -23.846367
38.162164 0.000000 -23.846367
38.162164 0.000000 -23.846367
38.162164 0.000000 -23.846367
38.162164 0.000000 -23.846367
38.162164 0.000000 -23.846367
38.162164 0.000000 -23.846367
38.162164 0.000000 -23.846367
38.162164 0.000000 -23.846367
38.162164 0.000000 -23.846367
38.162164 0.000000 -23.846367
38.162164 0.000000 -23.846367
38.162164 0.000000 -23.846367
38.162164 0.000000 -23.846367
38.162164 0.000000 -23.846367
38.162164 0.000000 -23.846367
38.162164 0.000000 -23.846367
38.162164 0.000000 -23.846367
38.162164 0.000000 -23.846367
38.162164 0.000000 -23.846367
38.162164 0.000000 -23.846367
38.162164 0.000000 -23.846367
38.162164 0.000000 -23.846367
38.162164 0.000000 -23.846367
38.162164 0.000000 -23.846367
38.162164 0.000000 -23.846367
38.162164 0.000000 -23.846367
38.162164 0.000000 -23.846367
38.162164 0.000000 -23.846367
38.162164 0.000000 -23.846367
38.162164 0.000000 -23.846367
38.162164 0.000000 -23.846367
38.162164 0.000000 -23.846367
38.162164 0.000000 -23.846367
38.162164 0.000000 -23.846367
38.162164 0.000000 -23.846367
38.162164 0.000000 -23.846367
38.162164 0.000000 -23.846367
38.162164 0.000000 -23.846367
38.162164 0.000000 -23.846367
38.162164 0.000000 -23.846367
38.162164 0.000000 -23.846367
38.162164 0.000000 -23.846367
38.162164 0.000000 -23.846367
38.162164 0.000000 -23.846367
38.162164 0.000000 -23.846367
38.162164 0.000000 -23.846367
38.162164 0.000000 -23.846367
38.162164 0.000000 -23.846367
38.162164 0.000000 -23.846367
38.162164 0.000000 -23.846367
38.162164 0.000000 -23.846367
38.162164 0.000000 -23.846367
38.162164 0.000000 -23.846367
38.162164 0.000000 -23.846367
38.162164 0.000000 -23.846367
38.162164 0.000000 -23.846367
38.162164 0.000000 -23.846367
38.162164 0.000000 -23.846367
38.162164 0.000000 -23.846367
38.162164 0.000000 -23.846367
38.162164 0.000000 -23.846367
38.162164 0.000000 -23.846367
38.162164 0.000000 -23.846367
38.162164 0.000000 -23.846367
38.162164 0.000000 -23.846367
38.162164 0.000000 -23.846367
38.162164 0.000000 -23.846367
38.162164 0.000000 -23.846367
38.162164 0.000000 -23.846367
38.162164 0.000000 -23.846367
38.162164 0.000000 -23.846367
38.162164 0.000000 -23.846367
38.162164 0.000000 -23.846367
38.162164 0.000000 -23.846367
38.162164 0.000000 -23.846367
38.162164 0.000000 -23.846367
38.162164 0.000000 -23.846367
38.162164 0.000000 -23.846367
38.162164 0.000000 -23.846367
38.162164 0.000000 -23.846367
38.162164 0.000000 -23.846367
38.162164 0.000000 -23.846367
38.162164 0.000000 -23.846367
38.162164 0.000000 -23.846367
38.162164 0.000000 -23.846367
38.162164 0.000000 -23.846367
38.162164 0.000000 -23.846367
38.162164 0.000000 -23.846367
38.162164 0.000000 -23.846367
38.162164 0.000000 -23.846367
38.162164 0.000000 -23.846367
38.162164 0.000000 -23.846367
38.162164 0.000000 -23.846367
38.162164 0.000000 -23.846367
38.162164 0.000000 -23.846367
38.162164 0.000000 -23.846367
38.162164 0.000000 -23.846367
38.162164 0.000000 -23.846367
38.162164 0.000000 -23.846367
38.162164 0.000000 -23.846367
38.162164 0.000000 -23.846367
38.162164 0.000000 -23.846367
38.162164 0.000000 -23.846367
38.162164 0.000000 -23.846367
38.162164 0.000000 -23.846367
38.162164 0.000000 -23.846367
38.162164 0.000000 -23.846367
38.162164 0.000000 -23.846367
38.162164 0.000000 -23.846367
38.162164 0.000000 -23.846367
38.162164 0.000000 -23.846367
38.162164 0.000000 -23.846367
38.162164 0.000000 -23.846367
38.162164 0.000000 -23.846367
38.162164 0.000000 -23.846367
38.162164 0.000000 -23.846367
38.162164 0.000000 -23.846367
38.162164 0.000000 -23.846367
38.162164 0.000000 -23.846367
38.162164 0.000000 -23.846367
38.162164 0.000000 -23.846367
38.162164 0.000000 -23.846367
38.162164 0.000000 -23.846367
38.162164 0.000000 -23.846367
38.162164 0.000000 -23.846367
38.162164 0.000000 -23.846367
38.162164 0.000000 -23.846367
38.162164 0.000000 -23.846367
38.162164 0.000000 -23.846367
38.162164 0.000000 -23.846367
38.162164 0.000000 -23.846367
38.162164 0.000000 -23.846367
38.162164 0.000000 -23.846367
38.162164 0.000000 -23.846367
38.162164 0.000000 -23.846367
38.162164 0.000000 -23.846367
38.162164 0.000000 -23.846367
38.162164 0.000000 -23.846367
38.162164 0.000000 -23.846367
38.162164 0.000000 -23.846367
38.162164 0.000000 -23.846367
38.162164 0.000000 -23.846367
38.162164 0.000000 -23.846367
38.162164 0.000000 -23.846367
38.162164 0.000000 -23.846367
38.162164 0.000000 -23.846367
38.162164 0.000000 -23.846367
38.162164 0.000000 -23.846367
38.162164 0.000000 -23.846367
38.162164 0.000000 -23.846367
38.162164 0.000000 -23.846367
38.162164 0.000000 -23.846367
38.162164 0.000000 -23.846367
38.162164 0.000000 -23.846367
38.162164 0.000000 -23.846367
38.162164 0.000000 -23.846367
38.162164 0.000000 -23.846367
38.162164 0.000000 -23.846367
38.162164 0.000000 -23.846367
38.162164 0.000000 -23.846367
38.162164 0.000000 -23.846367
38.162164 0.000000 -23.846367
38.162164 0.000000 -23.846367
38.162164 0.000000 -23.846367
38.162164 0.000000 -23.846367
38.162164 0.000000 -23.846367
38.162164 0.000000 -23.846367
38.162164 0.000000 -23.846367
38.162164 0.000000 -23.846367
38.162164 0.000000 -23.846367
38.162164 0.000000 -23.846367
38.162164 0.000000 -23.846367
38.162164 0.000000 -23.846367
38.162164 0.000000 -23.846367
38.162164 0.000000 -23.846367
38.162164 0.000000 -23.846367
38.162164 0.000000 -23.846367
38.162164 0.000000 -23.846367
38.162164 0.000000 -23.846367
38.162164 0.000000 -23.846367
38.162164 0.000000 -23.846367
38.162164 0.000000 -23.846367
38.162164 0.000000 -23.846367
38.162164 0.000000 -23.846367
38.162164 0.000000 -23.846367
38.162164 0.000000 -23.846367
38.162164 0.000000 -23.846367
38.162164 0.000000 -23.846367
38.162164 0.000000 -23.846367
38.162164 0.000000 -23.846367
38.162164 0.000000 -23.846367
38.162164 0.000000 -23.846367
38.162164 0.000000 -23.846367
38.162164 0.000000 -23.846367
38.162164 0.000000 -23.846367
38.162164 0.000000 -23.846367
38.162164 0.000000 -23.846367
38.162164 0.000000 -23.846367
38.162164 0.000000 -23.846367
38.162164 0.000000 -23.846367
38.162164 0.000000 -23.846367
38.162164 0.000000 -23.846367
38.162164 0.000000 -23.846367
38.162164 0.000000 -23.846367
38.162164 0.000000 -23.846367
38.162164 0.000000 -23.846367
38.162164 0.000000 -23.846367
38.162164 0.000000 -23.846367
38.162164 0.000000 -23.846367
38.162164 0.000000 -23.846367
38.162164 0.000000 -23.846367
38.162164 0.000000 -23.846367
38.162164 0.000000 -23.846367
38.162164 0.000000 -23.846367
38.162164 0.000000 -23.846367
38.162164 0.000000 -23.846367
38.162164 0.000000 -23.846367
38.162164 0.000000 -23.846367
38.162164 0.000000 -23.846367
38.162164 0.000000 -23.846367
38.162164 0.000000 -23.846367
38.162164 0.000000 -23.846367
38.162164 0.000000 -23.846367
38.162164 0.000000 -23.846367
38.162164 0.000000 -23.846367
38.162164 0.000000 -23.846367
38.162164 0.000000 -23.846367
38.162164 0.000000 -23.846367
38.162164 0.000000 -23.846367
38.162164 0.000000 -23.846367
38.162164 0.000000 -23.846367
38.162164 0.000000 -23.846367
38.162164 0.000000 -23.846367
38.162164 0.000000 -23.846367
38.162164 0.000000 -23.846367
38.162164 0.000000 -23.846367
38.162164 0.000000 -23.846367
38.162164 0.000000 -23.846367
38.162164 0.000000 -23.846367
38.162164 0.000000 -23.846367
38.162164 0.000000 -23.846367
38.162164 0.000000 -23.846367
38.162164 0.000000 -23.846367
38.162164 0.000000 -23.846367
38.162164 0.000000 -23.846367
38.162164 0.000000 -23.846367
38.162164 0.000000 -23.846367
38.162164 0.000000 -23.846367
38.162164 0.000000 -23.846367
38.162164 0.000000 -23.846367
38.162164 0.000000 -23.846367
38.162164 0.000000 -23.846367
38.162164 0.000000 -23.846367
38.162164 0.000000 -23.846367
38.162164 0.000000 -23.846367
38.162164 0.000000 -23.846367
38.162164 0.000000 -23.846367
38.162164 0.000000 -23.846367
38.162164 0.000000 -23.846367
38.162164 0.000000 -23.846367
38.162164 0.000000 -23.846367
38.162164 0.000000 -23.846367
38.162164 0.000000 -23.846367
38.162164 0.000000 -23.846367
38.162164 0.000000 -23.846367
38.162164 0.000000 -23.846367
38.162164 0.000000 -23.846367
38.162164 0.000000 -23.846367
38.162164 0.000000 -23.846367
38.162164 0.000000 -23.846367
38.162164 0.000000 -23.846367
38.162164 0.000000 -23.846367
38.162164 0.000000 -23.846367
38.162164 0.000000 -23.846367
38.162164 0.000000 -23.846367
38.162164 0.000000 -23.846367
38.162164 0.000000 -23.846367
38.162164 0.000000 -23.846367
38.162164 0.000000 -23.846367
38.162164 0.000000 -23.846367
38.162164 0.000000 -23.846367
38.162164 0.000000 -23.846367
38.162164 0.000000 -23.846367
38.162164 0.000000 -23.846367
38.162164 0.000000 -23.846367
38.162164 0.000000 -23.846367
38.162164 0.000000 -23.846367
38.162164 0.000000 -23.846367
38.162164 0.000000 -23.846367
38.162164 0.000000 -23.846367
38.162164 0.000000 -23.846367
38.162164 0.000000 -23.846367
38.162164 0.000000 -23.846367
38.162164 0.000000 -23.846367
38.162164 0.000000 -23.846367
38.162164 0.000000 -23.846367
38.162164 0.000000 -23.846367
38.162164 0.000000 -23.846367
38.162164 0.000000 -23.846367
38.162164 0.000000 -23.846367
38.162164 0.000000 -23.846367
38.162164 0.000000 -23.846367
38.162164 0.000000 -23.846367
38.162164 0.000000 -23.846367
38.162164 0.000000 -23.846367
38.162164 0.000000 -23.846367
38.162164 0.000000 -23.846367
38.162164 0.000000 -23.846367
38.162164 0.000000 -23.846367
38.162164 0.000000 -23.846367
38.162164 0.000000 -23.846367
38.162164 0.000000 -23.846367
38.162164 0.000000 -23.846367
38.162164 0.000000 -23.846367
38.162164 0.000000 -23.846367
38.162164 0.000000 -23.846367
38.162164 0.000000 -23.846367
38.162164 0.000000 -23.846367
38.162164 0.000000 -23.846367
38.162164 0.000000 -23.846367
38.162164 0.000000 -23.846367
38.162164 0.000000 -23.846367
38.162164 0.000000 -23.846367
38.162164 0.000000 -23.846367
38.162164 0.000000 -23.846367
38.162164 0.000000 -23.846367
38.162164 0.000000 -23.846367
38.162164 0.000000 -23.846367
38.162164 0.000000 -23.846367
38.162164 0.000000 -23.846367
38.162164 0.000000 -23.846367
38.162164 0.000000 -23.846367
38.162164 0.000000 -23.846367
38.162164 0.000000 -23.846367
38.162164 0.000000 -23.846367
38.162164 0.000000 -23.846367
38.162164 0.000000 -23.846367
38.162164 0.000000 -23.846367
38.162164 0.000000 -23.846367
38.162164 0.000000 -23.846367
38.162164 0.000000 -23.846367
38.162164 0.000000 -23.846367
38.162164 0.000000 -23.846367
38.162164 0.000000 -23.846367
38.162164 0.000000 -23.846367
38.162164 0.000000 -23.846367
38.162164 0.000000 -23.846367
38.162164 0.000000 -23.846367
38.162164 0.000000 -23.846367
38.162164 0.000000 -23.846367
38.162164 0.000000 -23.846367
38.162164 0.000000 -23.846367
38.162164 0.000000 -23.846367
38.162164 0.000000 -23.846367
38.162164 0.000000 -23.846367
38.162164 0.000000 -23.846367
38.162164 0.000000 -23.846367
38.162164 0.000000 -23.846367
38.162164 0.000000 -23.846367
38.162164 0.000000 -23.846367
38.162164 0.000000 -23.846367
38.162164 0.000000 -23.846367
38.162164 0.000000 -23.846367
38.162164 0.000000 -23.846367
38.162164 0.000000 -23.846367
38.162164 0.000000 -23.846367
38.162164 0.000000 -23.846367
38.162164 0.000000 -23.846367
38.162164 0.000000 -23.846367
38.162164 0.000000 -23.846367
38.162164 0.000000 -23.846367
38.162164 0.000000 -23.846367
38.162164 0.000000 -23.846367
38.162164 0.000000 -23.846367
38.162164 0.000000 -23.846367
38.162164 0.000000 -23.846367
38.162164 0.000000 -23.846367
38.162164 0.000000 -23.846367
38.162164 0.000000 -23.846367
38.162164 0.000000 -23.846367
38.162164 0.000000 -23.846367
38.162164 0.000000 -23.846367
38.162164 0.000000 -23.846367
38.162164 0.000000 -23.846367
38.162164 0.000000 -23.846367
38.162164 0.000000 -23.846367
38.162164 0.000000 -23.846367
38.162164 0.000000 -23.846367
38.162164 0.000000 -23.846367
38.162164 0.000000 -23.846367
38.162164 0.000000 -23.846367
38.162164 0.000000 -23.846367
38.162164 0.000000 -23.846367
38.162164 0.000000 -23.846367
38.162164 0.000000 -23.846367
38.162164 0.000000 -23.846367
38.162164 0.000000 -23.846367
38.162164 0.000000 -23.846367
38.162164 0.000000 -23.846367
38.162164 0.000000 -23.846367
38.162164 0.000000 -23.846367
38.162164 0.000000 -23.846367
38.162164 0.000000 -23.846367
38.162164 0.000000 -23.846367
38.162164 0.000000 -23.846367
38.162164 0.000000 -23.846367
38.162164 0.000000 -23.846367
38.162164 0.000000 -23.846367
38.162164 0.000000 -23.846367
38.162164 0.000000 -23.846367
38.162164 0.000000 -23.846367
38.162164 0.000000 -23.846367
38.162164 0.000000 -23.846367
38.162164 0.000000 -23.846367
38.162164 0.000000 -23.846367
38.162164 0.000000 -23.846367
38.162164 0.000000 -23.846367
38.162164 0.000000 -23.846367
38.162164 0.000000 -23.846367
38.162164 0.000000 -23.846367
38.162164 0.000000 -23.846367
38.162164 0.000000 -23.846367
38.162164 0.000000 -23.846367
38.162164 0.000000 -23.846367
38.162164 0.000000 -23.846367
38.162164 0.000000 -23.846367
38.162164 0.000000 -23.846367
38.162164 0.000000 -23.846367
38.162164 0.000000 -23.846367
38.162164 0.000000 -23.846367
38.162164 0.000000 -23.846367
38.162164 0.000000 -23.846367
38.162164 0.000000 -23.846367
38.162164 0.000000 -23.846367
38.162164 0.000000 -23.846367
38.162164 0.000000 -23.846367
38.162164 0.000000 -23.846367
38.162164 0.000000 -23.846367
38.162164 0.000000 -23.846367
38.162164 0.000000 -23.846367
38.162164 0.000000 -23.846367
38.162164 0.000000 -23.846367
38.162164 0.000000 -23.846367
38.162164 0.000000 -23.846367
38.162164 0.000000 -23.846367
38.162164 0.000000 -23.846367
38.162164 0.000000 -23.846367
38.162164 0.000000 -23.846367
38.162164 0.000000 -23.846367
38.162164 0.000000 -23.846367
38.162164 0.000000 -23.846367
38.162164 0.000000 -23.846367
38.162164 0.000000 -23.846367
38.162164 0.000000 -23.846367
38.162164 0.000000 -23.846367
38.162164 0.000000 -23.846367
38.162164 0.000000 -23.846367
38.162164 0.000000 -23.846367
38.162164 0.000000 -23.846367
38.162164 0.000000 -23.846367
38.162164 0.000000 -23.846367
38.162164 0.000000 -23.846367
38.162164 0.000000 -23.846367
38.162164 0.000000 -23.846367
38.162164 0.000000 -23.846367
38.162164 0.000000 -23.846367
38.162164 0.000000 -23.846367
38.162164 0.000000 -23.846367
38.162164 0.000000 -23.846367
38.162164 0.000000 -23.846367
38.162164 0.000000 -23.846367
38.162164 0.000000 -23.846367
38.162164 0.000000 -23.846367
38.162164 0.000000 -23.846367
38.162164 0.000000 -23.846367
38.162164 0.000000 -23.846367
38.162164 0.000000 -23.846367
38.162164 0.000000 -23.846367
38.162164 0.000000 -23.846367
38.162164 0.000000 -23.846367
38.162164 0.000000 -23.846367
38.162164 0.000000 -23.846367
38.162164 0.000000 -23.846367
38.162164 0.000000 -23.846367
38.162164 0.000000 -23.846367
38.162164 0.000000 -23.846367
38.162164 0.000000 -23.846367
38.162164 0.000000 -23.846367
38.162164 0.000000 -23.846367
38.162164 0.000000 -23.846367
38.162164 0.000000 -23.846367
38.162164 0.000000 -23.846367
38.162164 0.000000 -23.846367
38.162164 0.000000 -23.846367
38.162164 0.000000 -23.846367
38.162164 0.000000 -23.846367
38.162164 0.000000 -23.846367
38.162164 0.000000 -23.846367
38.162164 0.000000 -23.846367
38.162164 0.000000 -23.846367
38.162164 0.000000 -23.846367
38.162164 0.000000 -23.846367
38.162164 0.000000 -23.846367
38.162164 0.000000 -23.846367
38.162164 0.000000 -23.846367
38.162164 0.000000 -23.846367
38.162164 0.000000 -23.846367
38.162164 0.000000 -23.846367
38.162164 0.000000 -23.846367
38.162164 0.000000 -23.846367
38.162164 0.000000 -23.846367
38.162164 0.000000 -23.846367
38.162164 0.000000 -23.846367
38.162164 0.000000 -23.846367
38.162164 0.000000 -23.846367
38.162164 0.000000 -23.846367
38.162164 0.000000 -23.846367
38.162164 0.000000 -23.846367
38.162164 0.000000 -23.846367
38.162164 0.000000 -23.846367
38.162164 0.000000 -23.846367
38.162164 0.000000 -23.846367
38.162164 0.000000 -23.846367
38.162164 0.000000 -23.846367
38.162164 0.000000 -23.846367
38.162164 0.000000 -23.846367
38.162164 0.000000 -23.846367
38.162164 0.000000 -23.846367
38.162164 0.000000 -23.846367
38.162164 0.000000 -23.846367
38.162164 0.000000 -23.846367
38.162164 0.000000 -23.846367
38.162164 0.000000 -23.846367
38.162164 0.000000 -23.846367
38.162164 0.000000 -23.846367
38.162164 0.000000 -23.846367
38.162164 0.000000 -23.846367
38.162164 0.000000 -23.846367
38.162164 0.000000 -23.846367
38.162164 0.000000 -23.846367
38.162164 0.000000 -23.846367
38.162164 0.000000 -23.846367
38.162164 0.000000 -23.846367
38.162164 0.000000 -23.846367
38.162164 0.000000 -23.846367
38.162164 0.000000 -23.846367
38.162164 0.000000 -23.846367
38.162164 0.000000 -23.846367
38.162164 0.000000 -23.846367
38.162164 0.000000 -23.846367
38.162164 0.000000 -23.846367
38.162164 0.000000 -23.846367
38.162164 0.000000 -23.846367
38.162164 0.000000 -23.846367
38.162164 0.000000 -23.846367
38.162164 0.000000 -23.846367
38.162164 0.000000 -23.846367
38.162164 0.000000 -23.846367
38.162164 0.000000 -23.846367
38.162164 0.000000 -23.846367
38.162164 0.000000 -23.846367
38.162164 0.000000 -23.846367
38.162164 0.000000 -23.846367
38.162164 0.000000 -23.846367
38.162164 0.000000 -23.846367
38.162164 0.000000 -23.846367
38.162164 0.000000 -23.846367
38.162164 0.000000 -23.846367
38.162164 0.000000 -23.846367
38.162164 0.000000 -23.846367
38.162164 0.000000 -23.846367
38.162164 0.000000 -23.846367
38.162164 0.000000 -23.846367
38.162164 0.000000 -23.846367
38.162164 0.000000 -23.846367
38.162164 0.000000 -23.846367
38.162164 0.000000 -23.846367
38.162164 0.000000 -23.846367
38.162164 0.000000 -23.846367
38.162164 0.000000 -23.846367
38.162164 0.000000 -23.846367
38.162164 0.000000 -23.846367
38.162164 0.000000 -23.846367
38.162164 0.000000 -23.846367
38.162164 0.000000 -23.846367
38.162164 0.000000 -23.846367
38.162164 0.000000 -23.846367
38.162164 0.000000 -23.846367
38.162164 0.000000 -23.846367
38.162164 0.000000 -23.846367
38.162164 0.000000 -23.846367
38.162164 0.000000 -23.846367
38.162164 0.000000 -23.846367
38.162164 0.000000 -23.846367
38.162164 0.000000 -23.846367
38.162164 0.000000 -23.846367
38.162164 0.000000 -23.846367
38.162164 0.000000 -23.846367
38.162164 0.000000 -23.846367
38.162164 0.000000 -23.846367
38.162164 0.000000 -23.846367
38.162164 0.000000 -23.846367
38.162164 0.000000 -23.846367
38.162164 0.000000 -23.846367
38.162164 0.000000 -23.846367
38.162164 0.000000 -23.846367
38.162164 0.000000 -23.846367
38.162164 0.000000 -23.846367
38.162164 0.000000 -23.846367
38.162164 0.000000 -23.846367
38.162164 0.000000 -23.846367
38.162164 0.000000 -23.846367
38.162164 0.000000 -23.846367
38.162164 0.000000 -23.846367
38.162164 0.000000 -23.846367
38.162164 0.000000 -23.846367
38.162164 0.000000 -23.846367
38.162164 0.000000 -23.846367
38.162164 0.000000 -23.846367
38.162164 0.000000 -23.846367
38.162164 0.000000 -23.846367
38.162164 0.000000 -23.846367
38.162164 0.000000 -23.846367
38.162164 0.000000 -23.846367
38.162164 0.000000 -23.846367
38.162164 0.000000 -23.846367
38.162164 0.000000 -23.846367
38.162164 0.000000 -23.846367
38.162164 0.000000 -23.846367
38.162164 0.000000 -23.846367
38.162164 0.000000 -23.846367
38.162164 0.000000 -23.846367
38.162164 0.000000 -23.846367
38.162164 0.000000 -23.846367
38.162164 0.000000 -23.846367
38.162164 0.000000 -23.846367
38.162164 0.000000 -23.846367
38.162164 0.000000 -23.846367
38.162164 0.000000 -23.846367
38.162164 0.000000 -23.846367
38.162164 0.000000 -23.846367
38.162164 0.000000 -23.846367
38.162164 0.000000 -23.846367
38.162164 0.000000 -23.846367
38.162164 0.000000 -23.846367
38.162164 0.000000 -23.846367
38.162164 0.000000 -23.846367
38.162164 0.000000 -23.846367
38.162164 0.000000 -23.846367
38.162164 0.000000 -23.846367
38.162164 0.000000 -23.846367
38.162164 0.000000 -23.846367
38.162164 0.000000 -23.846367
38.162164 0.000000 -23.846367
38.162164 0.000000 -23.846367
38.162164 0.000000 -23.846367
38.162164 0.000000 -23.846367
38.162164 0.000000 -23.846367
38.162164 0.000000 -23.846367
38.162164 0.000000 -23.846367
38.162164 0.000000 -23.846367
38.162164 0.000000 -23.846367
38.162164 0.000000 -23.846367
38.162164 0.000000 -23.846367
38.162164 0.000000 -23.846367
38.162164 0.000000 -23.846367
38.162164 0.000000 -23.846367
38.162164 0.000000 -23.846367
38.162164 0.000000 -23.846367
38.162164 0.000000 -23.846367
38.162164 0.000000 -23.846367
38.162164 0.000000 -23.846367
38.162164 0.000000 -23.846367
38.162164 0.000000 -23.846367
38.162164 0.000000 -23.846367
38.162164 0.000000 -23.846367
38.162164 0.000000 -23.846367
38.162164 0.000000 -23.846367
38.162164 0.000000 -23.846367
38.162164 0.000000 -23.846367
38.162164 0.000000 -23.846367
38.162164 0.000000 -23.846367
38.162164 0.000000 -23.846367
38.162164 0.000000 -23.846367
38.162164 0.000000 -23.846367
38.162164 0.000000 -23.846367
38.162164 0.000000 -23.846367
38.162164 0.000000 -23.846367
38.162164 0.000000 -23.846367
38.162164 0.000000 -23.846367
38.162164 0.000000 -23.846367
38.162164 0.000000 -23.846367
38.162164 0.000000 -23.846367
38.162164 0.000000 -23.846367
38.162164 0.000000 -23.846367
38.162164 0.000000 -23.846367
38.162164 0.000000 -23.846367
38.162164 0.000000 -23.846367
38.162164 0.000000 -23.846367
38.162164 0.000000 -23.846367
38.162164 0.000000 -23.846367
38.162164 0.000000 -23.846367
38.162164 0.000000 -23.846367
38.160987 -0.299722 -23.846367
38.157456 -0.599425 -23.846367
38.151572 -0.899092 -23.846367
38.143334 -1.198703 -23.846367
38.132743 -1.498240 -23.846367
38.119800 -1.797684 -23.846367
38.104505 -2.097018 -23.846367
38.086860 -2.396222 -23.846367
38.066866 -2.695279 -23.846367
38.044523 -2.994169 -23.846367
38.019834 -3.292874 -23.846367
37.992799 -3.591377 -23.846367
37.963421 -3.889658 -23.846367
37.931701 -4.187699 -23.846367
37.897642 -4.485481 -23.846367
37.861244 -4.782987 -23.846367
37.822511 -5.080198 -23.846367
37.781446 -5.377096 -23.846367
37.738049 -5.673662 -23.846367
37.692325 -5.969878 -23.846367
37.644275 -6.265725 -23.846367
37.593904 -6.561187 -23.846367
37.541214 -6.856243 -23.846367
37.486207 -7.150877 -23.846367
37.428889 -7.445069 -23.846367
37.369262 -7.738802 -23.846367
37.307329 -8.032058 -23.846367
37.243096 -8.324818 -23.846367
37.176565 -8.617065 -23.846367
37.107741 -8.908780 -23.846367
37.036628 -9.199946 -23.846367
36.963230 -9.490544 -23.846367
36.887552 -9.780557 -23.846367
36.809599 -10.069967 -23.846367
36.729375 -10.358755 -23.846367
36.646885 -10.646904 -23.846367
36.562135 -10.934397 -23.846367
36.475130 -11.221215 -23.846367
36.385875 -11.507341 -23.846367
36.294375 -11.792757 -23.846367
36.200637 -12.077446 -23.846367
36.104665 -12.361390 -23.846367
36.006466 -12.644571 -23.846367
35.906047 -12.926972 -23.846367
35.803412 -13.208576 -23.846367
35.698569 -13.489365 -23.846367
35.591524 -13.769322 -23.846367
35.482283 -14.048430 -23.846367
35.370854 -14.326671 -23.846367
35.257243 -14.604028 -23.846367
35.141457 -14.880484 -23.846367
35.023503 -15.156023 -23.846367
34.903389 -15.430627 -23.846367
34.781122 -15.704279 -23.846367
34.656709 -15.976962 -23.846367
34.530159 -16.248659 -23.846367
34.401478 -16.519355 -23.846367
34.270676 -16.789031 -23.846367
34.137760 -17.057672 -23.846367
34.002737 -17.325260 -23.846367
33.865618 -17.591780 -23.846367
33.726409 -17.857214 -23.846367
33.585120 -18.121548 -23.846367
33.441760 -18.384763 -23.846367
33.296336 -18.646844 -23.846367
33.148859 -18.907775 -23.846367
32.999336 -19.167540 -23.846367
32.847779 -19.426122 -23.846367
32.694195 -19.683506 -23.846367
32.538594 -19.939676 -23.846367
32.380986 -20.194616 -23.846367
32.221381 -20.448310 -23.846367
32.059788 -20.700743 -23.846367
31.896218 -20.951899 -23.846367
31.730680 -21.201763 -23.846367
31.563185 -21.450318 -23.846367
31.393743 -21.697551 -23.846367
31.222364 -21.943445 -23.846367
31.049059 -22.187985 -23.846367
30.873839 -22.431157 -23.846367
30.696715 -22.672946 -23.846367
30.517697 -22.913335 -23.846367
30.336797 -23.152312 -23.846367
30.154025 -23.389860 -23.846367
29.969394 -23.625965 -23.846367
29.782913 -23.860613 -23.846367
29.594596 -24.093789 -23.846367
29.404453 -24.325479 -23.846367
29.212496 -24.555668 -23.846367
29.018737 -24.784343 -23.846367
28.823189 -25.011489 -23.846367
28.625862 -25.237092 -23.846367
28.426769 -25.461138 -23.846367
28.225923 -25.683614 -23.846367
28.023336 -25.904506 -23.846367
27.819021 -26.123799 -23.846367
27.612989 -26.341481 -23.846367
27.405254 -26.557539 -23.846367
27.195828 -26.771958 -23.846367
26.984725 -26.984725 -23.846367
26.771958 -27.195828 -23.846367
26.557539 -27.405254 -23.846367
26.341481 -27.612989 -23.846367
26.123799 -27.819021 -23.846367
25.904506 -28.023336 -23.846367
25.683614 -28.225923 -23.846367
25.461138 -28.426769 -23.846367
25.237092 -28.625862 -23.846367
25.011489 -28.823189 -23.846367
24.784343 -29.018737 -23.846367
24.555668 -29.212496 -23.846367
24.325479 -29.404453 -23.846367
24.093789 -29.594596 -23.846367
23.860613 -29.782913 -23.846367
23.625965 -29.969394 -23.846367
23.389860 -30.154025 -23.846367
23.152312 -30.336797 -23.846367
22.913335 -30.517697 -23.846367
22.672946 -30.696715 -23.846367
22.431157 -30.873839 -23.846367
22.187985 -31.049059 -23.846367
21.943445 -31.222364 -23.846367
21.697551 -31.393743 -23.846367
21.450318 -31.563185 -23.846367
21.201763 -31.730680 -23.846367
20.951899 -31.896218 -23.846367
20.700743 -32.059788 -23.846367
20.448310 -32.221381 -23.846367
20.194616 -32.380986 -23.846367
19.939676 -32.538594 -23.846367
19.683506 -32.694195 -23.846367
19.426122 -32.847779 -23.846367
19.167540 -32.999336 -23.846367
18.907775 -33.148859 -23.846367
18.646844 -33.296336 -23.846367
18.384763 -33.441760 -23.846367
18.121548 -33.585120 -23.846367
17.857214 -33.726409 -23.846367
17.591780 -33.865618 -23.846367
17.325260 -34.002737 -23.846367
17.057672 -34.137760 -23.846367
16.789031 -34.270676 -23.846367
16.519355 -34.401478 -23.846367
16.248659 -34.530159 -23.846367
15.976962 -34.656709 -23.846367
15.704279 -34.781122 -23.846367
15.430627 -34.903389 -23.846367
15.156023 -35.023503 -23.846367
14.880484 -35.141457 -23.846367
14.604028 -35.257243 -23.846367
14.326671 -35.370854 -23.846367
14.048430 -35.482283 -23.846367
13.769322 -35.591524 -23.846367
13.489365 -35.698569 -23.846367
13.208576 -35.803412 -23.846367
12.926972 -35.906047 -23.846367
12.644571 -36.006466 -23.846367
12.361390 -36.104665 -23.846367
12.077446 -36.200637 -23.846367
11.792757 -36.294375 -23.846367
11.507341 -36.385875 -23.846367
11.221215 -36.475130 -23.846367
10.934397 -36.562135 -23.846367
10.646904 -36.646885 -23.846367
10.358755 -36.729375 -23.846367
10.069967 -36.809599 -23.846367
9.780557 -36.887552 -23.846367
9.490544 -36.963230 -23.846367
9.199946 -37.036628 -23.846367
8.908780 -37.107741 -23.846367
8.617065 -37.176565 -23.846367
8.324818 -37.243096 -23.846367
8.032058 -37.307329 -23.846367
7.738802 -37.369262 -23.846367
7.445069 -37.428889 -23.846367
7.150877 -37.486207 -23.846367
6.856243 -37.541214 -23.846367
6.561187 -37.593904 -23.846367
6.265725 -37.644275 -23.846367
5.969878 -37.692325 -23.846367
5.673662 -37.738049 -23.846367
5.377096 -37.781446 -23.846367
5.080198 -37.822511 -23.846367
4.782987 -37.861244 -23.846367
4.485481 -37.897642 -23.846367
4.187699 -37.931701 -23.846367
3.889658 -37.963421 -23.846367
3.591377 -37.992799 -23.846367
3.292874 -38.019834 -23.846367
2.994169 -38.044523 -23.846367
2.695279 -38.066866 -23.846367
2.396222 -38.086860 -23.846367
2.097018 -38.104505 -23.846367
1.797684 -38.119800 -23.846367
1.498240 -38.132743 -23.846367
1.198703 -38.143334 -23.846367
0.899092 -38.151572 -23.846367
0.599425 -38.157456 -23.846367
0.299722 -38.160987 -23.846367
0.000000 -38.162164 -23.846367
0.000000 -38.162164 -23.846367
0.000000 -38.162164 -23.846367
0.000000 -38.162164 -23.846367
0.000000 -38.162164 -23.846367
0.000000 -38.162164 -23.846367
0.000000 -38.162164 -23.846367
0.000000 -38.162164 -23.846367
0.000000 -38.162164 -23.846367
0.000000 -38.162164 -23.846367
0.000000 -38.162164 -23.846367
0.000000 -38.162164 -23.846367
0.000000 -38.162164 -23.846367
0.000000 -38.162164 -23.846367
0.000000 -38.162164 -23.846367
0.000000 -38.162164 -23.846367
0.000000 -38.162164 -23.846367
0.000000 -38.162164 -23.846367
0.000000 -38.162164 -23.846367
0.000000 -38.162164 -23.846367
0.000000 -38.162164 -23.846367
0.000000 -38.162164 -23.846367
0.000000 -38.162164 -23.846367
0.000000 -38.162164 -23.846367
0.000000 -38.162164 -23.846367
0.000000 -38.162164 -23.846367
0.000000 -38.162164 -23.846367
0.000000 -38.162164 -23.846367
0.000000 -38.162164 -23.846367
0.000000 -38.162164 -23.846367
0.000000 -38.162164 -23.846367
0.000000 -38.162164 -23.846367
0.000000 -38.162164 -23.846367
0.000000 -38.162164 -23.846367
0.000000 -38.162164 -23.846367
0.000000 -38.162164 -23.846367
0.000000 -38.162164 -23.846367
0.000000 -38.162164 -23.846367
0.000000 -38.162164 -23.846367
0.000000 -38.162164 -23.846367
0.000000 -38.162164 -23.846367
0.000000 -38.162164 -23.846367
0.000000 -38.162164 -23.846367
0.000000 -38.162164 -23.846367
0.000000 -38.162164 -23.846367
0.000000 -38.162164 -23.846367
0.000000 -38.162164 -23.846367
0.000000 -38.162164 -23.846367
0.000000 -38.162164 -23.846367
0.000000 -38.162164 -23.846367
0.000000 -38.162164 -23.846367
0.000000 -38.162164 -23.846367
0.000000 -38.162164 -23.846367
0.000000 -38.162164 -23.846367
0.000000 -38.162164 -23.846367
0.000000 -38.162164 -23.846367
0.000000 -38.162164 -23.846367
0.000000 -38.162164 -23.846367
0.000000 -38.162164 -23.846367
0.000000 -38.162164 -23.846367
0.000000 -38.162164 -23.846367
0.000000 -38.162164 -23.846367
0.000000 -38.162164 -23.846367
0.000000 -38.162164 -23.846367
0.000000 -38.162164 -23.846367
0.000000 -38.162164 -23.846367
0.000000 -38.162164 -23.846367
0.000000 -38.162164 -23.846367
0.000000 -38.162164 -23.846367
0.000000 -38.162164 -23.846367
0.000000 -38.162164 -23.846367
0.000000 -38.162164 -23.846367
0.000000 -38.162164 -23.846367
0.000000 -38.162164 -23.846367
0.000000 -38.162164 -23.846367
0.000000 -38.162164 -23.846367
0.000000 -38.162164 -23.846367
0.000000 -38.162164 -23.846367
0.000000 -38.162164 -23.846367
0.000000 -38.162164 -23.846367
0.000000 -38.162164 -23.846367
0.000000 -38.162164 -23.846367
0.000000 -38.162164 -23.846367
0.000000 -38.162164 -23.846367
0.000000 -38.162164 -23.846367
0.000000 -38.162164 -23.846367
0.000000 -38.162164 -23.846367
0.000000 -38.162164 -23.846367
0.000000 -38.162164 -23.846367
0.000000 -38.162164 -23.846367
0.000000 -38.162164 -23.846367
0.000000 -38.162164 -23.846367
0.000000 -38.162164 -23.846367
0.000000 -38.162164 -23.846367
0.000000 -38.162164 -23.846367
0.000000 -38.162164 -23.846367
0.000000 -38.162164 -23.846367
0.000000 -38.162164 -23.846367
0.000000 -38.162164 -23.846367
0.000000 -38.162164 -23.846367
0.000000 -38.162164 -23.846367
0.000000 -38.162164 -23.846367
0.000000 -38.162164 -23.846367
0.000000 -38.162164 -23.846367
0.000000 -38.162164 -23.846367
0.000000 -38.162164 -23.846367
0.000000 -38.162164 -23.846367
0.000000 -38.162164 -23.846367
0.000000 -38.162164 -23.846367
0.000000 -38.162164 -23.846367
0.000000 -38.162164 -23.846367
0.000000 -38.162164 -23.846367
0.000000 -38.162164 -23.846367
0.000000 -38.162164 -23.846367
0.000000 -38.162164 -23.846367
0.000000 -38.162164 -23.846367
0.000000 -38.162164 -23.846367
0.000000 -38.162164 -23.846367
0.000000 -38.162164 -23.846367
0.000000 -38.162164 -23.846367
0.000000 -38.162164 -23.846367
0.000000 -38.162164 -23.846367
0.000000 -38.162164 -23.846367
0.000000 -38.162164 -23.846367
0.000000 -38.162164 -23.846367
0.000000 -38.162164 -23.846367
0.000000 -38.162164 -23.846367
0.000000 -38.162164 -23.846367
0.000000 -38.162164 -23.846367
0.000000 -38.162164 -23.846367
0.000000 -38.162164 -23.846367
0.000000 -38.162164 -23.846367
0.000000 -38.162164 -23.846367
0.000000 -38.162164 -23.846367
0.000000 -38.162164 -23.846367
0.000000 -38.162164 -23.846367
0.000000 -38.162164 -23.846367
0.000000 -38.162164 -23.846367
0.000000 -38.162164 -23.846367
0.000000 -38.162164 -23.846367
0.000000 -38.162164 -23.846367
0.000000 -38.162164 -23.846367
0.000000 -38.162164 -23.846367
0.000000 -38.162164 -23.846367
0.000000 -38.162164 -23.846367
0.000000 -38.162164 -23.846367
0.000000 -38.162164 -23.846367
0.000000 -38.162164 -23.846367
0.000000 -38.162164 -23.846367
0.000000 -38.162164 -23.846367
0.000000 -38.162164 -23.846367
0.000000 -38.162164 -23.846367
0.000000 -38.162164 -23.846367
0.000000 -38.162164 -23.846367
0.000000 -38.162164 -23.846367
0.000000 -38.162164 -23.846367
0.000000 -38.162164 -23.846367
0.000000 -38.162164 -23.846367
0.000000 -38.162164 -23.846367
0.000000 -38.162164 -23.846367
0.000000 -38.162164 -23.846367
0.000000 -38.162164 -23.846367
0.000000 -38.162164 -23.846367
0.000000 -38.162164 -23.846367
0.000000 -38.162164 -23.846367
0.000000 -38.162164 -23.846367
0.000000 -38.162164 -23.846367
0.000000 -38.162164 -23.846367
0.000000 -38.162164 -23.846367
0.000000 -38.162164 -23.846367
0.000000 -38.162164 -23.846367
0.000000 -38.162164 -23.846367
0.000000 -38.162164 -23.846367
0.000000 -38.162164 -23.846367
0.000000 -38.162164 -23.846367
0.000000 -38.162164 -23.846367
0.000000 -38.162164 -23.846367
0.000000 -38.162164 -23.846367
0.000000 -38.162164 -23.846367
0.000000 -38.162164 -23.846367
0.000000 -38.162164 -23.846367
0.000000 -38.162164 -23.846367
0.000000 -38.162164 -23.846367
0.000000 -38.162164 -23.846367
0.000000 -38.162164 -23.846367
0.000000 -38.162164 -23.846367
0.000000 -38.162164 -23.846367
0.000000 -38.162164 -23.846367
0.000000 -38.162164 -23.846367
0.000000 -38.162164 -23.846367
0.000000 -38.162164 -23.846367
0.000000 -38.162164 -23.846367
0.000000 -38.162164 -23.846367
0.000000 -38.162164 -23.846367
0.000000 -38.162164 -23.846367
0.000000 -38.162164 -23.846367
0.000000 -38.162164 -23.846367
0.000000 -38.162164 -23.846367
0.000000 -38.162164 -23.846367
0.000000 -38.162164 -23.846367
0.000000 -38.162164 -23.846367
0.000000 -38.162164 -23.846367
0.000000 -38.162164 -23.846367
0.000000 -38.162164 -23.846367
0.000000 -38.162164 -23.846367
0.000000 -38.162164 -23.846367
0.000000 -38.162164 -23.846367
0.000000 -38.162164 -23.846367
0.000000 -38.162164 -23.846367
0.000000 -38.162164 -23.846367
0.000000 -38.162164 -23.846367
0.000000 -38.162164 -23.846367
0.000000 -38.162164 -23.846367
0.000000 -38.162164 -23.846367
0.000000 -38.162164 -23.846367
0.000000 -38.162164 -23.846367
0.000000 -38.162164 -23.846367
0.000000 -38.162164 -23.846367
0.000000 -38.162164 -23.846367
0.000000 -38.162164 -23.846367
0.000000 -38.162164 -23.846367
0.000000 -38.162164 -23.846367
0.000000 -38.162164 -23.846367
0.000000 -38.162164 -23.846367
0.000000 -38.162164 -23.846367
0.000000 -38.162164 -23.846367
0.000000 -38.162164 -23.846367
0.000000 -38.162164 -23.846367
0.000000 -38.162164 -23.846367
0.000000 -38.162164 -23.846367
0.000000 -38.162164 -23.846367
0.000000 -38.162164 -23.846367
0.000000 -38.162164 -23.846367
0.000000 -38.162164 -23.846367
0.000000 -38.162164 -23.846367
0.000000 -38.162164 -23.846367
0.000000 -38.162164 -23.846367
0.000000 -38.162164 -23.846367
0.000000 -38.162164 -23.846367
0.000000 -38.162164 -23.846367
0.000000 -38.162164 -23.846367
0.000000 -38.162164 -23.846367
0.000000 -38.162164 -23.846367
0.000000 -38.162164 -23.846367
0.000000 -38.162164 -23.846367
0.000000 -38.162164 -23.846367
0.000000 -38.162164 -23.846367
0.000000 -38.162164 -23.846367
0.000000 -38.162164 -23.846367
0.000000 -38.162164 -23.846367
0.000000 -38.162164 -23.846367
0.000000 -38.162164 -23.846367
0.000000 -38.162164 -23.846367
0.000000 -38.162164 -23.846367
0.000000 -38.162164 -23.846367
0.000000 -38.162164 -23.846367
0.000000 -38.162164 -23.846367
0.000000 -38.162164 -23.846367
0.000000 -38.162164 -23.846367
0.000000 -38.162164 -23.846367
0.000000 -38.162164 -23.846367
0.000000 -38.162164 -23.846367
0.000000 -38.162164 -23.846367
0.000000 -38.162164 -23.846367
0.000000 -38.162164 -23.846367
0.000000 -38.162164 -23.846367
0.000000 -38.162164 -23.846367
0.000000 -38.162164 -23.846367
0.000000 -38.162164 -23.846367
0.000000 -38.162164 -23.846367
0.000000 -38.162164 -23.846367
0.000000 -38.162164 -23.846367
0.000000 -38.162164 -23.846367
0.000000 -38.162164 -23.846367
0.000000 -38.162164 -23.846367
0.000000 -38.162164 -23.846367
0.000000 -38.162164 -23.846367
0.000000 -38.162164 -23.846367
0.000000 -38.162164 -23.846367
0.000000 -38.162164 -23.846367
0.000000 -38.162164 -23.846367
0.000000 -38.162164 -23.846367
0.000000 -38.162164 -23.846367
0.000000 -38.162164 -23.846367
0.000000 -38.162164 -23.846367
0.000000 -38.162164 -23.846367
0.000000 -38.162164 -23.846367
0.000000 -38.162164 -23.846367
0.000000 -38.162164 -23.846367
0.000000 -38.162164 -23.846367
0.000000 -38.162164 -23.846367
0.000000 -38.162164 -23.846367
0.000000 -38.162164 -23.846367
0.000000 -38.162164 -23.846367
0.000000 -38.162164 -23.846367
0.000000 -38.162164 -23.846367
0.000000 -38.162164 -23.846367
0.000000 -38.162164 -23.846367
0.000000 -38.162164 -23.846367
0.000000 -38.162164 -23.846367
0.000000 -38.162164 -23.846367
0.000000 -38.162164 -23.846367
0.000000 -38.162164 -23.846367
0.000000 -38.162164 -23.846367
0.000000 -38.162164 -23.846367
0.000000 -38.162164 -23.846367
0.000000 -38.162164 -23.846367
0.000000 -38.162164 -23.846367
0.000000 -38.162164 -23.846367
0.000000 -38.162164 -23.846367
0.000000 -38.162164 -23.846367
0.000000 -38.162164 -23.846367
0.000000 -38.162164 -23.846367
0.000000 -38.162164 -23.846367
0.000000 -38.162164 -23.846367
0.000000 -38.162164 -23.846367
0.000000 -38.162164 -23.846367
0.000000 -38.162164 -23.846367
0.000000 -38.162164 -23.846367
0.000000 -38.162164 -23.846367
0.000000 -38.162164 -23.846367
0.000000 -38.162164 -23.846367
0.000000 -38.162164 -23.846367
0.000000 -38.162164 -23.846367
0.000000 -38.162164 -23.846367
0.000000 -38.162164 -23.846367
0.000000 -38.162164 -23.846367
0.000000 -38.162164 -23.846367
0.000000 -38.162164 -23.846367
0.000000 -38.162164 -23.846367
0.000000 -38.162164 -23.846367
0.000000 -38.162164 -23.846367
0.000000 -38.162164 -23.846367
0.000000 -38.162164 -23.846367
0.000000 -38.162164 -23.846367
0.000000 -38.162164 -23.846367
0.000000 -38.162164 -23.846367
0.000000 -38.162164 -23.846367
0.000000 -38.162164 -23.846367
0.000000 -38.162164 -23.846367
0.000000 -38.162164 -23.846367
0.000000 -38.162164 -23.846367
0.000000 -38.162164 -23.846367
0.000000 -38.162164 -23.846367
0.000000 -38.162164 -23.846367
0.000000 -38.162164 -23.846367
0.000000 -38.162164 -23.846367
0.000000 -38.162164 -23.846367
0.000000 -38.162164 -23.846367
0.000000 -38.162164 -23.846367
0.000000 -38.162164 -23.846367
0.000000 -38.162164 -23.846367
0.000000 -38.162164 -23.846367
0.000000 -38.162164 -23.846367
0.000000 -38.162164 -23.846367
0.000000 -38.162164 -23.846367
0.000000 -38.162164 -23.846367
0.000000 -38.162164 -23.846367
0.000000 -38.162164 -23.846367
0.000000 -38.162164 -23.846367
0.000000 -38.162164 -23.846367
0.000000 -38.162164 -23.846367
0.000000 -38.162164 -23.846367
0.000000 -38.162164 -23.846367
0.000000 -38.162164 -23.846367
0.000000 -38.162164 -23.846367
0.000000 -38.162164 -23.846367
0.000000 -38.162164 -23.846367
0.000000 -38.162164 -23.846367
0.000000 -38.162164 -23.846367
0.000000 -38.162164 -23.846367
0.000000 -38.162164 -23.846367
0.000000 -38.162164 -23.846367
0.000000 -38.162164 -23.846367
0.000000 -38.162164 -23.846367
0.000000 -38.162164 -23.846367
0.000000 -38.162164 -23.846367
0.000000 -38.162164 -23.846367
0.000000 -38.162164 -23.846367
0.000000 -38.162164 -23.846367
0.000000 -38.162164 -23.846367
0.000000 -38.162164 -23.846367
0.000000 -38.162164 -23.846367
0.000000 -38.162164 -23.846367
0.000000 -38.162164 -23.846367
0.000000 -38.162164 -23.846367
0.000000 -38.162164 -23.846367
0.000000 -38.162164 -23.846367
0.000000 -38.162164 -23.846367
0.000000 -38.162164 -23.846367
0.000000 -38.162164 -23.846367
0.000000 -38.162164 -23.846367
0.000000 -38.162164 -23.846367
0.000000 -38.162164 -23.846367
0.000000 -38.162164 -23.846367
0.000000 -38.162164 -23.846367
0.000000 -38.162164 -23.846367
0.000000 -38.162164 -23.846367
0.000000 -38.162164 -23.846367
0.000000 -38.162164 -23.846367
0.000000 -38.162164 -23.846367
0.000000 -38.162164 -23.846367
0.000000 -38.162164 -23.846367
0.000000 -38.162164 -23.846367
0.000000 -38.162164 -23.846367
0.000000 -38.162164 -23.846367
0.000000 -38.162164 -23.846367
0.000000 -38.162164 -23.846367
0.000000 -38.162164 -23.846367
0.000000 -38.162164 -23.846367
0.000000 -38.162164 -23.846367
0.000000 -38.162164 -23.846367
0.000000 -38.162164 -23.846367
0.000000 -38.162164 -23.846367
0.000000 -38.162164 -23.846367
0.000000 -38.162164 -23.846367
0.000000 -38.162164 -23.846367
0.000000 -38.162164 -23.846367
0.000000 -38.162164 -23.846367
0.000000 -38.162164 -23.846367
0.000000 -38.162164 -23.846367
0.000000 -38.162164 -23.846367
0.000000 -38.162164 -23.846367
0.000000 -38.162164 -23.846367
0.000000 -38.162164 -23.846367
0.000000 -38.162164 -23.846367
0.000000 -38.162164 -23.846367
0.000000 -38.162164 -23.846367
0.000000 -38.162164 -23.846367
0.000000 -38.162164 -23.846367
0.000000 -38.162164 -23.846367
0.000000 -38.162164 -23.846367
0.000000 -38.162164 -23.846367
0.000000 -38.162164 -23.846367
0.000000 -38.162164 -23.846367
0.000000 -38.162164 -23.846367
0.000000 -38.162164 -23.846367
0.000000 -38.162164 -23.846367
0.000000 -38.162164 -23.846367
0.000000 -38.162164 -23.846367
0.000000 -38.162164 -23.846367
0.000000 -38.162164 -23.846367
0.000000 -38.162164 -23.846367
0.000000 -38.162164 -23.846367
0.000000 -38.162164 -23.846367
0.000000 -38.162164 -23.846367
0.000000 -38.162164 -23.846367
0.000000 -38.162164 -23.846367
0.000000 -38.162164 -23.846367
0.000000 -38.162164 -23.846367
0.000000 -38.162164 -23.846367
0.000000 -38.162164 -23.846367
0.000000 -38.162164 -23.846367
0.000000 -38.162164 -23.846367
0.000000 -38.162164 -23.846367
0.000000 -38.162164 -23.846367
0.000000 -38.162164 -23.846367
0.000000 -38.162164 -23.846367
0.000000 -38.162164 -23.846367
0.000000 -38.162164 -23.846367
0.000000 -38.162164 -23.846367
0.000000 -38.162164 -23.846367
0.000000 -38.162164 -23.846367
0.000000 -38.162164 -23.846367
0.000000 -38.162164 -23.846367
0.000000 -38.162164 -23.846367
0.000000 -38.162164 -23.846367
0.000000 -38.162164 -23.846367
0.000000 -38.162164 -23.846367
0.000000 -38.162164 -23.846367
0.000000 -38.162164 -23.846367
0.000000 -38.162164 -23.846367
0.000000 -38.162164 -23.846367
0.000000 -38.162164 -23.846367
0.000000 -38.162164 -23.846367
0.000000 -38.162164 -23.846367
0.000000 -38.162164 -23.846367
0.000000 -38.162164 -23.846367
0.000000 -38.162164 -23.846367
0.000000 -38.162164 -23.846367
0.000000 -38.162164 -23.846367
0.000000 -38.162164 -23.846367
0.000000 -38.162164 -23.846367
0.000000 -38.162164 -23.846367
0.000000 -38.162164 -23.846367
0.000000 -38.162164 -23.846367
0.000000 -38.162164 -23.846367
0.000000 -38.162164 -23.846367
0.000000 -38.162164 -23.846367
0.000000 -38.162164 -23.846367
0.000000 -38.162164 -23.846367
0.000000 -38.162164 -23.846367
0.000000 -38.162164 -23.846367
0.000000 -38.162164 -23.846367
0.000000 -38.162164 -23.846367
0.000000 -38.162164 -23.846367
0.000000 -38.162164 -23.846367
0.000000 -38.162164 -23.846367
0.000000 -38.162164 -23.846367
0.000000 -38.162164 -23.846367
0.000000 -38.162164 -23.846367
0.000000 -38.162164 -23.846367
0.000000 -38.162164 -23.846367
0.000000 -38.162164 -23.846367
0.000000 -38.162164 -23.846367
0.000000 -38.162164 -23.846367
0.000000 -38.162164 -23.846367
0.000000 -38.162164 -23.846367
0.000000 -38.162164 -23.846367
0.000000 -38.162164 -23.846367
0.000000 -38.162164 -23.846367
0.000000 -38.162164 -23.846367
0.000000 -38.162164 -23.846367
0.000000 -38.162164 -23.846367
0.000000 -38.162164 -23.846367
0.000000 -38.162164 -23.846367
0.000000 -38.162164 -23.846367
0.000000 -38.162164 -23.846367
0.000000 -38.162164 -23.846367
0.000000 -38.162164 -23.846367
0.000000 -38.162164 -23.846367
0.000000 -38.162164 -23.846367
0.000000 -38.162164 -23.846367
0.000000 -38.162164 -23.846367
0.000000 -38.162164 -23.846367
0.000000 -38.162164 -23.846367
0.000000 -38.162164 -23.846367
0.000000 -38.162164 -23.846367
0.000000 -38.162164 -23.846367
0.000000 -38.162164 -23.846367
0.000000 -38.162164 -23.846367
0.000000 -38.162164 -23.846367
0.000000 -38.162164 -23.846367
0.000000 -38.162164 -23.846367
0.000000 -38.162164 -23.846367
0.000000 -38.162164 -23.846367
0.000000 -38.162164 -23.846367
0.000000 -38.162164 -23.846367
0.000000 -38.162164 -23.846367
0.000000 -38.162164 -23.846367
0.000000 -38.162164 -23.846367
0.000000 -38.162164 -23.846367
0.000000 -38.162164 -23.846367
0.000000 -38.162164 -23.846367
0.000000 -38.162164 -23.846367
0.000000 -38.162164 -23.846367
0.000000 -38.162164 -23.846367
0.000000 -38.162164 -23.846367
0.000000 -38.162164 -23.846367
0.000000 -38.162164 -23.846367
0.000000 -38.162164 -23.846367
0.000000 -38.162164 -23.846367
0.000000 -38.162164 -23.846367
0.000000 -38.162164 -23.846367
0.000000 -38.162164 -23.846367
0.000000 -38.162164 -23.846367
0.000000 -38.162164 -23.846367
0.000000 -38.162164 -23.846367
0.000000 -38.162164 -23.846367
0.000000 -38.162164 -23.846367
0.000000 -38.162164 -23.846367
0.000000 -38.162164 -23.846367
0.000000 -38.162164 -23.846367
0.000000 -38.162164 -23.846367
0.000000 -38.162164 -23.846367
0.000000 -38.162164 -23.846367
0.000000 -38.162164 -23.846367
0.000000 -38.162164 -23.846367
0.000000 -38.162164 -23.846367
0.000000 -38.162164 -23.846367
0.000000 -38.162164 -23.846367
0.000000 -38.162164 -23.846367
0.000000 -38.162164 -23.846367
0.000000 -38.162164 -23.846367
0.000000 -38.162164 -23.846367
0.000000 -38.162164 -23.846367
0.000000 -38.162164 -23.846367
0.000000 -38.162164 -23.846367
0.000000 -38.162164 -23.846367
0.000000 -38.162164 -23.846367
0.000000 -38.162164 -23.846367
0.000000 -38.162164 -23.846367
0.000000 -38.162164 -23.846367
0.000000 -38.162164 -23.846367
0.000000 -38.162164 -23.846367
0.000000 -38.162164 -23.846367
0.000000 -38.162164 -23.846367
0.000000 -38.162164 -23.846367
0.000000 -38.162164 -23.846367
0.000000 -38.162164 -23.846367
0.000000 -38.162164 -23.846367
0.000000 -38.162164 -23.846367
0.000000 -38.162164 -23.846367
0.000000 -38.162164 -23.846367
0.000000 -38.162164 -23.846367
0.000000 -38.162164 -23.846367
0.000000 -38.162164 -23.846367
0.000000 -38.162164 -23.846367
0.000000 -38.162164 -23.846367
0.000000 -38.162164 -23.846367
0.000000 -38.162164 -23.846367
0.000000 -38.162164 -23.846367
0.000000 -38.162164 -23.846367
0.000000 -38.162164 -23.846367
0.000000 -38.162164 -23.846367
0.000000 -38.162164 -23.846367
0.000000 -38.162164 -23.846367
0.000000 -38.162164 -23.846367
0.000000 -38.162164 -23.846367
0.000000 -38.162164 -23.846367
0.000000 -38.162164 -23.846367
0.000000 -38.162164 -23.846367
0.000000 -38.162164 -23.846367
0.000000 -38.162164 -23.846367
0.000000 -38.162164 -23.846367
0.000000 -38.162164 -23.846367
0.000000 -38.162164 -23.846367
0.000000 -38.162164 -23.846367
0.000000 -38.162164 -23.846367
0.000000 -38.162164 -23.846367
0.000000 -38.162164 -23.846367
0.000000 -38.162164 -23.846367
0.000000 -38.162164 -23.846367
0.000000 -38.162164 -23.846367
0.000000 -38.162164 -23.846367
0.000000 -38.162164 -23.846367
0.000000 -38.162164 -23.846367
0.000000 -38.162164 -23.846367
0.000000 -38.162164 -23.846367
0.000000 -38.162164 -23.846367
0.000000 -38.162164 -23.846367
0.000000 -38.162164 -23.846367
0.000000 -38.162164 -23.846367
0.000000 -38.162164 -23.846367
0.000000 -38.162164 -23.846367
0.000000 -38.162164 -23.846367
0.000000 -38.162164 -23.846367
0.000000 -38.162164 -23.846367
0.000000 -38.162164 -23.846367
0.000000 -38.162164 -23.846367
0.000000 -38.162164 -23.846367
0.000000 -38.162164 -23.846367
0.000000 -38.162164 -23.846367
0.000000 -38.162164 -23.846367
0.000000 -38.162164 -23.846367
0.000000 -38.162164 -23.846367
0.000000 -38.162164 -23.846367
0.000000 -38.162164 -23.846367
0.000000 -38.162164 -23.846367
0.000000 -38.162164 -23.846367
0.000000 -38.162164 -23.846367
0.000000 -38.162164 -23.846367
0.000000 -38.162164 -23.846367
0.000000 -38.162164 -23.846367
0.000000 -38.162164 -23.846367
0.000000 -38.162164 -23.846367
0.000000 -38.162164 -23.846367
0.000000 -38.162164 -23.846367
0.000000 -38.162164 -23.846367
0.000000 -38.162164 -23.846367
0.000000 -38.162164 -23.846367
0.000000 -38.162164 -23.846367
0.000000 -38.162164 -23.846367
0.000000 -38.162164 -23.846367
0.000000 -38.162164 -23.846367
0.000000 -38.162164 -23.846367
0.000000 -38.162164 -23.846367
0.000000 -38.162164 -23.846367
0.000000 -38.162164 -23.846367
0.000000 -38.162164 -23.846367
0.000000 -38.162164 -23.846367
0.000000 -38.162164 -23.846367
0.000000 -38.162164 -23.846367
0.000000 -38.162164 -23.846367
0.000000 -38.162164 -23.846367
0.000000 -38.162164 -23.846367
0.000000 -38.162164 -23.846367
0.000000 -38.162164 -23.846367
0.000000 -38.162164 -23.846367
0.000000 -38.162164 -23.846367
0.000000 -38.162164 -23.846367
0.000000 -38.162164 -23.846367
0.000000 -38.162164 -23.846367
0.000000 -38.162164 -23.846367
0.000000 -38.162164 -23.846367
0.000000 -38.162164 -23.846367
0.000000 -38.162164 -23.846367
0.000000 -38.162164 -23.846367
0.000000 -38.162164 -23.846367
0.000000 -38.162164 -23.846367
0.000000 -38.162164 -23.846367
0.000000 -38.162164 -23.846367
0.000000 -38.162164 -23.846367
0.000000 -38.162164 -23.846367
0.000000 -38.162164 -23.846367
0.000000 -38.162164 -23.846367
0.000000 -38.162164 -23.846367
0.000000 -38.162164 -23.846367
0.000000 -38.162164 -23.846367
0.000000 -38.162164 -23.846367
0.000000 -38.162164 -23.846367
0.000000 -38.162164 -23.846367
0.000000 -38.162164 -23.846367
0.000000 -38.162164 -23.846367
0.000000 -38.162164 -23.846367
0.000000 -38.162164 -23.846367
0.000000 -38.162164 -23.846367
0.000000 -38.162164 -23.846367
0.000000 -38.162164 -23.846367
0.000000 -38.162164 -23.846367
0.000000 -38.162164 -23.846367
0.000000 -38.162164 -23.846367
0.000000 -38.162164 -23.846367
0.000000 -38.162164 -23.846367
0.000000 -38.162164 -23.846367
0.000000 -38.162164 -23.846367
0.000000 -38.162164 -23.846367
0.000000 -38.162164 -23.846367
0.000000 -38.162164 -23.846367
0.000000 -38.162164 -23.846367
0.000000 -38.162164 -23.846367
0.000000 -38.162164 -23.846367
0.000000 -38.162164 -23.846367
0.000000 -38.162164 -23.846367
0.000000 -38.162164 -23.846367
0.000000 -38.162164 -23.846367
0.000000 -38.162164 -23.846367
0.000000 -38.162164 -23.846367
0.000000 -38.162164 -23.846367
0.000000 -38.162164 -23.846367
0.000000 -38.162164 -23.846367
0.000000 -38.162164 -23.846367
0.000000 -38.162164 -23.846367
0.000000 -38.162164 -23.846367
0.000000 -38.162164 -23.846367
0.000000 -38.162164 -23.846367
0.000000 -38.162164 -23.846367
0.000000 -38.162164 -23.846367
0.000000 -38.162164 -23.846367
0.000000 -38.162164 -23.846367
0.000000 -38.162164 -23.846367
0.000000 -38.162164 -23.846367
0.000000 -38.162164 -23.846367
0.000000 -38.162164 -23.846367
0.000000 -38.162164 -23.846367
0.000000 -38.162164 -23.846367
0.000000 -38.162164 -23.846367
0.000000 -38.162164 -23.846367
0.000000 -38.162164 -23.846367
0.000000 -38.162164 -23.846367
0.000000 -38.162164 -23.846367
0.000000 -38.162164 -23.846367
0.000000 -38.162164 -23.846367
0.000000 -38.162164 -23.846367
0.000000 -38.162164 -23.846367
0.000000 -38.162164 -23.846367
0.000000 -38.162164 -23.846367
0.000000 -38.162164 -23.846367
0.000000 -38.162164 -23.846367
0.000000 -38.162164 -23.846367
0.000000 -38.162164 -23.846367
0.000000 -38.162164 -23.846367
0.000000 -38.162164 -23.846367
0.000000 -38.162164 -23.846367
0.000000 -38.162164 -23.846367
0.000000 -38.162164 -23.846367
0.000000 -38.162164 -23.846367
0.000000 -38.162164 -23.846367
0.000000 -38.162164 -23.846367
0.000000 -38.162164 -23.846367
0.000000 -38.162164 -23.846367
0.000000 -38.162164 -23.846367
0.000000 -38.162164 -23.846367
0.000000 -38.162164 -23.846367
0.000000 -38.162164 -23.846367
0.000000 -38.162164 -23.846367
0.000000 -38.162164 -23.846367
0.000000 -38.162164 -23.846367
0.000000 -38.162164 -23.846367
0.000000 -38.162164 -23.846367
0.000000 -38.162164 -23.846367
0.000000 -38.162164 -23.846367
0.000000 -38.162164 -23.846367
0.000000 -38.162164 -23.846367
0.000000 -38.162164 -23.846367
0.000000 -38.162164 -23.846367
0.000000 -38.162164 -23.846367
0.000000 -38.162164 -23.846367
0.000000 -38.162164 -23.846367
0.000000 -38.162164 -23.846367
0.000000 -38.162164 -23.846367
0.000000 -38.162164 -23.846367
0.000000 -38.162164 -23.846367
0.000000 -38.162164 -23.846367
0.000000 -38.162164 -23.846367
0.000000 -38.162164 -23.846367
0.000000 -38.162164 -23.846367
0.000000 -38.162164 -23.846367
0.000000 -38.162164 -23.846367
0.000000 -38.162164 -23.846367
0.000000 -38.162164 -23.846367
0.000000 -38.162164 -23.846367
0.000000 -38.162164 -23.846367
0.000000 -38.162164 -23.846367
0.000000 -38.162164 -23.846367
0.000000 -38.162164 -23.846367
0.000000 -38.162164 -23.846367
0.000000 -38.162164 -23.846367
0.000000 -38.162164 -23.846367
0.000000 -38.162164 -23.846367
0.000000 -38.162164 -23.846367
0.000000 -38.162164 -23.846367
0.000000 -38.162164 -23.846367
0.000000 -38.162164 -23.846367
0.000000 -38.162164 -23.846367
0.000000 -38.162164 -23.846367
0.000000 -38.162164 -23.846367
0.000000 -38.162164 -23.846367
0.000000 -38.162164 -23.846367
0.000000 -38.162164 -23.846367
0.000000 -38.162164 -23.846367
0.000000 -38.162164 -23.846367
0.000000 -38.162164 -23.846367
0.000000 -38.162164 -23.846367
0.000000 -38.162164 -23.846367
0.000000 -38.162164 -23.846367
0.000000 -38.162164 -23.846367
0.000000 -38.162164 -23.846367
0.000000 -38.162164 -23.846367
0.000000 -38.162164 -23.846367
0.000000 -38.162164 -23.846367
0.000000 -38.162164 -23.846367
0.000000 -38.162164 -23.846367
0.000000 -38.162164 -23.846367
0.000000 -38.162164 -23.846367
0.000000 -38.162164 -23.846367
0.000000 -38.162164 -23.846367
0.000000 -38.162164 -23.846367
0.000000 -38.162164 -23.846367
0.000000 -38.162164 -23.846367
0.000000 -38.162164 -23.846367
0.000000 -38.162164 -23.846367
0.000000 -38.162164 -23.846367
0.000000 -38.162164 -23.846367
0.000000 -38.162164 -23.846367
0.000000 -38.162164 -23.846367
0.000000 -38.162164 -23.846367
0.000000 -38.162164 -23.846367
0.000000 -38.162164 -23.846367
0.000000 -38.162164 -23.846367
0.000000 -38.162164 -23.846367
0.000000 -38.162164 -23.846367
0.000000 -38.162164 -23.846367
0.000000 -38.162164 -23.846367
0.000000 -38.162164 -23.846367
0.000000 -38.162164 -23.846367
0.000000 -38.162164 -23.846367
0.000000 -38.162164 -23.846367
0.000000 -38.162164 -23.846367
0.000000 -38.162164 -23.846367
0.000000 -38.162164 -23.846367
0.000000 -38.162164 -23.846367
0.000000 -38.162164 -23.846367
0.000000 -38.162164 -23.846367
0.000000 -38.162164 -23.846367
0.000000 -38.162164 -23.846367
0.000000 -38.162164 -23.846367
0.000000 -38.162164 -23.846367
0.000000 -38.162164 -23.846367
0.000000 -38.162164 -23.846367
0.000000 -38.162164 -23.846367
0.000000 -38.162164 -23.846367
0.000000 -38.162164 -23.846367
0.000000 -38.162164 -23.846367
0.000000 -38.162164 -23.846367
0.000000 -38.162164 -23.846367
0.000000 -38.162164 -23.846367
0.000000 -38.162164 -23.846367
0.000000 -38.162164 -23.846367
0.000000 -38.162164 -23.846367
0.000000 -38.162164 -23.846367
0.000000 -38.162164 -23.846367
0.000000 -38.162164 -23.846367
0.000000 -38.162164 -23.846367
0.000000 -38.162164 -23.846367
0.000000 -38.162164 -23.846367
0.000000 -38.162164 -23.846367
0.000000 -38.162164 -23.846367
0.000000 -38.162164 -23.846367
0.000000 -38.162164 -23.846367
0.000000 -38.162164 -23.846367
0.000000 -38.162164 -23.846367
0.000000 -38.162164 -23.846367
0.000000 -38.162164 -23.846367
0.000000 -38.162164 -23.846367
0.000000 -38.162164 -23.846367
0.000000 -38.162164 -23.846367
0.000000 -38.162164 -23.846367
0.000000 -38.162164 -23.846367
0.000000 -38.162164 -23.846367
0.000000 -38.162164 -23.846367
0.000000 -38.162164 -23.846367
0.000000 -38.162164 -23.846367
0.000000 -38.162164 -23.846367
0.000000 -38.162164 -23.846367
0.000000 -38.162164 -23.846367
0.000000 -38.162164 -23.846367
0.000000 -38.162164 -23.846367
0.000000 -38.162164 -23.846367
0.000000 -38.162164 -23.846367
0.000000 -38.162164 -23.846367
0.000000 -38.162164 -23.846367
0.000000 -38.162164 -23.846367
0.000000 -38.162164 -23.846367
0.000000 -38.162164 -23.846367
0.000000 -38.162164 -23.846367
0.000000 -38.162164 -23.846367
0.000000 -38.162164 -23.846367
0.000000 -38.162164 -23.846367
0.000000 -38.162164 -23.846367
0.000000 -38.162164 -23.846367
0.000000 -38.162164 -23.846367
0.000000 -38.162164 -23.846367
0.000000 -38.162164 -23.846367
0.000000 -38.162164 -23.846367
0.000000 -38.162164 -23.846367
0.000000 -38.162164 -23.846367
0.000000 -38.162164 -23.846367
0.000000 -38.162164 -23.846367
0.000000 -38.162164 -23.846367
0.000000 -38.162164 -23.846367
0.000000 -38.162164 -23.846367
0.000000 -38.162164 -23.846367
0.000000 -38.162164 -23.846367
0.000000 -38.162164 -23.846367
0.000000 -38.162164 -23.846367
0.000000 -38.162164 -23.846367
0.000000 -38.162164 -23.846367
0.000000 -38.162164 -23.846367
0.000000 -38.162164 -23.846367
0.000000 -38.162164 -23.846367
0.000000 -38.162164 -23.846367
0.000000 -38.162164 -23.846367
0.000000 -38.162164 -23.846367
0.000000 -38.162164 -23.846367
0.000000 -38.162164 -23.846367
0.000000 -38.162164 -23.846367
0.000000 -38.162164 -23.846367
0.000000 -38.162164 -23.846367
0.000000 -38.162164 -23.846367
0.000000 -38.162164 -23.846367
0.000000 -38.162164 -23.846367
0.000000 -38.162164 -23.846367
0.000000 -38.162164 -23.846367
0.000000 -38.162164 -23.846367
0.000000 -38.162164 -23.846367
0.000000 -38.162164 -23.846367
0.000000 -38.162164 -23.846367
0.000000 -38.162164 -23.846367
0.000000 -38.162164 -23.846367
0.000000 -38.162164 -23.846367
0.000000 -38.162164 -23.846367
0.000000 -38.162164 -23.846367
0.000000 -38.162164 -23.846367
0.000000 -38.162164 -23.846367
0.000000 -38.162164 -23.846367
0.000000 -38.162164 -23.846367
0.000000 -38.162164 -23.846367
0.000000 -38.162164 -23.846367
0.000000 -38.162164 -23.846367
0.000000 -38.162164 -23.846367
0.000000 -38.162164 -23.846367
0.000000 -38.162164 -23.846367
0.000000 -38.162164 -23.846367
0.000000 -38.162164 -23.846367
0.000000 -38.162164 -23.846367
0.000000 -38.162164 -23.846367
0.000000 -38.162164 -23.846367
0.000000 -38.162164 -23.846367
0.000000 -38.162164 -23.846367
0.000000 -38.162164 -23.846367
0.000000 -38.162164 -23.846367
0.000000 -38.162164 -23.846367
0.000000 -38.162164 -23.846367
0.000000 -38.162164 -23.846367
0.000000 -38.162164 -23.846367
0.000000 -38.162164 -23.846367
0.000000 -38.162164 -23.846367
0.000000 -38.162164 -23.846367
0.000000 -38.162164 -23.846367
0.000000 -38.162164 -23.846367
0.000000 -38.162164 -23.846367
0.000000 -38.162164 -23.846367
0.000000 -38.162164 -23.846367
0.000000 -38.162164 -23.846367
0.000000 -38.162164 -23.846367
0.000000 -38.162164 -23.846367
0.000000 -38.162164 -23.846367
0.000000 -38.162164 -23.846367
0.000000 -38.162164 -23.846367
0.000000 -38.162164 -23.846367
0.000000 -38.162164 -23.846367
0.000000 -38.162164 -23.846367
0.000000 -38.162164 -23.846367
0.000000 -38.162164 -23.846367
0.000000 -38.162164 -23.846367
0.000000 -38.162164 -23.846367
0.000000 -38.162164 -23.846367
0.000000 -38.162164 -23.846367
0.000000 -38.162164 -23.846367
0.000000 -38.162164 -23.846367
0.000000 -38.162164 -23.846367
0.000000 -38.162164 -23.846367
0.000000 -38.162164 -23.846367
0.000000 -38.162164 -23.846367
0.000000 -38.162164 -23.846367
0.000000 -38.162164 -23.846367
0.000000 -38.162164 -23.846367
0.000000 -38.162164 -23.846367
0.000000 -38.162164 -23.846367
0.000000 -38.162164 -23.846367
0.000000 -38.162164 -23.846367
0.000000 -38.162164 -23.846367
0.000000 -38.162164 -23.846367
0.000000 -38.162164 -23.846367
0.000000 -38.162164 -23.846367
0.000000 -38.162164 -23.846367
0.000000 -38.162164 -23.846367
0.000000 -38.162164 -23.846367
0.000000 -38.162164 -23.846367
0.000000 -38.162164 -23.846367
0.000000 -38.162164 -23.846367
0.000000 -38.162164 -23.846367
0.000000 -38.162164 -23.846367
0.000000 -38.162164 -23.846367
0.000000 -38.162164 -23.846367
0.000000 -38.162164 -23.846367
0.000000 -38.162164 -23.846367
0.000000 -38.162164 -23.846367
0.000000 -38.162164 -23.846367
0.000000 -38.162164 -23.846367
0.000000 -38.162164 -23.846367
0.000000 -38.162164 -23.846367
0.000000 -38.162164 -23.846367
0.000000 -38.162164 -23.846367
0.000000 -38.162164 -23.846367
0.000000 -38.162164 -23.846367
0.000000 -38.162164 -23.846367
0.000000 -38.162164 -23.846367
0.000000 -38.162164 -23.846367
0.000000 -38.162164 -23.846367
0.000000 -38.162164 -23.846367
0.000000 -38.162164 -23.846367
0.000000 -38.162164 -23.846367
0.000000 -38.162164 -23.846367
0.000000 -38.162164 -23.846367
0.000000 -38.162164 -23.846367
0.000000 -38.162164 -23.846367
0.000000 -38.162164 -23.846367
0.000000 -38.162164 -23.846367
0.000000 -38.162164 -23.846367
0.000000 -38.162164 -23.846367
0.000000 -38.162164 -23.846367
0.000000 -38.162164 -23.846367
0.000000 -38.162164 -23.846367
0.000000 -38.162164 -23.846367
0.000000 -38.162164 -23.846367
0.000000 -38.162164 -23.846367
0.000000 -38.162164 -23.846367
0.000000 -38.162164 -23.846367
0.000000 -38.162164 -23.846367
0.000000 -38.162164 -23.846367
0.000000 -38.162164 -23.846367
0.000000 -38.162164 -23.846367
0.000000 -38.162164 -23.846367
0.000000 -38.162164 -23.846367
0.000000 -38.162164 -23.846367
0.000000 -38.162164 -23.846367
0.000000 -38.162164 -23.846367
0.000000 -38.162164 -23.846367
0.000000 -38.162164 -23.846367
0.000000 -38.162164 -23.846367
0.000000 -38.162164 -23.846367
0.000000 -38.162164 -23.846367
0.000000 -38.162164 -23.846367
0.000000 -38.162164 -23.846367
0.000000 -38.162164 -23.846367
0.000000 -38.162164 -23.846367
0.000000 -38.162164 -23.846367
0.000000 -38.162164 -23.846367
0.000000 -38.162164 -23.846367
0.000000 -38.162164 -23.846367
0.000000 -38.162164 -23.846367
0.000000 -38.162164 -23.846367
0.000000 -38.162164 -23.846367
0.000000 -38.162164 -23.846367
0.000000 -38.162164 -23.846367
0.000000 -38.162164 -23.846367
0.000000 -38.162164 -23.846367
0.000000 -38.162164 -23.846367
0.000000 -38.162164 -23.846367
0.000000 -38.162164 -23.846367
0.000000 -38.162164 -23.846367
0.000000 -38.162164 -23.846367
0.000000 -38.162164 -23.846367
0.000000 -38.162164 -23.846367
0.000000 -38.162164 -23.846367
0.000000 -38.162164 -23.846367
0.000000 -38.162164 -23.846367
0.000000 -38.162164 -23.846367
0.000000 -38.162164 -23.846367
0.000000 -38.162164 -23.846367
0.000000 -38.162164 -23.846367
0.000000 -38.162164 -23.846367
0.000000 -38.162164 -23.846367
0.000000 -38.162164 -23.846367
0.000000 -38.162164 -23.846367
0.000000 -38.162164 -23.846367
0.000000 -38.162164 -23.846367
0.000000 -38.162164 -23.846367
0.000000 -38.162164 -23.846367
0.000000 -38.162164 -23.846367
0.000000 -38.162164 -23.846367
0.000000 -38.162164 -23.846367
0.000000 -38.162164 -23.846367
0.000000 -38.162164 -23.846367
0.000000 -38.162164 -23.846367
0.000000 -38.162164 -23.846367
0.000000 -38.162164 -23.846367
0.000000 -38.162164 -23.846367
0.000000 -38.162164 -23.846367
0.000000 -38.162164 -23.846367
0.000000 -38.162164 -23.846367
0.000000 -38.162164 -23.846367
0.000000 -38.162164 -23.846367
0.000000 -38.162164 -23.846367
0.000000 -38.162164 -23.846367
0.000000 -38.162164 -23.846367
0.000000 -38.162164 -23.846367
0.000000 -38.162164 -23.846367
0.000000 -38.162164 -23.846367
0.000000 -38.162164 -23.846367
0.000000 -38.162164 -23.846367
0.000000 -38.162164 -23.846367
0.000000 -38.162164 -23.846367
0.000000 -38.162164 -23.846367
0.000000 -38.162164 -23.846367
0.000000 -38.162164 -23.846367
0.000000 -38.162164 -23.846367
0.000000 -38.162164 -23.846367
0.000000 -38.162164 -23.846367
0.000000 -38.162164 -23.846367
0.000000 -38.162164 -23.846367
0.000000 -38.162164 -23.846367
0.000000 -38.162164 -23.846367
0.000000 -38.162164 -23.846367
0.000000 -38.162164 -23.846367
0.000000 -38.162164 -23.846367
0.000000 -38.162164 -23.846367
0.000000 -38.162164 -23.846367
0.000000 -38.162164 -23.846367
0.000000 -38.162164 -23.846367
0.000000 -38.162164 -23.846367
0.000000 -38.162164 -23.846367
0.000000 -38.162164 -23.846367
0.000000 -38.162164 -23.846367
0.000000 -38.162164 -23.846367
0.000000 -38.162164 -23.846367
0.000000 -38.162164 -23.846367
0.000000 -38.162164 -23.846367
0.000000 -38.162164 -23.846367
0.000000 -38.162164 -23.846367
0.000000 -38.162164 -23.846367
0.000000 -38.162164 -23.846367
0.000000 -38.162164 -23.846367
0.000000 -38.162164 -23.846367
0.000000 -38.162164 -23.846367
0.000000 -38.162164 -23.846367
0.000000 -38.162164 -23.846367
0.000000 -38.162164 -23.846367
0.000000 -38.162164 -23.846367
0.000000 -38.162164 -23.846367
0.000000 -38.162164 -23.846367
0.000000 -38.162164 -23.846367
0.000000 -38.162164 -23.846367
0.000000 -38.162164 -23.846367
0.000000 -38.162164 -23.846367
0.000000 -38.162164 -23.846367
0.000000 -38.162164 -23.846367
0.000000 -38.162164 -23.846367
0.000000 -38.162164 -23.846367
0.000000 -38.162164 -23.846367
0.000000 -38.162164 -23.846367
0.000000 -38.162164 -23.846367
0.000000 -38.162164 -23.846367
0.000000 -38.162164 -23.846367
0.000000 -38.162164 -23.846367
0.000000 -38.162164 -23.846367
0.000000 -38.162164 -23.846367
0.000000 -38.162164 -23.846367
0.000000 -38.162164 -23.846367
0.000000 -38.162164 -23.846367
0.000000 -38.162164 -23.846367
0.000000 -38.162164 -23.846367
0.000000 -38.162164 -23.846367
0.000000 -38.162164 -23.846367
0.000000 -38.162164 -23.846367
0.000000 -38.162164 -23.846367
0.000000 -38.162164 -23.846367
0.000000 -38.162164 -23.846367
0.000000 -38.162164 -23.846367
0.000000 -38.162164 -23.846367
0.000000 -38.162164 -23.846367
0.000000 -38.162164 -23.846367
0.000000 -38.162164 -23.846367
0.000000 -38.162164 -23.846367
0.000000 -38.162164 -23.846367
0.000000 -38.162164 -23.846367
0.000000 -38.162164 -23.846367
0.000000 -38.162164 -23.846367
0.000000 -38.162164 -23.846367
0.000000 -38.162164 -23.846367
0.000000 -38.162164 -23.846367
0.000000 -38.162164 -23.846367
0.000000 -38.162164 -23.846367
0.000000 -38.162164 -23.846367
0.000000 -38.162164 -23.846367
0.000000 -38.162164 -23.846367
0.000000 -38.162164 -23.846367
0.000000 -38.162164 -23.846367
0.000000 -38.162164 -23.846367
0.000000 -38.162164 -23.846367
0.000000 -38.162164 -23.846367
0.000000 -38.162164 -23.846367
0.000000 -38.162164 -23.846367
0.000000 -38.162164 -23.846367
0.000000 -38.162164 -23.846367
0.000000 -38.162164 -23.846367
0.000000 -38.162164 -23.846367
0.000000 -38.162164 -23.846367
0.000000 -38.162164 -23.846367
0.000000 -38.162164 -23.846367
0.000000 -38.162164 -23.846367
0.000000 -38.162164 -23.846367
0.000000 -38.162164 -23.846367
0.000000 -38.162164 -23.846367
0.000000 -38.162164 -23.846367
0.000000 -38.162164 -23.846367
0.000000 -38.162164 -23.846367
0.000000 -38.162164 -23.846367
0.000000 -38.162164 -23.846367
0.000000 -38.162164 -23.846367
0.000000 -38.162164 -23.846367
0.000000 -38.162164 -23.846367
0.000000 -38.162164 -23.846367
0.000000 -38.162164 -23.846367
0.000000 -38.162164 -23.846367
0.000000 -38.162164 -23.846367
0.000000 -38.162164 -23.846367
0.000000 -38.162164 -23.846367
0.000000 -38.162164 -23.846367
0.000000 -38.162164 -23.846367
0.000000 -38.162164 -23.846367
0.000000 -38.162164 -23.846367
0.000000 -38.162164 -23.846367
0.000000 -38.162164 -23.846367
0.000000 -38.162164 -23.846367
0.000000 -38.162164 -23.846367
0.000000 -38.162164 -23.846367
0.000000 -38.162164 -23.846367
0.000000 -38.162164 -23.846367
0.000000 -38.162164 -23.846367
0.000000 -38.162164 -23.846367
0.000000 -38.162164 -23.846367
0.000000 -38.162164 -23.846367
0.000000 -38.162164 -23.846367
0.000000 -38.162164 -23.846367
0.000000 -38.162164 -23.846367
0.000000 -38.162164 -23.846367
0.000000 -38.162164 -23.846367
0.000000 -38.162164 -23.846367
0.000000 -38.162164 -23.846367
0.000000 -38.162164 -23.846367
0.000000 -38.162164 -23.846367
0.000000 -38.162164 -23.846367
0.000000 -38.162164 -23.846367
0.000000 -38.162164 -23.846367
0.000000 -38.162164 -23.846367
0.000000 -38.162164 -23.846367
0.000000 -38.162164 -23.846367
0.000000 -38.162164 -23.846367
0.000000 -38.162164 -23.846367
0.000000 -38.162164 -23.846367
0.000000 -38.162164 -23.846367
0.000000 -38.162164 -23.846367
0.000000 -38.162164 -23.846367
0.000000 -38.162164 -23.846367
0.000000 -38.162164 -23.846367
0.000000 -38.162164 -23.846367
0.000000 -38.162164 -23.846367
0.000000 -38.162164 -23.846367
0.000000 -38.162164 -23.846367
0.000000 -38.162164 -23.846367
0.000000 -38.162164 -23.846367
0.000000 -38.162164 -23.846367
0.000000 -38.162164 -23.846367
0.000000 -38.162164 -23.846367
0.000000 -38.162164 -23.846367
0.000000 -38.162164 -23.846367
0.000000 -38.162164 -23.846367
0.000000 -38.162164 -23.846367
0.000000 -38.162164 -23.846367
0.000000 -38.162164 -23.846367
0.000000 -38.162164 -23.846367
0.000000 -38.162164 -23.846367
0.000000 -38.162164 -23.846367
0.000000 -38.162164 -23.846367
0.000000 -38.162164 -23.846367
0.000000 -38.162164 -23.846367
0.000000 -38.162164 -23.846367
0.000000 -38.162164 -23.846367
0.000000 -38.162164 -23.846367
0.000000 -38.162164 -23.846367
0.000000 -38.162164 -23.846367
0.000000 -38.162164 -23.846367
0.000000 -38.162164 -23.846367
0.000000 -38.162164 -23.846367
0.000000 -38.162164 -23.846367
0.000000 -38.162164 -23.846367
0.000000 -38.162164 -23.846367
0.000000 -38.162164 -23.846367
0.000000 -38.162164 -23.846367
0.000000 -38.162164 -23.846367
0.000000 -38.162164 -23.846367
0.000000 -38.162164 -23.846367
0.000000 -38.162164 -23.846367
0.000000 -38.162164 -23.846367
0.000000 -38.162164 -23.846367
0.000000 -38.162164 -23.846367
0.000000 -38.162164 -23.846367
0.000000 -38.162164 -23.846367
0.000000 -38.162164 -23.846367
0.000000 -38.162164 -23.846367
0.000000 -38.162164 -23.846367
0.000000 -38.162164 -23.846367
0.000000 -38.162164 -23.846367
0.000000 -38.162164 -23.846367
0.000000 -38.162164 -23.846367
0.000000 -38.162164 -23.846367
0.000000 -38.162164 -23.846367
0.000000 -38.162164 -23.846367
0.000000 -38.162164 -23.846367
0.000000 -38.162164 -23.846367
0.000000 -38.162164 -23.846367
0.000000 -38.162164 -23.846367
0.000000 -38.162164 -23.846367
0.000000 -38.162164 -23.846367
0.000000 -38.162164 -23.846367
0.000000 -38.162164 -23.846367
0.000000 -38.162164 -23.846367
0.000000 -38.162164 -23.846367
0.000000 -38.162164 -23.846367
0.000000 -38.162164 -23.846367
0.000000 -38.162164 -23.846367
0.000000 -38.162164 -23.846367
0.000000 -38.162164 -23.846367
0.000000 -38.162164 -23.846367
0.000000 -38.162164 -23.846367
0.000000 -38.162164 -23.846367
0.000000 -38.162164 -23.846367
0.000000 -38.162164 -23.846367
0.000000 -38.162164 -23.846367
0.000000 -38.162164 -23.846367
0.000000 -38.162164 -23.846367
0.000000 -38.162164 -23.846367
0.000000 -38.162164 -23.846367
0.000000 -38.162164 -23.846367
0.000000 -38.162164 -23.846367
0.000000 -38.162164 -23.846367
0.000000 -38.162164 -23.846367
0.000000 -38.162164 -23.846367
0.000000 -38.162164 -23.846367
0.000000 -38.162164 -23.846367
0.000000 -38.162164 -23.846367
0.000000 -38.162164 -23.846367
0.000000 -38.162164 -23.846367
0.000000 -38.162164 -23.846367
0.000000 -38.162164 -23.846367
0.000000 -38.162164 -23.846367
0.000000 -38.162164 -23.846367
0.000000 -38.162164 -23.846367
0.000000 -38.162164 -23.846367
0.000000 -38.162164 -23.846367
0.000000 -38.162164 -23.846367
0.000000 -38.162164 -23.846367
0.000000 -38.162164 -23.846367
0.000000 -38.162164 -23.846367
0.000000 -38.162164 -23.846367
0.000000 -38.162164 -23.846367
0.000000 -38.162164 -23.846367
0.000000 -38.162164 -23.846367
0.000000 -38.162164 -23.846367
0.000000 -38.162164 -23.846367
0.000000 -38.162164 -23.846367
0.000000 -38.162164 -23.846367
0.000000 -38.162164 -23.846367
0.000000 -38.162164 -23.846367
0.000000 -38.162164 -23.846367
0.000000 -38.162164 -23.846367
0.000000 -38.162164 -23.846367
0.000000 -38.162164 -23.846367
0.000000 -38.162164 -23.846367
0.000000 -38.162164 -23.846367
0.000000 -38.162164 -23.846367
0.000000 -38.162164 -23.846367
0.000000 -38.162164 -23.846367
0.000000 -38.162164 -23.846367
0.000000 -38.162164 -23.846367
0.000000 -38.162164 -23.846367
0.000000 -38.162164 -23.846367
0.000000 -38.162164 -23.846367
0.000000 -38.162164 -23.846367
0.000000 -38.162164 -23.846367
0.000000 -38.162164 -23.846367
0.000000 -38.162164 -23.846367
0.000000 -38.162164 -23.846367
0.000000 -38.162164 -23.846367
0.000000 -38.162164 -23.846367
0.000000 -38.162164 -23.846367
0.000000 -38.162164 -23.846367
0.000000 -38.162164 -23.846367
0.000000 -38.162164 -23.846367
0.000000 -38.162164 -23.846367
0.000000 -38.162164 -23.846367
0.000000 -38.162164 -23.846367
0.000000 -38.162164 -23.846367
0.000000 -38.162164 -23.846367
0.000000 -38.162164 -23.846367
0.000000 -38.162164 -23.846367
0.000000 -38.162164 -23.846367
0.000000 -38.162164 -23.846367
0.000000 -38.162164 -23.846367
0.000000 -38.162164 -23.846367
0.000000 -38.162164 -23.846367
0.000000 -38.162164 -23.846367
0.000000 -38.162164 -23.846367
0.000000 -38.162164 -23.846367
0.000000 -38.162164 -23.846367
0.000000 -38.162164 -23.846367
0.000000 -38.162164 -23.846367
0.000000 -38.162164 -23.846367
0.000000 -38.162164 -23.846367
0.000000 -38.162164 -23.846367
0.000000 -38.162164 -23.846367
0.000000 -38.162164 -23.846367
0.000000 -38.162164 -23.846367
0.000000 -38.162164 -23.846367
0.000000 -38.162164 -23.846367
0.000000 -38.162164 -23.846367
0.000000 -38.162164 -23.846367
0.000000 -38.162164 -23.846367
0.000000 -38.162164 -23.846367
0.000000 -38.162164 -23.846367
0.000000 -38.162164 -23.846367
0.000000 -38.162164 -23.846367
0.000000 -38.162164 -23.846367
0.000000 -38.162164 -23.846367
0.000000 -38.162164 -23.846367
0.000000 -38.162164 -23.846367
0.000000 -38.162164 -23.846367
0.000000 -38.162164 -23.846367
0.000000 -38.162164 -23.846367
0.000000 -38.162164 -23.846367
0.000000 -38.162164 -23.846367
0.000000 -38.162164 -23.846367
0.000000 -38.162164 -23.846367
0.000000 -38.162164 -23.846367
0.000000 -38.162164 -23.846367
0.000000 -38.162164 -23.846367
0.000000 -38.162164 -23.846367
0.000000 -38.162164 -23.846367
0.000000 -38.162164 -23.846367
0.000000 -38.162164 -23.846367
0.000000 -38.162164 -23.846367
0.000000 -38.162164 -23.846367
0.000000 -38.162164 -23.846367
0.000000 -38.162164 -23.846367
0.000000 -38.162164 -23.846367
0.000000 -38.162164 -23.846367
0.000000 -38.162164 -23.846367
0.000000 -38.162164 -23.846367
0.000000 -38.162164 -23.846367
0.000000 -38.162164 -23.846367
0.000000 -38.162164 -23.846367
0.000000 -38.162164 -23.846367
0.000000 -38.162164 -23.846367
0.000000 -38.162164 -23.846367
0.000000 -38.162164 -23.846367
0.000000 -38.162164 -23.846367
0.000000 -38.162164 -23.846367
0.000000 -38.162164 -23.846367
0.000000 -38.162164 -23.846367
0.000000 -38.162164 -23.846367
0.000000 -38.162164 -23.846367
0.000000 -38.162164 -23.846367
0.000000 -38.162164 -23.846367
0.000000 -38.162164 -23.846367
0.000000 -38.162164 -23.846367
0.000000 -38.162164 -23.846367
0.000000 -38.162164 -23.846367
0.000000 -38.162164 -23.846367
0.000000 -38.162164 -23.846367
0.000000 -38.162164 -23.846367
0.000000 -38.162164 -23.846367
0.000000 -38.162164 -23.846367
0.000000 -38.162164 -23.846367
0.000000 -38.162164 -23.846367
0.000000 -38.162164 -23.846367
0.000000 -38.162164 -23.846367
0.000000 -38.162164 -23.846367
0.000000 -38.162164 -23.846367
0.000000 -38.162164 -23.846367
0.000000 -38.162164 -23.846367
0.000000 -38.162164 -23.846367
0.000000 -38.162164 -23.846367
0.000000 -38.162164 -23.846367
0.000000 -38.162164 -23.846367
0.000000 -38.162164 -23.846367
0.000000 -38.162164 -23.846367
0.000000 -38.162164 -23.846367
0.000000 -38.162164 -23.846367
0.000000 -38.162164 -23.846367
0.000000 -38.162164 -23.846367
0.000000 -38.162164 -23.846367
0.000000 -38.162164 -23.846367
0.000000 -38.162164 -23.846367
0.000000 -38.162164 -23.846367
0.000000 -38.162164 -23.846367
0.000000 -38.162164 -23.846367
0.000000 -38.162164 -23.846367
0.000000 -38.162164 -23.846367
0.000000 -38.162164 -23.846367
0.000000 -38.162164 -23.846367
0.000000 -38.162164 -23.846367
0.000000 -38.162164 -23.846367
0.000000 -38.162164 -23.846367
0.000000 -38.162164 -23.846367
0.000000 -38.162164 -23.846367
0.000000 -38.162164 -23.846367
0.000000 -38.162164 -23.846367
0.000000 -38.162164 -23.846367
0.000000 -38.162164 -23.846367
0.000000 -38.162164 -23.846367
0.000000 -38.162164 -23.846367
0.000000 -38.162164 -23.846367
0.000000 -38.162164 -23.846367
0.000000 -38.162164 -23.846367
0.000000 -38.162164 -23.846367
0.000000 -38.162164 -23.846367
0.000000 -38.162164 -23.846367
0.000000 -38.162164 -23.846367
0.000000 -38.162164 -23.846367
0.000000 -38.162164 -23.846367
0.000000 -38.162164 -23.846367
0.000000 -38.162164 -23.846367
0.000000 -38.162164 -23.846367
0.000000 -38.162164 -23.846367
0.000000 -38.162164 -23.846367
0.000000 -38.162164 -23.846367
0.000000 -38.162164 -23.846367
0.000000 -38.162164 -23.846367
0.000000 -38.162164 -23.846367
0.000000 -38.162164 -23.846367
0.000000 -38.162164 -23.846367
0.000000 -38.162164 -23.846367
0.000000 -38.162164 -23.846367
0.000000 -38.162164 -23.846367
0.000000 -38.162164 -23.846367
0.000000 -38.162164 -23.846367
0.000000 -38.162164 -23.846367
0.000000 -38.162164 -23.846367
0.000000 -38.162164 -23.846367
0.000000 -38.162164 -23.846367
0.000000 -38.162164 -23.846367
0.000000 -38.162164 -23.846367
0.000000 -38.162164 -23.846367
0.000000 -38.162164 -23.846367
0.000000 -38.162164 -23.846367
0.000000 -38.162164 -23.846367
0.000000 -38.162164 -23.846367
0.000000 -38.162164 -23.846367
0.000000 -38.162164 -23.846367
0.000000 -38.162164 -23.846367
0.000000 -38.162164 -23.846367
0.000000 -38.162164 -23.846367
0.000000 -38.162164 -23.846367
0.000000 -38.162164 -23.846367
0.000000 -38.162164 -23.846367
0.000000 -38.162164 -23.846367
0.000000 -38.162164 -23.846367
0.000000 -38.162164 -23.846367
0.000000 -38.162164 -23.846367
0.000000 -38.162164 -23.846367
0.000000 -38.162164 -23.846367
0.000000 -38.162164 -23.846367
0.000000 -38.162164 -23.846367
0.000000 -38.162164 -23.846367
0.000000 -38.162164 -23.846367
0.000000 -38.162164 -23.846367
0.000000 -38.162164 -23.846367
0.000000 -38.162164 -23.846367
0.000000 -38.162164 -23.846367
0.000000 -38.162164 -23.846367
0.000000 -38.162164 -23.846367
0.000000 -38.162164 -23.846367
0.000000 -38.162164 -23.846367
0.000000 -38.162164 -23.846367
0.000000 -38.162164 -23.846367
0.000000 -38.162164 -23.846367
0.000000 -38.162164 -23.846367
0.000000 -38.162164 -23.846367
0.000000 -38.162164 -23.846367
0.000000 -38.162164 -23.846367
0.000000 -38.162164 -23.846367
0.000000 -38.162164 -23.846367
0.000000 -38.162164 -23.846367
0.000000 -38.162164 -23.846367
0.000000 -38.162164 -23.846367
0.000000 -38.162164 -23.846367
0.000000 -38.162164 -23.846367
0.000000 -38.162164 -23.846367
0.000000 -38.162164 -23.846367
0.000000 -38.162164 -23.846367
0.000000 -38.162164 -23.846367
0.000000 -38.162164 -23.846367
0.000000 -38.162164 -23.846367
0.000000 -38.162164 -23.846367
0.000000 -38.162164 -23.846367
0.000000 -38.162164 -23.846367
0.000000 -38.162164 -23.846367
0.000000 -38.162164 -23.846367
0.000000 -38.162164 -23.846367
0.000000 -38.162164 -23.846367
0.000000 -38.162164 -23.846367
0.000000 -38.162164 -23.846367
0.000000 -38.162164 -23.846367
0.000000 -38.162164 -23.846367
0.000000 -38.162164 -23.846367
0.000000 -38.162164 -23.846367
0.000000 -38.162164 -23.846367
0.000000 -38.162164 -23.846367
0.000000 -38.162164 -23.846367
0.000000 -38.162164 -23.846367
0.000000 -38.162164 -23.846367
0.000000 -38.162164 -23.846367
0.000000 -38.162164 -23.846367
0.000000 -38.162164 -23.846367
0.000000 -38.162164 -23.846367
0.000000 -38.162164 -23.846367
0.000000 -38.162164 -23.846367
0.000000 -38.162164 -23.846367
0.000000 -38.162164 -23.846367
0.000000 -38.162164 -23.846367
0.000000 -38.162164 -23.846367
0.000000 -38.162164 -23.846367
0.000000 -38.162164 -23.846367
0.000000 -38.162164 -23.846367
0.000000 -38.162164 -23.846367
0.000000 -38.162164 -23.846367
0.000000 -38.162164 -23.846367
0.000000 -38.162164 -23.846367
0.000000 -38.162164 -23.846367
0.000000 -38.162164 -23.846367
0.000000 -38.162164 -23.846367
0.000000 -38.162164 -23.846367
0.000000 -38.162164 -23.846367
0.000000 -38.162164 -23.846367
0.000000 -38.162164 -23.846367
0.000000 -38.162164 -23.846367
0.000000 -38.162164 -23.846367
0.000000 -38.162164 -23.846367
0.000000 -38.162164 -23.846367
0.000000 -38.162164 -23.846367
0.000000 -38.162164 -23.846367
0.000000 -38.162164 -23.846367
0.000000 -38.162164 -23.846367
0.000000 -38.162164 -23.846367
0.000000 -38.162164 -23.846367
0.000000 -38.162164 -23.846367
0.000000 -38.162164 -23.846367
0.000000 -38.162164 -23.846367
0.000000 -38.162164 -23.846367
0.000000 -38.162164 -23.846367
0.000000 -38.162164 -23.846367
0.000000 -38.162164 -23.846367
0.000000 -38.162164 -23.846367
0.000000 -38.162164 -23.846367
0.000000 -38.162164 -23.846367
0.000000 -38.162164 -23.846367
0.000000 -38.162164 -23.846367
0.000000 -38.162164 -23.846367
0.000000 -38.162164 -23.846367
0.000000 -38.162164 -23.846367
0.000000 -38.162164 -23.846367
0.000000 -38.162164 -23.846367
0.000000 -38.162164 -23.846367
0.000000 -38.162164 -23.846367
0.000000 -38.162164 -23.846367
0.000000 -38.162164 -23.846367
0.000000 -38.162164 -23.846367
0.000000 -38.162164 -23.846367
0.000000 -38.162164 -23.846367
0.000000 -38.162164 -23.846367
0.000000 -38.162164 -23.846367
0.000000 -38.162164 -23.846367
0.000000 -38.162164 -23.846367
0.000000 -38.162164 -23.846367
0.000000 -38.162164 -23.846367
0.000000 -38.162164 -23.846367
0.000000 -38.162164 -23.846367
0.000000 -38.162164 -23.846367
0.000000 -38.162164 -23.846367
0.000000 -38.162164 -23.846367
0.000000 -38.162164 -23.846367
0.000000 -38.162164 -23.846367
0.000000 -38.162164 -23.846367
0.000000 -38.162164 -23.846367
0.000000 -38.162164 -23.846367
0.000000 -38.162164 -23.846367
0.000000 -38.162164 -23.846367
0.000000 -38.162164 -23.846367
0.000000 -38.162164 -23.846367
0.000000 -38.162164 -23.846367
0.000000 -38.162164 -23.846367
0.000000 -38.162164 -23.846367
0.000000 -38.162164 -23.846367
0.000000 -38.162164 -23.846367
0.000000 -38.162164 -23.846367
0.000000 -38.162164 -23.846367
0.000000 -38.162164 -23.846367
0.000000 -38.162164 -23.846367
0.000000 -38.162164 -23.846367
0.000000 -38.162164 -23.846367
0.000000 -38.162164 -23.846367
0.000000 -38.162164 -23.846367
0.000000 -38.162164 -23.846367
0.000000 -38.162164 -23.846367
0.000000 -38.162164 -23.846367
0.000000 -38.162164 -23.846367
0.000000 -38.162164 -23.846367
0.000000 -38.162164 -23.846367
0.000000 -38.162164 -23.846367
0.000000 -38.162164 -23.846367
0.000000 -38.162164 -23.846367
0.000000 -38.162164 -23.846367
0.000000 -38.162164 -23.846367
0.000000 -38.162164 -23.846367
0.000000 -38.162164 -23.846367
0.000000 -38.162164 -23.846367
0.000000 -38.162164 -23.846367
0.000000 -38.162164 -23.846367
0.000000 -38.162164 -23.846367
0.000000 -38.162164 -23.846367
0.000000 -38.162164 -23.846367
0.000000 -38.162164 -23.846367
0.000000 -38.162164 -23.846367
0.000000 -38.162164 -23.846367
0.000000 -38.162164 -23.846367
0.000000 -38.162164 -23.846367
0.000000 -38.162164 -23.846367
0.000000 -38.162164 -23.846367
0.000000 -38.162164 -23.846367
0.000000 -38.162164 -23.846367
0.000000 -38.162164 -23.846367
0.000000 -38.162164 -23.846367
0.000000 -38.162164 -23.846367
0.000000 -38.162164 -23.846367
0.000000 -38.162164 -23.846367
0.000000 -38.162164 -23.846367
0.000000 -38.162164 -23.846367
0.000000 -38.162164 -23.846367
0.000000 -38.162164 -23.846367
0.000000 -38.162164 -23.846367
0.000000 -38.162164 -23.846367
0.000000 -38.162164 -23.846367
0.000000 -38.162164 -23.846367
0.000000 -38.162164 -23.846367
0.000000 -38.162164 -23.846367
0.000000 -38.162164 -23.846367
0.000000 -38.162164 -23.846367
0.000000 -38.162164 -23.846367
0.000000 -38.162164 -23.846367
0.000000 -38.162164 -23.846367
0.000000 -38.162164 -23.846367
0.000000 -38.162164 -23.846367
0.000000 -38.162164 -23.846367
0.000000 -38.162164 -23.846367
0.000000 -38.162164 -23.846367
0.000000 -38.162164 -23.846367
0.000000 -38.162164 -23.846367
0.000000 -38.162164 -23.846367
0.000000 -38.162164 -23.846367
0.000000 -38.162164 -23.846367
0.000000 -38.162164 -23.846367
0.000000 -38.162164 -23.846367
0.000000 -38.162164 -23.846367
0.000000 -38.162164 -23.846367
0.000000 -38.162164 -23.846367
0.000000 -38.162164 -23.846367
0.000000 -38.162164 -23.846367
0.000000 -38.162164 -23.846367
0.000000 -38.162164 -23.846367
0.000000 -38.162164 -23.846367
0.000000 -38.162164 -23.846367
0.000000 -38.162164 -23.846367
0.000000 -38.162164 -23.846367
0.000000 -38.162164 -23.846367
0.000000 -38.162164 -23.846367
0.000000 -38.162164 -23.846367
0.000000 -38.162164 -23.846367
0.000000 -38.162164 -23.846367
0.000000 -38.162164 -23.846367
0.000000 -38.162164 -23.846367
0.000000 -38.162164 -23.846367
0.000000 -38.162164 -23.846367
0.000000 -38.162164 -23.846367
0.000000 -38.162164 -23.846367
0.000000 -38.162164 -23.846367
0.000000 -38.162164 -23.846367
0.000000 -38.162164 -23.846367
0.000000 -38.162164 -23.846367
0.000000 -38.162164 -23.846367
0.000000 -38.162164 -23.846367
0.000000 -38.162164 -23.846367
0.000000 -38.162164 -23.846367
0.000000 -38.162164 -23.846367
0.000000 -38.162164 -23.846367
0.000000 -38.162164 -23.846367
0.000000 -38.162164 -23.846367
0.000000 -38.162164 -23.846367
0.000000 -38.162164 -23.846367
0.000000 -38.162164 -23.846367
0.000000 -38.162164 -23.846367
0.000000 -38.162164 -23.846367
0.000000 -38.162164 -23.846367
0.000000 -38.162164 -23.846367
0.000000 -38.162164 -23.846367
0.000000 -38.162164 -23.846367
0.000000 -38.162164 -23.846367
0.000000 -38.162164 -23.846367
0.000000 -38.162164 -23.846367
0.000000 -38.162164 -23.846367
0.000000 -38.162164 -23.846367
0.000000 -38.162164 -23.846367
0.000000 -38.162164 -23.846367
0.000000 -38.162164 -23.846367
0.000000 -38.162164 -23.846367
0.000000 -38.162164 -23.846367
0.000000 -38.162164 -23.846367
0.000000 -38.162164 -23.846367
0.000000 -38.162164 -23.846367
0.000000 -38.162164 -23.846367
0.000000 -38.162164 -23.846367
0.000000 -38.162164 -23.846367
0.000000 -38.162164 -23.846367
0.000000 -38.162164 -23.846367
0.000000 -38.162164 -23.846367
0.000000 -38.162164 -23.846367
0.000000 -38.162164 -23.846367
0.000000 -38.162164 -23.846367
0.000000 -38.162164 -23.846367
0.000000 -38.162164 -23.846367
0.000000 -38.162164 -23.846367
0.000000 -38.162164 -23.846367
0.000000 -38.162164 -23.846367
0.000000 -38.162164 -23.846367
0.000000 -38.162164 -23.846367
0.000000 -38.162164 -23.846367
0.000000 -38.162164 -23.846367
0.000000 -38.162164 -23.846367
0.000000 -38.162164 -23.846367
0.000000 -38.162164 -23.846367
0.000000 -38.162164 -23.846367
0.000000 -38.162164 -23.846367
0.000000 -38.162164 -23.846367
0.000000 -38.162164 -23.846367
0.000000 -38.162164 -23.846367
0.000000 -38.162164 -23.846367
0.000000 -38.162164 -23.846367
0.000000 -38.162164 -23.846367
0.000000 -38.162164 -23.846367
0.000000 -38.162164 -23.846367
0.000000 -38.162164 -23.846367
0.000000 -38.162164 -23.846367
0.000000 -38.162164 -23.846367
0.000000 -38.162164 -23.846367
0.000000 -38.162164 -23.846367
0.000000 -38.162164 -23.846367
0.000000 -38.162164 -23.846367
0.000000 -38.162164 -23.846367
0.000000 -38.162164 -23.846367
0.000000 -38.162164 -23.846367
0.000000 -38.162164 -23.846367
0.000000 -38.162164 -23.846367
0.000000 -38.162164 -23.846367
0.000000 -38.162164 -23.846367
0.000000 -38.162164 -23.846367
0.000000 -38.162164 -23.846367
0.000000 -38.162164 -23.846367
0.000000 -38.162164 -23.846367
0.000000 -38.162164 -23.846367
0.000000 -38.162164 -23.846367
0.000000 -38.162164 -23.846367
0.000000 -38.162164 -23.846367
0.000000 -38.162164 -23.846367
0.000000 -38.162164 -23.846367
0.000000 -38.162164 -23.846367
0.000000 -38.162164 -23.846367
0.000000 -38.162164 -23.846367
0.000000 -38.162164 -23.846367
0.000000 -38.162164 -23.846367
0.000000 -38.162164 -23.846367
0.000000 -38.162164 -23.846367
0.000000 -38.162164 -23.846367
0.000000 -38.162164 -23.846367
0.000000 -38.162164 -23.846367
0.000000 -38.162164 -23.846367
0.000000 -38.162164 -23.846367
0.000000 -38.162164 -23.846367
0.000000 -38.162164 -23.846367
0.000000 -38.162164 -23.846367
0.000000 -38.162164 -23.846367
0.000000 -38.162164 -23.846367
0.000000 -38.162164 -23.846367
0.000000 -38.162164 -23.846367
0.000000 -38.162164 -23.846367
0.000000 -38.162164 -23.846367
0.000000 -38.162164 -23.846367
0.000000 -38.162164 -23.846367
0.000000 -38.162164 -23.846367
0.000000 -38.162164 -23.846367
0.000000 -38.162164 -23.846367
0.000000 -38.162164 -23.846367
0.000000 -38.162164 -23.846367
0.000000 -38.162164 -23.846367
0.000000 -38.162164 -23.846367
0.000000 -38.162164 -23.846367
0.000000 -38.162164 -23.846367
0.000000 -38.162164 -23.846367
0.000000 -38.162164 -23.846367
0.000000 -38.162164 -23.846367
0.000000 -38.162164 -23.846367
0.000000 -38.162164 -23.846367
0.000000 -38.162164 -23.846367
0.000000 -38.162164 -23.846367
0.000000 -38.162164 -23.846367
0.000000 -38.162164 -23.846367
0.000000 -38.162164 -23.846367
0.000000 -38.162164 -23.846367
0.000000 -38.162164 -23.846367
0.000000 -38.162164 -23.846367
0.000000 -38.162164 -23.846367
0.000000 -38.162164 -23.846367
0.000000 -38.162164 -23.846367
0.000000 -38.162164 -23.846367
0.000000 -38.162164 -23.846367
0.000000 -38.162164 -23.846367
0.000000 -38.162164 -23.846367
0.000000 -38.162164 -23.846367
0.000000 -38.162164 -23.846367
0.000000 -38.162164 -23.846367
0.000000 -38.162164 -23.846367
0.000000 -38.162164 -23.846367
0.000000 -38.162164 -23.846367
0.000000 -38.162164 -23.846367
0.000000 -38.162164 -23.846367
0.000000 -38.162164 -23.846367
0.000000 -38.162164 -23.846367
0.000000 -38.162164 -23.846367
0.000000 -38.162164 -23.846367
0.000000 -38.162164 -23.846367
0.000000 -38.162164 -23.846367
0.000000 -38.162164 -23.846367
0.000000 -38.162164 -23.846367
0.000000 -38.162164 -23.846367
0.000000 -38.162164 -23.846367
0.000000 -38.162164 -23.846367
0.000000 -38.162164 -23.846367
0.000000 -38.162164 -23.846367
0.000000 -38.162164 -23.846367
0.000000 -38.162164 -23.846367
0.000000 -38.162164 -23.846367
0.000000 -38.162164 -23.846367
0.000000 -38.162164 -23.846367
0.000000 -38.162164 -23.846367
0.000000 -38.162164 -23.846367
0.000000 -38.162164 -23.846367
0.000000 -38.162164 -23.846367
0.000000 -38.162164 -23.846367
0.000000 -38.162164 -23.846367
0.000000 -38.162164 -23.846367
-0.299722 -38.160987 -23.846367
-0.599425 -38.157456 -23.846367
-0.899092 -38.151572 -23.846367
-1.198703 -38.143334 -23.846367
-1.498240 -38.132743 -23.846367
-1.797684 -38.119800 -23.846367
-2.097018 -38.104505 -23.846367
-2.396222 -38.086860 -23.846367
-2.695279 -38.066866 -23.846367
-2.994169 -38.044523 -23.846367
-3.292874 -38.019834 -23.846367
-3.591377 -37.992799 -23.846367
-3.889658 -37.963421 -23.846367
-4.187699 -37.931701 -23.846367
-4.485481 -37.897642 -23.846367
-4.782987 -37.861244 -23.846367
-5.080198 -37.822511 -23.846367
-5.377096 -37.781446 -23.846367
-5.673662 -37.738049 -23.846367
-5.969878 -37.692325 -23.846367
-6.265725 -37.644275 -23.846367
-6.561187 -37.593904 -23.846367
-6.856243 -37.541214 -23.846367
-7.150877 -37.486207 -23.846367
-7.445069 -37.428889 -23.846367
-7.738802 -37.369262 -23.846367
-8.032058 -37.307329 -23.846367
-8.324818 -37.243096 -23.846367
-8.617065 -37.176565 -23.846367
-8.908780 -37.107741 -23.846367
-9.199946 -37.036628 -23.846367
-9.490544 -36.963230 -23.846367
-9.780557 -36.887552 -23.846367
-10.069967 -36.809599 -23.846367
-10.358755 -36.729375 -23.846367
-10.646904 -36.646885 -23.846367
-10.934397 -36.562135 -23.846367
-11.221215 -36.475130 -23.846367
-11.507341 -36.385875 -23.846367
-11.792757 -36.294375 -23.846367
-12.077446 -36.200637 -23.846367
-12.361390 -36.104665 -23.846367
-12.644571 -36.006466 -23.846367
-12.926972 -35.906047 -23.846367
-13.208576 -35.803412 -23.846367
-13.489365 -35.698569 -23.846367
-13.769322 -35.591524 -23.846367
-14.048430 -35.482283 -23.846367
-14.326671 -35.370854 -23.846367
-14.604028 -35.257243 -23.846367
-14.880484 -35.141457 -23.846367
-15.156023 -35.023503 -23.846367
-15.430627 -34.903389 -23.846367
-15.704279 -34.781122 -23.846367
-15.976962 -34.656709 -23.846367
-16.248659 -34.530159 -23.846367
-16.519355 -34.401478 -23.846367
-16.789031 -34.270676 -23.846367
-17.057672 -34.137760 -23.846367
-17.325260 -34.002737 -23.846367
-17.591780 -33.865618 -23.846367
-17.857214 -33.726409 -23.846367
-18.121548 -33.585120 -23.846367
-18.384763 -33.441760 -23.846367
-18.646844 -33.296336 -23.846367
-18.907775 -33.148859 -23.846367
-19.167540 -32.999336 -23.846367
-19.426122 -32.847779 -23.846367
-19.683506 -32.694195 -23.846367
-19.939676 -32.538594 -23.846367
-20.194616 -32.380986 -23.846367
-20.448310 -32.221381 -23.846367
-20.700743 -32.059788 -23.846367
-20.951899 -31.896218 -23.846367
-21.201763 -31.730680 -23.846367
-21.450318 -31.563185 -23.846367
-21.697551 -31.393743 -23.846367
-21.943445 -31.222364 -23.846367
-22.187985 -31.049059 -23.846367
-22.431157 -30.873839 -23.846367
-22.672946 -30.696715 -23.846367
-22.913335 -30.517697 -23.846367
-23.152312 -30.336797 -23.846367
-23.389860 -30.154025 -23.846367
-23.625965 -29.969394 -23.846367
-23.860613 -29.782913 -23.846367
-24.093789 -29.594596 -23.846367
-24.325479 -29.404453 -23.846367
-24.555668 -29.212496 -23.846367
-24.784343 -29.018737 -23.846367
-25.011489 -28.823189 -23.846367
-25.237092 -28.625862 -23.846367
-25.461138 -28.426769 -23.846367
-25.683614 -28.225923 -23.846367
-25.904506 -28.023336 -23.846367
-26.123799 -27.819021 -23.846367
-26.341481 -27.612989 -23.846367
-26.557539 -27.405254 -23.846367
-26.771958 -27.195828 -23.846367
-26.984725 -26.984725 -23.846367
-27.195828 -26.771958 -23.846367
-27.405254 -26.557539 -23.846367
-27.612989 -26.341481 -23.846367
-27.819021 -26.123799 -23.846367
-28.023336 -25.904506 -23.846367
-28.225923 -25.683614 -23.846367
-28.426769 -25.461138 -23.846367
-28.625862 -25.237092 -23.846367
-28.823189 -25.011489 -23.846367
-29.018737 -24.784343 -23.846367
-29.212496 -24.555668 -23.846367
-29.404453 -24.325479 -23.846367
-29.594596 -24.093789 -23.846367
-29.782913 -23.860613 -23.846367
-29.969394 -23.625965 -23.846367
-30.154025 -23.389860 -23.846367
-30.336797 -23.152312 -23.846367
-30.517697 -22.913335 -23.846367
-30.696715 -22.672946 -23.846367
-30.873839 -22.431157 -23.846367
-31.049059 -22.187985 -23.846367
-31.222364 -21.943445 -23.846367
-31.393743 -21.697551 -23.846367
-31.563185 -21.450318 -23.846367
-31.730680 -21.201763 -23.846367
-31.896218 -20.951899 -23.846367
-32.059788 -20.700743 -23.846367
-32.221381 -20.448310 -23.846367
-32.380986 -20.194616 -23.846367
-32.538594 -19.939676 -23.846367
-32.694195 -19.683506 -23.846367
-32.847779 -19.426122 -23.846367
-32.999336 -19.167540 -23.846367
-33.148859 -18.907775 -23.846367
-33.296336 -18.646844 -23.846367
-33.441760 -18.384763 -23.846367
-33.585120 -18.121548 -23.846367
-33.726409 -17.857214 -23.846367
-33.865618 -17.591780 -23.846367
-34.002737 -17.325260 -23.846367
-34.137760 -17.057672 -23.846367
-34.270676 -16.789031 -23.846367
-34.401478 -16.519355 -23.846367
-34.530159 -16.248659 -23.846367
-34.656709 -15.976962 -23.846367
-34.781122 -15.704279 -23.846367
-34.903389 -15.430627 -23.846367
-35.023503 -15.156023 -23.846367
-35.141457 -14.880484 -23.846367
-35.257243 -14.604028 -23.846367
-35.370854 -14.326671 -23.846367
-35.482283 -14.048430 -23.846367
-35.591524 -13.769322 -23.846367
-35.698569 -13.489365 -23.846367
-35.803412 -13.208576 -23.846367
-35.906047 -12.926972 -23.846367
-36.006466 -12.644571 -23.846367
-36.104665 -12.361390 -23.846367
-36.200637 -12.077446 -23.846367
-36.294375 -11.792757 -23.846367
-36.385875 -11.507341 -23.846367
-36.475130 -11.221215 -23.846367
-36.562135 -10.934397 -23.846367
-36.646885 -10.646904 -23.846367
-36.729375 -10.358755 -23.846367
-36.809599 -10.069967 -23.846367
-36.887552 -9.780557 -23.846367
-36.963230 -9.490544 -23.846367
-37.036628 -9.199946 -23.846367
-37.107741 -8.908780 -23.846367
-37.176565 -8.617065 -23.846367
-37.243096 -8.324818 -23.846367
-37.307329 -8.032058 -23.846367
-37.369262 -7.738802 -23.846367
-37.428889 -7.445069 -23.846367
-37.486207 -7.150877 -23.846367
-37.541214 -6.856243 -23.846367
-37.593904 -6.561187 -23.846367
-37.644275 -6.265725 -23.846367
-37.692325 -5.969878 -23.846367
-37.738049 -5.673662 -23.846367
-37.781446 -5.377096 -23.846367
-37.822511 -5.080198 -23.846367
-37.861244 -4.782987 -23.846367
-37.897642 -4.485481 -23.846367
-37.931701 -4.187699 -23.846367
-37.963421 -3.889658 -23.846367
-37.992799 -3.591377 -23.846367
-38.019834 -3.292874 -23.846367
-38.044523 -2.994169 -23.846367
-38.066866 -2.695279 -23.846367
-38.086860 -2.396222 -23.846367
-38.104505 -2.097018 -23.846367
-38.119800 -1.797684 -23.846367
-38.132743 -1.498240 -23.846367
-38.143334 -1.198703 -23.846367
-38.151572 -0.899092 -23.846367
-38.157456 -0.599425 -23.846367
-38.160987 -0.299722 -23.846367
-38.162164 -0.000000 -23.846367
-38.162164 -0.000000 -23.846367
-38.162164 -0.000000 -23.846367
-38.162164 -0.000000 -23.846367
-38.162164 -0.000000 -23.846367
-38.162164 -0.000000 -23.846367
-38.162164 -0.000000 -23.846367
-38.162164 -0.000000 -23.846367
-38.162164 -0.000000 -23.846367
-38.162164 -0.000000 -23.846367
-38.162164 -0.000000 -23.846367
-38.162164 -0.000000 -23.846367
-38.162164 -0.000000 -23.846367
-38.162164 -0.000000 -23.846367
-38.162164 -0.000000 -23.846367
-38.162164 -0.000000 -23.846367
-38.162164 -0.000000 -23.846367
-38.162164 -0.000000 -23.846367
-38.162164 -0.000000 -23.846367
-38.162164 -0.000000 -23.846367
-38.162164 -0.000000 -23.846367
-38.162164 -0.000000 -23.846367
-38.162164 -0.000000 -23.846367
-38.162164 -0.000000 -23.846367
-38.162164 -0.000000 -23.846367
-38.162164 -0.000000 -23.846367
-38.162164 -0.000000 -23.846367
-38.162164 -0.000000 -23.846367
-38.162164 -0.000000 -23.846367
-38.162164 -0.000000 -23.846367
-38.162164 -0.000000 -23.846367
-38.162164 -0.000000 -23.846367
-38.162164 -0.000000 -23.846367
-38.162164 -0.000000 -23.846367
-38.162164 -0.000000 -23.846367
-38.162164 -0.000000 -23.846367
-38.162164 -0.000000 -23.846367
-38.162164 -0.000000 -23.846367
-38.162164 -0.000000 -23.846367
-38.162164 -0.000000 -23.846367
-38.162164 -0.000000 -23.846367
-38.162164 -0.000000 -23.846367
-38.162164 -0.000000 -23.846367
-38.162164 -0.000000 -23.846367
-38.162164 -0.000000 -23.846367
-38.162164 -0.000000 -23.846367
-38.162164 -0.000000 -23.846367
-38.162164 -0.000000 -23.846367
-38.162164 -0.000000 -23.846367
-38.162164 -0.000000 -23.846367
-38.162164 -0.000000 -23.846367
-38.162164 -0.000000 -23.846367
-38.162164 -0.000000 -23.846367
-38.162164 -0.000000 -23.846367
-38.162164 -0.000000 -23.846367
-38.162164 -0.000000 -23.846367
-38.162164 -0.000000 -23.846367
-38.162164 -0.000000 -23.846367
-38.162164 -0.000000 -23.846367
-38.162164 -0.000000 -23.846367
-38.162164 -0.000000 -23.846367
-38.162164 -0.000000 -23.846367
-38.162164 -0.000000 -23.846367
-38.162164 -0.000000 -23.846367
-38.162164 -0.000000 -23.846367
-38.162164 -0.000000 -23.846367
-38.162164 -0.000000 -23.846367
-38.162164 -0.000000 -23.846367
-38.162164 -0.000000 -23.846367
-38.162164 -0.000000 -23.846367
-38.162164 -0.000000 -23.846367
-38.162164 -0.000000 -23.846367
-38.162164 -0.000000 -23.846367
-38.162164 -0.000000 -23.846367
-38.162164 -0.000000 -23.846367
-38.162164 -0.000000 -23.846367
-38.162164 -0.000000 -23.846367
-38.162164 -0.000000 -23.846367
-38.162164 -0.000000 -23.846367
-38.162164 -0.000000 -23.846367
-38.162164 -0.000000 -23.846367
-38.162164 -0.000000 -23.846367
-38.162164 -0.000000 -23.846367
-38.162164 -0.000000 -23.846367
-38.162164 -0.000000 -23.846367
-38.162164 -0.000000 -23.846367
-38.162164 -0.000000 -23.846367
-38.162164 -0.000000 -23.846367
-38.162164 -0.000000 -23.846367
-38.162164 -0.000000 -23.846367
-38.162164 -0.000000 -23.846367
-38.162164 -0.000000 -23.846367
-38.162164 -0.000000 -23.846367
-38.162164 -0.000000 -23.846367
-38.162164 -0.000000 -23.846367
-38.162164 -0.000000 -23.846367
-38.162164 -0.000000 -23.846367
-38.162164 -0.000000 -23.846367
-38.162164 -0.000000 -23.846367
-38.162164 -0.000000 -23.846367
-38.162164 -0.000000 -23.846367
-38.162164 -0.000000 -23.846367
-38.162164 -0.000000 -23.846367
-38.162164 -0.000000 -23.846367
-38.162164 -0.000000 -23.846367
-38.162164 -0.000000 -23.846367
-38.162164 -0.000000 -23.846367
-38.162164 -0.000000 -23.846367
-38.162164 -0.000000 -23.846367
-38.162164 -0.000000 -23.846367
-38.162164 -0.000000 -23.846367
-38.162164 -0.000000 -23.846367
-38.162164 -0.000000 -23.846367
-38.162164 -0.000000 -23.846367
-38.162164 -0.000000 -23.846367
-38.162164 -0.000000 -23.846367
-38.162164 -0.000000 -23.846367
-38.162164 -0.000000 -23.846367
-38.162164 -0.000000 -23.846367
-38.162164 -0.000000 -23.846367
-38.162164 -0.000000 -23.846367
-38.162164 -0.000000 -23.846367
-38.162164 -0.000000 -23.846367
-38.162164 -0.000000 -23.846367
-38.162164 -0.000000 -23.846367
-38.162164 -0.000000 -23.846367
-38.162164 -0.000000 -23.846367
-38.162164 -0.000000 -23.846367
-38.162164 -0.000000 -23.846367
-38.162164 -0.000000 -23.846367
-38.162164 -0.000000 -23.846367
-38.162164 -0.000000 -23.846367
-38.162164 -0.000000 -23.846367
-38.162164 -0.000000 -23.846367
-38.162164 -0.000000 -23.846367
-38.162164 -0.000000 -23.846367
-38.162164 -0.000000 -23.846367
-38.162164 -0.000000 -23.846367
-38.162164 -0.000000 -23.846367
-38.162164 -0.000000 -23.846367
-38.162164 -0.000000 -23.846367
-38.162164 -0.000000 -23.846367
-38.162164 -0.000000 -23.846367
-38.162164 -0.000000 -23.846367
-38.162164 -0.000000 -23.846367
-38.162164 -0.000000 -23.846367
-38.162164 -0.000000 -23.846367
-38.162164 -0.000000 -23.846367
-38.162164 -0.000000 -23.846367
-38.162164 -0.000000 -23.846367
-38.162164 -0.000000 -23.846367
-38.162164 -0.000000 -23.846367
-38.162164 -0.000000 -23.846367
-38.162164 -0.000000 -23.846367
-38.162164 -0.000000 -23.846367
-38.162164 -0.000000 -23.846367
-38.162164 -0.000000 -23.846367
-38.162164 -0.000000 -23.846367
-38.162164 -0.000000 -23.846367
-38.162164 -0.000000 -23.846367
-38.162164 -0.000000 -23.846367
-38.162164 -0.000000 -23.846367
-38.162164 -0.000000 -23.846367
-38.162164 -0.000000 -23.846367
-38.162164 -0.000000 -23.846367
-38.162164 -0.000000 -23.846367
-38.162164 -0.000000 -23.846367
-38.162164 -0.000000 -23.846367
-38.162164 -0.000000 -23.846367
-38.162164 -0.000000 -23.846367
-38.162164 -0.000000 -23.846367
-38.162164 -0.000000 -23.846367
-38.162164 -0.000000 -23.846367
-38.162164 -0.000000 -23.846367
-38.162164 -0.000000 -23.846367
-38.162164 -0.000000 -23.846367
-38.162164 -0.000000 -23.846367
-38.162164 -0.000000 -23.846367
-38.162164 -0.000000 -23.846367
-38.162164 -0.000000 -23.846367
-38.162164 -0.000000 -23.846367
-38.162164 -0.000000 -23.846367
-38.162164 -0.000000 -23.846367
-38.162164 -0.000000 -23.846367
-38.162164 -0.000000 -23.846367
-38.162164 -0.000000 -23.846367
-38.162164 -0.000000 -23.846367
-38.162164 -0.000000 -23.846367
-38.162164 -0.000000 -23.846367
-38.162164 -0.000000 -23.846367
-38.162164 -0.000000 -23.846367
-38.162164 -0.000000 -23.846367
-38.162164 -0.000000 -23.846367
-38.162164 -0.000000 -23.846367
-38.162164 -0.000000 -23.846367
-38.162164 -0.000000 -23.846367
-38.162164 -0.000000 -23.846367
-38.162164 -0.000000 -23.846367
-38.162164 -0.000000 -23.846367
-38.162164 -0.000000 -23.846367
-38.162164 -0.000000 -23.846367
-38.162164 -0.000000 -23.846367
-38.162164 -0.000000 -23.846367
-38.162164 -0.000000 -23.846367
-38.162164 -0.000000 -23.846367
-38.162164 -0.000000 -23.846367
-38.162164 -0.000000 -23.846367
-38.162164 -0.000000 -23.846367
-38.162164 -0.000000 -23.846367
-38.162164 -0.000000 -23.846367
-38.162164 -0.000000 -23.846367
-38.162164 -0.000000 -23.846367
-38.162164 -0.000000 -23.846367
-38.162164 -0.000000 -23.846367
-38.162164 -0.000000 -23.846367
-38.162164 -0.000000 -23.846367
-38.162164 -0.000000 -23.846367
-38.162164 -0.000000 -23.846367
-38.162164 -0.000000 -23.846367
-38.162164 -0.000000 -23.846367
-38.162164 -0.000000 -23.846367
-38.162164 -0.000000 -23.846367
-38.162164 -0.000000 -23.846367
-38.162164 -0.000000 -23.846367
-38.162164 -0.000000 -23.846367
-38.162164 -0.000000 -23.846367
-38.162164 -0.000000 -23.846367
-38.162164 -0.000000 -23.846367
-38.162164 -0.000000 -23.846367
-38.162164 -0.000000 -23.846367
-38.162164 -0.000000 -23.846367
-38.162164 -0.000000 -23.846367
-38.162164 -0.000000 -23.846367
-38.162164 -0.000000 -23.846367
-38.162164 -0.000000 -23.846367
-38.162164 -0.000000 -23.846367
-38.162164 -0.000000 -23.846367
-38.162164 -0.000000 -23.846367
-38.162164 -0.000000 -23.846367
-38.162164 -0.000000 -23.846367
-38.162164 -0.000000 -23.846367
-38.162164 -0.000000 -23.846367
-38.162164 -0.000000 -23.846367
-38.162164 -0.000000 -23.846367
-38.162164 -0.000000 -23.846367
-38.162164 -0.000000 -23.846367
-38.162164 -0.000000 -23.846367
-38.162164 -0.000000 -23.846367
-38.162164 -0.000000 -23.846367
-38.162164 -0.000000 -23.846367
-38.162164 -0.000000 -23.846367
-38.162164 -0.000000 -23.846367
-38.162164 -0.000000 -23.846367
-38.162164 -0.000000 -23.846367
-38.162164 -0.000000 -23.846367
-38.162164 -0.000000 -23.846367
-38.162164 -0.000000 -23.846367
-38.162164 -0.000000 -23.846367
-38.162164 -0.000000 -23.846367
-38.162164 -0.000000 -23.846367
-38.162164 -0.000000 -23.846367
-38.162164 -0.000000 -23.846367
-38.162164 -0.000000 -23.846367
-38.162164 -0.000000 -23.846367
-38.162164 -0.000000 -23.846367
-38.162164 -0.000000 -23.846367
-38.162164 -0.000000 -23.846367
-38.162164 -0.000000 -23.846367
-38.162164 -0.000000 -23.846367
-38.162164 -0.000000 -23.846367
-38.162164 -0.000000 -23.846367
-38.162164 -0.000000 -23.846367
-38.162164 -0.000000 -23.846367
-38.162164 -0.000000 -23.846367
-38.162164 -0.000000 -23.846367
-38.162164 -0.000000 -23.846367
-38.162164 -0.000000 -23.846367
-38.162164 -0.000000 -23.846367
-38.162164 -0.000000 -23.846367
-38.162164 -0.000000 -23.846367
-38.162164 -0.000000 -23.846367
-38.162164 -0.000000 -23.846367
-38.162164 -0.000000 -23.846367
-38.162164 -0.000000 -23.846367
-38.162164 -0.000000 -23.846367
-38.162164 -0.000000 -23.846367
-38.162164 -0.000000 -23.846367
-38.162164 -0.000000 -23.846367
-38.162164 -0.000000 -23.846367
-38.162164 -0.000000 -23.846367
-38.162164 -0.000000 -23.846367
-38.162164 -0.000000 -23.846367
-38.162164 -0.000000 -23.846367
-38.162164 -0.000000 -23.846367
-38.162164 -0.000000 -23.846367
-38.162164 -0.000000 -23.846367
-38.162164 -0.000000 -23.846367
-38.162164 -0.000000 -23.846367
-38.162164 -0.000000 -23.846367
-38.162164 -0.000000 -23.846367
-38.162164 -0.000000 -23.846367
-38.162164 -0.000000 -23.846367
-38.162164 -0.000000 -23.846367
-38.162164 -0.000000 -23.846367
-38.162164 -0.000000 -23.846367
-38.162164 -0.000000 -23.846367
-38.162164 -0.000000 -23.846367
-38.162164 -0.000000 -23.846367
-38.162164 -0.000000 -23.846367
-38.162164 -0.000000 -23.846367
-38.162164 -0.000000 -23.846367
-38.162164 -0.000000 -23.846367
-38.162164 -0.000000 -23.846367
-38.162164 -0.000000 -23.846367
-38.162164 -0.000000 -23.846367
-38.162164 -0.000000 -23.846367
-38.162164 -0.000000 -23.846367
-38.162164 -0.000000 -23.846367
-38.162164 -0.000000 -23.846367
-38.162164 -0.000000 -23.846367
-38.162164 -0.000000 -23.846367
-38.162164 -0.000000 -23.846367
-38.162164 -0.000000 -23.846367
-38.162164 -0.000000 -23.846367
-38.162164 -0.000000 -23.846367
-38.162164 -0.000000 -23.846367
-38.162164 -0.000000 -23.846367
-38.162164 -0.000000 -23.846367
-38.162164 -0.000000 -23.846367
-38.162164 -0.000000 -23.846367
-38.162164 -0.000000 -23.846367
-38.162164 -0.000000 -23.846367
-38.162164 -0.000000 -23.846367
-38.162164 -0.000000 -23.846367
-38.162164 -0.000000 -23.846367
-38.162164 -0.000000 -23.846367
-38.162164 -0.000000 -23.846367
-38.162164 -0.000000 -23.846367
-38.162164 -0.000000 -23.846367
-38.162164 -0.000000 -23.846367
-38.162164 -0.000000 -23.846367
-38.162164 -0.000000 -23.846367
-38.162164 -0.000000 -23.846367
-38.162164 -0.000000 -23.846367
-38.162164 -0.000000 -23.846367
-38.162164 -0.000000 -23.846367
-38.162164 -0.000000 -23.846367
-38.162164 -0.000000 -23.846367
-38.162164 -0.000000 -23.846367
-38.162164 -0.000000 -23.846367
-38.162164 -0.000000 -23.846367
-38.162164 -0.000000 -23.846367
-38.162164 -0.000000 -23.846367
-38.162164 -0.000000 -23.846367
-38.162164 -0.000000 -23.846367
-38.162164 -0.000000 -23.846367
-38.162164 -0.000000 -23.846367
-38.162164 -0.000000 -23.846367
-38.162164 -0.000000 -23.846367
-38.162164 -0.000000 -23.846367
-38.162164 -0.000000 -23.846367
-38.162164 -0.000000 -23.846367
-38.162164 -0.000000 -23.846367
-38.162164 -0.000000 -23.846367
-38.162164 -0.000000 -23.846367
-38.162164 -0.000000 -23.846367
-38.162164 -0.000000 -23.846367
-38.162164 -0.000000 -23.846367
-38.162164 -0.000000 -23.846367
-38.162164 -0.000000 -23.846367
-38.162164 -0.000000 -23.846367
-38.162164 -0.000000 -23.846367
-38.162164 -0.000000 -23.846367
-38.162164 -0.000000 -23.846367
-38.162164 -0.000000 -23.846367
-38.162164 -0.000000 -23.846367
-38.162164 -0.000000 -23.846367
-38.162164 -0.000000 -23.846367
-38.162164 -0.000000 -23.846367
-38.162164 -0.000000 -23.846367
-38.162164 -0.000000 -23.846367
-38.162164 -0.000000 -23.846367
-38.162164 -0.000000 -23.846367
-38.162164 -0.000000 -23.846367
-38.162164 -0.000000 -23.846367
-38.162164 -0.000000 -23.846367
-38.162164 -0.000000 -23.846367
-38.162164 -0.000000 -23.846367
-38.162164 -0.000000 -23.846367
-38.162164 -0.000000 -23.846367
-38.162164 -0.000000 -23.846367
-38.162164 -0.000000 -23.846367
-38.162164 -0.000000 -23.846367
-38.162164 -0.000000 -23.846367
-38.162164 -0.000000 -23.846367
-38.162164 -0.000000 -23.846367
-38.162164 -0.000000 -23.846367
-38.162164 -0.000000 -23.846367
-38.162164 -0.000000 -23.846367
-38.162164 -0.000000 -23.846367
-38.162164 -0.000000 -23.846367
-38.162164 -0.000000 -23.846367
-38.162164 -0.000000 -23.846367
-38.162164 -0.000000 -23.846367
-38.162164 -0.000000 -23.846367
-38.162164 -0.000000 -23.846367
-38.162164 -0.000000 -23.846367
-38.162164 -0.000000 -23.846367
-38.162164 -0.000000 -23.846367
-38.162164 -0.000000 -23.846367
-38.162164 -0.000000 -23.846367
-38.162164 -0.000000 -23.846367
-38.162164 -0.000000 -23.846367
-38.162164 -0.000000 -23.846367
-38.162164 -0.000000 -23.846367
-38.162164 -0.000000 -23.846367
-38.162164 -0.000000 -23.846367
-38.162164 -0.000000 -23.846367
-38.162164 -0.000000 -23.846367
-38.162164 -0.000000 -23.846367
-38.162164 -0.000000 -23.846367
-38.162164 -0.000000 -23.846367
-38.162164 -0.000000 -23.846367
-38.162164 -0.000000 -23.846367
-38.162164 -0.000000 -23.846367
-38.162164 -0.000000 -23.846367
-38.162164 -0.000000 -23.846367
-38.162164 -0.000000 -23.846367
-38.162164 -0.000000 -23.846367
-38.162164 -0.000000 -23.846367
-38.162164 -0.000000 -23.846367
-38.162164 -0.000000 -23.846367
-38.162164 -0.000000 -23.846367
-38.162164 -0.000000 -23.846367
-38.162164 -0.000000 -23.846367
-38.162164 -0.000000 -23.846367
-38.162164 -0.000000 -23.846367
-38.162164 -0.000000 -23.846367
-38.162164 -0.000000 -23.846367
-38.162164 -0.000000 -23.846367
-38.162164 -0.000000 -23.846367
-38.162164 -0.000000 -23.846367
-38.162164 -0.000000 -23.846367
-38.162164 -0.000000 -23.846367
-38.162164 -0.000000 -23.846367
-38.162164 -0.000000 -23.846367
-38.162164 -0.000000 -23.846367
-38.162164 -0.000000 -23.846367
-38.162164 -0.000000 -23.846367
-38.162164 -0.000000 -23.846367
-38.162164 -0.000000 -23.846367
-38.162164 -0.000000 -23.846367
-38.162164 -0.000000 -23.846367
-38.162164 -0.000000 -23.846367
-38.162164 -0.000000 -23.846367
-38.162164 -0.000000 -23.846367
-38.162164 -0.000000 -23.846367
-38.162164 -0.000000 -23.846367
-38.162164 -0.000000 -23.846367
-38.162164 -0.000000 -23.846367
-38.162164 -0.000000 -23.846367
-38.162164 -0.000000 -23.846367
-38.162164 -0.000000 -23.846367
-38.162164 -0.000000 -23.846367
-38.162164 -0.000000 -23.846367
-38.162164 -0.000000 -23.846367
-38.162164 -0.000000 -23.846367
-38.162164 -0.000000 -23.846367
-38.162164 -0.000000 -23.846367
-38.162164 -0.000000 -23.846367
-38.162164 -0.000000 -23.846367
-38.162164 -0.000000 -23.846367
-38.162164 -0.000000 -23.846367
-38.162164 -0.000000 -23.846367
-38.162164 -0.000000 -23.846367
-38.162164 -0.000000 -23.846367
-38.162164 -0.000000 -23.846367
-38.162164 -0.000000 -23.846367
-38.162164 -0.000000 -23.846367
-38.162164 -0.000000 -23.846367
-38.162164 -0.000000 -23.846367
-38.162164 -0.000000 -23.846367
-38.162164 -0.000000 -23.846367
-38.162164 -0.000000 -23.846367
-38.162164 -0.000000 -23.846367
-38.162164 -0.000000 -23.846367
-38.162164 -0.000000 -23.846367
-38.162164 -0.000000 -23.846367
-38.162164 -0.000000 -23.846367
-38.162164 -0.000000 -23.846367
-38.162164 -0.000000 -23.846367
-38.162164 -0.000000 -23.846367
-38.162164 -0.000000 -23.846367
-38.162164 -0.000000 -23.846367
-38.162164 -0.000000 -23.846367
-38.162164 -0.000000 -23.846367
-38.162164 -0.000000 -23.846367
-38.162164 -0.000000 -23.846367
-38.162164 -0.000000 -23.846367
-38.162164 -0.000000 -23.846367
-38.162164 -0.000000 -23.846367
-38.162164 -0.000000 -23.846367
-38.162164 -0.000000 -23.846367
-38.162164 -0.000000 -23.846367
-38.162164 -0.000000 -23.846367
-38.162164 -0.000000 -23.846367
-38.162164 -0.000000 -23.846367
-38.162164 -0.000000 -23.846367
-38.162164 -0.000000 -23.846367
-38.162164 -0.000000 -23.846367
-38.162164 -0.000000 -23.846367
-38.162164 -0.000000 -23.846367
-38.162164 -0.000000 -23.846367
-38.162164 -0.000000 -23.846367
-38.162164 -0.000000 -23.846367
-38.162164 -0.000000 -23.846367
-38.162164 -0.000000 -23.846367
-38.162164 -0.000000 -23.846367
-38.162164 -0.000000 -23.846367
-38.162164 -0.000000 -23.846367
-38.162164 -0.000000 -23.846367
-38.162164 -0.000000 -23.846367
-38.162164 -0.000000 -23.846367
-38.162164 -0.000000 -23.846367
-38.162164 -0.000000 -23.846367
-38.162164 -0.000000 -23.846367
-38.162164 -0.000000 -23.846367
-38.162164 -0.000000 -23.846367
-38.162164 -0.000000 -23.846367
-38.162164 -0.000000 -23.846367
-38.162164 -0.000000 -23.846367
-38.162164 -0.000000 -23.846367
-38.162164 -0.000000 -23.846367
-38.162164 -0.000000 -23.846367
-38.162164 -0.000000 -23.846367
-38.162164 -0.000000 -23.846367
-38.162164 -0.000000 -23.846367
-38.162164 -0.000000 -23.846367
-38.162164 -0.000000 -23.846367
-38.162164 -0.000000 -23.846367
-38.162164 -0.000000 -23.846367
-38.162164 -0.000000 -23.846367
-38.162164 -0.000000 -23.846367
-38.162164 -0.000000 -23.846367
-38.162164 -0.000000 -23.846367
-38.162164 -0.000000 -23.846367
-38.162164 -0.000000 -23.846367
-38.162164 -0.000000 -23.846367
-38.162164 -0.000000 -23.846367
-38.162164 -0.000000 -23.846367
-38.162164 -0.000000 -23.846367
-38.162164 -0.000000 -23.846367
-38.162164 -0.000000 -23.846367
-38.162164 -0.000000 -23.846367
-38.162164 -0.000000 -23.846367
-38.162164 -0.000000 -23.846367
-38.162164 -0.000000 -23.846367
-38.162164 -0.000000 -23.846367
-38.162164 -0.000000 -23.846367
-38.162164 -0.000000 -23.846367
-38.162164 -0.000000 -23.846367
-38.162164 -0.000000 -23.846367
-38.162164 -0.000000 -23.846367
-38.162164 -0.000000 -23.846367
-38.162164 -0.000000 -23.846367
-38.162164 -0.000000 -23.846367
-38.162164 -0.000000 -23.846367
-38.162164 -0.000000 -23.846367
-38.162164 -0.000000 -23.846367
-38.162164 -0.000000 -23.846367
-38.162164 -0.000000 -23.846367
-38.162164 -0.000000 -23.846367
-38.162164 -0.000000 -23.846367
-38.162164 -0.000000 -23.846367
-38.162164 -0.000000 -23.846367
-38.162164 -0.000000 -23.846367
-38.162164 -0.000000 -23.846367
-38.162164 -0.000000 -23.846367
-38.162164 -0.000000 -23.846367
-38.162164 -0.000000 -23.846367
-38.162164 -0.000000 -23.846367
-38.162164 -0.000000 -23.846367
-38.162164 -0.000000 -23.846367
-38.162164 -0.000000 -23.846367
-38.162164 -0.000000 -23.846367
-38.162164 -0.000000 -23.846367
-38.162164 -0.000000 -23.846367
-38.162164 -0.000000 -23.846367
-38.162164 -0.000000 -23.846367
-38.162164 -0.000000 -23.846367
-38.162164 -0.000000 -23.846367
-38.162164 -0.000000 -23.846367
-38.162164 -0.000000 -23.846367
-38.162164 -0.000000 -23.846367
-38.162164 -0.000000 -23.846367
-38.162164 -0.000000 -23.846367
-38.162164 -0.000000 -23.846367
-38.162164 -0.000000 -23.846367
-38.162164 -0.000000 -23.846367
-38.162164 -0.000000 -23.846367
-38.162164 -0.000000 -23.846367
-38.162164 -0.000000 -23.846367
-38.162164 -0.000000 -23.846367
-38.162164 -0.000000 -23.846367
-38.162164 -0.000000 -23.846367
-38.162164 -0.000000 -23.846367
-38.162164 -0.000000 -23.846367
-38.162164 -0.000000 -23.846367
-38.162164 -0.000000 -23.846367
-38.162164 -0.000000 -23.846367
-38.162164 -0.000000 -23.846367
-38.162164 -0.000000 -23.846367
-38.162164 -0.000000 -23.846367
-38.162164 -0.000000 -23.846367
-38.162164 -0.000000 -23.846367
-38.162164 -0.000000 -23.846367
-38.162164 -0.000000 -23.846367
-38.162164 -0.000000 -23.846367
-38.162164 -0.000000 -23.846367
-38.162164 -0.000000 -23.846367
-38.162164 -0.000000 -23.846367
-38.162164 -0.000000 -23.846367
-38.162164 -0.000000 -23.846367
-38.162164 -0.000000 -23.846367
-38.162164 -0.000000 -23.846367
-38.162164 -0.000000 -23.846367
-38.162164 -0.000000 -23.846367
-38.162164 -0.000000 -23.846367
-38.162164 -0.000000 -23.846367
-38.162164 -0.000000 -23.846367
-38.162164 -0.000000 -23.846367
-38.162164 -0.000000 -23.846367
-38.162164 -0.000000 -23.846367
-38.162164 -0.000000 -23.846367
-38.162164 -0.000000 -23.846367
-38.162164 -0.000000 -23.846367
-38.162164 -0.000000 -23.846367
-38.162164 -0.000000 -23.846367
-38.162164 -0.000000 -23.846367
-38.162164 -0.000000 -23.846367
-38.162164 -0.000000 -23.846367
-38.162164 -0.000000 -23.846367
-38.162164 -0.000000 -23.846367
-38.162164 -0.000000 -23.846367
-38.162164 -0.000000 -23.846367
-38.162164 -0.000000 -23.846367
-38.162164 -0.000000 -23.846367
-38.162164 -0.000000 -23.846367
-38.162164 -0.000000 -23.846367
-38.162164 -0.000000 -23.846367
-38.162164 -0.000000 -23.846367
-38.162164 -0.000000 -23.846367
-38.162164 -0.000000 -23.846367
-38.162164 -0.000000 -23.846367
-38.162164 -0.000000 -23.846367
-38.162164 -0.000000 -23.846367
-38.162164 -0.000000 -23.846367
-38.162164 -0.000000 -23.846367
-38.162164 -0.000000 -23.846367
-38.162164 -0.000000 -23.846367
-38.162164 -0.000000 -23.846367
-38.162164 -0.000000 -23.846367
-38.162164 -0.000000 -23.846367
-38.162164 -0.000000 -23.846367
-38.162164 -0.000000 -23.846367
-38.162164 -0.000000 -23.846367
-38.162164 -0.000000 -23.846367
-38.162164 -0.000000 -23.846367
-38.162164 -0.000000 -23.846367
-38.162164 -0.000000 -23.846367
-38.162164 -0.000000 -23.846367
-38.162164 -0.000000 -23.846367
-38.162164 -0.000000 -23.846367
-38.162164 -0.000000 -23.846367
-38.162164 -0.000000 -23.846367
-38.162164 -0.000000 -23.846367
-38.162164 -0.000000 -23.846367
-38.162164 -0.000000 -23.846367
-38.162164 -0.000000 -23.846367
-38.162164 -0.000000 -23.846367
-38.162164 -0.000000 -23.846367
-38.162164 -0.000000 -23.846367
-38.162164 -0.000000 -23.846367
-38.162164 -0.000000 -23.846367
-38.162164 -0.000000 -23.846367
-38.162164 -0.000000 -23.846367
-38.162164 -0.000000 -23.846367
-38.162164 -0.000000 -23.846367
-38.162164 -0.000000 -23.846367
-38.162164 -0.000000 -23.846367
-38.162164 -0.000000 -23.846367
-38.162164 -0.000000 -23.846367
-38.162164 -0.000000 -23.846367
-38.162164 -0.000000 -23.846367
-38.162164 -0.000000 -23.846367
-38.162164 -0.000000 -23.846367
-38.162164 -0.000000 -23.846367
-38.162164 -0.000000 -23.846367
-38.162164 -0.000000 -23.846367
-38.162164 -0.000000 -23.846367
-38.162164 -0.000000 -23.846367
-38.162164 -0.000000 -23.846367
-38.162164 -0.000000 -23.846367
-38.162164 -0.000000 -23.846367
-38.162164 -0.000000 -23.846367
-38.162164 -0.000000 -23.846367
-38.162164 -0.000000 -23.846367
-38.162164 -0.000000 -23.846367
-38.162164 -0.000000 -23.846367
-38.162164 -0.000000 -23.846367
-38.162164 -0.000000 -23.846367
-38.162164 -0.000000 -23.846367
-38.162164 -0.000000 -23.846367
-38.162164 -0.000000 -23.846367
-38.162164 -0.000000 -23.846367
-38.162164 -0.000000 -23.846367
-38.162164 -0.000000 -23.846367
-38.162164 -0.000000 -23.846367
-38.162164 -0.000000 -23.846367
-38.162164 -0.000000 -23.846367
-38.162164 -0.000000 -23.846367
-38.162164 -0.000000 -23.846367
-38.162164 -0.000000 -23.846367
-38.162164 -0.000000 -23.846367
-38.162164 -0.000000 -23.846367
-38.162164 -0.000000 -23.846367
-38.162164 -0.000000 -23.846367
-38.162164 -0.000000 -23.846367
-38.162164 -0.000000 -23.846367
-38.162164 -0.000000 -23.846367
-38.162164 -0.000000 -23.846367
-38.162164 -0.000000 -23.846367
-38.162164 -0.000000 -23.846367
-38.162164 -0.000000 -23.846367
-38.162164 -0.000000 -23.846367
-38.162164 -0.000000 -23.846367
-38.162164 -0.000000 -23.846367
-38.162164 -0.000000 -23.846367
-38.162164 -0.000000 -23.846367
-38.162164 -0.000000 -23.846367
-38.162164 -0.000000 -23.846367
-38.162164 -0.000000 -23.846367
-38.162164 -0.000000 -23.846367
-38.162164 -0.000000 -23.846367
-38.162164 -0.000000 -23.846367
-38.162164 -0.000000 -23.846367
-38.162164 -0.000000 -23.846367
-38.162164 -0.000000 -23.846367
-38.162164 -0.000000 -23.846367
-38.162164 -0.000000 -23.846367
-38.162164 -0.000000 -23.846367
-38.162164 -0.000000 -23.846367
-38.162164 -0.000000 -23.846367
-38.162164 -0.000000 -23.846367
-38.162164 -0.000000 -23.846367
-38.162164 -0.000000 -23.846367
-38.162164 -0.000000 -23.846367
-38.162164 -0.000000 -23.846367
-38.162164 -0.000000 -23.846367
-38.162164 -0.000000 -23.846367
-38.162164 -0.000000 -23.846367
-38.162164 -0.000000 -23.846367
-38.162164 -0.000000 -23.846367
-38.162164 -0.000000 -23.846367
-38.162164 -0.000000 -23.846367
-38.162164 -0.000000 -23.846367
-38.162164 -0.000000 -23.846367
-38.162164 -0.000000 -23.846367
-38.162164 -0.000000 -23.846367
-38.162164 -0.000000 -23.846367
-38.162164 -0.000000 -23.846367
-38.162164 -0.000000 -23.846367
-38.162164 -0.000000 -23.846367
-38.162164 -0.000000 -23.846367
-38.162164 -0.000000 -23.846367
-38.162164 -0.000000 -23.846367
-38.162164 -0.000000 -23.846367
-38.162164 -0.000000 -23.846367
-38.162164 -0.000000 -23.846367
-38.162164 -0.000000 -23.846367
-38.162164 -0.000000 -23.846367
-38.162164 -0.000000 -23.846367
-38.162164 -0.000000 -23.846367
-38.162164 -0.000000 -23.846367
-38.162164 -0.000000 -23.846367
-38.162164 -0.000000 -23.846367
-38.162164 -0.000000 -23.846367
-38.162164 -0.000000 -23.846367
-38.162164 -0.000000 -23.846367
-38.162164 -0.000000 -23.846367
-38.162164 -0.000000 -23.846367
-38.162164 -0.000000 -23.846367
-38.162164 -0.000000 -23.846367
-38.162164 -0.000000 -23.846367
-38.162164 -0.000000 -23.846367
-38.162164 -0.000000 -23.846367
-38.162164 -0.000000 -23.846367
-38.162164 -0.000000 -23.846367
-38.162164 -0.000000 -23.846367
-38.162164 -0.000000 -23.846367
-38.162164 -0.000000 -23.846367
-38.162164 -0.000000 -23.846367
-38.162164 -0.000000 -23.846367
-38.162164 -0.000000 -23.846367
-38.162164 -0.000000 -23.846367
-38.162164 -0.000000 -23.846367
-38.162164 -0.000000 -23.846367
-38.162164 -0.000000 -23.846367
-38.162164 -0.000000 -23.846367
-38.162164 -0.000000 -23.846367
-38.162164 -0.000000 -23.846367
-38.162164 -0.000000 -23.846367
-38.162164 -0.000000 -23.846367
-38.162164 -0.000000 -23.846367
-38.162164 -0.000000 -23.846367
-38.162164 -0.000000 -23.846367
-38.162164 -0.000000 -23.846367
-38.162164 -0.000000 -23.846367
-38.162164 -0.000000 -23.846367
-38.162164 -0.000000 -23.846367
-38.162164 -0.000000 -23.846367
-38.162164 -0.000000 -23.846367
-38.162164 -0.000000 -23.846367
-38.162164 -0.000000 -23.846367
-38.162164 -0.000000 -23.846367
-38.162164 -0.000000 -23.846367
-38.162164 -0.000000 -23.846367
-38.162164 -0.000000 -23.846367
-38.162164 -0.000000 -23.846367
-38.162164 -0.000000 -23.846367
-38.162164 -0.000000 -23.846367
-38.162164 -0.000000 -23.846367
-38.162164 -0.000000 -23.846367
-38.162164 -0.000000 -23.846367
-38.162164 -0.000000 -23.846367
-38.162164 -0.000000 -23.846367
-38.162164 -0.000000 -23.846367
-38.162164 -0.000000 -23.846367
-38.162164 -0.000000 -23.846367
-38.162164 -0.000000 -23.846367
-38.162164 -0.000000 -23.846367
-38.162164 -0.000000 -23.846367
-38.162164 -0.000000 -23.846367
-38.162164 -0.000000 -23.846367
-38.162164 -0.000000 -23.846367
-38.162164 -0.000000 -23.846367
-38.162164 -0.000000 -23.846367
-38.162164 -0.000000 -23.846367
-38.162164 -0.000000 -23.846367
-38.162164 -0.000000 -23.846367
-38.162164 -0.000000 -23.846367
-38.162164 -0.000000 -23.846367
-38.162164 -0.000000 -23.846367
-38.162164 -0.000000 -23.846367
-38.162164 -0.000000 -23.846367
-38.162164 -0.000000 -23.846367
-38.162164 -0.000000 -23.846367
-38.162164 -0.000000 -23.846367
-38.162164 -0.000000 -23.846367
-38.162164 -0.000000 -23.846367
-38.162164 -0.000000 -23.846367
-38.162164 -0.000000 -23.846367
-38.162164 -0.000000 -23.846367
-38.162164 -0.000000 -23.846367
-38.162164 -0.000000 -23.846367
-38.162164 -0.000000 -23.846367
-38.162164 -0.000000 -23.846367
-38.162164 -0.000000 -23.846367
-38.162164 -0.000000 -23.846367
-38.162164 -0.000000 -23.846367
-38.162164 -0.000000 -23.846367
-38.162164 -0.000000 -23.846367
-38.162164 -0.000000 -23.846367
-38.162164 -0.000000 -23.846367
-38.162164 -0.000000 -23.846367
-38.162164 -0.000000 -23.846367
-38.162164 -0.000000 -23.846367
-38.162164 -0.000000 -23.846367
-38.162164 -0.000000 -23.846367
-38.162164 -0.000000 -23.846367
-38.162164 -0.000000 -23.846367
-38.162164 -0.000000 -23.846367
-38.162164 -0.000000 -23.846367
-38.162164 -0.000000 -23.846367
-38.162164 -0.000000 -23.846367
-38.162164 -0.000000 -23.846367
-38.162164 -0.000000 -23.846367
-38.162164 -0.000000 -23.846367
-38.162164 -0.000000 -23.846367
-38.162164 -0.000000 -23.846367
-38.162164 -0.000000 -23.846367
-38.162164 -0.000000 -23.846367
-38.162164 -0.000000 -23.846367
-38.162164 -0.000000 -23.846367
-38.162164 -0.000000 -23.846367
-38.162164 -0.000000 -23.846367
-38.162164 -0.000000 -23.846367
-38.162164 -0.000000 -23.846367
-38.162164 -0.000000 -23.846367
-38.162164 -0.000000 -23.846367
-38.162164 -0.000000 -23.846367
-38.162164 -0.000000 -23.846367
-38.162164 -0.000000 -23.846367
-38.162164 -0.000000 -23.846367
-38.162164 -0.000000 -23.846367
-38.162164 -0.000000 -23.846367
-38.162164 -0.000000 -23.846367
-38.162164 -0.000000 -23.846367
-38.162164 -0.000000 -23.846367
-38.162164 -0.000000 -23.846367
-38.162164 -0.000000 -23.846367
-38.162164 -0.000000 -23.846367
-38.162164 -0.000000 -23.846367
-38.162164 -0.000000 -23.846367
-38.162164 -0.000000 -23.846367
-38.162164 -0.000000 -23.846367
-38.162164 -0.000000 -23.846367
-38.162164 -0.000000 -23.846367
-38.162164 -0.000000 -23.846367
-38.162164 -0.000000 -23.846367
-38.162164 -0.000000 -23.846367
-38.162164 -0.000000 -23.846367
-38.162164 -0.000000 -23.846367
-38.162164 -0.000000 -23.846367
-38.162164 -0.000000 -23.846367
-38.162164 -0.000000 -23.846367
-38.162164 -0.000000 -23.846367
-38.162164 -0.000000 -23.846367
-38.162164 -0.000000 -23.846367
-38.162164 -0.000000 -23.846367
-38.162164 -0.000000 -23.846367
-38.162164 -0.000000 -23.846367
-38.162164 -0.000000 -23.846367
-38.162164 -0.000000 -23.846367
-38.162164 -0.000000 -23.846367
-38.162164 -0.000000 -23.846367
-38.162164 -0.000000 -23.846367
-38.162164 -0.000000 -23.846367
-38.162164 -0.000000 -23.846367
-38.162164 -0.000000 -23.846367
-38.162164 -0.000000 -23.846367
-38.162164 -0.000000 -23.846367
-38.162164 -0.000000 -23.846367
-38.162164 -0.000000 -23.846367
-38.162164 -0.000000 -23.846367
-38.162164 -0.000000 -23.846367
-38.162164 -0.000000 -23.846367
-38.162164 -0.000000 -23.846367
-38.162164 -0.000000 -23.846367
-38.162164 -0.000000 -23.846367
-38.162164 -0.000000 -23.846367
-38.162164 -0.000000 -23.846367
-38.162164 -0.000000 -23.846367
-38.162164 -0.000000 -23.846367
-38.162164 -0.000000 -23.846367
-38.162164 -0.000000 -23.846367
-38.162164 -0.000000 -23.846367
-38.162164 -0.000000 -23.846367
-38.162164 -0.000000 -23.846367
-38.162164 -0.000000 -23.846367
-38.162164 -0.000000 -23.846367
-38.162164 -0.000000 -23.846367
-38.162164 -0.000000 -23.846367
-38.162164 -0.000000 -23.846367
-38.162164 -0.000000 -23.846367
-38.162164 -0.000000 -23.846367
-38.162164 -0.000000 -23.846367
-38.162164 -0.000000 -23.846367
-38.162164 -0.000000 -23.846367
-38.162164 -0.000000 -23.846367
-38.162164 -0.000000 -23.846367
-38.162164 -0.000000 -23.846367
-38.162164 -0.000000 -23.846367
-38.162164 -0.000000 -23.846367
-38.162164 -0.000000 -23.846367
-38.162164 -0.000000 -23.846367
-38.162164 -0.000000 -23.846367
-38.162164 -0.000000 -23.846367
-38.162164 -0.000000 -23.846367
-38.162164 -0.000000 -23.846367
-38.162164 -0.000000 -23.846367
-38.162164 -0.000000 -23.846367
-38.162164 -0.000000 -23.846367
-38.162164 -0.000000 -23.846367
-38.162164 -0.000000 -23.846367
-38.162164 -0.000000 -23.846367
-38.162164 -0.000000 -23.846367
-38.162164 -0.000000 -23.846367
-38.162164 -0.000000 -23.846367
-38.162164 -0.000000 -23.846367
-38.162164 -0.000000 -23.846367
-38.162164 -0.000000 -23.846367
-38.162164 -0.000000 -23.846367
-38.162164 -0.000000 -23.846367
-38.162164 -0.000000 -23.846367
-38.162164 -0.000000 -23.846367
-38.162164 -0.000000 -23.846367
-38.162164 -0.000000 -23.846367
-38.162164 -0.000000 -23.846367
-38.162164 -0.000000 -23.846367
-38.162164 -0.000000 -23.846367
-38.162164 -0.000000 -23.846367
-38.162164 -0.000000 -23.846367
-38.162164 -0.000000 -23.846367
-38.162164 -0.000000 -23.846367
-38.162164 -0.000000 -23.846367
-38.162164 -0.000000 -23.846367
-38.162164 -0.000000 -23.846367
-38.162164 -0.000000 -23.846367
-38.162164 -0.000000 -23.846367
-38.162164 -0.000000 -23.846367
-38.162164 -0.000000 -23.846367
-38.162164 -0.000000 -23.846367
-38.162164 -0.000000 -23.846367
-38.162164 -0.000000 -23.846367
-38.162164 -0.000000 -23.846367
-38.162164 -0.000000 -23.846367
-38.162164 -0.000000 -23.846367
-38.162164 -0.000000 -23.846367
-38.162164 -0.000000 -23.846367
-38.162164 -0.000000 -23.846367
-38.162164 -0.000000 -23.846367
-38.162164 -0.000000 -23.846367
-38.162164 -0.000000 -23.846367
-38.162164 -0.000000 -23.846367
-38.162164 -0.000000 -23.846367
-38.162164 -0.000000 -23.846367
-38.162164 -0.000000 -23.846367
-38.162164 -0.000000 -23.846367
-38.162164 -0.000000 -23.846367
-38.162164 -0.000000 -23.846367
-38.162164 -0.000000 -23.846367
-38.162164 -0.000000 -23.846367
-38.162164 -0.000000 -23.846367
-38.162164 -0.000000 -23.846367
-38.162164 -0.000000 -23.846367
-38.162164 -0.000000 -23.846367
-38.162164 -0.000000 -23.846367
-38.162164 -0.000000 -23.846367
-38.162164 -0.000000 -23.846367
-38.162164 -0.000000 -23.846367
-38.162164 -0.000000 -23.846367
-38.162164 -0.000000 -23.846367
-38.162164 -0.000000 -23.846367
-38.162164 -0.000000 -23.846367
-38.162164 -0.000000 -23.846367
-38.162164 -0.000000 -23.846367
-38.162164 -0.000000 -23.846367
-38.162164 -0.000000 -23.846367
-38.162164 -0.000000 -23.846367
-38.162164 -0.000000 -23.846367
-38.162164 -0.000000 -23.846367
-38.162164 -0.000000 -23.846367
-38.162164 -0.000000 -23.846367
-38.162164 -0.000000 -23.846367
-38.162164 -0.000000 -23.846367
-38.162164 -0.000000 -23.846367
-38.162164 -0.000000 -23.846367
-38.162164 -0.000000 -23.846367
-38.162164 -0.000000 -23.846367
-38.162164 -0.000000 -23.846367
-38.162164 -0.000000 -23.846367
-38.162164 -0.000000 -23.846367
-38.162164 -0.000000 -23.846367
-38.162164 -0.000000 -23.846367
-38.162164 -0.000000 -23.846367
-38.162164 -0.000000 -23.846367
-38.162164 -0.000000 -23.846367
-38.162164 -0.000000 -23.846367
-38.162164 -0.000000 -23.846367
-38.162164 -0.000000 -23.846367
-38.162164 -0.000000 -23.846367
-38.162164 -0.000000 -23.846367
-38.162164 -0.000000 -23.846367
-38.162164 -0.000000 -23.846367
-38.162164 -0.000000 -23.846367
-38.162164 -0.000000 -23.846367
-38.162164 -0.000000 -23.846367
-38.162164 -0.000000 -23.846367
-38.162164 -0.000000 -23.846367
-38.162164 -0.000000 -23.846367
-38.162164 -0.000000 -23.846367
-38.162164 -0.000000 -23.846367
-38.162164 -0.000000 -23.846367
-38.162164 -0.000000 -23.846367
-38.162164 -0.000000 -23.846367
-38.162164 -0.000000 -23.846367
-38.162164 -0.000000 -23.846367
-38.162164 -0.000000 -23.846367
-38.162164 -0.000000 -23.846367
-38.162164 -0.000000 -23.846367
-38.162164 -0.000000 -23.846367
-38.162164 -0.000000 -23.846367
-38.162164 -0.000000 -23.846367
-38.162164 -0.000000 -23.846367
-38.162164 -0.000000 -23.846367
-38.162164 -0.000000 -23.846367
-38.162164 -0.000000 -23.846367
-38.162164 -0.000000 -23.846367
-38.162164 -0.000000 -23.846367
-38.162164 -0.000000 -23.846367
-38.162164 -0.000000 -23.846367
-38.162164 -0.000000 -23.846367
-38.162164 -0.000000 -23.846367
-38.162164 -0.000000 -23.846367
-38.162164 -0.000000 -23.846367
-38.162164 -0.000000 -23.846367
-38.162164 -0.000000 -23.846367
-38.162164 -0.000000 -23.846367
-38.162164 -0.000000 -23.846367
-38.162164 -0.000000 -23.846367
-38.162164 -0.000000 -23.846367
-38.162164 -0.000000 -23.846367
-38.162164 -0.000000 -23.846367
-38.162164 -0.000000 -23.846367
-38.162164 -0.000000 -23.846367
-38.162164 -0.000000 -23.846367
-38.162164 -0.000000 -23.846367
-38.162164 -0.000000 -23.846367
-38.162164 -0.000000 -23.846367
-38.162164 -0.000000 -23.846367
-38.162164 -0.000000 -23.846367
-38.162164 -0.000000 -23.846367
-38.162164 -0.000000 -23.846367
-38.162164 -0.000000 -23.846367
-38.162164 -0.000000 -23.846367
-38.162164 -0.000000 -23.846367
-38.162164 -0.000000 -23.846367
-38.162164 -0.000000 -23.846367
-38.162164 -0.000000 -23.846367
-38.162164 -0.000000 -23.846367
-38.162164 -0.000000 -23.846367
-38.162164 -0.000000 -23.846367
-38.162164 -0.000000 -23.846367
-38.162164 -0.000000 -23.846367
-38.162164 -0.000000 -23.846367
-38.162164 -0.000000 -23.846367
-38.162164 -0.000000 -23.846367
-38.162164 -0.000000 -23.846367
-38.162164 -0.000000 -23.846367
-38.162164 -0.000000 -23.846367
-38.162164 -0.000000 -23.846367
-38.162164 -0.000000 -23.846367
-38.162164 -0.000000 -23.846367
-38.162164 -0.000000 -23.846367
-38.162164 -0.000000 -23.846367
-38.162164 -0.000000 -23.846367
-38.162164 -0.000000 -23.846367
-38.162164 -0.000000 -23.846367
-38.162164 -0.000000 -23.846367
-38.162164 -0.000000 -23.846367
-38.162164 -0.000000 -23.846367
-38.162164 -0.000000 -23.846367
-38.162164 -0.000000 -23.846367
-38.162164 -0.000000 -23.846367
-38.162164 -0.000000 -23.846367
-38.162164 -0.000000 -23.846367
-38.162164 -0.000000 -23.846367
-38.162164 -0.000000 -23.846367
-38.162164 -0.000000 -23.846367
-38.162164 -0.000000 -23.846367
-38.162164 -0.000000 -23.846367
-38.162164 -0.000000 -23.846367
-38.162164 -0.000000 -23.846367
-38.162164 -0.000000 -23.846367
-38.162164 -0.000000 -23.846367
-38.162164 -0.000000 -23.846367
-38.162164 -0.000000 -23.846367
-38.162164 -0.000000 -23.846367
-38.162164 -0.000000 -23.846367
-38.162164 -0.000000 -23.846367
-38.162164 -0.000000 -23.846367
-38.162164 -0.000000 -23.846367
-38.162164 -0.000000 -23.846367
-38.162164 -0.000000 -23.846367
-38.162164 -0.000000 -23.846367
-38.162164 -0.000000 -23.846367
-38.162164 -0.000000 -23.846367
-38.162164 -0.000000 -23.846367
-38.162164 -0.000000 -23.846367
-38.162164 -0.000000 -23.846367
-38.162164 -0.000000 -23.846367
-38.162164 -0.000000 -23.846367
-38.162164 -0.000000 -23.846367
-38.162164 -0.000000 -23.846367
-38.162164 -0.000000 -23.846367
-38.162164 -0.000000 -23.846367
-38.162164 -0.000000 -23.846367
-38.162164 -0.000000 -23.846367
-38.162164 -0.000000 -23.846367
-38.162164 -0.000000 -23.846367
-38.162164 -0.000000 -23.846367
-38.162164 -0.000000 -23.846367
-38.162164 -0.000000 -23.846367
-38.162164 -0.000000 -23.846367
-38.162164 -0.000000 -23.846367
-38.162164 -0.000000 -23.846367
-38.162164 -0.000000 -23.846367
-38.162164 -0.000000 -23.846367
-38.162164 -0.000000 -23.846367
-38.162164 -0.000000 -23.846367
-38.162164 -0.000000 -23.846367
-38.162164 -0.000000 -23.846367
-38.162164 -0.000000 -23.846367
-38.162164 -0.000000 -23.846367
-38.162164 -0.000000 -23.846367
-38.162164 -0.000000 -23.846367
-38.162164 -0.000000 -23.846367
-38.162164 -0.000000 -23.846367
-38.162164 -0.000000 -23.846367
-38.162164 -0.000000 -23.846367
-38.162164 -0.000000 -23.846367
-38.162164 -0.000000 -23.846367
-38.162164 -0.000000 -23.846367
-38.162164 -0.000000 -23.846367
-38.162164 -0.000000 -23.846367
-38.162164 -0.000000 -23.846367
-38.162164 -0.000000 -23.846367
-38.162164 -0.000000 -23.846367
-38.162164 -0.000000 -23.846367
-38.162164 -0.000000 -23.846367
-38.162164 -0.000000 -23.846367
-38.162164 -0.000000 -23.846367
-38.162164 -0.000000 -23.846367
-38.162164 -0.000000 -23.846367
-38.162164 -0.000000 -23.846367
-38.162164 -0.000000 -23.846367
-38.162164 -0.000000 -23.846367
-38.162164 -0.000000 -23.846367
-38.162164 -0.000000 -23.846367
-38.162164 -0.000000 -23.846367
-38.162164 -0.000000 -23.846367
-38.162164 -0.000000 -23.846367
-38.162164 -0.000000 -23.846367
-38.162164 -0.000000 -23.846367
-38.162164 -0.000000 -23.846367
-38.162164 -0.000000 -23.846367
-38.162164 -0.000000 -23.846367
-38.162164 -0.000000 -23.846367
-38.162164 -0.000000 -23.846367
-38.162164 -0.000000 -23.846367
-38.162164 -0.000000 -23.846367
-38.162164 -0.000000 -23.846367
-38.162164 -0.000000 -23.846367
-38.162164 -0.000000 -23.846367
-38.162164 -0.000000 -23.846367
-38.162164 -0.000000 -23.846367
-38.162164 -0.000000 -23.846367
-38.162164 -0.000000 -23.846367
-38.162164 -0.000000 -23.846367
-38.162164 -0.000000 -23.846367
-38.162164 -0.000000 -23.846367
-38.162164 -0.000000 -23.846367
-38.162164 -0.000000 -23.846367
-38.162164 -0.000000 -23.846367
-38.162164 -0.000000 -23.846367
-38.162164 -0.000000 -23.846367
-38.162164 -0.000000 -23.846367
-38.162164 -0.000000 -23.846367
-38.162164 -0.000000 -23.846367
-38.162164 -0.000000 -23.846367
-38.162164 -0.000000 -23.846367
-38.162164 -0.000000 -23.846367
-38.162164 -0.000000 -23.846367
-38.162164 -0.000000 -23.846367
-38.162164 -0.000000 -23.846367
-38.162164 -0.000000 -23.846367
-38.162164 -0.000000 -23.846367
-38.162164 -0.000000 -23.846367
-38.162164 -0.000000 -23.846367
-38.162164 -0.000000 -23.846367
-38.162164 -0.000000 -23.846367
-38.162164 -0.000000 -23.846367
-38.162164 -0.000000 -23.846367
-38.162164 -0.000000 -23.846367
-38.162164 -0.000000 -23.846367
-38.162164 -0.000000 -23.846367
-38.162164 -0.000000 -23.846367
-38.162164 -0.000000 -23.846367
-38.162164 -0.000000 -23.846367
-38.162164 -0.000000 -23.846367
-38.162164 -0.000000 -23.846367
-38.162164 -0.000000 -23.846367
-38.162164 -0.000000 -23.846367
-38.162164 -0.000000 -23.846367
-38.162164 -0.000000 -23.846367
-38.162164 -0.000000 -23.846367
-38.162164 -0.000000 -23.846367
-38.162164 -0.000000 -23.846367
-38.162164 -0.000000 -23.846367
-38.162164 -0.000000 -23.846367
-38.162164 -0.000000 -23.846367
-38.162164 -0.000000 -23.846367
-38.162164 -0.000000 -23.846367
-38.162164 -0.000000 -23.846367
-38.162164 -0.000000 -23.846367
-38.162164 -0.000000 -23.846367
-38.162164 -0.000000 -23.846367
-38.162164 -0.000000 -23.846367
-38.162164 -0.000000 -23.846367
-38.162164 -0.000000 -23.846367
-38.162164 -0.000000 -23.846367
-38.162164 -0.000000 -23.846367
-38.162164 -0.000000 -23.846367
-38.162164 -0.000000 -23.846367
-38.162164 -0.000000 -23.846367
-38.162164 -0.000000 -23.846367
-38.162164 -0.000000 -23.846367
-38.162164 -0.000000 -23.846367
-38.162164 -0.000000 -23.846367
-38.162164 -0.000000 -23.846367
-38.162164 -0.000000 -23.846367
-38.162164 -0.000000 -23.846367
-38.162164 -0.000000 -23.846367
-38.162164 -0.000000 -23.846367
-38.162164 -0.000000 -23.846367
-38.162164 -0.000000 -23.846367
-38.162164 -0.000000 -23.846367
-38.162164 -0.000000 -23.846367
-38.162164 -0.000000 -23.846367
-38.162164 -0.000000 -23.846367
-38.162164 -0.000000 -23.846367
-38.162164 -0.000000 -23.846367
-38.162164 -0.000000 -23.846367
-38.162164 -0.000000 -23.846367
-38.162164 -0.000000 -23.846367
-38.162164 -0.000000 -23.846367
-38.162164 -0.000000 -23.846367
-38.162164 -0.000000 -23.846367
-38.162164 -0.000000 -23.846367
-38.162164 -0.000000 -23.846367
-38.162164 -0.000000 -23.846367
-38.162164 -0.000000 -23.846367
-38.162164 -0.000000 -23.846367
-38.162164 -0.000000 -23.846367
-38.162164 -0.000000 -23.846367
-38.162164 -0.000000 -23.846367
-38.162164 -0.000000 -23.846367
-38.162164 -0.000000 -23.846367
-38.162164 -0.000000 -23.846367
-38.162164 -0.000000 -23.846367
-38.162164 -0.000000 -23.846367
-38.162164 -0.000000 -23.846367
-38.162164 -0.000000 -23.846367
-38.162164 -0.000000 -23.846367
-38.162164 -0.000000 -23.846367
-38.162164 -0.000000 -23.846367
-38.162164 -0.000000 -23.846367
-38.162164 -0.000000 -23.846367
-38.162164 -0.000000 -23.846367
-38.162164 -0.000000 -23.846367
-38.162164 -0.000000 -23.846367
-38.162164 -0.000000 -23.846367
-38.162164 -0.000000 -23.846367
-38.162164 -0.000000 -23.846367
-38.162164 -0.000000 -23.846367
-38.162164 -0.000000 -23.846367
-38.162164 -0.000000 -23.846367
-38.162164 -0.000000 -23.846367
-38.162164 -0.000000 -23.846367
-38.162164 -0.000000 -23.846367
-38.162164 -0.000000 -23.846367
-38.162164 -0.000000 -23.846367
-38.162164 -0.000000 -23.846367
-38.162164 -0.000000 -23.846367
-38.162164 -0.000000 -23.846367
-38.162164 -0.000000 -23.846367
-38.162164 -0.000000 -23.846367
-38.162164 -0.000000 -23.846367
-38.162164 -0.000000 -23.846367
-38.162164 -0.000000 -23.846367
-38.162164 -0.000000 -23.846367
-38.162164 -0.000000 -23.846367
-38.162164 -0.000000 -23.846367
-38.162164 -0.000000 -23.846367
-38.162164 -0.000000 -23.846367
-38.162164 -0.000000 -23.846367
-38.162164 -0.000000 -23.846367
-38.162164 -0.000000 -23.846367
-38.162164 -0.000000 -23.846367
-38.162164 -0.000000 -23.846367
-38.162164 -0.000000 -23.846367
-38.162164 -0.000000 -23.846367
-38.162164 -0.000000 -23.846367
-38.162164 -0.000000 -23.846367
-38.162164 -0.000000 -23.846367
-38.162164 -0.000000 -23.846367
-38.162164 -0.000000 -23.846367
-38.162164 -0.000000 -23.846367
-38.162164 -0.000000 -23.846367
-38.162164 -0.000000 -23.846367
-38.162164 -0.000000 -23.846367
-38.162164 -0.000000 -23.846367
-38.162164 -0.000000 -23.846367
-38.162164 -0.000000 -23.846367
-38.162164 -0.000000 -23.846367
-38.162164 -0.000000 -23.846367
-38.162164 -0.000000 -23.846367
-38.162164 -0.000000 -23.846367
-38.162164 -0.000000 -23.846367
-38.162164 -0.000000 -23.846367
-38.162164 -0.000000 -23.846367
-38.162164 -0.000000 -23.846367
-38.162164 -0.000000 -23.846367
-38.162164 -0.000000 -23.846367
-38.162164 -0.000000 -23.846367
-38.162164 -0.000000 -23.846367
-38.162164 -0.000000 -23.846367
-38.162164 -0.000000 -23.846367
-38.162164 -0.000000 -23.846367
-38.162164 -0.000000 -23.846367
-38.162164 -0.000000 -23.846367
-38.162164 -0.000000 -23.846367
-38.162164 -0.000000 -23.846367
-38.162164 -0.000000 -23.846367
-38.162164 -0.000000 -23.846367
-38.162164 -0.000000 -23.846367
-38.162164 -0.000000 -23.846367
-38.162164 -0.000000 -23.846367
-38.162164 -0.000000 -23.846367
-38.162164 -0.000000 -23.846367
-38.162164 -0.000000 -23.846367
-38.162164 -0.000000 -23.846367
-38.162164 -0.000000 -23.846367
-38.162164 -0.000000 -23.846367
-38.162164 -0.000000 -23.846367
-38.162164 -0.000000 -23.846367
-38.162164 -0.000000 -23.846367
-38.162164 -0.000000 -23.846367
-38.162164 -0.000000 -23.846367
-38.162164 -0.000000 -23.846367
-38.162164 -0.000000 -23.846367
-38.162164 -0.000000 -23.846367
-38.162164 -0.000000 -23.846367
-38.162164 -0.000000 -23.846367
-38.162164 -0.000000 -23.846367
-38.162164 -0.000000 -23.846367
-38.162164 -0.000000 -23.846367
-38.162164 -0.000000 -23.846367
-38.162164 -0.000000 -23.846367
-38.162164 -0.000000 -23.846367
-38.162164 -0.000000 -23.846367
-38.162164 -0.000000 -23.846367
-38.162164 -0.000000 -23.846367
-38.162164 -0.000000 -23.846367
-38.162164 -0.000000 -23.846367
-38.162164 -0.000000 -23.846367
-38.162164 -0.000000 -23.846367
-38.162164 -0.000000 -23.846367
-38.162164 -0.000000 -23.846367
-38.162164 -0.000000 -23.846367
-38.162164 -0.000000 -23.846367
-38.162164 -0.000000 -23.846367
-38.162164 -0.000000 -23.846367
-38.162164 -0.000000 -23.846367
-38.162164 -0.000000 -23.846367
-38.162164 -0.000000 -23.846367
-38.162164 -0.000000 -23.846367
-38.162164 -0.000000 -23.846367
-38.162164 -0.000000 -23.846367
-38.162164 -0.000000 -23.846367
-38.162164 -0.000000 -23.846367
-38.162164 -0.000000 -23.846367
-38.162164 -0.000000 -23.846367
-38.162164 -0.000000 -23.846367
-38.162164 -0.000000 -23.846367
-38.162164 -0.000000 -23.846367
-38.162164 -0.000000 -23.846367
-38.162164 -0.000000 -23.846367
-38.162164 -0.000000 -23.846367
-38.162164 -0.000000 -23.846367
-38.162164 -0.000000 -23.846367
-38.162164 -0.000000 -23.846367
-38.162164 -0.000000 -23.846367
-38.162164 -0.000000 -23.846367
-38.162164 -0.000000 -23.846367
-38.162164 -0.000000 -23.846367
-38.162164 -0.000000 -23.846367
-38.162164 -0.000000 -23.846367
-38.162164 -0.000000 -23.846367
-38.162164 -0.000000 -23.846367
-38.162164 -0.000000 -23.846367
-38.162164 -0.000000 -23.846367
-38.162164 -0.000000 -23.846367
-38.162164 -0.000000 -23.846367
-38.162164 -0.000000 -23.846367
-38.162164 -0.000000 -23.846367
-38.162164 -0.000000 -23.846367
-38.162164 -0.000000 -23.846367
-38.162164 -0.000000 -23.846367
-38.162164 -0.000000 -23.846367
-38.162164 -0.000000 -23.846367
-38.162164 -0.000000 -23.846367
-38.162164 -0.000000 -23.846367
-38.162164 -0.000000 -23.846367
-38.162164 -0.000000 -23.846367
-38.162164 -0.000000 -23.846367
-38.162164 -0.000000 -23.846367
-38.162164 -0.000000 -23.846367
-38.162164 -0.000000 -23.846367
-38.162164 -0.000000 -23.846367
-38.162164 -0.000000 -23.846367
-38.162164 -0.000000 -23.846367
-38.162164 -0.000000 -23.846367
-38.162164 -0.000000 -23.846367
-38.162164 -0.000000 -23.846367
-38.162164 -0.000000 -23.846367
-38.162164 -0.000000 -23.846367
-38.162164 -0.000000 -23.846367
-38.162164 -0.000000 -23.846367
-38.162164 -0.000000 -23.846367
-38.162164 -0.000000 -23.846367
-38.162164 -0.000000 -23.846367
-38.162164 -0.000000 -23.846367
-38.162164 -0.000000 -23.846367
-38.162164 -0.000000 -23.846367
-38.162164 -0.000000 -23.846367
-38.162164 -0.000000 -23.846367
-38.162164 -0.000000 -23.846367
-38.162164 -0.000000 -23.846367
-38.162164 -0.000000 -23.846367
-38.162164 -0.000000 -23.846367
-38.162164 -0.000000 -23.846367
-38.162164 -0.000000 -23.846367
-38.162164 -0.000000 -23.846367
-38.162164 -0.000000 -23.846367
-38.162164 -0.000000 -23.846367
-38.162164 -0.000000 -23.846367
-38.162164 -0.000000 -23.846367
-38.162164 -0.000000 -23.846367
-38.162164 -0.000000 -23.846367
-38.162164 -0.000000 -23.846367
-38.162164 -0.000000 -23.846367
-38.162164 -0.000000 -23.846367
-38.162164 -0.000000 -23.846367
-38.162164 -0.000000 -23.846367
-38.162164 -0.000000 -23.846367
-38.162164 -0.000000 -23.846367
-38.162164 -0.000000 -23.846367
-38.162164 -0.000000 -23.846367
-38.162164 -0.000000 -23.846367
-38.162164 -0.000000 -23.846367
-38.162164 -0.000000 -23.846367
-38.162164 -0.000000 -23.846367
-38.162164 -0.000000 -23.846367
-38.162164 -0.000000 -23.846367
-38.162164 -0.000000 -23.846367
-38.162164 -0.000000 -23.846367
-38.162164 -0.000000 -23.846367
-38.162164 -0.000000 -23.846367
-38.162164 -0.000000 -23.846367
-38.162164 -0.000000 -23.846367
-38.162164 -0.000000 -23.846367
-38.162164 -0.000000 -23.846367
-38.162164 -0.000000 -23.846367
-38.162164 -0.000000 -23.846367
-38.162164 -0.000000 -23.846367
-38.162164 -0.000000 -23.846367
-38.162164 -0.000000 -23.846367
-38.162164 -0.000000 -23.846367
-38.162164 -0.000000 -23.846367
-38.162164 -0.000000 -23.846367
-38.162164 -0.000000 -23.846367
-38.162164 -0.000000 -23.846367
-38.162164 -0.000000 -23.846367
-38.162164 -0.000000 -23.846367
-38.162164 -0.000000 -23.846367
-38.162164 -0.000000 -23.846367
-38.162164 -0.000000 -23.846367
-38.162164 -0.000000 -23.846367
-38.162164 -0.000000 -23.846367
-38.162164 -0.000000 -23.846367
-38.162164 -0.000000 -23.846367
-38.162164 -0.000000 -23.846367
-38.162164 -0.000000 -23.846367
-38.162164 -0.000000 -23.846367
-38.162164 -0.000000 -23.846367
-38.162164 -0.000000 -23.846367
-38.162164 -0.000000 -23.846367
-38.162164 -0.000000 -23.846367
-38.162164 -0.000000 -23.846367
-38.162164 -0.000000 -23.846367
-38.162164 -0.000000 -23.846367
-38.162164 -0.000000 -23.846367
-38.162164 -0.000000 -23.846367
-38.162164 -0.000000 -23.846367
-38.162164 -0.000000 -23.846367
-38.162164 -0.000000 -23.846367
-38.162164 -0.000000 -23.846367
-38.162164 -0.000000 -23.846367
-38.162164 -0.000000 -23.846367
-38.162164 -0.000000 -23.846367
-38.162164 -0.000000 -23.846367
-38.162164 -0.000000 -23.846367
-38.162164 -0.000000 -23.846367
-38.162164 -0.000000 -23.846367
-38.162164 -0.000000 -23.846367
-38.162164 -0.000000 -23.846367
-38.162164 -0.000000 -23.846367
-38.162164 -0.000000 -23.846367
-38.162164 -0.000000 -23.846367
-38.162164 -0.000000 -23.846367
-38.162164 -0.000000 -23.846367
-38.162164 -0.000000 -23.846367
-38.162164 -0.000000 -23.846367
-38.162164 -0.000000 -23.846367
-38.162164 -0.000000 -23.846367
-38.162164 -0.000000 -23.846367
-38.162164 -0.000000 -23.846367
-38.162164 -0.000000 -23.846367
-38.162164 -0.000000 -23.846367
-38.162164 -0.000000 -23.846367
-38.162164 -0.000000 -23.846367
-38.162164 -0.000000 -23.846367
-38.162164 -0.000000 -23.846367
-38.162164 -0.000000 -23.846367
-38.162164 -0.000000 -23.846367
-38.162164 -0.000000 -23.846367
-38.162164 -0.000000 -23.846367
-38.162164 -0.000000 -23.846367
-38.162164 -0.000000 -23.846367
-38.162164 -0.000000 -23.846367
-38.162164 -0.000000 -23.846367
-38.162164 -0.000000 -23.846367
-38.162164 -0.000000 -23.846367
-38.162164 -0.000000 -23.846367
-38.162164 -0.000000 -23.846367
-38.162164 -0.000000 -23.846367
-38.162164 -0.000000 -23.846367
-38.162164 -0.000000 -23.846367
-38.162164 -0.000000 -23.846367
-38.162164 -0.000000 -23.846367
-38.162164 -0.000000 -23.846367
-38.162164 -0.000000 -23.846367
-38.162164 -0.000000 -23.846367
-38.162164 -0.000000 -23.846367
-38.162164 -0.000000 -23.846367
-38.162164 -0.000000 -23.846367
-38.162164 -0.000000 -23.846367
-38.162164 -0.000000 -23.846367
-38.162164 -0.000000 -23.846367
-38.162164 -0.000000 -23.846367
-38.162164 -0.000000 -23.846367
-38.162164 -0.000000 -23.846367
-38.162164 -0.000000 -23.846367
-38.162164 -0.000000 -23.846367
-38.162164 -0.000000 -23.846367
-38.162164 -0.000000 -23.846367
-38.162164 -0.000000 -23.846367
-38.162164 -0.000000 -23.846367
-38.162164 -0.000000 -23.846367
-38.162164 -0.000000 -23.846367
-38.162164 -0.000000 -23.846367
-38.162164 -0.000000 -23.846367
-38.162164 -0.000000 -23.846367
-38.162164 -0.000000 -23.846367
-38.162164 -0.000000 -23.846367
-38.162164 -0.000000 -23.846367
-38.162164 -0.000000 -23.846367
-38.162164 -0.000000 -23.846367
-38.162164 -0.000000 -23.846367
-38.162164 -0.000000 -23.846367
-38.162164 -0.000000 -23.846367
-38.162164 -0.000000 -23.846367
-38.162164 -0.000000 -23.846367
-38.162164 -0.000000 -23.846367
-38.162164 -0.000000 -23.846367
-38.162164 -0.000000 -23.846367
-38.162164 -0.000000 -23.846367
-38.162164 -0.000000 -23.846367
-38.162164 -0.000000 -23.846367
-38.162164 -0.000000 -23.846367
-38.162164 -0.000000 -23.846367
-38.162164 -0.000000 -23.846367
-38.162164 -0.000000 -23.846367
-38.162164 -0.000000 -23.846367
-38.162164 -0.000000 -23.846367
-38.162164 -0.000000 -23.846367
-38.162164 -0.000000 -23.846367
-38.162164 -0.000000 -23.846367
-38.162164 -0.000000 -23.846367
-38.162164 -0.000000 -23.846367
-38.162164 -0.000000 -23.846367
-38.162164 -0.000000 -23.846367
-38.162164 -0.000000 -23.846367
-38.162164 -0.000000 -23.846367
-38.162164 -0.000000 -23.846367
-38.162164 -0.000000 -23.846367
-38.162164 -0.000000 -23.846367
-38.162164 -0.000000 -23.846367
-38.162164 -0.000000 -23.846367
-38.162164 -0.000000 -23.846367
-38.162164 -0.000000 -23.846367
-38.162164 -0.000000 -23.846367
-38.162164 -0.000000 -23.846367
-38.162164 -0.000000 -23.846367
-38.162164 -0.000000 -23.846367
-38.162164 -0.000000 -23.846367
-38.162164 -0.000000 -23.846367
-38.162164 -0.000000 -23.846367
-38.162164 -0.000000 -23.846367
-38.162164 -0.000000 -23.846367
-38.162164 -0.000000 -23.846367
-38.162164 -0.000000 -23.846367
-38.162164 -0.000000 -23.846367
-38.162164 -0.000000 -23.846367
-38.162164 -0.000000 -23.846367
-38.162164 -0.000000 -23.846367
-38.162164 -0.000000 -23.846367
-38.162164 -0.000000 -23.846367
-38.162164 -0.000000 -23.846367
-38.162164 -0.000000 -23.846367
-38.162164 -0.000000 -23.846367
-38.162164 -0.000000 -23.846367
-38.162164 -0.000000 -23.846367
-38.162164 -0.000000 -23.846367
-38.162164 -0.000000 -23.846367
-38.162164 -0.000000 -23.846367
-38.162164 -0.000000 -23.846367
-38.162164 -0.000000 -23.846367
-38.162164 -0.000000 -23.846367
-38.162164 -0.000000 -23.846367
-38.162164 -0.000000 -23.846367
-38.162164 -0.000000 -23.846367
-38.162164 -0.000000 -23.846367
-38.162164 -0.000000 -23.846367
-38.162164 -0.000000 -23.846367
-38.162164 -0.000000 -23.846367
-38.162164 -0.000000 -23.846367
-38.162164 -0.000000 -23.846367
-38.162164 -0.000000 -23.846367
-38.162164 -0.000000 -23.846367
-38.162164 -0.000000 -23.846367
-38.162164 -0.000000 -23.846367
-38.162164 -0.000000 -23.846367
-38.162164 -0.000000 -23.846367
-38.162164 -0.000000 -23.846367
-38.162164 -0.000000 -23.846367
-38.162164 -0.000000 -23.846367
-38.162164 -0.000000 -23.846367
-38.162164 -0.000000 -23.846367
-38.162164 -0.000000 -23.846367
-38.162164 -0.000000 -23.846367
-38.162164 -0.000000 -23.846367
-38.162164 -0.000000 -23.846367
-38.162164 -0.000000 -23.846367
-38.162164 -0.000000 -23.846367
-38.162164 -0.000000 -23.846367
-38.162164 -0.000000 -23.846367
-38.162164 -0.000000 -23.846367
-38.162164 -0.000000 -23.846367
-38.162164 -0.000000 -23.846367
-38.162164 -0.000000 -23.846367
-38.162164 -0.000000 -23.846367
-38.162164 -0.000000 -23.846367
-38.162164 -0.000000 -23.846367
-38.162164 -0.000000 -23.846367
-38.162164 -0.000000 -23.846367
-38.162164 -0.000000 -23.846367
-38.162164 -0.000000 -23.846367
-38.162164 -0.000000 -23.846367
-38.162164 -0.000000 -23.846367
-38.162164 -0.000000 -23.846367
-38.162164 -0.000000 -23.846367
-38.162164 -0.000000 -23.846367
-38.162164 -0.000000 -23.846367
-38.162164 -0.000000 -23.846367
-38.162164 -0.000000 -23.846367
-38.162164 -0.000000 -23.846367
-38.162164 -0.000000 -23.846367
-38.162164 -0.000000 -23.846367
-38.162164 -0.000000 -23.846367
-38.162164 -0.000000 -23.846367
-38.162164 -0.000000 -23.846367
-38.162164 -0.000000 -23.846367
-38.162164 -0.000000 -23.846367
-38.162164 -0.000000 -23.846367
-38.162164 -0.000000 -23.846367
-38.162164 -0.000000 -23.846367
-38.162164 -0.000000 -23.846367
-38.162164 -0.000000 -23.846367
-38.162164 -0.000000 -23.846367
-38.162164 -0.000000 -23.846367
-38.162164 -0.000000 -23.846367
-38.162164 -0.000000 -23.846367
-38.162164 -0.000000 -23.846367
-38.162164 -0.000000 -23.846367
-38.162164 -0.000000 -23.846367
-38.162164 -0.000000 -23.846367
-38.162164 -0.000000 -23.846367
-38.162164 -0.000000 -23.846367
-38.162164 -0.000000 -23.846367
-38.162164 -0.000000 -23.846367
-38.162164 -0.000000 -23.846367
-38.162164 -0.000000 -23.846367
-38.162164 -0.000000 -23.846367
-38.162164 -0.000000 -23.846367
-38.162164 -0.000000 -23.846367
-38.162164 -0.000000 -23.846367
-38.162164 -0.000000 -23.846367
-38.162164 -0.000000 -23.846367
-38.162164 -0.000000 -23.846367
-38.162164 -0.000000 -23.846367
-38.162164 -0.000000 -23.846367
-38.162164 -0.000000 -23.846367
-38.162164 -0.000000 -23.846367
-38.162164 -0.000000 -23.846367
-38.162164 -0.000000 -23.846367
-38.162164 -0.000000 -23.846367
-38.162164 -0.000000 -23.846367
-38.162164 -0.000000 -23.846367
-38.162164 -0.000000 -23.846367
-38.162164 -0.000000 -23.846367
-38.162164 -0.000000 -23.846367
-38.162164 -0.000000 -23.846367
-38.162164 -0.000000 -23.846367
-38.162164 -0.000000 -23.846367
-38.162164 -0.000000 -23.846367
-38.162164 -0.000000 -23.846367
-38.162164 -0.000000 -23.846367
-38.162164 -0.000000 -23.846367
-38.162164 -0.000000 -23.846367
-38.162164 -0.000000 -23.846367
-38.162164 -0.000000 -23.846367
-38.162164 -0.000000 -23.846367
-38.162164 -0.000000 -23.846367
-38.162164 -0.000000 -23.846367
-38.162164 -0.000000 -23.846367
-38.162164 -0.000000 -23.846367
-38.162164 -0.000000 -23.846367
-38.162164 -0.000000 -23.846367
-38.162164 -0.000000 -23.846367
-38.162164 -0.000000 -23.846367
-38.162164 -0.000000 -23.846367
-38.162164 -0.000000 -23.846367
-38.162164 -0.000000 -23.846367
-38.162164 -0.000000 -23.846367
-38.162164 -0.000000 -23.846367
-38.162164 -0.000000 -23.846367
-38.162164 -0.000000 -23.846367
-38.162164 -0.000000 -23.846367
-38.162164 -0.000000 -23.846367
-38.162164 -0.000000 -23.846367
-38.162164 -0.000000 -23.846367
-38.162164 -0.000000 -23.846367
-38.162164 -0.000000 -23.846367
-38.162164 -0.000000 -23.846367
-38.162164 -0.000000 -23.846367
-38.162164 -0.000000 -23.846367
-38.162164 -0.000000 -23.846367
-38.162164 -0.000000 -23.846367
-38.162164 -0.000000 -23.846367
-38.162164 -0.000000 -23.846367
-38.162164 -0.000000 -23.846367
-38.162164 -0.000000 -23.846367
-38.162164 -0.000000 -23.846367
-38.162164 -0.000000 -23.846367
-38.162164 -0.000000 -23.846367
-38.162164 -0.000000 -23.846367
-38.162164 -0.000000 -23.846367
-38.162164 -0.000000 -23.846367
-38.162164 -0.000000 -23.846367
-38.162164 -0.000000 -23.846367
-38.162164 -0.000000 -23.846367
-38.162164 -0.000000 -23.846367
-38.162164 -0.000000 -23.846367
-38.162164 -0.000000 -23.846367
-38.162164 -0.000000 -23.846367
-38.162164 -0.000000 -23.846367
-38.162164 -0.000000 -23.846367
-38.162164 -0.000000 -23.846367
-38.162164 -0.000000 -23.846367
-38.162164 -0.000000 -23.846367
-38.162164 -0.000000 -23.846367
-38.162164 -0.000000 -23.846367
-38.162164 -0.000000 -23.846367
-38.162164 -0.000000 -23.846367
-38.162164 -0.000000 -23.846367
-38.162164 -0.000000 -23.846367
-38.162164 -0.000000 -23.846367
-38.162164 -0.000000 -23.846367
-38.162164 -0.000000 -23.846367
-38.162164 -0.000000 -23.846367
-38.162164 -0.000000 -23.846367
-38.162164 -0.000000 -23.846367
-38.162164 -0.000000 -23.846367
-38.162164 -0.000000 -23.846367
-38.162164 -0.000000 -23.846367
-38.162164 -0.000000 -23.846367
-38.162164 -0.000000 -23.846367
-38.162164 -0.000000 -23.846367
-38.162164 -0.000000 -23.846367
-38.162164 -0.000000 -23.846367
-38.162164 -0.000000 -23.846367
-38.162164 -0.000000 -23.846367
-38.162164 -0.000000 -23.846367
-38.162164 -0.000000 -23.846367
-38.162164 -0.000000 -23.846367
-38.162164 -0.000000 -23.846367
-38.162164 -0.000000 -23.846367
-38.162164 -0.000000 -23.846367
-38.162164 -0.000000 -23.846367
-38.162164 -0.000000 -23.846367
-38.162164 -0.000000 -23.846367
-38.162164 -0.000000 -23.846367
-38.162164 -0.000000 -23.846367
-38.162164 -0.000000 -23.846367
-38.162164 -0.000000 -23.846367
-38.162164 -0.000000 -23.846367
-38.162164 -0.000000 -23.846367
-38.162164 -0.000000 -23.846367
-38.162164 -0.000000 -23.846367
-38.162164 -0.000000 -23.846367
-38.162164 -0.000000 -23.846367
-38.162164 -0.000000 -23.846367
-38.162164 -0.000000 -23.846367
-38.162164 -0.000000 -23.846367
-38.162164 -0.000000 -23.846367
-38.162164 -0.000000 -23.846367
-38.162164 -0.000000 -23.846367
-38.162164 -0.000000 -23.846367
-38.162164 -0.000000 -23.846367
-38.162164 -0.000000 -23.846367
-38.162164 -0.000000 -23.846367
-38.162164 -0.000000 -23.846367
-38.162164 -0.000000 -23.846367
-38.162164 -0.000000 -23.846367
-38.162164 -0.000000 -23.846367
-38.162164 -0.000000 -23.846367
-38.162164 -0.000000 -23.846367
-38.162164 -0.000000 -23.846367
-38.162164 -0.000000 -23.846367
-38.162164 -0.000000 -23.846367
-38.162164 -0.000000 -23.846367
-38.162164 -0.000000 -23.846367
-38.162164 -0.000000 -23.846367
-38.162164 -0.000000 -23.846367
-38.162164 -0.000000 -23.846367
-38.162164 -0.000000 -23.846367
-38.162164 -0.000000 -23.846367
-38.162164 -0.000000 -23.846367
-38.162164 -0.000000 -23.846367
-38.162164 -0.000000 -23.846367
-38.162164 -0.000000 -23.846367
-38.162164 -0.000000 -23.846367
-38.162164 -0.000000 -23.846367
-38.162164 -0.000000 -23.846367
-38.162164 -0.000000 -23.846367
-38.162164 -0.000000 -23.846367
-38.162164 -0.000000 -23.846367
-38.162164 -0.000000 -23.846367
-38.162164 -0.000000 -23.846367
-38.162164 -0.000000 -23.846367
-38.162164 -0.000000 -23.846367
-38.162164 -0.000000 -23.846367
-38.162164 -0.000000 -23.846367
-38.162164 -0.000000 -23.846367
-38.162164 -0.000000 -23.846367
-38.162164 -0.000000 -23.846367
-38.162164 -0.000000 -23.846367
-38.162164 -0.000000 -23.846367
-38.162164 -0.000000 -23.846367
-38.162164 -0.000000 -23.846367
-38.162164 -0.000000 -23.846367
-38.162164 -0.000000 -23.846367
-38.162164 -0.000000 -23.846367
-38.162164 -0.000000 -23.846367
-38.162164 -0.000000 -23.846367
-38.162164 -0.000000 -23.846367
-38.162164 -0.000000 -23.846367
-38.162164 -0.000000 -23.846367
-38.162164 -0.000000 -23.846367
-38.162164 -0.000000 -23.846367
-38.162164 -0.000000 -23.846367
-38.162164 -0.000000 -23.846367
-38.162164 -0.000000 -23.846367
-38.162164 -0.000000 -23.846367
-38.162164 -0.000000 -23.846367
-38.162164 -0.000000 -23.846367
-38.162164 -0.000000 -23.846367
-38.162164 -0.000000 -23.846367
-38.162164 -0.000000 -23.846367
-38.162164 -0.000000 -23.846367
-38.162164 -0.000000 -23.846367
-38.162164 -0.000000 -23.846367
-38.162164 -0.000000 -23.846367
-38.162164 -0.000000 -23.846367
-38.162164 -0.000000 -23.846367
-38.162164 -0.000000 -23.846367
-38.162164 -0.000000 -23.846367
-38.162164 -0.000000 -23.846367
-38.162164 -0.000000 -23.846367
-38.162164 -0.000000 -23.846367
-38.162164 -0.000000 -23.846367
-38.162164 -0.000000 -23.846367
-38.162164 -0.000000 -23.846367
-38.162164 -0.000000 -23.846367
-38.162164 -0.000000 -23.846367
-38.162164 -0.000000 -23.846367
-38.162164 -0.000000 -23.846367
-38.162164 -0.000000 -23.846367
-38.160987 0.299722 -23.846367
-38.157456 0.599425 -23.846367
-38.151572 0.899092 -23.846367
-38.143334 1.198703 -23.846367
-38.132743 1.498240 -23.846367
-38.119800 1.797684 -23.846367
-38.104505 2.097018 -23.846367
-38.086860 2.396222 -23.846367
-38.066866 2.695279 -23.846367
-38.044523 2.994169 -23.846367
-38.019834 3.292874 -23.846367
-37.992799 3.591377 -23.846367
-37.963421 3.889658 -23.846367
-37.931701 4.187699 -23.846367
-37.897642 4.485481 -23.846367
-37.861244 4.782987 -23.846367
-37.822511 5.080198 -23.846367
-37.781446 5.377096 -23.846367
-37.738049 5.673662 -23.846367
-37.692325 5.969878 -23.846367
-37.644275 6.265725 -23.846367
-37.593904 6.561187 -23.846367
-37.541214 6.856243 -23.846367
-37.486207 7.150877 -23.846367
-37.428889 7.445069 -23.846367
-37.369262 7.738802 -23.846367
-37.307329 8.032058 -23.846367
-37.243096 8.324818 -23.846367
-37.176565 8.617065 -23.846367
-37.107741 8.908780 -23.846367
-37.036628 9.199946 -23.846367
-36.963230 9.490544 -23.846367
-36.887552 9.780557 -23.846367
-36.809599 10.069967 -23.846367
-36.729375 10.358755 -23.846367
-36.646885 10.646904 -23.846367
-36.562135 10.934397 -23.846367
-36.475130 11.221215 -23.846367
-36.385875 11.507341 -23.846367
-36.294375 11.792757 -23.846367
-36.200637 12.077446 -23.846367
-36.104665 12.361390 -23.846367
-36.006466 12.644571 -23.846367
-35.906047 12.926972 -23.846367
-35.803412 13.208576 -23.846367
-35.698569 13.489365 -23.846367
-35.591524 13.769322 -23.846367
-35.482283 14.048430 -23.846367
-35.370854 14.326671 -23.846367
-35.257243 14.604028 -23.846367
-35.141457 14.880484 -23.846367
-35.023503 15.156023 -23.846367
-34.903389 15.430627 -23.846367
-34.781122 15.704279 -23.846367
-34.656709 15.976962 -23.846367
-34.530159 16.248659 -23.846367
-34.401478 16.519355 -23.846367
-34.270676 16.789031 -23.846367
-34.137760 17.057672 -23.846367
-34.002737 17.325260 -23.846367
-33.865618 17.591780 -23.846367
-33.726409 17.857214 -23.846367
-33.585120 18.121548 -23.846367
-33.441760 18.384763 -23.846367
-33.296336 18.646844 -23.846367
-33.148859 18.907775 -23.846367
-32.999336 19.167540 -23.846367
-32.847779 19.426122 -23.846367
-32.694195 19.683506 -23.846367
-32.538594 19.939676 -23.846367
-32.380986 20.194616 -23.846367
-32.221381 20.448310 -23.846367
-32.059788 20.700743 -23.846367
-31.896218 20.951899 -23.846367
-31.730680 21.201763 -23.846367
-31.563185 21.450318 -23.846367
-31.393743 21.697551 -23.846367
-31.222364 21.943445 -23.846367
-31.049059 22.187985 -23.846367
-30.873839 22.431157 -23.846367
-30.696715 22.672946 -23.846367
-30.517697 22.913335 -23.846367
-30.336797 23.152312 -23.846367
-30.154025 23.389860 -23.846367
-29.969394 23.625965 -23.846367
-29.782913 23.860613 -23.846367
-29.594596 24.093789 -23.846367
-29.404453 24.325479 -23.846367
-29.212496 24.555668 -23.846367
-29.018737 24.784343 -23.846367
-28.823189 25.011489 -23.846367
-28.625862 25.237092 -23.846367
-28.426769 25.461138 -23.846367
-28.225923 25.683614 -23.846367
-28.023336 25.904506 -23.846367
-27.819021 26.123799 -23.846367
-27.612989 26.341481 -23.846367
-27.405254 26.557539 -23.846367
-27.195828 26.771958 -23.846367
-26.984725 26.984725 -23.846367
-26.771958 27.195828 -23.846367
-26.557539 27.405254 -23.846367
-26.341481 27.612989 -23.846367
-26.123799 27.819021 -23.846367
-25.904506 28.023336 -23.846367
-25.683614 28.225923 -23.846367
-25.461138 28.426769 -23.846367
-25.237092 28.625862 -23.846367
-25.011489 28.823189 -23.846367
-24.784343 29.018737 -23.846367
-24.555668 29.212496 -23.846367
-24.325479 29.404453 -23.846367
-24.093789 29.594596 -23.846367
-23.860613 29.782913 -23.846367
-23.625965 29.969394 -23.846367
-23.389860 30.154025 -23.846367
-23.152312 30.336797 -23.846367
-22.913335 30.517697 -23.846367
-22.672946 30.696715 -23.846367
-22.431157 30.873839 -23.846367
-22.187985 31.049059 -23.846367
-21.943445 31.222364 -23.846367
-21.697551 31.393743 -23.846367
-21.450318 31.563185 -23.846367
-21.201763 31.730680 -23.846367
-20.951899 31.896218 -23.846367
-20.700743 32.059788 -23.846367
-20.448310 32.221381 -23.846367
-20.194616 32.380986 -23.846367
-19.939676 32.538594 -23.846367
-19.683506 32.694195 -23.846367
-19.426122 32.847779 -23.846367
-19.167540 32.999336 -23.846367
-18.907775 33.148859 -23.846367
-18.646844 33.296336 -23.846367
-18.384763 33.441760 -23.846367
-18.121548 33.585120 -23.846367
-17.857214 33.726409 -23.846367
-17.591780 33.865618 -23.846367
-17.325260 34.002737 -23.846367
-17.057672 34.137760 -23.846367
-16.789031 34.270676 -23.846367
-16.519355 34.401478 -23.846367
-16.248659 34.530159 -23.846367
-15.976962 34.656709 -23.846367
-15.704279 34.781122 -23.846367
-15.430627 34.903389 -23.846367
-15.156023 35.023503 -23.846367
-14.880484 35.141457 -23.846367
-14.604028 35.257243 -23.846367
-14.326671 35.370854 -23.846367
-14.048430 35.482283 -23.846367
-13.769322 35.591524 -23.846367
-13.489365 35.698569 -23.846367
-13.208576 35.803412 -23.846367
-12.926972 35.906047 -23.846367
-12.644571 36.006466 -23.846367
-12.361390 36.104665 -23.846367
-12.077446 36.200637 -23.846367
-11.792757 36.294375 -23.846367
-11.507341 36.385875 -23.846367
-11.221215 36.475130 -23.846367
-10.934397 36.562135 -23.846367
-10.646904 36.646885 -23.846367
-10.358755 36.729375 -23.846367
-10.069967 36.809599 -23.846367
-9.780557 36.887552 -23.846367
-9.490544 36.963230 -23.846367
-9.199946 37.036628 -23.846367
-8.908780 37.107741 -23.846367
-8.617065 37.176565 -23.846367
-8.324818 37.243096 -23.846367
-8.032058 37.307329 -23.846367
-7.738802 37.369262 -23.846367
-7.445069 37.428889 -23.846367
-7.150877 37.486207 -23.846367
-6.856243 37.541214 -23.846367
-6.561187 37.593904 -23.846367
-6.265725 37.644275 -23.846367
-5.969878 37.692325 -23.846367
-5.673662 37.738049 -23.846367
-5.377096 37.781446 -23.846367
-5.080198 37.822511 -23.846367
-4.782987 37.861244 -23.846367
-4.485481 37.897642 -23.846367
-4.187699 37.931701 -23.846367
-3.889658 37.963421 -23.846367
-3.591377 37.992799 -23.846367
-3.292874 38.019834 -23.846367
-2.994169 38.044523 -23.846367
-2.695279 38.066866 -23.846367
-2.396222 38.086860 -23.846367
-2.097018 38.104505 -23.846367
-1.797684 38.119800 -23.846367
-1.498240 38.132743 -23.846367
-1.198703 38.143334 -23.846367
-0.899092 38.151572 -23.846367
-0.599425 38.157456 -23.846367
-0.299722 38.160987 -23.846367
