# mx (normalized), my (normalized), mz (normalized)
0.063283 0.856822 -0.511714
-0.119935 0.887951 -0.444025
0.006690 0.861343 -0.507980
0.120367 0.903274 -0.411835
0.044711 0.915643 -0.399497
0.049656 0.774125 -0.631082
0.054398 0.887750 -0.457101
0.025646 0.898105 -0.439033
-0.059828 0.853456 -0.517719
0.039976 0.882753 -0.468134
0.058412 0.889074 -0.454021
0.063747 0.832614 -0.550173
0.028775 0.898335 -0.438367
0.018672 0.755661 -0.654697
-0.018692 0.838126 -0.545156
0.058786 0.833325 -0.549648
0.039018 0.833644 -0.550923
0.138129 0.838108 -0.527726
0.021366 0.850898 -0.524896
-0.005202 0.824105 -0.566413
-0.090981 0.878222 -0.469519
0.037383 0.837535 -0.545103
-0.020740 0.913513 -0.406280
-0.077809 0.909147 -0.409142
0.033011 0.809337 -0.586417
-0.117535 0.849226 -0.514782
-0.019223 0.875959 -0.482002
-0.112525 0.836044 -0.537000
0.044143 0.860903 -0.506850
0.080576 0.836146 -0.542556
-0.221319 0.900593 -0.374100
0.065342 0.948580 -0.309719
-0.024873 0.783531 -0.620854
-0.020511 0.827827 -0.560608
0.091374 0.894073 -0.438501
-0.099951 0.860276 -0.499935
0.157815 0.836987 -0.523972
0.099579 0.858761 -0.502607
0.041552 0.809586 -0.585528
-0.002564 0.777157 -0.629302
0.056839 0.832715 -0.550777
-0.073391 0.916619 -0.392967
0.078419 0.860467 -0.503434
0.034361 0.816119 -0.576862
0.017008 0.793809 -0.607930
-0.038601 0.837891 -0.544471
-0.198485 0.871029 -0.449346
-0.000734 0.875382 -0.483431
-0.009520 0.801616 -0.597763
0.183463 0.886842 -0.424091
-0.036150 0.842647 -0.537252
-0.015985 0.822529 -0.568499
-0.121889 0.858130 -0.498754
0.066164 0.863192 -0.500521
0.039152 0.920689 -0.388329
0.044219 0.895633 -0.442590
0.035664 0.823331 -0.566440
-0.023733 0.765975 -0.642432
0.013084 0.759394 -0.650499
-0.060815 0.903704 -0.423817
-0.066292 0.862418 -0.501838
-0.145947 0.786587 -0.599984
0.121783 0.790508 -0.600221
-0.028810 0.781218 -0.623593
-0.003254 0.783340 -0.621585
0.066336 0.877996 -0.474050
-0.020193 0.770137 -0.637559
-0.028113 0.883794 -0.467030
-0.025901 0.782648 -0.621925
-0.128097 0.869835 -0.476422
0.062767 0.811268 -0.581296
-0.042544 0.825403 -0.562938
0.138156 0.826898 -0.545117
-0.062814 0.775036 -0.628788
-0.077848 0.898604 -0.431799
-0.031943 0.880717 -0.472565
-0.082394 0.818030 -0.569243
-0.081053 0.762357 -0.642061
0.033839 0.806865 -0.589766
0.038791 0.757777 -0.651359
-0.106219 0.813953 -0.571137
0.008054 0.850251 -0.526315
0.214864 0.828107 -0.517756
-0.113970 0.824141 -0.554800
0.068546 0.848481 -0.524767
0.003461 0.903844 -0.427848
0.027968 0.902542 -0.429693
0.045409 0.868566 -0.493489
0.138541 0.869294 -0.474484
-0.052434 0.891681 -0.449617
-0.029130 0.837600 -0.545506
0.000412 0.845594 -0.533827
-0.119382 0.885150 -0.449731
0.024008 0.880886 -0.472720
0.004133 0.830603 -0.556849
0.103865 0.846851 -0.521589
-0.039654 0.881444 -0.470620
-0.075993 0.884861 -0.459616
0.017261 0.785315 -0.618856
0.063885 0.808492 -0.585029
0.004031 0.833266 -0.552858
-0.076391 0.851446 -0.518849
-0.181386 0.898678 -0.399346
0.051981 0.835154 -0.547554
0.092798 0.781346 -0.617161
0.120581 0.786446 -0.605775
-0.020008 0.891230 -0.453111
0.100360 0.796250 -0.596585
0.101601 0.859998 -0.500080
0.051056 0.830068 -0.555319
-0.045907 0.773307 -0.632367
-0.031046 0.834197 -0.550592
-0.093088 0.862095 -0.498123
-0.008558 0.879768 -0.475325
-0.019506 0.822811 -0.567980
-0.052006 0.872420 -0.485983
-0.001017 0.860405 -0.509610
-0.049708 0.872886 -0.485385
-0.119094 0.815698 -0.566086
-0.160223 0.791040 -0.590411
-0.095977 0.906672 -0.410774
0.045563 0.799833 -0.598490
-0.013090 0.762853 -0.646440
0.145496 0.804978 -0.575188
0.010972 0.768084 -0.640255
0.133981 0.826689 -0.546475
0.008667 0.822756 -0.568329
0.190489 0.777286 -0.599616
0.048222 0.856564 -0.513782
-0.017112 0.861997 -0.506624
-0.027667 0.889439 -0.456216
0.047992 0.788561 -0.613080
-0.007939 0.837333 -0.546636
-0.048260 0.838004 -0.543526
-0.050247 0.891889 -0.449454
0.069293 0.866002 -0.495217
0.007038 0.837742 -0.546021
0.158348 0.864414 -0.477194
0.045645 0.852854 -0.520151
0.012269 0.792506 -0.609741
-0.101019 0.850032 -0.516954
0.073058 0.774622 -0.628191
-0.086163 0.962355 -0.257775
0.173066 0.731573 -0.659431
-0.091887 0.929486 -0.357229
0.072417 0.815567 -0.574114
-0.024991 0.882607 -0.469448
-0.041572 0.866411 -0.497597
0.008807 0.843002 -0.537838
-0.008991 0.864277 -0.502935
0.130529 0.843031 -0.521786
0.066443 0.891900 -0.447325
0.009240 0.919787 -0.392308
0.113297 0.879711 -0.461814
-0.094945 0.871293 -0.481491
0.135605 0.819824 -0.556327
0.000245 0.798681 -0.601754
0.049462 0.861788 -0.504851
0.111719 0.774825 -0.622226
-0.002807 0.826440 -0.563018
0.009007 0.892225 -0.451501
-0.049039 0.836366 -0.545973
0.005068 0.863154 -0.504915
-0.021876 0.819012 -0.573359
-0.059972 0.917844 -0.392384
0.030465 0.898426 -0.438067
-0.043729 0.794603 -0.605552
0.060877 0.855188 -0.514731
0.089632 0.836264 -0.540952
-0.094712 0.852608 -0.513897
0.130842 0.778541 -0.613803
-0.051305 0.851579 -0.521709
0.168427 0.813788 -0.556221
-0.124712 0.826295 -0.549256
0.127631 0.838992 -0.528964
-0.023486 0.881058 -0.472426
-0.099680 0.840143 -0.533126
0.015491 0.827295 -0.561554
0.077068 0.835595 -0.543914
0.064122 0.764800 -0.641069
-0.295442 0.755731 -0.584452
0.013806 0.852103 -0.523192
-0.120762 0.823822 -0.553836
0.130618 0.793596 -0.594259
-0.025445 0.863918 -0.502989
-0.130717 0.870894 -0.473768
-0.014838 0.868885 -0.494791
-0.163304 0.760320 -0.628686
0.027496 0.785665 -0.618041
-0.027902 0.845419 -0.533374
-0.025679 0.874020 -0.485212
0.051727 0.832951 -0.550924
-0.040942 0.836771 -0.546020
-0.072389 0.803860 -0.590398
-0.016770 0.872256 -0.488763
-0.083385 0.833975 -0.545466
0.067998 0.845036 -0.530368
-0.075872 0.925844 -0.370210
-0.229566 0.825514 -0.515584
0.066826 0.780872 -0.621106
0.048793 0.816838 -0.574800
0.032353 0.835448 -0.548616
0.098394 0.828004 -0.552022
-0.042832 0.825036 -0.563454
0.054234 0.702455 -0.709659
-0.064637 0.881911 -0.466963
0.128915 0.804651 -0.579584
-0.144770 0.791956 -0.593167
-0.204852 0.773637 -0.599602
0.001877 0.859239 -0.511571
-0.155034 0.846966 -0.508540
-0.020574 0.861427 -0.507464
0.014928 0.839750 -0.542769
-0.059119 0.825932 -0.560662
0.052790 0.881993 -0.468296
0.165421 0.862405 -0.478428
-0.001469 0.851860 -0.523767
0.098862 0.839098 -0.534921
-0.037467 0.789804 -0.612214
0.093109 0.845618 -0.525604
-0.088190 0.879627 -0.467417
-0.136787 0.891565 -0.431742
0.134720 0.805485 -0.577100
0.018216 0.800979 -0.598415
-0.094293 0.848921 -0.520041
0.026916 0.777852 -0.627870
-0.159556 0.857925 -0.488371
-0.091489 0.888196 -0.450264
-0.008952 0.810410 -0.585795
-0.062167 0.880162 -0.470584
-0.080713 0.869238 -0.487761
-0.065281 0.850660 -0.521648
-0.070813 0.858116 -0.508549
-0.075332 0.779387 -0.621997
-0.087204 0.803774 -0.588509
-0.090534 0.813216 -0.574876
-0.063791 0.832689 -0.550054
-0.019817 0.781890 -0.623102
-0.094303 0.840389 -0.533716
-0.067616 0.855658 -0.513105
0.049682 0.903044 -0.426665
0.009952 0.796121 -0.605055
-0.106125 0.906918 -0.407721
-0.000498 0.907871 -0.419249
0.025758 0.892884 -0.449550
-0.118240 0.867976 -0.482325
-0.109845 0.912165 -0.394828
0.086652 0.819427 -0.566596
-0.111057 0.866831 -0.486076
0.040384 0.871741 -0.488300
-0.028907 0.803539 -0.594550
0.130101 0.844594 -0.519359
0.073775 0.837789 -0.540986
-0.000608 0.869311 -0.494265
-0.232966 0.739253 -0.631848
0.134749 0.798103 -0.587260
-0.095646 0.815400 -0.570942
-0.077071 0.784866 -0.614854
0.047106 0.910857 -0.410026
0.109168 0.905776 -0.409453
0.118142 0.826527 -0.550359
-0.032066 0.897913 -0.439003
-0.000530 0.848550 -0.529116
-0.039940 0.825967 -0.562301
-0.044377 0.785805 -0.616880
0.022895 0.856123 -0.516265
0.080545 0.866408 -0.492797
0.080855 0.774940 -0.626841
-0.083164 0.804152 -0.588577
0.168971 0.807786 -0.564740
0.014476 0.817937 -0.575126
0.052472 0.917481 -0.394303
0.031039 0.835711 -0.548291
0.034513 0.842949 -0.536885
-0.076266 0.870821 -0.485649
-0.058167 0.883632 -0.464555
-0.109312 0.840118 -0.531275
-0.036585 0.876071 -0.480793
-0.004378 0.805112 -0.593107
-0.089939 0.817766 -0.568481
-0.015897 0.835947 -0.548580
-0.055925 0.768877 -0.636947
0.084695 0.851522 -0.517432
-0.043230 0.856809 -0.513819
0.117728 0.795881 -0.593897
0.003720 0.905060 -0.425267
-0.124759 0.787218 -0.603923
-0.139790 0.909019 -0.392611
0.043512 0.907069 -0.418727
-0.054291 0.851397 -0.521705
-0.044480 0.800313 -0.597930
0.028793 0.823070 -0.567209
-0.015129 0.792972 -0.609071
0.036681 0.808488 -0.587369
-0.040910 0.893570 -0.447056
0.026182 0.917971 -0.395783
0.051882 0.874875 -0.481562
-0.055521 0.776296 -0.627919
-0.045661 0.795456 -0.604289
-0.131804 0.858780 -0.495100
-0.056914 0.847440 -0.527832
-0.003541 0.853302 -0.521405
0.041574 0.793993 -0.606504
0.007280 0.826898 -0.562304
0.132377 0.841934 -0.523090
0.051349 0.868367 -0.493256
-0.102048 0.840802 -0.531638
0.046469 0.890671 -0.452267
0.119286 0.917086 -0.380427
-0.001456 0.796800 -0.604242
-0.010003 0.816302 -0.577538
-0.098545 0.913789 -0.394054
0.193256 0.831459 -0.520892
-0.002986 0.918104 -0.396327
-0.018866 0.878526 -0.477322
-0.067672 0.905822 -0.418218
0.066198 0.870782 -0.487193
0.059630 0.809358 -0.584281
-0.101998 0.766923 -0.633582
-0.014215 0.900821 -0.433958
0.019503 0.806525 -0.590878
-0.134563 0.889197 -0.437289
0.004236 0.900134 -0.435593
0.008814 0.792726 -0.609514
-0.030693 0.778277 -0.627171
-0.076033 0.833908 -0.546641
0.017632 0.898552 -0.438512
0.040205 0.869969 -0.491464
0.113995 0.828957 -0.547572
-0.020158 0.867642 -0.496781
0.120581 0.808708 -0.575718
-0.016023 0.792261 -0.609972
0.041680 0.800646 -0.597686
0.077154 0.857572 -0.508544
0.075918 0.801825 -0.592716
-0.011886 0.920849 -0.389738
0.011641 0.847330 -0.530939
-0.028439 0.888102 -0.458766
0.147921 0.808109 -0.570157
0.042179 0.876707 -0.479171
-0.121454 0.831405 -0.542231
-0.138580 0.818368 -0.557736
-0.064359 0.848284 -0.525616
-0.074937 0.878081 -0.472608
0.032064 0.855374 -0.517017
-0.070714 0.735305 -0.674037
-0.057891 0.853157 -0.518433
-0.047823 0.855219 -0.516056
0.013018 0.873686 -0.486317
0.118942 0.888756 -0.442679
-0.071642 0.820778 -0.566736
0.141979 0.841761 -0.520846
-0.172819 0.846254 -0.503971
-0.033274 0.827061 -0.561127
-0.032136 0.770372 -0.636784
0.066931 0.804547 -0.590105
0.003911 0.882184 -0.470888
0.026370 0.874769 -0.483823
-0.018287 0.842193 -0.538865
-0.042484 0.883681 -0.466158
0.182225 0.858521 -0.479307
0.061439 0.894887 -0.442043
-0.097753 0.758570 -0.644218
-0.086523 0.716662 -0.692033
-0.039730 0.831245 -0.554485
-0.049059 0.833885 -0.549753
-0.057767 0.859402 -0.508026
-0.084218 0.842649 -0.531837
-0.124861 0.832707 -0.539452
0.007319 0.822118 -0.569270
-0.043531 0.753434 -0.656081
-0.045526 0.881870 -0.469290
-0.063526 0.820706 -0.567809
0.000115 0.831355 -0.555741
-0.028074 0.745957 -0.665402
-0.034280 0.911275 -0.410369
0.093441 0.801428 -0.590747
-0.045596 0.769088 -0.637515
-0.078164 0.769226 -0.634178
0.075390 0.857452 -0.509011
0.030648 0.827501 -0.560627
0.146332 0.750919 -0.643978
0.012976 0.849804 -0.526938
0.099921 0.817280 -0.567511
-0.049933 0.853478 -0.518731
0.090454 0.807666 -0.582660
-0.016901 0.877201 -0.479825
-0.078629 0.824024 -0.561072
-0.178685 0.789736 -0.586846
0.043779 0.810862 -0.583598
0.025337 0.885534 -0.463883
-0.030762 0.854547 -0.518461
0.107061 0.896725 -0.429444
0.004555 0.850072 -0.526647
0.019735 0.911280 -0.411313
-0.056060 0.799593 -0.597919
-0.024183 0.848470 -0.528691
-0.027787 0.868409 -0.495069
-0.091030 0.798960 -0.594455
0.054759 0.824445 -0.563287
-0.072097 0.805070 -0.588782
0.082231 0.869458 -0.487115
0.061842 0.779412 -0.623452
-0.048067 0.885564 -0.462025
0.006311 0.873450 -0.486873
-0.033874 0.860642 -0.508083
-0.008377 0.832599 -0.553813
0.116060 0.851250 -0.511765
0.037011 0.884563 -0.464950
0.012898 0.845065 -0.534509
-0.089506 0.707581 -0.700941
-0.073170 0.897269 -0.435378
0.025319 0.869689 -0.492951
-0.021853 0.765866 -0.642629
-0.194080 0.822905 -0.534004
-0.143765 0.716817 -0.682279
0.058512 0.877184 -0.476575
0.092390 0.865806 -0.491777
-0.057728 0.860466 -0.506227
-0.172450 0.819542 -0.546454
-0.142622 0.793943 -0.591027
0.051870 0.828892 -0.556999
0.069669 0.838813 -0.539944
0.128733 0.798704 -0.587792
0.052105 0.847665 -0.527967
-0.091083 0.822623 -0.561245
0.194790 0.752796 -0.628773
0.026721 0.824836 -0.564740
0.137376 0.838477 -0.527337
0.031799 0.923533 -0.382198
0.016753 0.757954 -0.652093
-0.124994 0.826641 -0.548671
0.015395 0.800698 -0.598871
-0.000778 0.756023 -0.654545
0.032712 0.918141 -0.394901
0.026911 0.850161 -0.525835
0.139680 0.877198 -0.459362
0.036463 0.913429 -0.405361
0.015707 0.839071 -0.543795
0.086641 0.834537 -0.544097
-0.018329 0.820554 -0.571274
-0.136585 0.855307 -0.499795
0.013624 0.818915 -0.573752
0.097859 0.850315 -0.517096
0.119717 0.780636 -0.613413
-0.039714 0.818544 -0.573069
-0.096232 0.821308 -0.562310
-0.010863 0.810662 -0.585414
-0.010084 0.833952 -0.551744
-0.055363 0.831828 -0.552266
0.223092 0.796871 -0.561451
-0.055782 0.836505 -0.545112
0.124877 0.803590 -0.581935
0.054686 0.887237 -0.458061
0.020002 0.838625 -0.544342
-0.060008 0.894053 -0.443924
0.037369 0.856234 -0.515234
0.075721 0.783164 -0.617188
-0.018783 0.823046 -0.567664
0.047838 0.895637 -0.442206
-0.153836 0.847108 -0.508668
0.116263 0.846581 -0.519407
-0.102467 0.835850 -0.539311
-0.249159 0.821612 -0.512712
-0.040316 0.887106 -0.459801
0.165498 0.882983 -0.439262
0.124832 0.821528 -0.556335
0.008646 0.832749 -0.553583
-0.027867 0.850644 -0.525003
-0.067450 0.792993 -0.605485
-0.042310 0.779485 -0.624990
-0.198072 0.839701 -0.505637
0.013450 0.838476 -0.544772
-0.037898 0.864295 -0.501556
0.013454 0.881001 -0.472922
-0.043459 0.808512 -0.586873
0.087603 0.906545 -0.412919
0.037638 0.809324 -0.586156
0.009312 0.893328 -0.449309
-0.021316 0.821967 -0.569136
-0.131280 0.812891 -0.567427
0.054253 0.881312 -0.469410
-0.082174 0.843514 -0.530783
0.026744 0.933994 -0.356286
-0.049736 0.851122 -0.522607
0.081210 0.863298 -0.498117
-0.123808 0.791247 -0.598832
-0.039197 0.804144 -0.593141
-0.035338 0.825988 -0.562579
-0.075094 0.812152 -0.578593
-0.044971 0.747175 -0.663104
0.202006 0.853307 -0.480689
-0.041543 0.803565 -0.593765
0.043688 0.741121 -0.669949
-0.051914 0.841659 -0.537508
0.033064 0.786489 -0.616718
0.128437 0.777225 -0.615975
0.004037 0.884782 -0.465988
-0.009380 0.801530 -0.597882
-0.068530 0.771724 -0.632254
0.000383 0.893028 -0.450000
-0.025365 0.767836 -0.640144
-0.001450 0.873691 -0.486479
-0.011399 0.841896 -0.539519
0.158995 0.825216 -0.541977
0.003146 0.766587 -0.642133
-0.162469 0.865865 -0.473162
0.105952 0.806520 -0.581635
0.012515 0.882548 -0.470055
0.063039 0.857111 -0.511261
-0.122219 0.888044 -0.443216
0.035413 0.801431 -0.597038
0.041217 0.925284 -0.377028
-0.056905 0.761541 -0.645613
-0.190300 0.813773 -0.549145
-0.182529 0.817452 -0.546310
0.039346 0.857072 -0.513692
-0.057847 0.854360 -0.516451
-0.001049 0.822252 -0.569123
0.023277 0.846900 -0.531243
0.099219 0.858067 -0.503862
-0.015299 0.830665 -0.556562
0.125190 0.909143 -0.397222
0.034520 0.860479 -0.508314
0.054610 0.856817 -0.512720
0.079608 0.691526 -0.717952
0.001821 0.893548 -0.448964
-0.022942 0.872438 -0.488186
0.091713 0.855358 -0.509855
0.212030 0.838559 -0.501858
0.126639 0.894031 -0.429733
-0.077339 0.867389 -0.491584
0.132090 0.876269 -0.463363
0.076048 0.819197 -0.568448
-0.065945 0.887057 -0.456926
0.025203 0.863118 -0.504373
0.033523 0.760748 -0.648181
-0.127266 0.804322 -0.580405
-0.065095 0.875400 -0.478997
-0.142710 0.745616 -0.650915
-0.095517 0.793861 -0.600551
0.147938 0.843620 -0.516158
0.126713 0.801505 -0.584409
0.081190 0.844732 -0.528996
0.025483 0.921549 -0.387425
0.035708 0.793753 -0.607192
0.018353 0.830897 -0.556124
-0.037116 0.822507 -0.567543
0.017606 0.743804 -0.668166
-0.027104 0.829919 -0.557226
0.011306 0.797704 -0.602943
0.050411 0.845651 -0.531350
-0.124969 0.867549 -0.481396
0.028706 0.888877 -0.457245
0.023539 0.853244 -0.520981
0.047576 0.914665 -0.401403
0.025847 0.823572 -0.566623
-0.078648 0.887047 -0.454930
-0.056047 0.824699 -0.562788
-0.079168 0.802356 -0.591572
0.056532 0.771142 -0.634148
0.181828 0.906117 -0.381956
0.003466 0.851059 -0.525058
-0.227434 0.792921 -0.565288
0.002466 0.915786 -0.401658
0.002872 0.812936 -0.582346
0.052960 0.812999 -0.579851
0.046093 0.778257 -0.626252
0.036683 0.812382 -0.581970
0.001293 0.809735 -0.586795
0.032290 0.891718 -0.451438
-0.033554 0.886736 -0.461056
-0.033506 0.852848 -0.521083
-0.135597 0.832131 -0.537747
-0.017481 0.809079 -0.587440
-0.059900 0.917227 -0.393836
-0.073300 0.861420 -0.502577
-0.084629 0.818814 -0.567786
-0.067129 0.845133 -0.530325
-0.010452 0.908138 -0.418540
-0.006244 0.878145 -0.478354
-0.018767 0.929660 -0.367940
-0.021211 0.901072 -0.433150
-0.064350 0.844308 -0.531980
-0.086433 0.851679 -0.516887
0.030661 0.823924 -0.565871
0.210641 0.879790 -0.426145
0.032476 0.853073 -0.520779
-0.007575 0.813797 -0.581100
0.021548 0.785660 -0.618284
-0.027482 0.872791 -0.487321
-0.121816 0.798715 -0.589250
0.068868 0.874033 -0.480961
-0.004030 0.897881 -0.440219
-0.105223 0.853662 -0.510088
0.019165 0.842896 -0.537735
0.003971 0.842718 -0.538340
-0.256919 0.851511 -0.457080
-0.038679 0.781549 -0.622644
0.086680 0.835635 -0.542403
-0.026067 0.806097 -0.591210
-0.015310 0.839961 -0.542431
-0.022252 0.894997 -0.445517
0.037876 0.869805 -0.491940
-0.017758 0.855450 -0.517581
-0.089887 0.778921 -0.620647
-0.052854 0.780047 -0.623485
0.034939 0.845721 -0.532480
0.050538 0.881293 -0.469861
-0.013461 0.780086 -0.625528
-0.035454 0.778170 -0.627052
0.022357 0.843392 -0.536833
0.082463 0.880225 -0.467337
0.031409 0.777202 -0.628466
-0.134952 0.911609 -0.388274
0.123816 0.917792 -0.377262
0.018867 0.835785 -0.548733
0.019774 0.890540 -0.454474
-0.011275 0.716367 -0.697633
0.043175 0.861194 -0.506439
-0.090175 0.841690 -0.532377
0.143801 0.822817 -0.549812
-0.082511 0.885025 -0.458173
0.078458 0.798427 -0.596957
-0.143569 0.749262 -0.646525
-0.079868 0.793674 -0.603078
-0.002651 0.817033 -0.576584
-0.052085 0.870974 -0.488560
-0.063704 0.783270 -0.618410
-0.040730 0.782945 -0.620756
-0.076672 0.859686 -0.505036
-0.043275 0.847733 -0.528654
-0.022725 0.832546 -0.553489
-0.141238 0.838393 -0.526449
0.019611 0.876678 -0.480678
0.261496 0.775973 -0.574009
0.058298 0.731403 -0.679449
0.078313 0.817475 -0.570615
-0.126639 0.797047 -0.590490
-0.090691 0.804984 -0.586325
-0.104396 0.858047 -0.502848
0.014496 0.864806 -0.501896
-0.088740 0.868408 -0.487845
-0.083724 0.866679 -0.491790
0.019904 0.885174 -0.464835
-0.077394 0.849052 -0.522610
-0.108351 0.779454 -0.617018
0.075403 0.875663 -0.477000
0.129260 0.837656 -0.530683
0.017101 0.776551 -0.629822
-0.089132 0.867047 -0.490188
-0.136013 0.848368 -0.511638
-0.030153 0.828157 -0.559684
0.157161 0.858772 -0.487660
0.017469 0.920939 -0.389316
-0.031355 0.852663 -0.521520
0.066499 0.861575 -0.503256
0.035584 0.799144 -0.600085
0.075727 0.902600 -0.423768
-0.061236 0.837336 -0.543249
-0.098950 0.826870 -0.553620
0.063190 0.829881 -0.554351
-0.009951 0.807751 -0.589439
-0.141949 0.942138 -0.303687
0.004641 0.864367 -0.502841
-0.094681 0.861491 -0.498867
0.082783 0.892977 -0.442423
-0.005979 0.787571 -0.616194
0.207421 0.909995 -0.359008
-0.028054 0.817727 -0.574922
0.002111 0.866775 -0.498695
-0.055392 0.868740 -0.492161
0.161982 0.833694 -0.527935
0.027100 0.763273 -0.645507
-0.149142 0.718166 -0.679702
-0.119466 0.868967 -0.480234
-0.071207 0.804728 -0.589358
-0.050651 0.868167 -0.493680
0.091343 0.876357 -0.472922
-0.067459 0.794413 -0.603620
0.032083 0.911119 -0.410893
-0.075504 0.873672 -0.480620
0.029886 0.816262 -0.576908
-0.095461 0.813027 -0.574347
-0.018923 0.823120 -0.567552
-0.202196 0.767836 -0.607901
0.118251 0.781509 -0.612585
0.021307 0.850948 -0.524817
0.094886 0.921967 -0.375465
0.089850 0.823719 -0.559834
0.029130 0.870547 -0.491223
-0.063566 0.839007 -0.540395
0.019636 0.857407 -0.514264
-0.034091 0.869435 -0.492870
-0.169817 0.834954 -0.523463
-0.130582 0.822766 -0.553176
0.132993 0.869254 -0.476141
-0.208543 0.790443 -0.575943
0.102206 0.859452 -0.500895
0.080619 0.921647 -0.379563
0.048139 0.857397 -0.512399
-0.002586 0.845335 -0.534230
0.077437 0.861104 -0.502497
-0.105042 0.854050 -0.509474
-0.017029 0.714922 -0.698997
0.025878 0.870956 -0.490679
-0.038497 0.870225 -0.491148
0.063025 0.823069 -0.564434
0.065446 0.849768 -0.523079
-0.098115 0.727061 -0.679526
-0.048643 0.792484 -0.607950
-0.139212 0.902714 -0.407097
0.107780 0.807607 -0.579788
0.082780 0.823188 -0.561703
0.027736 0.872227 -0.488314
0.058719 0.828209 -0.557334
-0.039103 0.807963 -0.587934
0.053013 0.870817 -0.488741
-0.085256 0.880172 -0.466936
0.043995 0.799176 -0.599485
-0.069666 0.819393 -0.568983
-0.109755 0.900311 -0.421183
0.025863 0.835781 -0.548454
0.077275 0.819633 -0.567653
-0.087818 0.858644 -0.504993
-0.040618 0.882206 -0.469109
-0.088080 0.848066 -0.522519
0.012321 0.861492 -0.507622
0.083583 0.822338 -0.562826
0.010621 0.833015 -0.553149
0.000169 0.809822 -0.586676
-0.025161 0.832918 -0.552823
-0.072214 0.858819 -0.507164
0.062262 0.878469 -0.473726
0.093585 0.817897 -0.567702
-0.007419 0.827797 -0.560978
-0.041171 0.846768 -0.530367
-0.031771 0.848217 -0.528695
-0.058955 0.832411 -0.551014
-0.093862 0.917697 -0.386033
-0.133610 0.893139 -0.429478
-0.048159 0.850525 -0.523725
0.062468 0.875268 -0.479587
-0.012819 0.865575 -0.500615
0.075238 0.640162 -0.764547
0.028412 0.776509 -0.629466
-0.024971 0.862132 -0.506068
0.073438 0.766063 -0.638556
-0.052655 0.738142 -0.672588
-0.065955 0.810642 -0.581816
0.015624 0.853581 -0.520726
-0.051202 0.759093 -0.648966
0.006123 0.913563 -0.406651
-0.017297 0.886312 -0.462766
-0.013878 0.803953 -0.594531
0.178042 0.848715 -0.497980
-0.016969 0.829982 -0.557533
0.111911 0.790286 -0.602431
0.034265 0.859418 -0.510124
-0.030493 0.869835 -0.492399
0.179093 0.784244 -0.594042
-0.043593 0.733454 -0.678340
0.030844 0.813582 -0.580631
0.102325 0.813406 -0.572626
-0.128960 0.877650 -0.461626
0.045835 0.845942 -0.531301
0.029074 0.889316 -0.456368
0.129133 0.849977 -0.510748
-0.194859 0.862138 -0.467705
0.102426 0.821639 -0.560730
-0.154606 0.815502 -0.557721
0.099175 0.884968 -0.454968
0.182911 0.858918 -0.478334
-0.135896 0.707037 -0.693996
-0.009979 0.846531 -0.532246
0.027853 0.904884 -0.424746
-0.072904 0.712963 -0.697401
0.121089 0.856225 -0.502211
0.054224 0.842141 -0.536525
-0.046758 0.860616 -0.507103
0.091434 0.883448 -0.459520
-0.010624 0.755095 -0.655529
-0.066232 0.886462 -0.458037
0.027283 0.891424 -0.452349
-0.186274 0.694583 -0.694879
0.090811 0.784014 -0.614065
-0.075657 0.843944 -0.531069
0.022576 0.865872 -0.499755
0.111349 0.857080 -0.503007
-0.078012 0.919457 -0.385373
-0.004381 0.892913 -0.450208
0.056775 0.828998 -0.556362
-0.085451 0.891349 -0.445191
0.108480 0.879274 -0.463799
-0.035409 0.770498 -0.636458
-0.012492 0.878599 -0.477397
0.047612 0.850572 -0.523699
-0.037797 0.741311 -0.670096
0.063182 0.792019 -0.607218
0.106698 0.913029 -0.393692
0.035169 0.853223 -0.520358
0.013634 0.886644 -0.462251
0.053747 0.795694 -0.603309
0.018906 0.819046 -0.573416
0.027773 0.773899 -0.632700
-0.103150 0.841930 -0.529636
-0.054025 0.876407 -0.478531
-0.036633 0.909924 -0.413153
0.070970 0.888987 -0.452400
0.030032 0.824951 -0.564405
-0.006124 0.854256 -0.519817
0.193658 0.759078 -0.621529
0.004253 0.835492 -0.549486
-0.003120 0.843995 -0.536342
-0.050532 0.937338 -0.344737
-0.076326 0.790346 -0.607888
0.122703 0.849576 -0.512995
-0.067530 0.872240 -0.484394
0.021405 0.789912 -0.612847
-0.000316 0.882459 -0.470390
-0.146433 0.785122 -0.601782
0.011012 0.813333 -0.581694
-0.053082 0.813470 -0.579180
-0.087654 0.891221 -0.445019
0.066563 0.909349 -0.410676
-0.012275 0.907492 -0.419889
-0.084905 0.834089 -0.545057
0.072288 0.802166 -0.592710
0.073753 0.828804 -0.554657
0.004428 0.888487 -0.458880
0.001552 0.817907 -0.575349
-0.146551 0.877643 -0.456360
0.215646 0.805943 -0.551319
0.016143 0.893446 -0.448880
0.068114 0.880179 -0.469729
-0.120102 0.731977 -0.670661
-0.119617 0.890779 -0.438412
-0.058770 0.839731 -0.539812
0.015406 0.801731 -0.597486
0.051314 0.800101 -0.597667
-0.023919 0.843603 -0.536434
0.007645 0.866513 -0.499097
0.019144 0.814412 -0.579972
-0.085755 0.772506 -0.629191
-0.037057 0.925645 -0.376573
0.067748 0.828576 -0.555762
0.225347 0.820576 -0.525236
0.163623 0.824318 -0.541965
-0.001707 0.857201 -0.514980
-0.090696 0.876273 -0.473202
0.078366 0.855788 -0.511357
0.089840 0.752133 -0.652858
0.046751 0.869754 -0.491266
0.084492 0.885173 -0.457525
-0.006978 0.886061 -0.463516
0.070776 0.817412 -0.571689
0.055672 0.833803 -0.549247
-0.012837 0.777147 -0.629189
-0.078661 0.889241 -0.450625
-0.009921 0.811135 -0.584775
-0.037163 0.851624 -0.522833
0.064988 0.830276 -0.553551
0.055010 0.796383 -0.602286
0.045322 0.881009 -0.470924
-0.168949 0.889804 -0.423917
0.174263 0.873924 -0.453750
0.069485 0.852384 -0.518280
-0.084106 0.823697 -0.560758
0.051654 0.808491 -0.586238
-0.101305 0.814693 -0.570976
0.061063 0.782995 -0.619024
0.144114 0.881527 -0.449601
0.049032 0.882063 -0.468573
0.038297 0.833855 -0.550654
0.076840 0.843681 -0.531316
0.029060 0.820915 -0.570311
0.018560 0.828315 -0.559956
0.059457 0.899718 -0.432403
0.081352 0.839194 -0.537713
-0.083083 0.834409 -0.544848
-0.083332 0.917186 -0.389647
0.087383 0.796800 -0.597891
-0.035812 0.847548 -0.529509
-0.083221 0.912888 -0.399637
0.170025 0.752235 -0.636579
0.020830 0.830781 -0.556209
-0.085789 0.902016 -0.423093
-0.125825 0.744419 -0.655750
0.016943 0.857413 -0.514350
-0.059669 0.851799 -0.520459
0.116673 0.872686 -0.474138
0.073852 0.877854 -0.473200
0.032014 0.893047 -0.448824
0.037233 0.888932 -0.456523
-0.011004 0.770195 -0.637714
0.031871 0.801268 -0.597457
-0.049012 0.858507 -0.510454
0.004375 0.864077 -0.503341
0.035919 0.833617 -0.551173
-0.120655 0.784330 -0.608497
0.044680 0.818367 -0.572957
0.075711 0.890327 -0.448983
-0.071938 0.923457 -0.376898
0.075992 0.874247 -0.479496
0.030009 0.782907 -0.621414
-0.010219 0.881079 -0.472859
0.038503 0.906684 -0.420050
-0.105678 0.855510 -0.506887
0.108461 0.914728 -0.389242
0.087882 0.854212 -0.512444
0.152359 0.830242 -0.536176
0.035977 0.907648 -0.418187
-0.087277 0.890396 -0.446741
-0.033315 0.884849 -0.464684
0.109963 0.832165 -0.543516
-0.018846 0.904189 -0.426717
0.069955 0.846830 -0.527242
0.061008 0.918604 -0.390442
0.109233 0.843480 -0.525936
-0.065375 0.837943 -0.541828
-0.039290 0.886569 -0.460924
0.019120 0.846184 -0.532548
-0.133317 0.858394 -0.495366
0.140550 0.864811 -0.482025
0.100689 0.875663 -0.472309
0.041586 0.799386 -0.599377
0.038001 0.894869 -0.444707
-0.003728 0.816591 -0.577205
0.013128 0.838028 -0.545469
0.102611 0.851282 -0.514578
-0.001188 0.892164 -0.451710
0.037752 0.886468 -0.461248
0.076445 0.867722 -0.491136
0.064278 0.864677 -0.498199
-0.081778 0.800632 -0.593549
-0.053931 0.862116 -0.503832
0.072120 0.829726 -0.553491
-0.100338 0.826591 -0.553786
-0.029738 0.908232 -0.417410
-0.116411 0.832753 -0.541268
-0.028977 0.748049 -0.663010
-0.167950 0.828486 -0.534232
-0.031988 0.706905 -0.706585
0.000819 0.873916 -0.486076
0.159046 0.848221 -0.505198
-0.001871 0.820900 -0.571068
0.067628 0.877309 -0.475137
0.130534 0.862719 -0.488546
0.142131 0.878501 -0.456109
-0.076741 0.766983 -0.637062
0.018728 0.844212 -0.535682
-0.024121 0.833971 -0.551280
-0.094199 0.902343 -0.420600
-0.042149 0.860848 -0.507114
-0.032332 0.839917 -0.541751
0.033292 0.791553 -0.610193
-0.172012 0.751709 -0.636668
0.073190 0.816760 -0.572317
-0.065125 0.912876 -0.403008
-0.070970 0.769025 -0.635267
0.006702 0.845099 -0.534568
-0.062278 0.802642 -0.593200
-0.007610 0.891966 -0.452038
0.123176 0.760259 -0.637836
-0.073919 0.804393 -0.589481
-0.057937 0.898360 -0.435423
0.055708 0.829608 -0.555560
0.001706 0.893886 -0.448290
0.069089 0.855228 -0.513626
0.056703 0.860760 -0.505843
0.094937 0.894160 -0.437567
0.029325 0.847770 -0.529553
0.121305 0.849964 -0.512685
-0.044881 0.878575 -0.475490
0.035750 0.852217 -0.521966
-0.032067 0.790101 -0.612138
-0.124100 0.903022 -0.411279
-0.050033 0.841839 -0.537405
-0.001905 0.850998 -0.525166
0.114479 0.866575 -0.485740
0.048760 0.890953 -0.451470
-0.046734 0.760812 -0.647287
0.053862 0.840909 -0.538490
-0.020899 0.891946 -0.451659
0.144055 0.852758 -0.502048
0.018741 0.836134 -0.548205
0.161406 0.808734 -0.565595
-0.137039 0.843375 -0.519556
0.184855 0.849037 -0.494939
0.022008 0.895483 -0.444552
-0.004188 0.883191 -0.468995
0.071329 0.805105 -0.588828
0.041364 0.831736 -0.553629
0.028581 0.805776 -0.591530
0.055659 0.890813 -0.450949
-0.087839 0.845905 -0.526050
0.035360 0.916331 -0.398857
-0.117131 0.860179 -0.496359
0.068767 0.832517 -0.549715
-0.136216 0.842039 -0.521935
0.027372 0.844362 -0.535073
0.064652 0.871460 -0.486186
0.045534 0.845472 -0.532074
0.039085 0.914694 -0.402253
-0.062491 0.870161 -0.488789
-0.097342 0.834944 -0.541658
-0.050074 0.788986 -0.612367
-0.096327 0.826883 -0.554063
-0.000979 0.846065 -0.533080
-0.001623 0.873978 -0.485963
-0.176093 0.854652 -0.488427
0.026865 0.802225 -0.596416
-0.126209 0.897253 -0.423094
0.168867 0.781110 -0.601124
-0.048430 0.849542 -0.525293
-0.146641 0.800211 -0.581515
-0.040893 0.907433 -0.418203
0.058412 0.851358 -0.521323
-0.004303 0.747776 -0.663937
0.012094 0.847558 -0.530565
-0.004183 0.816692 -0.577058
0.035088 0.831164 -0.554919
-0.045696 0.855031 -0.516560
0.027168 0.872269 -0.488271
-0.013703 0.868366 -0.495735
0.092530 0.814200 -0.573163
0.116003 0.864806 -0.488522
0.099922 0.923880 -0.369406
0.054223 0.842905 -0.535323
-0.003948 0.788397 -0.615155
-0.079590 0.872547 -0.482004
0.029738 0.926147 -0.375989
0.156146 0.843194 -0.514434
-0.092449 0.799519 -0.593484
-0.048262 0.844743 -0.532991
-0.091307 0.788124 -0.608706
0.031894 0.866327 -0.498457
0.090209 0.826006 -0.556397
0.158625 0.873378 -0.460489
-0.058671 0.813163 -0.579072
0.005721 0.881228 -0.472656
-0.052302 0.887954 -0.456948
-0.117578 0.731828 -0.671270
0.049175 0.812641 -0.580686
0.005757 0.776607 -0.629960
-0.027063 0.854368 -0.518964
-0.109125 0.845733 -0.522328
0.030294 0.880316 -0.473420
-0.024124 0.849541 -0.526971
-0.095845 0.901460 -0.422118
-0.110389 0.792101 -0.600325
0.081562 0.833891 -0.545870
-0.039210 0.842305 -0.537573
-0.062173 0.773519 -0.630716
0.088078 0.798159 -0.595974
-0.137622 0.801295 -0.582226
-0.090873 0.829589 -0.550931
-0.104222 0.870247 -0.481463
-0.053469 0.863349 -0.501767
-0.007747 0.863900 -0.503603
-0.006779 0.789807 -0.613317
-0.060186 0.850466 -0.522575
0.005285 0.903727 -0.428076
0.025285 0.800862 -0.598315
-0.026939 0.900709 -0.433587
0.010343 0.829593 -0.558273
0.042606 0.845868 -0.531688
-0.086861 0.858858 -0.504795
0.021094 0.801533 -0.597578
0.043379 0.761710 -0.646464
0.121776 0.873836 -0.470724
-0.088888 0.847073 -0.523990
-0.035255 0.789960 -0.612144
-0.170468 0.848234 -0.501438
0.020637 0.882391 -0.470064
0.115414 0.868994 -0.481175
0.012312 0.795658 -0.605621
0.069465 0.799254 -0.596966
0.133545 0.824928 -0.549235
-0.013581 0.930892 -0.365041
-0.022687 0.840597 -0.541185
-0.067790 0.822362 -0.564912
0.044402 0.794157 -0.606089
-0.080661 0.759949 -0.644958
-0.193166 0.764528 -0.614967
0.154067 0.856689 -0.492288
0.027708 0.801139 -0.597837
0.061833 0.891223 -0.449332
-0.051991 0.838253 -0.542797
0.075412 0.819110 -0.568658
0.026462 0.853873 -0.519809
-0.095977 0.878117 -0.468720
0.005430 0.876830 -0.480770
0.139773 0.793904 -0.591760
-0.155128 0.784139 -0.600884
-0.127446 0.776017 -0.617701
0.021660 0.893953 -0.447637
0.083304 0.782686 -0.616817
0.017045 0.902475 -0.430404
-0.022989 0.859688 -0.510303
0.029469 0.855736 -0.516572
-0.083088 0.874859 -0.477199
0.011056 0.747760 -0.663877
0.065086 0.865232 -0.497130
-0.053617 0.847079 -0.528756
-0.076572 0.906927 -0.414271
-0.101921 0.909280 -0.403513
0.111419 0.849921 -0.514996
-0.258707 0.802708 -0.537336
0.038516 0.858084 -0.512063
0.049936 0.810332 -0.583839
0.076629 0.823944 -0.561467
-0.015143 0.827835 -0.560767
0.043059 0.887169 -0.459431
0.022122 0.806829 -0.590371
-0.078267 0.838970 -0.538520
0.055238 0.869286 -0.491213
0.179228 0.870537 -0.458304
0.116798 0.866498 -0.485324
0.080260 0.817545 -0.570245
-0.036917 0.836841 -0.546200
-0.062579 0.776746 -0.626698
-0.056951 0.835353 -0.546755
-0.068343 0.923726 -0.376907
0.112058 0.801642 -0.587207
-0.106819 0.857054 -0.504031
0.015393 0.791969 -0.610367
0.075643 0.822827 -0.563235
-0.108207 0.836644 -0.536953
-0.108351 0.816419 -0.567204
-0.051983 0.847175 -0.528764
0.007008 0.880764 -0.473504
0.075677 0.815850 -0.573291
-0.030299 0.872479 -0.487711
0.136500 0.785854 -0.603160
0.027929 0.807879 -0.588686
0.033507 0.853214 -0.520484
-0.146729 0.837843 -0.525823
0.013527 0.854804 -0.518774
0.039377 0.873538 -0.485161
-0.169804 0.816661 -0.551571
-0.054150 0.790196 -0.610457
-0.043685 0.873471 -0.484912
-0.031532 0.825533 -0.563472
-0.191386 0.826251 -0.529792
-0.141484 0.792309 -0.593489
-0.009127 0.873767 -0.486259
0.017736 0.842794 -0.537945
0.042640 0.784426 -0.618755
0.061615 0.926354 -0.371581
-0.195291 0.836615 -0.511797
0.153299 0.762933 -0.628038
-0.004297 0.823958 -0.566635
0.070515 0.840136 -0.537773
0.145809 0.779515 -0.609177
0.199268 0.815632 -0.543173
0.021577 0.875207 -0.483267
0.111141 0.792896 -0.599136
-0.080140 0.825474 -0.558722
-0.090366 0.874202 -0.477080
-0.105235 0.806506 -0.581784
-0.019589 0.878529 -0.477287
0.090837 0.852222 -0.515233
0.107340 0.875126 -0.471840
-0.004997 0.790423 -0.612541
-0.115007 0.857577 -0.501334
-0.007136 0.774651 -0.632349
0.060425 0.890608 -0.450740
-0.133677 0.863509 -0.486296
0.082433 0.780948 -0.619132
-0.006305 0.838803 -0.544399
-0.052172 0.751604 -0.657548
0.002158 0.910356 -0.413821
0.022160 0.915067 -0.402693
0.052194 0.812132 -0.581134
0.026328 0.902764 -0.429330
-0.071976 0.803921 -0.590364
-0.029926 0.862643 -0.504927
0.003198 0.809796 -0.586702
0.060764 0.823129 -0.564594
0.009794 0.751677 -0.659459
0.101187 0.824974 -0.556038
-0.059629 0.895738 -0.440565
0.032451 0.870955 -0.490290
-0.098135 0.869568 -0.483963
0.052925 0.829369 -0.556190
0.096395 0.880257 -0.464603
-0.065530 0.824680 -0.561790
0.016845 0.799936 -0.599849
0.033244 0.865859 -0.499182
-0.125123 0.792155 -0.597357
-0.180561 0.883482 -0.432269
-0.007374 0.868972 -0.494806
0.063579 0.887886 -0.455650
0.015358 0.846953 -0.531446
-0.156774 0.792462 -0.589428
0.109805 0.804739 -0.583385
0.048207 0.838449 -0.542844
-0.159610 0.761519 -0.628182
-0.115275 0.811304 -0.573147
-0.110565 0.733567 -0.670563
-0.005055 0.830151 -0.557515
-0.006856 0.868097 -0.496347
-0.120318 0.869949 -0.478240
-0.017827 0.828527 -0.559666
0.043581 0.835469 -0.547807
0.154792 0.884431 -0.440252
0.038290 0.827434 -0.560256
-0.032575 0.861475 -0.506754
-0.056662 0.895131 -0.442188
0.038164 0.840324 -0.540739
-0.018840 0.806875 -0.590421
-0.103831 0.837364 -0.536694
-0.115539 0.924835 -0.362397
-0.129538 0.899364 -0.417570
-0.064807 0.870317 -0.488209
0.045967 0.826301 -0.561350
0.016753 0.833720 -0.551933
0.003702 0.797757 -0.602968
-0.070959 0.844237 -0.531252
0.112099 0.819279 -0.562331
0.146908 0.805744 -0.573756
-0.029927 0.885669 -0.463352
0.004362 0.908419 -0.418039
0.123320 0.834861 -0.536470
-0.221087 0.727232 -0.649811
-0.005210 0.931438 -0.363864
0.114434 0.834736 -0.538629
0.036405 0.763757 -0.644477
-0.031956 0.899906 -0.434912
-0.116628 0.849489 -0.514555
-0.022598 0.867791 -0.496415
0.107282 0.858588 -0.501316
-0.015012 0.881337 -0.472250
-0.039160 0.813241 -0.580608
0.050091 0.907997 -0.415972
-0.039523 0.832209 -0.553051
0.024767 0.823675 -0.566521
0.064882 0.803442 -0.591837
-0.014808 0.915406 -0.402260
0.010900 0.794856 -0.606700
0.068618 0.798148 -0.598541
0.190031 0.790582 -0.582124
0.026089 0.756252 -0.653761
-0.021767 0.780478 -0.624805
-0.069888 0.803138 -0.591680
0.054215 0.848888 -0.525786
-0.145849 0.796872 -0.586279
-0.128498 0.813656 -0.566967
0.007887 0.797247 -0.603602
0.104671 0.806525 -0.581861
-0.061007 0.844613 -0.531890
-0.063420 0.820296 -0.568412
-0.047978 0.864871 -0.499697
0.028139 0.834363 -0.550497
0.074658 0.878336 -0.472178
0.053831 0.820882 -0.568555
-0.025012 0.959119 -0.281896
-0.123846 0.832801 -0.539542
-0.007568 0.830616 -0.556795
-0.093604 0.856583 -0.507449
-0.022255 0.904845 -0.425160
0.049260 0.866785 -0.496243
0.003196 0.838596 -0.544744
0.201478 0.928504 -0.311908
0.193532 0.829048 -0.524619
0.029166 0.872321 -0.488063
0.111860 0.763797 -0.635689
-0.015543 0.759944 -0.649803
0.078186 0.786669 -0.612404
0.057392 0.853398 -0.518091
-0.098037 0.868728 -0.485489
0.097529 0.860672 -0.499731
-0.111015 0.881003 -0.459901
0.013199 0.813912 -0.580838
0.108825 0.804771 -0.583525
0.037194 0.905684 -0.422319
0.108249 0.921518 -0.372942
0.092944 0.824260 -0.558531
0.062487 0.783332 -0.618454
0.008497 0.795273 -0.606192
0.057960 0.884343 -0.463225
0.077819 0.820263 -0.566668
-0.047423 0.883573 -0.465886
0.056426 0.837482 -0.543544
-0.070999 0.893971 -0.442465
0.189368 0.875797 -0.443980
0.014577 0.873212 -0.487122
-0.101583 0.842019 -0.529796
0.103383 0.920972 -0.375662
0.080086 0.873924 -0.479420
-0.029986 0.744602 -0.666835
-0.012875 0.865342 -0.501017
-0.133538 0.817760 -0.559854
0.016403 0.872404 -0.488510
0.013439 0.822575 -0.568498
0.045993 0.953659 -0.297355
-0.073335 0.768593 -0.635521
0.064614 0.820681 -0.567722
0.102544 0.796189 -0.596295
0.100828 0.819311 -0.564414
0.013287 0.869732 -0.493345
0.009053 0.848775 -0.528676
0.019492 0.857279 -0.514483
-0.059241 0.810588 -0.582613
0.004709 0.805273 -0.592885
-0.120093 0.836208 -0.535102
0.060589 0.916788 -0.394752
-0.090487 0.860418 -0.501491
-0.103087 0.844777 -0.525095
-0.050331 0.894390 -0.444447
0.062830 0.854806 -0.515129
-0.002109 0.823966 -0.566635
-0.180074 0.861329 -0.475064
0.050338 0.820192 -0.569870
0.135400 0.923012 -0.360160
0.080853 0.846253 -0.526610
0.142855 0.867869 -0.475810
0.147806 0.800825 -0.580373
0.126070 0.864215 -0.487071
-0.000523 0.835770 -0.549079
-0.000838 0.870847 -0.491554
-0.073185 0.830539 -0.552131
0.124124 0.913897 -0.386504
0.039167 0.807915 -0.587996
-0.064761 0.815330 -0.575363
0.028291 0.800727 -0.598361
-0.033579 0.813173 -0.581053
0.049523 0.773264 -0.632147
-0.017589 0.874465 -0.484769
-0.060124 0.864703 -0.498672
-0.109550 0.794675 -0.597069
0.061881 0.935675 -0.347393
0.112054 0.770897 -0.627026
0.108178 0.898630 -0.425161
0.075872 0.901171 -0.426772
-0.072889 0.836476 -0.543135
-0.056901 0.849582 -0.524378
-0.145698 0.833119 -0.533558
0.135973 0.887940 -0.439402
-0.101619 0.778368 -0.619530
0.054113 0.890902 -0.450961
0.051207 0.838789 -0.542043
0.012868 0.843511 -0.536958
-0.057747 0.905237 -0.420965
-0.016226 0.862524 -0.505757
-0.003334 0.876035 -0.482235
-0.038318 0.822397 -0.567622
-0.059763 0.843028 -0.534539
0.025563 0.803651 -0.594552
-0.032339 0.803714 -0.594137
0.068480 0.863969 -0.498867
-0.060770 0.847765 -0.526878
0.058738 0.815089 -0.576350
0.233318 0.828587 -0.508926
0.130182 0.851693 -0.507613
-0.147516 0.881924 -0.447714
0.010947 0.911960 -0.410132
0.063733 0.833205 -0.549279
-0.197945 0.839835 -0.505465
0.064084 0.850891 -0.521419
0.002551 0.739456 -0.673200
-0.080992 0.813680 -0.575643
-0.154285 0.899818 -0.408073
-0.006307 0.849758 -0.527136
0.018523 0.827928 -0.560528
-0.054629 0.857479 -0.511611
-0.064939 0.853954 -0.516281
-0.095110 0.835601 -0.541041
-0.207527 0.783842 -0.585256
-0.105943 0.747383 -0.655893
0.084347 0.808192 -0.582848
-0.211866 0.832290 -0.512255
0.090335 0.819216 -0.566325
-0.049737 0.885805 -0.461385
-0.012929 0.869440 -0.493870
0.128818 0.837314 -0.531330
-0.060620 0.813189 -0.578834
0.119791 0.917153 -0.380106
-0.041504 0.894575 -0.444986
-0.009983 0.840053 -0.542412
0.002928 0.860369 -0.509663
-0.038379 0.818344 -0.573446
-0.025850 0.896910 -0.441457
-0.167509 0.836299 -0.522058
-0.016473 0.820708 -0.571111
-0.034620 0.864665 -0.501155
0.047674 0.856882 -0.513303
0.055438 0.863930 -0.500551
0.149168 0.828551 -0.539677
0.030134 0.869802 -0.492480
-0.009323 0.912790 -0.408323
0.018232 0.851380 -0.524232
-0.086650 0.829431 -0.551848
0.007818 0.905865 -0.423495
-0.052903 0.898171 -0.436451
-0.138228 0.783559 -0.605746
0.188793 0.832323 -0.521149
-0.003536 0.907154 -0.420784
-0.186093 0.838064 -0.512852
-0.081838 0.775508 -0.626011
0.136934 0.874525 -0.465248
-0.037438 0.876435 -0.480062
0.086943 0.856317 -0.509079
0.062397 0.885399 -0.460624
-0.011533 0.830682 -0.556628
0.016600 0.878048 -0.478284
0.094802 0.788845 -0.607237
-0.073793 0.898632 -0.432453
-0.048173 0.846373 -0.530408
0.003729 0.820529 -0.571592
-0.077296 0.840768 -0.535849
0.129587 0.832891 -0.538052
0.000708 0.851464 -0.524413
-0.110765 0.852022 -0.511653
-0.060176 0.877443 -0.475891
-0.069710 0.872782 -0.483107
0.088333 0.881945 -0.463001
0.176896 0.796555 -0.578107
-0.131819 0.853776 -0.503676
0.106295 0.839359 -0.533083
0.017168 0.856547 -0.515784
0.018304 0.851838 -0.523485
0.044005 0.849350 -0.525992
-0.006616 0.795778 -0.605553
-0.040314 0.892962 -0.448324
0.032480 0.862166 -0.505584
0.148886 0.851622 -0.502567
-0.071513 0.826613 -0.558209
-0.015926 0.903064 -0.429211
-0.028882 0.849583 -0.526664
-0.042387 0.846781 -0.530250
0.100884 0.801724 -0.589119
0.075065 0.771838 -0.631372
-0.033563 0.858391 -0.511897
-0.053659 0.788694 -0.612440
-0.105793 0.781889 -0.614376
-0.033676 0.867494 -0.496307
-0.012743 0.797372 -0.603353
0.027691 0.851837 -0.523074
-0.058304 0.835180 -0.546877
-0.084261 0.852757 -0.515466
-0.096970 0.820266 -0.563702
-0.139204 0.846999 -0.513045
-0.046374 0.871038 -0.489023
0.027294 0.835194 -0.549278
-0.024376 0.856164 -0.516129
0.197763 0.872471 -0.446861
0.170746 0.874221 -0.454514
0.095828 0.845671 -0.525032
0.068190 0.882412 -0.465510
-0.013856 0.787135 -0.616626
0.014012 0.883739 -0.467770
-0.120829 0.836681 -0.534196
-0.004678 0.914730 -0.404039
0.084531 0.840084 -0.535830
0.095125 0.925196 -0.367375
0.042590 0.874130 -0.483821
0.065184 0.828640 -0.555973
0.266697 0.840119 -0.472305
-0.042111 0.808474 -0.587024
-0.075928 0.876778 -0.474863
0.154970 0.844239 -0.513074
-0.004024 0.847260 -0.531163
-0.016934 0.857249 -0.514623
-0.048268 0.867976 -0.494254
0.020561 0.879930 -0.474659
-0.078301 0.810639 -0.580287
0.075319 0.812952 -0.577440
0.084552 0.893398 -0.441238
0.066138 0.857173 -0.510764
-0.098474 0.880663 -0.463395
0.091427 0.836805 -0.539814
0.148210 0.864979 -0.479422
-0.107067 0.882421 -0.458116
-0.117773 0.856680 -0.502224
0.119346 0.917006 -0.380599
0.063579 0.832327 -0.550626
-0.072884 0.865054 -0.496356
-0.058298 0.827634 -0.558232
-0.105697 0.867065 -0.486854
-0.162834 0.837384 -0.521797
-0.012305 0.772601 -0.634773
-0.063986 0.773415 -0.630663
0.125894 0.737042 -0.664017
-0.155222 0.784637 -0.600209
-0.013277 0.891891 -0.452055
0.028534 0.833798 -0.551332
-0.019118 0.913319 -0.406796
-0.038189 0.823820 -0.565563
0.084193 0.847200 -0.524560
0.038510 0.915217 -0.401116
-0.087744 0.785097 -0.613126
-0.058864 0.794223 -0.604768
-0.044224 0.829297 -0.557055
-0.061587 0.849791 -0.523510
-0.000216 0.846272 -0.532751
-0.073232 0.935749 -0.344980
0.114444 0.761026 -0.638547
0.061079 0.797995 -0.599561
-0.113979 0.801046 -0.587651
-0.186657 0.870559 -0.455286
-0.106468 0.866329 -0.487995
0.090001 0.833379 -0.545325
0.056103 0.898402 -0.435575
0.075414 0.913219 -0.400429
-0.062522 0.811075 -0.581591
0.120213 0.908886 -0.399344
-0.024345 0.828872 -0.558909
-0.063768 0.842312 -0.535205
0.001566 0.849626 -0.527383
-0.049494 0.911311 -0.408734
-0.046922 0.793938 -0.606185
-0.027293 0.836882 -0.546702
-0.095155 0.869298 -0.485043
0.061116 0.872058 -0.485571
-0.046861 0.863721 -0.501786
0.110613 0.802272 -0.586620
0.046887 0.918806 -0.391914
-0.084443 0.847284 -0.524385
-0.088003 0.867279 -0.489983
0.031839 0.806584 -0.590261
-0.067011 0.896145 -0.438672
0.045050 0.875957 -0.480281
-0.141851 0.883910 -0.445626
0.018955 0.824916 -0.564937
-0.050638 0.842779 -0.535873
-0.049303 0.831044 -0.554017
0.041397 0.820874 -0.569606
-0.040246 0.859996 -0.508711
-0.052237 0.845711 -0.531079
-0.245283 0.828881 -0.502785
0.004664 0.836795 -0.547497
0.095723 0.805423 -0.584920
-0.047836 0.841346 -0.538376
0.006031 0.857410 -0.514598
-0.060268 0.855910 -0.513601
0.026207 0.883326 -0.468027
-0.075913 0.912484 -0.402007
0.058000 0.870611 -0.488542
-0.159590 0.895633 -0.415179
-0.014462 0.887893 -0.459823
-0.085574 0.862964 -0.497967
-0.012007 0.877361 -0.479680
0.012810 0.864557 -0.502372
0.038409 0.851708 -0.522608
-0.096709 0.892859 -0.439831
0.004972 0.861756 -0.507298
0.029360 0.808166 -0.588223
-0.114089 0.867985 -0.483307
-0.078454 0.814976 -0.574159
0.036876 0.840288 -0.540885
-0.023283 0.812915 -0.581917
-0.084249 0.914118 -0.396599
-0.081549 0.929216 -0.360425
0.075257 0.786094 -0.613508
0.046993 0.919574 -0.390095
0.042689 0.816839 -0.575284
-0.068093 0.855652 -0.513053
0.033765 0.906048 -0.421825
0.043295 0.896043 -0.441851
0.081866 0.858813 -0.505705
0.042632 0.864191 -0.501355
0.105455 0.812075 -0.573946
-0.065391 0.799903 -0.596556
0.043069 0.856238 -0.514782
0.030390 0.847867 -0.529337
-0.150878 0.886563 -0.437312
0.085225 0.868306 -0.488652
0.063729 0.818790 -0.570544
-0.048912 0.807627 -0.587662
-0.053438 0.845506 -0.531285
-0.154640 0.849866 -0.503801
0.011822 0.846907 -0.531610
-0.021290 0.893031 -0.449491
-0.013374 0.874161 -0.485451
-0.199168 0.872160 -0.446843
-0.061171 0.821304 -0.567202
-0.015786 0.798650 -0.601588
0.096579 0.850899 -0.516375
-0.072473 0.903851 -0.421664
-0.007696 0.913870 -0.405935
-0.093213 0.832186 -0.546605
-0.111394 0.727909 -0.676565
0.014304 0.767433 -0.640970
-0.276686 0.841907 -0.463290
-0.017074 0.898677 -0.438278
-0.074569 0.859582 -0.505528
0.054256 0.771007 -0.634511
0.077989 0.844852 -0.529285
-0.225292 0.835796 -0.500688
-0.048917 0.829846 -0.555844
0.041841 0.859934 -0.508688
-0.105345 0.854578 -0.508525
-0.030741 0.890532 -0.453881
-0.115479 0.833549 -0.540241
-0.047176 0.848240 -0.527507
0.021274 0.849664 -0.526895
0.063449 0.871601 -0.486093
-0.138632 0.850065 -0.508105
-0.023863 0.692726 -0.720805
0.019123 0.870859 -0.491161
-0.000633 0.770704 -0.637193
-0.188033 0.902624 -0.387186
-0.008249 0.829393 -0.558605
-0.013289 0.809383 -0.587131
-0.010137 0.917475 -0.397664
-0.007350 0.858037 -0.513535
-0.142374 0.866459 -0.478516
-0.072659 0.821244 -0.565932
-0.030331 0.836359 -0.547343
-0.067530 0.852757 -0.517924
-0.060329 0.755437 -0.652439
0.056454 0.908186 -0.414742
-0.092974 0.828451 -0.552290
0.029150 0.927138 -0.373586
-0.018248 0.802755 -0.596029
0.050732 0.872198 -0.486516
-0.000091 0.908585 -0.417701
-0.173440 0.841960 -0.510903
-0.020654 0.863290 -0.504285
-0.090515 0.853961 -0.512404
-0.122971 0.862866 -0.490244
-0.112860 0.743584 -0.659049
-0.077744 0.822756 -0.563053
-0.083303 0.873966 -0.478794
0.023897 0.868372 -0.495336
-0.036793 0.831724 -0.553968
-0.002545 0.773646 -0.633613
0.068226 0.925279 -0.373099
0.010457 0.870727 -0.491655
-0.051017 0.832104 -0.552268
-0.007948 0.782327 -0.622818
-0.013812 0.892176 -0.451476
-0.091222 0.806504 -0.584148
0.064363 0.862033 -0.502748
0.054746 0.874623 -0.481703
0.078368 0.798815 -0.596450
0.058037 0.755553 -0.652512
0.119091 0.855527 -0.503875
-0.014009 0.821074 -0.570650
0.000302 0.874687 -0.484688
-0.135238 0.838560 -0.527757
-0.069550 0.900766 -0.428701
-0.010186 0.814360 -0.580270
-0.114944 0.812797 -0.571095
0.094500 0.855447 -0.509196
-0.042159 0.681609 -0.730501
0.047564 0.847160 -0.529204
-0.056230 0.750837 -0.658090
0.101083 0.784390 -0.611976
0.040310 0.880310 -0.472683
-0.056337 0.894642 -0.443217
0.069709 0.821553 -0.565854
-0.161100 0.819403 -0.550114
-0.044036 0.844077 -0.534411
0.005404 0.876502 -0.481369
0.071216 0.837688 -0.541486
-0.003397 0.872441 -0.488707
-0.048552 0.849997 -0.524545
0.025630 0.848933 -0.527879
0.135909 0.832508 -0.537084
0.172875 0.886928 -0.428337
-0.158340 0.761649 -0.628347
-0.112470 0.863086 -0.492375
-0.047813 0.914398 -0.401982
-0.005290 0.840049 -0.542485
-0.041409 0.882953 -0.467632
-0.030657 0.861742 -0.506420
0.044832 0.894895 -0.444019
0.146494 0.770833 -0.619965
-0.023061 0.935921 -0.351455
-0.047753 0.837891 -0.543745
0.022727 0.885881 -0.463355
0.087690 0.879540 -0.467674
-0.018362 0.827855 -0.560642
0.031906 0.919788 -0.391116
-0.056393 0.823924 -0.563887
0.028520 0.892673 -0.449802
0.211086 0.788669 -0.577446
-0.028489 0.846023 -0.532384
0.074403 0.706303 -0.703989
0.172190 0.780970 -0.600364
0.050034 0.813170 -0.579871
0.034707 0.844910 -0.533781
0.033852 0.902458 -0.429445
0.027918 0.883374 -0.467837
-0.088995 0.885533 -0.455973
-0.091908 0.798074 -0.595509
-0.032547 0.898075 -0.438637
0.111129 0.854193 -0.507942
0.028808 0.882363 -0.469687
-0.040090 0.845115 -0.533079
-0.068346 0.832508 -0.549781
0.001570 0.876370 -0.481635
0.090579 0.887399 -0.452017
-0.159163 0.871265 -0.464289
0.121273 0.886114 -0.447320
0.031468 0.759363 -0.649906
-0.078058 0.872232 -0.482824
0.025327 0.807276 -0.589631
0.038815 0.869750 -0.491964
-0.068037 0.792031 -0.606677
-0.039396 0.866758 -0.497171
-0.042212 0.818133 -0.573478
-0.005550 0.860060 -0.510163
0.010574 0.752384 -0.658640
0.101316 0.853304 -0.511476
-0.085218 0.904718 -0.417400
0.086328 0.932475 -0.350766
-0.076010 0.868423 -0.489962
-0.103732 0.806081 -0.582643
-0.047214 0.866449 -0.497028
0.118189 0.849917 -0.513491
-0.060942 0.819725 -0.569506
-0.098215 0.897670 -0.429584
0.017861 0.785636 -0.618431
0.189588 0.774121 -0.603982
-0.046247 0.935741 -0.349643
0.130421 0.757132 -0.640110
-0.033821 0.764030 -0.644294
0.050451 0.865967 -0.497550
0.058855 0.859456 -0.507811
0.138323 0.802130 -0.580909
-0.019443 0.884055 -0.466979
-0.031290 0.890144 -0.454605
-0.090868 0.885786 -0.455111
-0.017262 0.875610 -0.482710
-0.051955 0.820152 -0.569782
-0.057588 0.807287 -0.587342
-0.016672 0.755198 -0.655285
-0.002176 0.821745 -0.569851
-0.028723 0.849311 -0.527111
-0.053722 0.845587 -0.531128
-0.136089 0.793109 -0.593681
0.085253 0.900067 -0.427329
-0.054859 0.858265 -0.510267
0.094563 0.855432 -0.509208
-0.133481 0.814142 -0.565115
0.004004 0.837923 -0.545774
0.052727 0.807161 -0.587972
0.046455 0.935502 -0.350254
0.031007 0.805024 -0.592431
0.141483 0.826702 -0.544561
0.002773 0.788045 -0.615612
-0.013529 0.825897 -0.563659
-0.001504 0.790746 -0.612143
0.037661 0.899271 -0.435767
0.072589 0.926084 -0.370269
0.055604 0.744436 -0.665374
0.018679 0.909567 -0.415137
-0.041753 0.827587 -0.559783
0.028726 0.891620 -0.451873
0.009655 0.823072 -0.567855
-0.041413 0.876838 -0.479000
-0.040046 0.792647 -0.608364
-0.104262 0.825154 -0.555203
0.016783 0.823659 -0.566837
0.077762 0.834340 -0.545737
-0.033896 0.869200 -0.493298
-0.028191 0.783807 -0.620364
-0.093448 0.836248 -0.540331
-0.095950 0.817611 -0.567719
0.130844 0.849412 -0.511252
0.017411 0.885658 -0.464011
0.002656 0.814367 -0.580345
0.005018 0.707707 -0.706489
-0.114784 0.761857 -0.637494
-0.067001 0.874587 -0.480217
0.024714 0.891213 -0.452911
-0.029938 0.678716 -0.733790
0.042887 0.877377 -0.477881
0.229979 0.826825 -0.513293
0.033318 0.848060 -0.528852
-0.012173 0.829993 -0.557642
0.000382 0.788312 -0.615276
0.057241 0.890114 -0.452129
-0.050500 0.913909 -0.402766
-0.102418 0.698742 -0.708004
-0.036659 0.877044 -0.479009
0.012914 0.816950 -0.576564
-0.033972 0.854052 -0.519077
-0.029555 0.844523 -0.534703
-0.053581 0.800138 -0.597418
0.016667 0.816878 -0.576570
0.044425 0.866123 -0.497853
0.155946 0.815368 -0.557544
0.116959 0.791540 -0.599821
-0.023799 0.858861 -0.511656
0.042616 0.865285 -0.499465
-0.089362 0.866118 -0.491786
-0.199962 0.854652 -0.479151
-0.110743 0.824519 -0.554892
-0.041955 0.847180 -0.529648
-0.093991 0.878050 -0.469248
0.009598 0.909312 -0.416004
0.043972 0.888088 -0.457565
0.044557 0.853878 -0.518562
0.078351 0.778156 -0.623165
0.077171 0.835051 -0.544734
-0.143818 0.809852 -0.568732
0.042469 0.744843 -0.665887
-0.043977 0.862776 -0.503670
0.013464 0.839613 -0.543018
0.131415 0.800552 -0.584677
0.200134 0.904305 -0.377067
-0.135275 0.853173 -0.503782
-0.097109 0.911525 -0.399615
-0.025718 0.903364 -0.428102
-0.174652 0.858011 -0.483025
-0.082751 0.888211 -0.451922
0.028032 0.845304 -0.533550
0.149309 0.852828 -0.500391
0.161277 0.824930 -0.541738
-0.046057 0.726991 -0.685101
0.026334 0.853989 -0.519625
0.073641 0.838329 -0.540168
-0.057991 0.842341 -0.535816
0.000298 0.865254 -0.501334
-0.069185 0.792920 -0.605385
-0.032510 0.889658 -0.455468
0.139063 0.828386 -0.542621
0.141603 0.765257 -0.627957
-0.152663 0.776125 -0.611820
0.116821 0.775545 -0.620390
0.094104 0.917365 -0.386762
-0.178835 0.851275 -0.493304
-0.252618 0.790787 -0.557531
-0.104853 0.805366 -0.583431
0.104564 0.868702 -0.484174
-0.032235 0.814223 -0.579657
-0.092153 0.891489 -0.443571
-0.065934 0.876424 -0.477004
0.108900 0.885087 -0.452507
-0.128615 0.954382 -0.269469
-0.046518 0.822262 -0.567205
-0.071432 0.813738 -0.576826
-0.068016 0.843954 -0.532086
0.013122 0.802082 -0.597070
0.109709 0.834703 -0.539661
0.044014 0.877882 -0.476849
0.064161 0.840804 -0.537524
-0.150635 0.905229 -0.397327
0.066389 0.823878 -0.562866
0.062769 0.817676 -0.572247
0.001729 0.819248 -0.573437
0.109566 0.883121 -0.456172
-0.004001 0.876462 -0.481454
0.041683 0.927522 -0.371436
0.113811 0.750478 -0.651022
0.132602 0.819750 -0.557159
0.005792 0.846328 -0.532631
-0.074745 0.869327 -0.488553
0.043006 0.850317 -0.524510
0.046263 0.842628 -0.536505
-0.005399 0.805620 -0.592408
0.053955 0.841212 -0.538007
-0.022353 0.838505 -0.544436
0.040844 0.931757 -0.360778
0.091056 0.876000 -0.473639
-0.164575 0.863419 -0.476889
-0.137203 0.836597 -0.530359
0.032123 0.922197 -0.385384
-0.014355 0.852719 -0.522172
0.101183 0.885260 -0.453957
0.182398 0.887080 -0.424051
-0.107587 0.717152 -0.688562
-0.046614 0.811389 -0.582645
0.010498 0.874767 -0.484431
-0.010408 0.846336 -0.532548
-0.021957 0.860248 -0.509404
-0.036239 0.885786 -0.462676
-0.047734 0.791215 -0.609672
-0.062083 0.730186 -0.680422
-0.123950 0.826123 -0.549688
0.105198 0.844939 -0.524415
-0.020288 0.853318 -0.520995
0.016883 0.889104 -0.457394
-0.066551 0.785876 -0.614793
0.034666 0.818029 -0.574131
0.012947 0.909976 -0.414459
-0.016926 0.933104 -0.359209
0.014819 0.903673 -0.427967
-0.080741 0.770967 -0.631736
-0.022622 0.810364 -0.585489
-0.003500 0.870150 -0.492774
0.111069 0.889012 -0.444208
0.028860 0.824580 -0.565009
-0.027087 0.855908 -0.516419
-0.015288 0.859623 -0.510701
0.008173 0.847498 -0.530736
0.007234 0.819224 -0.573428
-0.030601 0.905827 -0.422541
0.011319 0.892830 -0.450252
-0.222148 0.812592 -0.538837
0.124573 0.886642 -0.445362
0.045283 0.880581 -0.471727
-0.001586 0.839022 -0.544095
0.092840 0.862085 -0.498187
-0.128807 0.841624 -0.524479
-0.004395 0.798059 -0.602564
0.011727 0.743115 -0.669060
0.012962 0.855414 -0.517783
0.003710 0.827870 -0.560908
-0.016226 0.782777 -0.622090
-0.003284 0.869908 -0.493204
0.151661 0.877693 -0.454592
-0.030763 0.911963 -0.409118
0.038344 0.811117 -0.583626
-0.077652 0.891629 -0.446059
-0.025922 0.795939 -0.604822
-0.005262 0.766406 -0.642335
-0.090102 0.871255 -0.482491
-0.050207 0.743952 -0.666345
0.141386 0.789329 -0.597469
-0.141075 0.845013 -0.515801
0.029863 0.861591 -0.506725
-0.030069 0.838206 -0.544523
-0.162247 0.825619 -0.540398
-0.103279 0.883972 -0.455989
0.107974 0.740496 -0.663331
0.070682 0.948723 -0.308106
-0.108561 0.870803 -0.479496
-0.165021 0.781617 -0.601534
0.046874 0.851074 -0.522950
0.036531 0.846694 -0.530824
0.037541 0.848699 -0.527541
-0.020293 0.843242 -0.537151
-0.135051 0.867814 -0.478184
0.090259 0.840713 -0.533905
-0.027444 0.859262 -0.510799
0.026797 0.842118 -0.538627
-0.080191 0.932982 -0.350877
0.114701 0.853401 -0.508478
0.097042 0.915526 -0.390377
0.087904 0.900289 -0.426324
-0.196380 0.819071 -0.539035
0.012701 0.866350 -0.499275
-0.081179 0.913042 -0.399705
-0.041237 0.918191 -0.393986
0.064531 0.753193 -0.654626
-0.061186 0.773927 -0.630312
-0.220096 0.834812 -0.504625
-0.074173 0.857897 -0.508440
-0.044366 0.866276 -0.497592
0.118435 0.859006 -0.498079
-0.064396 0.866523 -0.494966
-0.069580 0.840404 -0.537475
0.096764 0.898627 -0.427909
0.040089 0.863813 -0.502215
-0.131234 0.867545 -0.479732
-0.024844 0.887518 -0.460103
-0.056392 0.870799 -0.488394
0.148122 0.878656 -0.453899
-0.072349 0.881259 -0.467064
-0.047014 0.876527 -0.479051
-0.010929 0.891953 -0.451996
0.039613 0.808669 -0.586928
0.079665 0.880470 -0.467360
-0.074731 0.834920 -0.545274
0.136398 0.812064 -0.567405
0.071611 0.860488 -0.504414
-0.086348 0.831403 -0.548921
-0.136186 0.773117 -0.619470
0.139324 0.876829 -0.460174
0.085974 0.809749 -0.580444
-0.127844 0.822984 -0.553492
0.237892 0.836835 -0.493066
0.115763 0.785685 -0.607698
-0.015362 0.900832 -0.433896
-0.088713 0.817756 -0.568687
-0.005528 0.857335 -0.514729
-0.052654 0.872911 -0.485029
0.022338 0.774947 -0.631631
0.055214 0.846128 -0.530113
-0.152796 0.851445 -0.501692
-0.021991 0.873158 -0.486940
-0.061648 0.900944 -0.429533
-0.065626 0.847554 -0.526635
0.057559 0.817072 -0.573656
0.006661 0.861823 -0.507165
-0.073664 0.860490 -0.504114
-0.034757 0.800992 -0.597665
-0.043628 0.850950 -0.523432
-0.040769 0.809475 -0.585737
-0.133441 0.873775 -0.467665
-0.101612 0.920427 -0.377478
0.019833 0.755053 -0.655364
0.015389 0.851167 -0.524669
-0.059508 0.904364 -0.422592
0.062935 0.813955 -0.577509
0.099560 0.876307 -0.471352
0.011307 0.848584 -0.528940
0.004520 0.888533 -0.458791
0.122289 0.828420 -0.546595
0.026275 0.831781 -0.554481
0.037993 0.872674 -0.486823
-0.130879 0.875025 -0.466049
-0.042944 0.814660 -0.578347
-0.002815 0.763945 -0.645275
-0.046203 0.883716 -0.465737
-0.101066 0.780310 -0.617173
0.023160 0.899471 -0.436365
-0.138825 0.847406 -0.512476
0.002723 0.765561 -0.643358
-0.003229 0.890330 -0.455305
-0.002506 0.869798 -0.493402
0.023016 0.829476 -0.558068
-0.024425 0.745057 -0.666553
0.116227 0.835292 -0.537381
0.135266 0.885976 -0.443565
0.192825 0.812543 -0.550084
0.142183 0.788519 -0.598350
0.058530 0.894644 -0.442930
0.169163 0.858316 -0.484435
0.161734 0.841550 -0.515399
0.107232 0.816745 -0.566946
0.067659 0.836631 -0.543572
0.160616 0.883574 -0.439885
0.179915 0.884914 -0.429601
0.081564 0.876342 -0.474733
0.044128 0.835452 -0.547789
0.117586 0.793805 -0.596696
0.131945 0.856693 -0.498666
0.397582 0.733719 -0.550986
0.150025 0.826384 -0.542755
0.273439 0.800385 -0.533493
0.098077 0.836706 -0.538799
0.133329 0.886995 -0.442113
0.147708 0.870616 -0.469266
0.121271 0.796960 -0.591734
0.342615 0.780847 -0.522391
0.192222 0.845105 -0.498847
0.204683 0.785601 -0.583897
0.170094 0.863417 -0.474952
0.230887 0.790418 -0.567389
0.313928 0.732443 -0.604133
0.035262 0.796167 -0.604049
0.195578 0.891698 -0.408195
0.176387 0.803322 -0.568824
0.212673 0.858959 -0.465790
0.264292 0.773066 -0.576644
0.319009 0.851244 -0.416673
0.299202 0.803528 -0.514607
0.376661 0.753030 -0.539511
0.303674 0.852888 -0.424692
0.324493 0.829355 -0.454835
0.074916 0.807028 -0.585742
0.325206 0.839563 -0.435172
0.208105 0.750809 -0.626880
0.340962 0.833201 -0.435339
0.414045 0.732004 -0.541052
0.289880 0.765014 -0.575086
0.247677 0.842540 -0.478311
0.219525 0.852271 -0.474809
0.311833 0.809562 -0.497363
0.191118 0.779105 -0.597050
0.472593 0.705054 -0.528730
0.268622 0.739710 -0.616986
0.440752 0.676293 -0.590224
0.511635 0.674798 -0.531862
0.284294 0.834652 -0.471733
0.354076 0.672639 -0.649758
0.366511 0.837843 -0.404585
0.543061 0.697702 -0.467222
0.459505 0.706472 -0.538286
0.518763 0.700970 -0.489414
0.415983 0.686587 -0.596286
0.612416 0.645665 -0.456139
0.485715 0.678820 -0.550713
0.307283 0.758426 -0.574776
0.210576 0.739626 -0.639227
0.470199 0.636018 -0.611878
0.482767 0.762090 -0.431457
0.457764 0.705636 -0.540861
0.550992 0.610857 -0.568561
0.537349 0.704216 -0.464042
0.550005 0.641300 -0.535003
0.620631 0.655940 -0.429604
0.528653 0.726036 -0.439770
0.501932 0.699921 -0.508109
0.374557 0.756310 -0.536379
0.583315 0.564971 -0.583569
0.457579 0.599623 -0.656562
0.411915 0.826119 -0.384516
0.462870 0.715556 -0.523194
0.567409 0.672537 -0.475122
0.478351 0.735934 -0.479148
0.573132 0.650577 -0.498266
0.494136 0.594076 -0.634747
0.544988 0.698510 -0.463757
0.490242 0.608222 -0.624283
0.489280 0.595160 -0.637486
0.654697 0.536438 -0.532546
0.609110 0.630956 -0.480499
0.576304 0.649730 -0.495706
0.507100 0.750462 -0.423860
0.622874 0.627533 -0.467151
0.586783 0.648610 -0.484759
0.607152 0.530180 -0.591841
0.618938 0.668183 -0.412853
0.601004 0.639492 -0.479421
0.622149 0.657049 -0.425696
0.566806 0.589976 -0.575031
0.749038 0.500297 -0.434332
0.597990 0.571688 -0.561766
0.563488 0.598702 -0.569243
0.690728 0.517341 -0.505225
0.511550 0.702189 -0.495224
0.703122 0.477254 -0.527114
0.580365 0.658963 -0.478480
0.690515 0.453704 -0.563331
0.581647 0.504462 -0.638126
0.641835 0.545472 -0.538988
0.541080 0.703227 -0.461199
0.545375 0.688597 -0.477913
0.658780 0.568371 -0.492914
0.695310 0.429453 -0.576293
0.706857 0.578601 -0.406908
0.637692 0.506052 -0.580741
0.721405 0.437250 -0.537017
0.758124 0.382953 -0.527822
0.584022 0.631945 -0.509473
0.677129 0.570255 -0.465087
0.714133 0.409838 -0.567492
0.788993 0.436206 -0.432683
0.757200 0.345967 -0.554035
0.614078 0.466640 -0.636518
0.739622 0.530705 -0.413897
0.718810 0.441651 -0.536896
0.683099 0.389325 -0.617901
0.642763 0.481049 -0.596195
0.608346 0.398719 -0.686249
0.770481 0.465394 -0.435623
0.722260 0.332582 -0.606407
0.707959 0.427531 -0.562149
0.695058 0.443965 -0.565500
0.759958 0.422381 -0.494023
0.782443 0.343131 -0.519658
0.785394 0.449738 -0.425314
0.717375 0.378920 -0.584630
0.733917 0.289118 -0.614636
0.663412 0.275303 -0.695767
0.736311 0.445847 -0.508985
0.728971 0.437955 -0.526114
0.725670 0.427989 -0.538729
0.749246 0.376068 -0.545164
0.746057 0.378166 -0.548078
0.781610 0.308062 -0.542387
0.861799 0.313938 -0.398429
0.736117 0.268795 -0.621193
0.798649 0.418284 -0.432664
0.856240 0.345298 -0.384217
0.737469 0.422937 -0.526558
0.836192 0.184609 -0.516432
0.882547 0.111614 -0.456785
0.731411 0.202264 -0.651251
0.857913 0.248025 -0.449966
0.773772 0.275530 -0.570404
0.835209 0.181652 -0.519065
0.842762 0.226332 -0.488391
0.755887 0.180362 -0.629369
0.794664 0.228431 -0.562431
0.827701 0.389485 -0.403996
0.883362 0.118106 -0.453567
0.815942 0.212390 -0.537707
0.597234 0.386889 -0.702587
0.841489 0.204913 -0.499906
0.836191 0.236905 -0.494632
0.807071 0.173039 -0.564530
0.756205 0.300684 -0.581156
0.800722 0.139281 -0.582619
0.841628 0.213519 -0.496056
0.873146 0.030482 -0.486505
0.842756 0.246648 -0.478463
0.944465 0.209044 -0.253549
0.829393 0.228035 -0.510007
0.797751 0.171599 -0.578055
0.814262 0.138936 -0.563626
0.781327 0.194741 -0.592962
0.847515 0.030160 -0.529914
0.851991 0.044363 -0.521674
0.822958 0.079610 -0.562497
0.884533 0.116091 -0.451801
0.787847 0.094506 -0.608577
0.797067 0.115242 -0.592793
0.836588 0.258947 -0.482771
0.808344 0.064743 -0.585140
0.747999 0.133988 -0.650034
0.882136 0.185589 -0.432889
0.916676 0.010380 -0.399496
0.879754 0.181157 -0.439563
0.935041 0.034804 -0.352828
0.730819 0.033494 -0.681749
0.824295 0.067518 -0.562120
0.848797 -0.083579 -0.522071
0.813485 0.062878 -0.578177
0.868313 0.082656 -0.489081
0.870518 0.004576 -0.492115
0.846775 -0.010546 -0.531847
0.849670 -0.045070 -0.525384
0.879358 0.103206 -0.464842
0.775782 0.094875 -0.623828
0.890454 -0.025407 -0.454364
0.871927 0.015344 -0.489395
0.842578 0.148329 -0.517746
0.828179 0.122290 -0.546959
0.905421 0.087051 -0.415494
0.788049 0.030330 -0.614865
0.853978 -0.081987 -0.513810
0.778509 -0.049594 -0.625672
0.879035 0.009874 -0.476654
0.881855 0.029511 -0.470597
0.864660 0.106157 -0.491012
0.888492 0.017815 -0.458546
0.827876 0.001572 -0.560909
0.839208 0.094942 -0.535458
0.771505 -0.039597 -0.634989
0.800874 -0.066009 -0.595183
0.876342 0.103033 -0.470541
0.847117 0.073749 -0.526265
0.749621 0.131523 -0.648668
0.899104 -0.154076 -0.409722
0.805229 0.060380 -0.589882
0.853194 0.043156 -0.519805
0.770465 -0.005438 -0.637459
0.829200 0.103410 -0.549302
0.840147 -0.099560 -0.533142
0.882244 -0.087925 -0.462509
0.881775 -0.061876 -0.467595
0.829925 0.032418 -0.556933
0.823261 0.001393 -0.567661
0.893879 0.178983 -0.411030
0.876482 0.022949 -0.480888
0.734840 -0.184586 -0.652639
0.878110 0.066957 -0.473750
0.862394 -0.014094 -0.506041
0.862865 0.142185 -0.485023
0.898365 0.036539 -0.437726
0.819651 -0.038085 -0.571596
0.885940 -0.063833 -0.459386
0.803801 -0.024475 -0.594395
0.870157 0.071625 -0.487541
0.788253 -0.056051 -0.612794
0.930008 -0.060534 -0.362519
0.854038 -0.006976 -0.520163
0.888041 -0.067685 -0.454755
0.838791 0.033960 -0.543393
0.783395 0.042688 -0.620056
0.858732 0.008136 -0.512361
0.857943 -0.057466 -0.510521
0.855617 0.106742 -0.506484
0.847659 0.055477 -0.527632
0.885455 -0.125431 -0.447477
0.838174 -0.026719 -0.544748
0.777058 -0.147167 -0.611982
0.799372 -0.042951 -0.599299
0.854896 -0.055620 -0.515809
0.888861 -0.017372 -0.457848
0.833728 0.273693 -0.479572
0.898869 -0.022126 -0.437658
0.894114 -0.041569 -0.445906
0.811646 -0.039356 -0.582823
0.784702 0.098708 -0.611964
0.856429 -0.013067 -0.516100
0.796565 0.058354 -0.601730
0.818407 0.003004 -0.574631
0.824349 0.000869 -0.566081
0.879112 0.017368 -0.476298
0.814658 -0.019379 -0.579617
0.888221 0.057939 -0.455749
0.809487 0.036399 -0.586008
0.813553 -0.105359 -0.571866
0.775387 -0.012360 -0.631365
0.763289 -0.134771 -0.631844
0.837307 -0.052663 -0.544191
0.912579 -0.007962 -0.408822
0.853536 -0.018237 -0.520714
0.821577 -0.052946 -0.567633
0.870408 -0.079446 -0.485879
0.882244 -0.146169 -0.447527
0.858078 -0.025727 -0.512875
0.906627 0.020485 -0.421435
0.825811 0.030267 -0.563134
0.852766 -0.023104 -0.521781
0.849528 -0.113522 -0.515185
0.850976 -0.129316 -0.509036
0.825012 0.022591 -0.564664
0.870043 -0.110077 -0.480529
0.855381 -0.065241 -0.513874
0.893069 -0.009223 -0.449824
0.753164 0.145457 -0.641550
0.808867 -0.090000 -0.581062
0.811904 0.080160 -0.578261
0.764887 0.056964 -0.641641
0.868481 -0.096062 -0.486325
0.898254 -0.024453 -0.438796
0.813634 -0.000109 -0.581378
0.783236 0.099454 -0.613718
0.785204 -0.047812 -0.617389
0.864160 -0.049205 -0.500806
0.880158 -0.137474 -0.454337
0.809854 -0.009821 -0.586549
0.831258 -0.000685 -0.555886
0.810762 -0.082916 -0.579475
0.824123 0.014571 -0.566224
0.889295 -0.127203 -0.439289
0.881255 0.104224 -0.461007
0.812616 -0.021789 -0.582392
0.851003 0.000314 -0.525161
0.839361 0.051989 -0.541083
0.900437 0.067360 -0.429740
0.835453 0.157531 -0.526500
0.813329 0.041839 -0.580298
0.866931 -0.069741 -0.493526
0.863059 -0.059098 -0.501633
0.852437 -0.065766 -0.518678
0.896081 0.089543 -0.434766
0.795761 0.006949 -0.605570
0.853321 0.150292 -0.499254
0.866957 -0.125699 -0.482272
0.846715 -0.068867 -0.527572
0.826551 -0.028793 -0.562125
0.906173 0.054484 -0.419383
0.815964 -0.070203 -0.573825
0.774095 -0.030550 -0.632332
0.849659 0.004199 -0.527316
0.770768 -0.097281 -0.629646
0.800172 0.010623 -0.599677
0.842104 0.061519 -0.535795
0.863835 -0.011517 -0.503644
0.903798 0.059679 -0.423778
0.905941 0.046880 -0.420801
0.858413 -0.084649 -0.505926
0.876867 -0.080684 -0.473915
0.732515 0.026786 -0.680224
0.811775 0.142885 -0.566220
0.753715 0.034037 -0.656320
0.864870 0.032134 -0.500966
0.876286 -0.002276 -0.481787
0.842509 -0.028247 -0.537942
0.867383 -0.053059 -0.494805
0.876154 -0.067583 -0.477269
0.821298 0.030120 -0.569703
0.855355 0.052684 -0.515357
0.876021 0.015331 -0.482030
0.809066 -0.072450 -0.583235
0.898496 -0.041258 -0.437038
0.856479 0.068014 -0.511681
0.916490 0.085917 -0.390723
0.803843 0.000987 -0.594841
0.930462 -0.014861 -0.366087
0.848871 0.073501 -0.523466
0.923059 0.023350 -0.383949
0.872344 -0.061151 -0.485053
0.859523 -0.084721 -0.504027
0.833825 -0.020951 -0.551631
0.830739 -0.044944 -0.554844
0.829254 -0.160797 -0.535240
0.849120 -0.024124 -0.527648
0.802707 0.052144 -0.594090
0.903501 -0.022953 -0.427970
0.856316 -0.099967 -0.506684
0.888542 0.034879 -0.457467
0.874459 -0.076617 -0.479010
0.792700 -0.034612 -0.608629
0.786433 -0.085997 -0.611660
0.830468 -0.110065 -0.546085
0.913655 -0.044066 -0.404096
0.854729 0.043812 -0.517222
0.752788 -0.007313 -0.658222
0.861377 -0.016035 -0.507714
0.789144 0.004716 -0.614190
0.805588 0.019995 -0.592138
0.813502 0.048860 -0.579506
0.896113 0.007816 -0.443758
0.851233 -0.027351 -0.524074
0.811479 -0.089836 -0.577435
0.781092 -0.195160 -0.593134
0.793153 0.226105 -0.565495
0.877984 -0.016314 -0.478412
0.867615 -0.150380 -0.473951
0.787560 0.134770 -0.601321
0.890956 -0.050158 -0.451311
0.869363 -0.035712 -0.492882
0.885648 0.175669 -0.429845
0.747246 0.104618 -0.656261
0.884162 -0.053744 -0.464079
0.906223 -0.126531 -0.403422
0.830909 0.050609 -0.554102
0.859341 -0.083507 -0.504540
0.839175 -0.042199 -0.542221
0.791074 -0.033826 -0.610785
0.826621 -0.011094 -0.562649
0.788479 0.013304 -0.614917
0.852953 0.002843 -0.521979
0.871777 0.055704 -0.486726
0.811104 0.015984 -0.584684
0.891372 0.004475 -0.453250
0.877742 -0.020283 -0.478704
0.915725 -0.026436 -0.400936
0.732783 -0.136996 -0.666530
0.859247 -0.055405 -0.508551
0.830464 0.024608 -0.556529
0.878598 -0.021994 -0.477056
0.834968 -0.100303 -0.541081
0.878081 -0.008524 -0.478436
0.825533 0.015586 -0.564138
0.897930 -0.071917 -0.434223
0.825462 -0.068107 -0.560333
0.901183 0.023038 -0.432827
0.839662 -0.077427 -0.537562
0.854985 0.281448 -0.435647
0.867206 0.057938 -0.494568
0.930563 -0.020807 -0.365541
0.838321 -0.048215 -0.543040
0.839295 -0.277907 -0.467281
0.676983 0.133633 -0.723765
0.884800 -0.184434 -0.427917
0.901051 0.200873 -0.384391
0.874387 -0.108953 -0.472838
0.863790 0.029550 -0.502984
0.800919 0.034639 -0.597770
0.867312 0.060052 -0.494130
0.846083 -0.033690 -0.531986
0.863522 -0.009719 -0.504217
0.924470 -0.089578 -0.370581
0.845941 -0.130461 -0.517073
0.883671 -0.000146 -0.468109
0.888842 0.096128 -0.448017
0.805417 0.162189 -0.570086
0.819612 -0.083643 -0.566781
0.840785 -0.131097 -0.525256
0.928616 -0.074611 -0.363463
0.708868 0.095609 -0.698831
0.832151 0.018309 -0.554247
0.887942 -0.132224 -0.440539
0.804972 -0.112960 -0.582461
0.805926 0.072646 -0.587542
0.884422 0.010127 -0.466578
0.793950 -0.140126 -0.591615
0.859330 0.026856 -0.510716
0.878644 -0.023198 -0.476913
0.888521 -0.023970 -0.458210
0.840373 -0.069125 -0.537583
0.937033 0.047307 -0.346022
0.791948 0.033403 -0.609674
0.773938 0.057332 -0.630660
0.847103 0.078276 -0.525632
0.902588 0.120471 -0.413305
0.805277 0.103169 -0.583854
0.848464 0.046959 -0.527166
0.837365 -0.095865 -0.538172
0.804754 -0.012772 -0.593471
0.872249 -0.095486 -0.479651
0.876637 -0.001830 -0.481149
0.802789 -0.203294 -0.560537
0.869999 0.047003 -0.490807
0.908746 0.062325 -0.412669
0.817420 -0.050694 -0.573807
0.839954 -0.053898 -0.539975
0.909553 -0.005895 -0.415547
0.774214 0.028841 -0.632267
0.834891 0.085497 -0.543734
0.817401 0.058573 -0.573084
0.906747 -0.095449 -0.410730
0.871176 0.027912 -0.490177
0.855800 -0.015034 -0.517089
0.811521 -0.029554 -0.583576
0.866818 0.139669 -0.478664
0.825714 0.013014 -0.563939
0.839118 -0.033283 -0.542930
0.833389 -0.028377 -0.551957
0.845112 -0.116189 -0.521811
0.881861 -0.069038 -0.466427
0.803340 -0.040179 -0.594163
0.907088 -0.045364 -0.418489
0.895738 0.078711 -0.437559
0.844393 0.014208 -0.535536
0.788531 0.038949 -0.613760
0.804605 -0.037195 -0.592644
0.939501 -0.000079 -0.342545
0.827681 0.041444 -0.559666
0.809287 0.147541 -0.568583
0.869760 0.037724 -0.492030
0.869086 0.004782 -0.494639
0.841118 0.045855 -0.538903
0.777605 -0.023233 -0.628324
0.851026 -0.047294 -0.522989
0.861450 0.072181 -0.502686
0.788277 0.109141 -0.605564
0.788550 0.093762 -0.607781
0.831783 -0.106081 -0.544871
0.824890 -0.032759 -0.564343
0.810436 0.079908 -0.580351
0.728960 0.120918 -0.673792
0.778642 -0.045047 -0.625850
0.855241 -0.024914 -0.517631
0.764538 -0.197467 -0.613587
0.887727 -0.067098 -0.455454
0.831551 0.072784 -0.550658
0.737572 -0.101028 -0.667669
0.850918 -0.098155 -0.516046
0.828168 0.018534 -0.560174
0.751324 -0.107627 -0.651098
0.787199 0.046213 -0.614966
0.808979 0.118203 -0.575831
0.860232 0.061531 -0.506176
0.812169 0.020281 -0.583069
0.830086 0.014281 -0.557453
0.801121 -0.008845 -0.598438
0.829510 -0.047172 -0.556496
0.764314 0.201670 -0.612498
0.824304 0.056089 -0.563363
0.897170 0.055634 -0.438168
0.752127 0.012338 -0.658903
0.803751 0.055609 -0.592361
0.835028 0.001231 -0.550206
0.773534 0.160426 -0.613114
0.859213 -0.079337 -0.505429
0.795398 0.078114 -0.601033
0.862881 -0.079606 -0.499099
0.835822 0.282482 -0.470751
0.866714 0.109100 -0.486727
0.860985 0.025204 -0.508006
0.757598 -0.097486 -0.645401
0.818928 -0.027369 -0.573244
0.816958 -0.110207 -0.566070
0.834270 0.073945 -0.546376
0.854740 -0.077216 -0.513281
0.841394 -0.067506 -0.536189
0.820373 -0.009255 -0.571754
0.790647 -0.051735 -0.610083
0.800264 -0.150006 -0.580582
0.853485 0.034211 -0.519994
0.857930 0.009766 -0.513674
0.843711 -0.038386 -0.535424
0.858953 0.029428 -0.511209
0.853170 -0.119240 -0.507822
0.922710 -0.030483 -0.384287
0.809146 -0.013830 -0.587445
0.814941 -0.050270 -0.577359
0.908955 0.004979 -0.416865
0.829576 0.018870 -0.558075
0.811438 0.119924 -0.572002
0.860321 0.000747 -0.509753
0.887096 -0.033714 -0.460353
0.809815 0.059288 -0.583682
0.812975 0.015882 -0.582083
0.849119 0.180899 -0.496258
0.894263 0.024325 -0.446881
0.865579 -0.011324 -0.500644
0.796274 0.088472 -0.598432
0.940932 -0.024216 -0.337729
0.758731 0.033177 -0.650559
0.804540 0.027852 -0.593244
0.834476 -0.027799 -0.550343
0.788339 -0.008253 -0.615186
0.771855 0.058249 -0.633124
0.854251 0.166151 -0.492595
0.884571 -0.042389 -0.464475
0.819612 -0.054668 -0.570305
0.875346 0.017857 -0.483168
0.900161 -0.027920 -0.434662
0.847450 -0.003632 -0.530862
0.755840 0.006722 -0.654722
0.847405 -0.047704 -0.528800
0.841188 -0.041165 -0.539173
0.887399 0.104908 -0.448908
0.827517 -0.009962 -0.561352
0.857275 0.040694 -0.513248
0.838354 0.077018 -0.539658
0.913976 0.067854 -0.400056
0.835899 0.118106 -0.536025
0.817088 0.060420 -0.573338
0.834578 -0.058018 -0.547826
0.831401 0.009357 -0.555594
0.814151 0.012631 -0.580516
0.747317 -0.097587 -0.657262
0.821516 0.047493 -0.568203
0.917663 -0.037092 -0.395625
0.811215 -0.045381 -0.582985
0.852518 -0.102034 -0.512641
0.842188 -0.003175 -0.539175
0.796065 -0.028831 -0.604524
0.901639 0.020145 -0.432019
0.877946 -0.027975 -0.477941
0.766053 0.075035 -0.638383
0.832585 0.133081 -0.537672
0.755400 -0.112965 -0.645453
0.926904 -0.030886 -0.374025
0.826134 -0.054202 -0.560860
0.830040 -0.148218 -0.537647
0.887416 -0.059761 -0.457080
0.859087 -0.123924 -0.496601
0.823916 -0.090062 -0.559510
0.820026 0.120650 -0.559464
0.808921 -0.124953 -0.574486
0.818205 -0.104700 -0.565313
0.854639 0.169360 -0.490826
0.866940 -0.008281 -0.498344
0.797685 0.127016 -0.589548
0.844843 -0.073007 -0.530009
0.848106 0.138296 -0.511460
0.844681 -0.032563 -0.534279
0.862111 -0.102010 -0.496345
0.889710 -0.056397 -0.453029
0.907773 0.098814 -0.407656
0.905804 -0.004728 -0.423670
0.825723 -0.021824 -0.563653
0.808530 0.080483 -0.582925
0.852669 -0.118781 -0.508769
0.832261 0.118015 -0.541677
0.775074 0.137489 -0.616731
0.864297 -0.108016 -0.491247
0.906430 -0.131212 -0.401458
0.794426 -0.081538 -0.601862
0.749374 -0.031347 -0.661404
0.825235 0.023719 -0.564292
0.780839 0.180094 -0.598211
0.829641 -0.052131 -0.555857
0.769295 0.119598 -0.627599
0.839077 0.096016 -0.535472
0.839934 0.064264 -0.538870
0.827423 -0.014076 -0.561403
0.807085 0.047355 -0.588534
0.833685 0.000362 -0.552239
0.897518 0.036048 -0.439501
0.813888 -0.028513 -0.580322
0.855861 0.012237 -0.517061
0.905477 -0.003941 -0.424378
0.870492 0.049430 -0.489695
0.843731 0.046101 -0.534783
0.897695 -0.059572 -0.436571
0.894480 -0.023940 -0.446467
0.839570 0.143187 -0.524041
0.846418 -0.065984 -0.528415
0.810197 0.028987 -0.585441
0.869832 0.035781 -0.492048
0.759493 -0.039330 -0.649326
0.814058 -0.102352 -0.571694
0.778143 0.026164 -0.627542
0.891872 0.063358 -0.447829
0.857027 0.189716 -0.479074
0.825882 0.102063 -0.554528
0.839552 0.087112 -0.536250
0.930153 0.086001 -0.356959
0.793952 -0.032924 -0.607088
0.909875 0.030372 -0.413769
0.879365 -0.001580 -0.476147
0.877417 0.033327 -0.478569
0.856982 0.080718 -0.508985
0.884650 -0.087069 -0.458054
0.893371 -0.137470 -0.427773
0.868502 -0.016248 -0.495420
0.833084 0.032799 -0.552174
0.853840 -0.017292 -0.520249
0.862477 -0.069597 -0.501289
0.837372 -0.003222 -0.546623
0.839837 0.071188 -0.538151
0.847915 -0.050130 -0.527756
0.841438 0.127470 -0.525103
0.850185 0.093164 -0.518175
0.860824 -0.059894 -0.505366
0.787920 -0.141609 -0.599274
0.884612 0.046721 -0.463981
0.792587 -0.016743 -0.609529
0.776931 0.096920 -0.622082
0.792657 0.005011 -0.609648
0.848244 0.125426 -0.514539
0.826620 -0.098405 -0.554090
0.844374 -0.000510 -0.535753
0.854805 -0.020316 -0.518552
0.840578 0.108333 -0.530747
0.809819 0.048496 -0.584672
0.850011 -0.164988 -0.500260
0.791759 -0.077913 -0.605845
0.723421 -0.079594 -0.685804
0.812236 -0.112161 -0.572444
0.774272 -0.000059 -0.632853
0.854330 0.029685 -0.518882
0.852716 0.048315 -0.520136
0.819659 -0.170324 -0.546946
0.808099 0.092088 -0.581804
0.767479 0.047810 -0.639289
0.807427 -0.160966 -0.567584
0.823852 0.125868 -0.552652
0.884300 -0.012958 -0.466739
0.801889 0.077972 -0.592363
0.898752 -0.028244 -0.437547
0.861678 -0.083418 -0.500552
0.881929 0.042185 -0.469490
0.823479 0.219043 -0.523357
0.882675 0.022568 -0.469443
0.887790 0.092543 -0.450850
0.861069 0.175911 -0.477090
0.864599 0.023718 -0.501903
0.849983 -0.003791 -0.526796
0.866711 0.011134 -0.498687
0.842977 0.060921 -0.534489
0.811432 -0.103195 -0.575264
0.826574 0.023680 -0.562329
0.892681 0.043571 -0.448578
0.856035 -0.089357 -0.509137
0.825438 -0.173646 -0.537121
0.853127 -0.040856 -0.520101
0.831348 0.083089 -0.549505
0.830374 0.074062 -0.552263
0.869694 -0.160569 -0.466745
0.795772 -0.032024 -0.604750
0.816821 0.000585 -0.576891
0.822374 -0.017022 -0.568692
0.847387 0.013694 -0.530799
0.879649 0.030704 -0.474632
0.793546 -0.049568 -0.606488
0.837679 -0.146517 -0.526144
0.835010 -0.035360 -0.549097
0.859400 -0.005205 -0.511277
0.876321 0.086513 -0.473895
0.853671 -0.161659 -0.495088
0.909800 0.050522 -0.411961
0.853873 -0.006305 -0.520444
0.814991 0.061661 -0.576183
0.832457 -0.116981 -0.541600
0.816754 -0.016195 -0.576759
0.871951 0.000176 -0.489594
0.858868 0.116639 -0.498739
0.867662 0.086963 -0.489489
0.834610 -0.001840 -0.550838
0.870599 0.047260 -0.489719
0.810816 -0.090584 -0.578249
0.854590 0.070405 -0.514508
0.844518 0.137970 -0.517448
0.838844 -0.035628 -0.543205
0.852652 0.041879 -0.520797
0.866810 -0.108691 -0.486648
0.878725 0.009893 -0.477226
0.819346 0.009586 -0.573220
0.851482 -0.088235 -0.516907
0.812466 -0.066104 -0.579249
0.859032 0.114745 -0.498896
0.763648 0.026059 -0.645107
0.786495 0.022431 -0.617189
0.833435 0.053456 -0.550026
0.746285 0.055010 -0.663350
0.868552 -0.045749 -0.493482
0.893483 0.044453 -0.446891
0.882271 0.055777 -0.467426
0.810810 0.007882 -0.585256
0.885622 -0.007093 -0.464353
0.831972 0.183378 -0.523636
0.771472 0.115170 -0.625754
0.832563 0.009594 -0.553847
0.803351 0.005144 -0.595484
0.922304 0.000269 -0.386465
0.872485 -0.055703 -0.485456
0.865130 -0.023707 -0.500987
0.867879 -0.043755 -0.494845
0.854863 -0.040963 -0.517234
0.832680 0.095198 -0.545510
0.813837 -0.045862 -0.579280
0.856685 -0.155364 -0.491887
0.888150 -0.048755 -0.456961
0.873824 -0.190031 -0.447572
0.863584 -0.218366 -0.454466
0.856842 -0.135690 -0.497404
0.778779 0.041371 -0.625932
0.831263 -0.084053 -0.549488
0.863907 -0.116253 -0.490051
0.916380 0.079772 -0.392280
0.804385 -0.005602 -0.594081
0.860988 -0.166673 -0.480542
0.890035 -0.052027 -0.452913
0.815276 0.051039 -0.576818
0.844800 0.020565 -0.534687
0.773064 0.018125 -0.634069
0.832263 0.052602 -0.551880
0.794130 -0.028796 -0.607065
0.748079 0.061864 -0.660720
0.737478 0.067290 -0.672011
0.803680 0.075559 -0.590245
0.795987 -0.043704 -0.603734
0.740819 -0.120386 -0.660829
0.888819 0.085494 -0.450213
0.818993 0.093361 -0.566158
0.929925 0.009485 -0.367627
0.898057 -0.013124 -0.439684
0.847722 0.006340 -0.530403
0.884103 0.010015 -0.467185
0.782424 -0.064462 -0.619400
0.859987 0.203685 -0.467905
0.930390 0.034293 -0.364963
0.852862 -0.074436 -0.516804
0.911114 0.035671 -0.410608
0.850954 -0.197409 -0.486731
0.825790 0.026885 -0.563336
0.853851 -0.077422 -0.514727
0.888144 0.120561 -0.443470
0.813599 0.068310 -0.577399
0.839329 -0.037616 -0.542320
0.831926 -0.066262 -0.550915
0.801854 0.013657 -0.597364
0.765912 0.041864 -0.641581
0.855505 -0.089953 -0.509922
0.823410 0.138165 -0.550369
0.818086 0.027961 -0.574416
0.767998 -0.032228 -0.639640
0.861134 -0.052172 -0.505694
0.807061 -0.135176 -0.574786
0.804578 0.175738 -0.567249
0.923960 -0.008304 -0.382399
0.859525 -0.077856 -0.505129
0.810567 -0.063961 -0.582143
0.887763 0.152121 -0.434437
0.865241 0.066480 -0.496928
0.828451 -0.036686 -0.558859
0.909999 0.012062 -0.414435
0.781952 -0.074268 -0.618899
0.867247 -0.135089 -0.479202
0.854531 -0.068526 -0.514861
0.850328 -0.030373 -0.525376
0.847005 -0.163923 -0.505680
0.820019 -0.034068 -0.571321
0.867635 -0.086019 -0.489704
0.840930 0.072142 -0.536313
0.955347 0.058260 -0.289687
0.828127 -0.044823 -0.558746
0.841990 0.199099 -0.501410
0.849677 -0.173814 -0.497833
0.824927 0.084189 -0.558935
0.747036 0.019548 -0.664496
0.728585 0.004357 -0.684942
0.772231 0.125253 -0.622874
0.862553 0.054481 -0.503025
0.909437 -0.016845 -0.415501
0.854098 -0.088455 -0.512534
0.778941 -0.034635 -0.626139
0.874997 0.051006 -0.481434
0.826882 0.002937 -0.562368
0.847360 -0.091866 -0.523013
0.881011 -0.010704 -0.472975
0.828612 0.026258 -0.559206
0.784274 -0.016716 -0.620189
0.905092 -0.010595 -0.425084
0.812553 -0.015131 -0.582691
0.846022 -0.036677 -0.531886
0.801761 -0.068884 -0.593662
0.771235 0.001306 -0.636549
0.916162 0.003567 -0.400792
0.926382 0.032384 -0.375189
0.825978 -0.017001 -0.563445
0.838030 -0.073785 -0.540612
0.817266 -0.069370 -0.572070
0.797868 0.043046 -0.601293
0.784548 0.013197 -0.619928
0.799911 -0.141672 -0.583157
0.891989 -0.010415 -0.451936
0.903035 0.000030 -0.429567
0.895221 -0.059539 -0.441627
0.904135 0.136443 -0.404874
0.907766 0.025362 -0.418710
0.811030 0.118684 -0.572839
0.748516 -0.097468 -0.655914
0.833017 0.151587 -0.532075
0.825506 0.109074 -0.553753
0.892727 -0.077407 -0.443899
0.871362 -0.077431 -0.484493
0.886007 0.068900 -0.458524
0.812857 0.217913 -0.540165
0.832661 0.126031 -0.539252
0.917155 -0.051687 -0.395164
0.783212 0.097907 -0.613998
0.851122 -0.007437 -0.524915
0.846817 -0.055179 -0.529014
0.829264 -0.021838 -0.558430
0.857685 0.069983 -0.509391
0.833131 -0.019705 -0.552724
0.804157 0.000131 -0.594417
0.799355 0.081089 -0.595362
0.837203 0.078241 -0.541267
0.770579 0.060822 -0.634436
0.806626 -0.096033 -0.583208
0.831146 0.021232 -0.555648
0.886914 0.033259 -0.460736
0.857048 0.061032 -0.511609
0.876866 0.015448 -0.480487
0.876643 -0.200839 -0.437220
0.780047 0.032874 -0.624856
0.812302 -0.136162 -0.567121
0.931955 0.039101 -0.360460
0.886862 -0.082123 -0.454678
0.821532 0.019160 -0.569840
0.707023 -0.100245 -0.700049
0.856068 -0.050770 -0.514364
0.763879 -0.073768 -0.641129
0.898166 -0.028089 -0.438759
0.888408 -0.147608 -0.434675
0.900197 0.005637 -0.435447
0.831506 -0.036058 -0.554344
0.868150 -0.067013 -0.491757
0.784873 0.085304 -0.613757
0.787157 -0.022128 -0.616355
0.861843 0.099965 -0.497225
0.807136 -0.020440 -0.590011
0.812342 -0.025379 -0.582628
0.932189 -0.017929 -0.361527
0.839369 -0.033627 -0.542521
0.847794 -0.009342 -0.530244
0.847384 -0.097486 -0.521955
0.870675 -0.130449 -0.474245
0.807924 0.018814 -0.588986
0.892973 -0.004845 -0.450083
0.807190 0.051654 -0.588028
0.843138 0.002989 -0.537689
0.828932 -0.080893 -0.553469
0.906590 -0.048254 -0.419244
0.821909 0.015406 -0.569411
0.761373 0.051023 -0.646303
0.857693 -0.031786 -0.513178
0.854463 -0.016956 -0.519235
0.784322 0.163266 -0.598485
0.865202 -0.093882 -0.492557
0.815772 -0.073801 -0.573646
0.841830 0.077588 -0.534136
0.870355 0.041318 -0.490688
0.737202 -0.156488 -0.657301
0.813578 -0.018578 -0.581159
0.914327 -0.025554 -0.404170
0.811651 -0.011108 -0.584038
0.912804 -0.043694 -0.406054
0.862372 0.115892 -0.492832
0.879604 -0.078271 -0.469223
0.826350 -0.039787 -0.561749
0.855878 -0.138388 -0.498319
0.753284 0.153029 -0.639645
0.819804 0.048496 -0.570587
0.880904 0.014455 -0.473075
0.842636 0.061166 -0.534998
0.820430 -0.068538 -0.567625
0.878663 0.050693 -0.474743
0.837296 0.035862 -0.545573
0.874189 0.051448 -0.482852
0.875175 -0.040523 -0.482107
0.932889 -0.104299 -0.344732
0.833237 -0.040065 -0.551462
0.912256 0.070976 -0.403425
0.786822 0.026137 -0.616626
0.834685 -0.008536 -0.550662
0.843932 0.044449 -0.534606
0.815136 0.200340 -0.543524
0.869254 -0.103065 -0.483503
0.796118 0.169034 -0.581055
0.811458 -0.067030 -0.580554
0.885629 0.032356 -0.463265
0.883336 -0.055863 -0.465400
0.894839 -0.006495 -0.446342
0.876688 0.198996 -0.437972
0.811979 0.010034 -0.583601
0.823238 0.109101 -0.557114
0.712281 0.051666 -0.699991
0.707778 -0.137271 -0.692970
0.934994 0.011695 -0.354470
0.830695 0.159523 -0.533384
0.841633 -0.103486 -0.530041
0.869890 -0.003083 -0.493236
0.852978 0.012272 -0.521803
0.867599 -0.055199 -0.494192
0.831132 -0.074364 -0.551080
0.949145 -0.072651 -0.306342
0.898786 0.013665 -0.438175
0.867406 0.045102 -0.495553
0.885977 -0.049909 -0.461036
0.920172 0.058926 -0.387056
0.861550 0.049852 -0.505219
0.857460 0.107363 -0.503226
0.850500 -0.022686 -0.525485
0.882755 0.027329 -0.469038
0.940040 0.013598 -0.340792
0.864928 -0.054405 -0.498939
0.846208 0.066524 -0.528685
0.831025 -0.028882 -0.555484
0.829751 0.152021 -0.537032
0.826569 -0.168463 -0.537033
0.805270 0.022963 -0.592463
0.817400 -0.026969 -0.575439
0.889895 0.103740 -0.444212
0.877194 -0.095817 -0.470478
0.787905 0.057915 -0.613067
0.882434 -0.119364 -0.455041
0.856847 -0.086947 -0.508187
0.820320 0.102034 -0.562729
0.855084 0.053862 -0.515685
0.863287 -0.041287 -0.503021
0.819918 0.021554 -0.572075
0.860949 -0.027519 -0.507946
0.890545 -0.067529 -0.449855
0.828796 0.054515 -0.556888
0.896164 -0.138914 -0.421418
0.845066 0.059851 -0.531301
0.851650 0.063422 -0.520259
0.931522 0.027543 -0.362641
0.820323 0.131170 -0.556655
0.894703 -0.104737 -0.434209
0.790735 0.135482 -0.596978
0.849621 -0.048157 -0.525191
0.838612 -0.057969 -0.541635
0.889157 -0.037872 -0.456033
0.916639 0.022958 -0.399057
0.858033 0.085092 -0.506496
0.842968 0.147513 -0.517343
0.895736 -0.053551 -0.441350
0.849936 -0.024754 -0.526304
0.809435 -0.142206 -0.569730
0.856442 0.148544 -0.494411
0.866423 -0.093517 -0.490475
0.863662 0.070355 -0.499137
0.834149 -0.095088 -0.543280
0.826276 -0.006399 -0.563230
0.790487 -0.003735 -0.612468
0.881811 -0.093004 -0.462342
0.811916 -0.017402 -0.583515
0.925085 0.226650 -0.304709
0.881793 0.041882 -0.469773
0.910408 0.055287 -0.410000
0.897877 -0.049615 -0.437442
0.803063 0.030454 -0.595116
0.853061 -0.030504 -0.520919
0.878833 0.061694 -0.473124
0.833041 0.119465 -0.540159
0.756425 0.120833 -0.642822
0.789217 0.067320 -0.610414
0.818740 0.195924 -0.539702
0.829891 -0.063543 -0.554295
0.836930 0.052995 -0.544739
0.823475 0.017761 -0.567074
0.823823 0.118666 -0.554287
0.884800 -0.068427 -0.460920
0.829435 -0.082891 -0.552418
0.834559 0.074800 -0.545817
0.777643 -0.010197 -0.628623
0.812974 0.080866 -0.576658
0.786904 0.009836 -0.616998
0.784618 0.035469 -0.618965
0.804921 0.050641 -0.591218
0.846914 -0.031658 -0.530787
0.902564 -0.059248 -0.426459
0.778873 0.050794 -0.625121
0.800789 0.053837 -0.596522
0.873445 -0.086351 -0.479204
0.871222 -0.005332 -0.490861
0.818620 -0.057743 -0.571426
0.866408 -0.031761 -0.498326
0.808647 0.079397 -0.582911
0.859827 -0.042774 -0.508790
0.883144 -0.078470 -0.462493
0.871843 -0.122203 -0.474295
0.895169 0.003876 -0.445711
0.752032 -0.007427 -0.659085
0.858479 -0.146058 -0.491610
0.808357 -0.147349 -0.569954
0.829715 -0.137943 -0.540873
0.924293 0.021709 -0.381066
0.800091 -0.041773 -0.598422
0.825659 0.056681 -0.561315
0.902229 -0.071579 -0.425275
0.853492 0.031471 -0.520155
0.860257 0.042730 -0.508067
0.874191 0.057950 -0.482112
0.877581 -0.046151 -0.477202
0.843834 0.218391 -0.490153
0.867306 0.035151 -0.496532
0.884569 0.084856 -0.458625
0.819882 0.018710 -0.572227
0.739872 -0.116489 -0.662585
0.876682 -0.037060 -0.479641
0.876991 0.060620 -0.476668
0.860079 0.044831 -0.508187
0.907313 -0.014382 -0.420210
0.758978 0.116750 -0.640564
0.810281 -0.123113 -0.572964
0.887945 -0.014171 -0.459731
0.858788 -0.045920 -0.510269
0.830273 0.169236 -0.531042
0.822889 -0.054525 -0.565580
0.898009 0.021291 -0.439461
0.770578 -0.007816 -0.637298
0.817728 -0.124339 -0.562014
0.844504 -0.064090 -0.531700
0.873443 -0.016353 -0.486652
0.793519 -0.228343 -0.564081
0.894103 -0.014828 -0.447615
0.833143 0.062612 -0.549503
0.879875 0.145208 -0.452477
0.804299 -0.057516 -0.591434
0.811393 -0.050489 -0.582316
0.758027 0.042019 -0.650868
0.894938 0.066878 -0.441150
0.810527 -0.065948 -0.581977
0.853641 0.112335 -0.508603
0.875880 0.036217 -0.481169
0.893847 0.106370 -0.435572
0.885230 -0.081983 -0.457872
0.851344 -0.167145 -0.497268
0.888946 -0.006461 -0.457965
0.750723 -0.038004 -0.659523
0.678262 0.109166 -0.726666
0.860960 -0.047806 -0.506421
0.752752 -0.073054 -0.654238
0.796282 -0.000739 -0.604925
0.855908 -0.068874 -0.512521
0.807291 0.144723 -0.572133
0.824896 -0.046533 -0.563366
0.852115 -0.034755 -0.522200
0.876189 -0.080060 -0.475272
0.763530 -0.071639 -0.641786
0.814219 -0.018907 -0.580250
0.826092 -0.125826 -0.549308
0.846279 -0.127228 -0.517325
0.896802 0.038362 -0.440767
0.856732 0.080278 -0.509475
0.795911 -0.015223 -0.605222
0.808162 0.073669 -0.584335
0.787683 -0.033873 -0.615149
0.889229 0.030121 -0.456470
0.846954 -0.052421 -0.529075
0.804463 -0.129240 -0.579772
0.878525 0.067759 -0.472867
0.851418 -0.077260 -0.518766
0.825844 0.027691 -0.563218
0.887359 -0.040331 -0.459311
0.846722 -0.044002 -0.530213
0.877011 -0.014127 -0.480263
0.895922 0.068464 -0.438903
0.765782 -0.045829 -0.641466
0.757150 0.072566 -0.649198
0.745125 -0.189942 -0.639305
0.787792 0.121679 -0.603803
0.904847 0.032151 -0.424521
0.831747 -0.117712 -0.542531
0.773878 0.048008 -0.631512
0.889411 -0.070263 -0.451675
0.840466 -0.108661 -0.530858
0.846702 0.112143 -0.520115
0.863564 0.066046 -0.499895
0.847222 0.048190 -0.529048
0.721040 -0.022950 -0.692513
0.874809 -0.047221 -0.482161
0.847537 0.143846 -0.510871
0.837027 0.106095 -0.536777
0.857137 0.065424 -0.510917
0.814738 -0.123370 -0.566552
0.867896 0.123797 -0.481073
0.829576 0.083697 -0.552086
0.810738 0.157222 -0.563902
0.840321 -0.021430 -0.541665
0.870489 0.045840 -0.490049
0.811961 0.013416 -0.583558
0.808834 0.008027 -0.587983
0.837041 -0.062317 -0.543579
0.904171 0.128352 -0.407431
0.863445 0.041409 -0.502740
0.902635 0.004211 -0.430385
0.836685 -0.109446 -0.536638
0.806968 0.154555 -0.570013
0.817034 0.029678 -0.575825
0.935063 -0.064593 -0.348547
0.729598 -0.079626 -0.679225
0.778572 0.055431 -0.625103
0.819523 0.014443 -0.572865
0.870022 -0.090093 -0.484712
0.753283 0.061640 -0.654801
0.851130 0.033211 -0.523903
0.841160 -0.034505 -0.539684
0.890680 0.021895 -0.454104
0.880626 -0.099753 -0.463192
0.752261 -0.014979 -0.658694
0.844933 -0.003939 -0.534858
0.759024 0.069915 -0.647298
0.874741 -0.036825 -0.483190
0.887716 -0.113365 -0.446215
0.852305 -0.083329 -0.516364
0.801805 0.015133 -0.597394
0.806597 -0.075818 -0.586219
0.847617 -0.017564 -0.530318
0.799913 -0.023970 -0.599638
0.846436 0.025223 -0.531893
0.884362 0.217112 -0.413238
0.864773 -0.134583 -0.483793
0.850112 0.113667 -0.514188
0.839894 -0.151791 -0.521092
0.866941 -0.072295 -0.493140
0.838006 0.070214 -0.541125
0.820325 -0.102074 -0.562715
0.866394 0.140276 -0.479253
0.833506 0.125025 -0.538179
0.842864 0.000630 -0.538126
0.738497 0.010915 -0.674168
0.839304 -0.013553 -0.543493
0.831363 0.010390 -0.555632
0.872436 0.111114 -0.475930
0.871601 -0.053090 -0.487334
0.870424 0.071870 -0.487028
0.807962 -0.102087 -0.580324
0.839763 -0.011865 -0.542823
0.900876 0.073960 -0.427730
0.878097 -0.101370 -0.467621
0.912141 0.037327 -0.408173
0.821842 -0.010195 -0.569624
0.884725 -0.076848 -0.459735
0.867724 -0.120049 -0.482331
0.836396 0.019436 -0.547780
0.877486 -0.021690 -0.479112
0.892243 -0.190648 -0.409335
0.907151 0.126162 -0.401447
0.879660 -0.066589 -0.470918
0.881320 -0.041798 -0.470668
0.849071 -0.160617 -0.503269
0.830270 0.057709 -0.554365
0.753143 -0.088658 -0.651856
0.850446 -0.053332 -0.523351
0.751336 0.076978 -0.655415
0.826621 -0.003062 -0.562750
0.856303 -0.008739 -0.516399
0.866671 0.045559 -0.496796
0.801122 0.055651 -0.595909
0.855964 0.040436 -0.515452
0.837549 0.056494 -0.543433
0.831292 -0.144864 -0.536627
0.852627 0.003256 -0.522510
0.880521 -0.101510 -0.463010
0.927049 0.098529 -0.361763
0.856068 -0.072072 -0.511814
0.871074 0.005961 -0.491115
0.893578 -0.165387 -0.417332
0.880030 -0.049130 -0.472370
0.861030 -0.096582 -0.499300
0.816827 0.127201 -0.562685
0.869156 0.032719 -0.493455
0.861972 0.037302 -0.505582
0.680981 0.073027 -0.728651
0.851784 -0.068472 -0.519400
0.779307 0.149437 -0.608563
0.754989 -0.190898 -0.627335
0.866147 0.135454 -0.481083
0.881196 -0.026788 -0.471991
0.855378 -0.049075 -0.515675
0.873686 -0.158374 -0.459989
0.890875 -0.027374 -0.453424
0.759750 0.101676 -0.642216
0.802922 -0.033866 -0.595122
0.775787 0.012287 -0.630875
0.795709 -0.057119 -0.602980
0.805965 0.021630 -0.591568
0.847167 0.009717 -0.531238
0.845054 0.117893 -0.521521
0.883689 0.036916 -0.466617
0.870323 0.014858 -0.492256
0.875058 0.168080 -0.453898
0.843866 -0.046490 -0.534536
0.762819 -0.010484 -0.646527
0.885197 -0.081517 -0.458020
0.773737 0.054185 -0.631185
0.880692 -0.116231 -0.459209
0.842560 -0.007969 -0.538544
0.831563 -0.107866 -0.544856
0.777536 0.129317 -0.615398
0.832358 -0.025836 -0.553636
0.809452 -0.171182 -0.561680
0.878553 0.019026 -0.477266
0.769928 0.111233 -0.628361
0.823609 0.015938 -0.566934
0.878594 -0.081317 -0.470595
0.907571 0.019789 -0.419433
0.869580 0.067830 -0.489111
0.885071 -0.036000 -0.464062
0.884734 -0.089328 -0.457456
0.733246 0.161966 -0.660392
0.897465 0.007445 -0.441022
0.816238 -0.001820 -0.577713
0.837454 0.057902 -0.543432
0.843334 -0.058798 -0.534164
0.810344 -0.006720 -0.585916
0.780190 0.057995 -0.622848
0.784979 -0.064504 -0.616155
0.918374 -0.047243 -0.392883
0.817964 0.033318 -0.574304
0.790600 -0.194570 -0.580598
0.723530 -0.144930 -0.674907
0.834775 0.032125 -0.549653
0.833033 -0.019112 -0.552892
0.899838 0.102193 -0.424085
0.837303 -0.004362 -0.546721
0.890421 -0.125284 -0.437556
0.879136 0.073313 -0.470899
0.859125 -0.134623 -0.493741
0.933453 0.025303 -0.357806
0.841760 -0.028077 -0.539121
0.876414 -0.021651 -0.481071
0.853882 -0.052895 -0.517772
0.805605 -0.007603 -0.592405
0.854545 0.064597 -0.515345
0.834089 -0.002960 -0.551622
0.914141 0.040620 -0.403355
0.824743 0.113109 -0.554080
0.905693 -0.161826 -0.391833
0.885981 0.158158 -0.435916
0.786256 0.150434 -0.599308
0.858014 0.043693 -0.511765
0.803230 0.059068 -0.592733
0.797037 0.111418 -0.593564
0.807377 0.096224 -0.582136
0.756054 -0.185172 -0.627768
0.871300 -0.056878 -0.487444
0.877144 0.096510 -0.470430
0.883441 0.053784 -0.465446
0.745960 -0.033644 -0.665140
0.778465 0.054572 -0.625311
0.873360 0.046758 -0.484826
0.783374 -0.102262 -0.613080
0.777903 0.105872 -0.619402
0.881636 -0.014574 -0.471704
0.888264 0.068293 -0.454229
0.891441 0.046446 -0.450750
0.858592 -0.032804 -0.511609
0.823305 0.166036 -0.542771
0.799568 -0.078111 -0.595474
0.895154 -0.015074 -0.445502
0.880889 0.061129 -0.469359
0.844001 -0.192190 -0.500725
0.821160 0.061640 -0.567360
0.884271 -0.025094 -0.466299
0.805900 0.058644 -0.589141
0.845161 -0.052898 -0.531888
0.889921 -0.007499 -0.456053
0.856576 -0.004689 -0.516000
0.887147 0.157903 -0.433633
0.839880 0.152872 -0.520800
0.889221 0.121007 -0.441185
0.895057 -0.075863 -0.439452
0.857955 0.025170 -0.513108
0.870487 0.073671 -0.486648
0.896909 0.014648 -0.441972
0.815152 0.088747 -0.572408
0.827904 0.116393 -0.548660
0.913870 0.047312 -0.403242
0.896258 -0.109967 -0.429684
0.914354 -0.039035 -0.403029
0.858840 -0.064905 -0.508116
0.844501 -0.041241 -0.533963
0.830289 0.033059 -0.556351
0.839793 0.016159 -0.542666
0.840430 -0.091190 -0.534192
0.863231 -0.069334 -0.500026
0.893056 0.015048 -0.449695
0.904805 0.007485 -0.425760
0.733561 -0.054558 -0.677430
0.842670 0.055341 -0.535578
0.839219 -0.114287 -0.531648
0.827302 -0.023861 -0.561251
0.819968 0.219472 -0.528663
0.909247 -0.014121 -0.416017
0.890263 0.007487 -0.455384
0.873481 0.014668 -0.486638
0.813264 0.132171 -0.566686
0.791276 0.137337 -0.595837
0.864194 -0.041930 -0.501409
0.836533 0.064151 -0.544147
0.882349 -0.044944 -0.468445
0.833769 -0.003987 -0.552099
0.840206 -0.050507 -0.539910
0.901839 -0.060489 -0.427818
0.824820 0.058843 -0.562325
0.932815 0.048333 -0.357101
0.795419 -0.140952 -0.589441
0.921506 -0.081078 -0.379806
0.847888 0.048111 -0.527988
0.811265 -0.012977 -0.584535
0.842008 0.046156 -0.537488
0.819239 0.063031 -0.569978
0.667585 0.215086 -0.712789
0.818738 0.013729 -0.574003
0.877849 0.052379 -0.476065
0.845847 0.057154 -0.530354
0.886964 0.114145 -0.447511
0.857161 0.020832 -0.514626
0.856308 -0.038757 -0.515009
0.877971 0.157193 -0.452170
0.837644 0.070650 -0.541629
0.829841 0.116672 -0.545666
0.925008 -0.027244 -0.378971
0.926127 -0.070437 -0.370578
0.880177 0.012161 -0.474490
0.855323 -0.036287 -0.516823
0.791109 0.041786 -0.610247
0.862292 0.108560 -0.494638
0.817312 0.073998 -0.571424
0.876213 0.044336 -0.479881
0.848776 -0.054055 -0.525982
0.815399 0.067069 -0.575002
0.814562 0.016649 -0.579837
0.758540 0.065259 -0.648350
0.907366 0.056088 -0.416583
0.870984 0.099655 -0.481098
0.844266 0.034686 -0.534801
0.856872 0.112489 -0.503107
0.885968 -0.083156 -0.456231
0.793607 0.114293 -0.597599
0.837403 -0.018027 -0.546288
0.801578 -0.071460 -0.593604
0.875942 -0.154190 -0.457111
0.858556 0.101395 -0.502594
0.840257 0.036736 -0.540943
0.836787 0.046272 -0.545570
0.850070 -0.207157 -0.484217
0.809620 -0.040639 -0.585546
0.846367 0.044662 -0.530724
0.826339 -0.098600 -0.554474
0.855785 -0.015134 -0.517111
0.805965 0.145918 -0.573697
0.774244 -0.016486 -0.632672
0.866666 -0.027033 -0.498156
0.804390 -0.013076 -0.593957
0.858304 0.046906 -0.510993
0.816516 -0.030896 -0.576495
0.905326 0.154197 -0.395738
0.773388 -0.051940 -0.631802
0.887910 -0.082761 -0.452510
0.905355 -0.013303 -0.424448
0.790949 0.000188 -0.611882
0.736204 0.103250 -0.668837
0.868505 -0.027427 -0.494921
0.791436 -0.041829 -0.609819
0.820767 -0.085418 -0.564841
0.866996 -0.056590 -0.495091
0.865823 -0.067158 -0.495822
0.869318 0.030820 -0.493291
0.794417 -0.010293 -0.607285
0.824600 -0.010696 -0.565614
0.882182 -0.047010 -0.468556
0.857736 -0.081945 -0.507518
0.742725 -0.042781 -0.668228
0.907312 0.063410 -0.415649
0.859502 0.001129 -0.511132
0.774724 0.012796 -0.632170
0.779587 -0.114924 -0.615659
0.855929 0.098206 -0.507682
0.828109 0.109544 -0.549760
0.897102 0.046660 -0.439352
0.803015 -0.056570 -0.593267
0.941570 -0.008797 -0.336703
0.859584 -0.067542 -0.506510
0.786614 -0.003212 -0.617436
0.889329 -0.032223 -0.456130
0.856223 -0.036222 -0.515335
0.851636 0.106044 -0.513295
0.886139 -0.054246 -0.460233
0.833354 -0.129636 -0.537322
0.842489 0.059114 -0.535461
0.860595 0.039056 -0.507791
0.898714 0.011249 -0.438392
0.908830 -0.006662 -0.417115
0.820296 0.037734 -0.570692
0.798874 -0.064095 -0.598074
0.764290 0.050909 -0.642860
0.880313 0.081152 -0.467401
0.771055 -0.205175 -0.602808
0.807222 0.053113 -0.587853
0.769719 -0.084868 -0.632717
0.907323 0.008244 -0.420353
0.874227 -0.035405 -0.484224
0.848076 0.050151 -0.527496
0.857551 0.085685 -0.507212
0.948111 0.034298 -0.316084
0.847341 0.030036 -0.530199
0.747198 0.043983 -0.663144
0.838178 -0.148497 -0.524792
0.875686 -0.002819 -0.482873
0.858369 -0.011761 -0.512899
0.826304 -0.023620 -0.562728
0.857484 0.066176 -0.510236
0.879799 -0.151681 -0.450495
0.778709 0.152379 -0.608599
0.845478 0.052434 -0.531430
0.920778 -0.025228 -0.389270
0.861775 -0.009832 -0.507195
0.877706 0.030782 -0.478209
0.818569 0.110414 -0.563697
0.890989 0.030467 -0.453001
0.882051 0.162049 -0.442409
0.706224 0.110339 -0.699337
0.925258 0.072148 -0.372414
0.901334 0.024703 -0.432420
0.806035 0.003683 -0.591856
0.842584 -0.050244 -0.536217
0.847938 0.117662 -0.516872
0.866312 -0.253710 -0.430273
0.822523 0.045726 -0.566890
0.886313 -0.070933 -0.457622
0.852552 0.017047 -0.522365
0.779737 0.136061 -0.611145
0.855948 0.221761 -0.467092
0.813106 0.119759 -0.569663
0.858169 0.124312 -0.498088
0.837207 0.075337 -0.541671
0.946760 -0.055102 -0.317189
0.789610 0.044065 -0.612024
0.820360 0.096271 -0.563685
0.786715 -0.059007 -0.614490
0.753950 0.089148 -0.650855
0.797241 -0.051635 -0.601449
0.837826 -0.070270 -0.541397
0.900633 0.077283 -0.427653
0.820020 -0.129717 -0.557441
0.863299 0.135838 -0.486068
0.893739 -0.091059 -0.439247
0.803390 0.176257 -0.568769
0.804054 -0.156860 -0.573491
0.844881 -0.027278 -0.534259
0.881931 0.047934 -0.468936
0.893147 -0.073451 -0.443727
0.809175 0.113473 -0.576506
0.843048 -0.074777 -0.532615
0.773596 0.042959 -0.632222
0.895521 0.018345 -0.444641
0.874026 -0.052914 -0.482989
0.868317 0.005424 -0.495980
0.833049 -0.114526 -0.541215
0.883001 -0.042036 -0.467485
0.845551 0.165399 -0.507629
0.777630 0.059613 -0.625890
0.836085 0.049216 -0.546388
0.881127 0.074202 -0.467022
0.806068 0.013531 -0.591668
0.853312 -0.033030 -0.520353
0.910164 -0.089768 -0.404404
0.819943 -0.002167 -0.572440
0.750194 0.158473 -0.641946
0.805208 -0.017695 -0.592728
0.810790 0.033508 -0.584378
0.892465 -0.014506 -0.450884
0.803707 -0.132625 -0.580057
0.859333 0.031368 -0.510454
0.891578 -0.012532 -0.452695
0.922796 0.031287 -0.384018
0.809088 0.118081 -0.575703
0.812504 0.107204 -0.573014
0.832332 0.060367 -0.550980
0.895388 -0.078843 -0.438252
0.771978 -0.050382 -0.633649
0.863580 -0.026500 -0.503514
0.801678 -0.067632 -0.593917
0.847137 -0.077378 -0.525710
0.752025 -0.111902 -0.649566
0.882485 0.095797 -0.460482
0.822497 0.116896 -0.556627
0.839870 -0.038202 -0.541441
0.886721 0.035489 -0.460941
0.832437 0.100638 -0.544904
0.879794 0.053442 -0.472341
0.815372 -0.064196 -0.575367
0.824028 0.034969 -0.565469
0.895708 0.040612 -0.442784
0.842966 -0.133827 -0.521056
0.862515 0.027569 -0.505281
0.857300 0.030695 -0.513902
0.873384 -0.027393 -0.486262
0.860421 0.031197 -0.508628
0.855979 0.020841 -0.516591
0.855028 -0.029160 -0.517762
0.740513 -0.021966 -0.671682
0.845038 0.051907 -0.532181
0.862580 0.105471 -0.494805
0.854658 0.103607 -0.508748
0.870984 -0.043717 -0.489363
0.852722 -0.064575 -0.518358
0.832181 0.069684 -0.550108
0.803668 -0.003380 -0.595068
0.804706 0.155163 -0.573038
0.760135 0.081413 -0.644644
0.847229 0.118088 -0.517936
0.920610 0.060548 -0.385761
0.785087 -0.039222 -0.618143
0.867500 -0.047316 -0.495182
0.908940 -0.088836 -0.407353
0.768679 -0.069428 -0.635855
0.901245 -0.051060 -0.430292
0.771537 0.062135 -0.633143
0.879917 0.009342 -0.475036
0.858202 -0.036945 -0.511981
0.870625 -0.077390 -0.485822
0.764369 -0.123095 -0.632920
0.886052 -0.037855 -0.462039
0.893047 -0.066671 -0.444996
0.840727 -0.008025 -0.541400
0.842872 0.018710 -0.537788
0.890840 0.094289 -0.444425
0.820779 0.011331 -0.571134
0.932092 0.048843 -0.358912
0.807375 -0.018834 -0.589739
0.878590 0.091197 -0.468788
0.797278 0.032999 -0.602710
0.836912 -0.028876 -0.546575
0.764084 -0.069421 -0.641371
0.887188 -0.116657 -0.446417
0.820406 0.070441 -0.567426
0.873784 0.163484 -0.458012
0.892887 -0.001099 -0.450280
0.828506 -0.136288 -0.543142
0.860671 0.064075 -0.505113
0.881014 0.059055 -0.469389
0.862732 0.105188 -0.494600
0.898312 -0.006625 -0.439309
0.848256 0.046380 -0.527551
0.831509 -0.062653 -0.551967
0.816234 -0.043521 -0.576080
0.900365 -0.029082 -0.434162
0.807633 0.001341 -0.589684
0.844143 -0.014664 -0.535917
0.724812 0.111282 -0.679900
0.857522 -0.076780 -0.508685
0.851071 0.078588 -0.519135
0.815895 0.220807 -0.534378
0.839508 0.017533 -0.543064
0.867407 0.030057 -0.496690
0.891425 0.059430 -0.449255
0.750004 -0.158174 -0.642242
0.800375 -0.062374 -0.596246
0.762192 -0.064972 -0.644082
0.797595 -0.056277 -0.600562
0.796785 0.031769 -0.603428
0.879958 -0.015315 -0.474804
0.869524 -0.073255 -0.488427
0.791962 0.131812 -0.596173
0.839378 0.042654 -0.541873
0.839830 -0.054037 -0.540154
0.824973 -0.111994 -0.553964
0.851117 0.060971 -0.521424
0.795647 -0.029497 -0.605042
0.806760 -0.050533 -0.588714
0.851279 -0.175871 -0.494361
0.881804 -0.101095 -0.460654
0.804558 -0.103508 -0.584784
0.865436 0.065115 -0.496770
0.827166 0.040153 -0.560521
0.832404 0.086298 -0.547409
0.837541 -0.087471 -0.539327
0.857997 -0.022258 -0.513172
0.773242 0.017029 -0.633882
0.845962 -0.081028 -0.527052
0.868534 0.027446 -0.494868
0.830879 -0.055370 -0.553692
0.875392 0.099817 -0.472997
0.852175 -0.025461 -0.522637
0.931020 -0.017798 -0.364534
0.888120 0.073936 -0.453625
0.844400 -0.002351 -0.535708
0.898150 0.103071 -0.427438
0.853895 -0.035490 -0.519233
0.865101 0.014528 -0.501388
0.859735 -0.016674 -0.510469
0.883267 -0.017372 -0.468548
0.850674 -0.061126 -0.522127
0.889770 0.213590 -0.403348
0.935726 -0.075564 -0.344537
0.866963 0.002288 -0.498367
0.823400 -0.024989 -0.566911
0.810664 -0.141373 -0.568188
0.876990 -0.080097 -0.473785
0.882631 0.029212 -0.469158
0.870319 0.113555 -0.479219
0.761640 0.160249 -0.627873
0.845734 0.216192 -0.487847
0.847985 0.031117 -0.529106
0.803966 -0.039939 -0.593332
0.869684 -0.076711 -0.487611
0.875235 0.015524 -0.483450
0.836347 0.111614 -0.536718
0.890478 0.096429 -0.444690
0.885704 -0.097163 -0.453968
0.837047 -0.011998 -0.546999
0.839918 -0.079354 -0.536881
0.881543 0.083948 -0.464581
0.801597 -0.093394 -0.590525
0.871396 0.015021 -0.490350
0.811923 0.054687 -0.581197
0.844087 0.057321 -0.533134
0.843884 0.057246 -0.533464
0.674277 0.020674 -0.738189
0.815760 0.123478 -0.565056
0.872340 0.071305 -0.483673
0.845503 -0.169988 -0.506190
0.880030 0.092460 -0.465830
0.761730 -0.152508 -0.629690
0.829023 -0.005616 -0.559187
0.816672 0.021721 -0.576693
0.893348 -0.006147 -0.449324
0.909113 0.074764 -0.409785
0.875572 0.157685 -0.456628
0.837489 -0.082020 -0.540264
0.810251 0.000153 -0.586083
0.864425 0.115672 -0.489275
0.877077 0.114372 -0.466536
0.822242 0.066758 -0.565210
0.818180 -0.070488 -0.570625
0.641840 -0.061047 -0.764405
0.786516 0.033439 -0.616664
0.873291 0.150734 -0.463295
0.860613 -0.131297 -0.492043
0.744388 -0.149314 -0.650840
0.841478 -0.003478 -0.540280
0.786226 0.009445 -0.617866
0.782681 -0.018235 -0.622156
0.863767 0.050438 -0.501360
0.792857 -0.069097 -0.605478
0.828764 0.034804 -0.558515
0.862205 0.104261 -0.495713
0.833185 0.076606 -0.547663
0.839294 0.076878 -0.538215
0.828857 0.070727 -0.554973
0.882912 0.032472 -0.468415
0.777093 0.073771 -0.625047
0.869207 -0.059350 -0.490874
0.870653 -0.084547 -0.484577
0.819685 0.050268 -0.570605
0.865609 -0.101428 -0.490339
0.800379 0.034818 -0.598483
0.824654 0.029004 -0.564894
0.811920 -0.039784 -0.582412
0.837053 0.113444 -0.535231
0.924381 -0.027478 -0.380480
0.753323 -0.003665 -0.657641
0.918596 -0.042414 -0.392916
0.798639 -0.006739 -0.601773
0.817188 -0.026420 -0.575766
0.842684 -0.133104 -0.521696
0.716254 -0.030089 -0.697191
0.883161 0.099829 -0.458324
0.824165 -0.064171 -0.562702
0.861153 0.041791 -0.506625
0.803422 0.066818 -0.591649
0.827181 -0.086818 -0.555188
0.850796 -0.092101 -0.517362
0.846050 0.071280 -0.528316
0.708377 0.022396 -0.705478
0.839963 -0.123999 -0.528286
0.766293 0.085909 -0.636722
0.725115 -0.031589 -0.687903
0.910496 -0.054674 -0.409887
0.819171 0.030098 -0.572760
0.797249 -0.074000 -0.599098
0.858431 -0.085753 -0.505711
0.829876 -0.044241 -0.556191
0.851441 -0.029550 -0.523617
0.877212 0.150327 -0.455962
0.770131 0.000230 -0.637886
0.767564 -0.280412 -0.576381
0.875766 0.121773 -0.467124
0.887513 0.062420 -0.456535
0.808098 0.106699 -0.579303
0.812340 -0.053683 -0.580709
0.869415 0.144124 -0.472594
0.869603 -0.006038 -0.493715
0.875685 0.035765 -0.481556
0.867603 0.041263 -0.495542
0.858653 0.077760 -0.506625
0.832462 0.039496 -0.552672
0.862503 0.100396 -0.495993
0.842704 0.015104 -0.538166
0.751470 0.048831 -0.657958
0.839854 0.152870 -0.520842
0.798956 -0.022663 -0.600963
0.885055 0.042399 -0.463551
0.860212 -0.036592 -0.508622
0.804232 0.074798 -0.589590
0.830002 0.186086 -0.525803
0.776511 0.002295 -0.630100
0.871603 -0.192024 -0.451038
0.826900 -0.065581 -0.558511
0.763138 -0.009856 -0.646161
0.865990 -0.021716 -0.499589
0.857419 -0.043484 -0.512778
0.787835 -0.099488 -0.607798
0.850372 -0.060501 -0.522693
0.845738 0.074575 -0.528362
0.845504 0.099618 -0.524594
0.787899 0.030289 -0.615059
0.886473 -0.029986 -0.461809
0.804388 -0.022518 -0.593678
0.867896 -0.048170 -0.494406
0.820110 0.031939 -0.571315
0.853417 0.014563 -0.521025
0.798885 -0.010212 -0.601397
0.854809 0.047672 -0.516748
0.829230 0.007518 -0.558857
0.853052 -0.092777 -0.513512
0.846234 0.034870 -0.531669
0.918617 -0.000154 -0.395148
0.879362 -0.099637 -0.465612
0.878906 -0.040508 -0.475272
0.793954 -0.158943 -0.586834
0.858069 0.072264 -0.508425
0.715294 -0.089626 -0.693053
0.816389 -0.017119 -0.577249
0.849115 0.038420 -0.526809
0.872986 -0.016572 -0.487463
0.813545 -0.021349 -0.581110
0.815599 0.060285 -0.575469
0.888077 -0.057914 -0.456031
0.833038 0.053496 -0.550624
0.880639 0.109742 -0.460903
0.759148 0.116742 -0.640364
0.857168 -0.227170 -0.462230
0.802536 -0.184886 -0.567233
0.874343 -0.032045 -0.484250
0.849903 -0.068695 -0.522442
0.916791 0.018552 -0.398937
0.740984 -0.152286 -0.654028
0.895695 0.100436 -0.433178
0.834499 0.099046 -0.542035
0.713504 -0.143952 -0.685704
0.741296 -0.125054 -0.659426
0.912683 0.025323 -0.407882
0.870767 0.037088 -0.490295
0.889015 -0.041711 -0.455975
0.775087 0.115187 -0.621266
0.846291 0.091585 -0.524789
0.816400 -0.104543 -0.567945
0.738124 -0.155752 -0.656441
0.904032 -0.152364 -0.399389
0.874649 0.105572 -0.473121
0.916439 -0.112836 -0.383937
0.900182 -0.018189 -0.435135
0.831605 0.006081 -0.555334
0.827820 0.066342 -0.557057
0.859737 -0.040014 -0.509166
0.833677 0.068312 -0.548011
0.876230 -0.009106 -0.481807
0.911689 0.010291 -0.410752
0.872583 -0.054977 -0.485362
0.697901 -0.065380 -0.713204
0.866676 -0.049702 -0.496390
0.892223 -0.044729 -0.449374
0.830894 0.027361 -0.555758
0.875528 0.012640 -0.483001
0.870393 -0.012187 -0.492206
0.841927 -0.032909 -0.538586
0.896362 0.024828 -0.442627
0.859554 -0.002043 -0.511041
0.880945 0.179005 -0.438056
0.855441 -0.017178 -0.517616
0.814945 0.097329 -0.571306
0.845742 0.025103 -0.533002
0.895118 0.080447 -0.438511
0.856521 0.029586 -0.515264
0.799755 -0.108454 -0.590449
0.821518 0.127956 -0.555639
0.908642 -0.131351 -0.396379
0.805995 0.203392 -0.555881
0.870726 0.036662 -0.490400
0.855363 0.077061 -0.512265
0.881523 0.178427 -0.437128
0.745160 0.034649 -0.665985
0.880007 -0.137105 -0.454741
0.845843 0.085334 -0.526561
0.910639 0.045678 -0.410671
0.782364 -0.035534 -0.621807
0.820090 0.008970 -0.572164
0.861986 -0.057098 -0.503706
0.876766 0.033521 -0.479747
0.856425 0.103575 -0.505775
0.812111 -0.043633 -0.581870
0.898176 0.075209 -0.433156
0.784852 -0.073823 -0.615270
0.858753 0.070777 -0.507478
0.843153 0.116656 -0.524867
0.856503 -0.012310 -0.515996
0.734247 -0.040410 -0.677678
0.866663 0.020574 -0.498470
0.852424 -0.181920 -0.490183
0.798465 -0.113172 -0.591308
0.864214 0.043320 -0.501256
0.885415 -0.019017 -0.464412
0.883317 -0.023342 -0.468194
0.913120 0.103039 -0.394455
0.859199 0.106775 -0.500376
0.931672 -0.065959 -0.357263
0.854984 0.076127 -0.513036
0.872989 -0.105580 -0.476175
0.801664 -0.085494 -0.591630
0.903476 -0.021656 -0.428092
0.756091 -0.016237 -0.654265
0.882550 -0.077477 -0.463793
0.848937 -0.065356 -0.524437
0.866727 0.000449 -0.498782
0.828700 0.168091 -0.533856
0.819096 -0.086212 -0.567141
0.866560 0.074127 -0.493537
0.825107 -0.076221 -0.559812
0.823425 -0.036323 -0.566262
0.845668 0.007116 -0.533662
0.900016 0.145613 -0.410814
0.857942 0.113528 -0.501045
0.811746 -0.048311 -0.582010
0.841854 -0.115698 -0.527158
0.817827 -0.119321 -0.562957
0.828121 0.084280 -0.554177
0.798566 -0.118135 -0.590201
0.772801 0.093434 -0.627732
0.881845 0.045166 -0.469372
0.865117 -0.002978 -0.501561
0.830070 0.183334 -0.526662
0.726784 -0.201728 -0.656575
0.839587 -0.012758 -0.543075
0.828364 0.215417 -0.517115
0.925411 -0.072771 -0.371913
0.793897 -0.064733 -0.604596
0.818137 0.082515 -0.569073
0.866696 -0.056166 -0.495665
0.844271 0.161550 -0.510987
0.832755 -0.022581 -0.553181
0.748259 0.109990 -0.654225
0.770511 0.070558 -0.633509
0.850944 -0.072786 -0.520188
0.851784 -0.195361 -0.486105
0.822916 -0.050103 -0.565949
0.884382 0.038133 -0.465203
0.769255 0.049304 -0.637037
0.870751 0.024205 -0.491127
0.865036 0.132929 -0.483779
0.924601 -0.109052 -0.364995
0.858735 0.012385 -0.512270
0.857120 0.075289 -0.509585
0.775066 0.091597 -0.625206
0.801777 -0.005677 -0.597596
0.838595 0.046059 -0.542805
0.878529 -0.042126 -0.475828
0.847426 0.057960 -0.527740
0.880481 0.043778 -0.472056
0.821563 -0.009463 -0.570040
0.818818 0.035245 -0.572970
0.861966 0.012413 -0.506815
0.905659 0.082561 -0.415892
0.869672 -0.020144 -0.493219
0.749363 0.074618 -0.657942
0.713310 0.128452 -0.688977
0.879723 0.121349 -0.459741
0.837406 -0.124287 -0.532263
0.872041 0.027724 -0.488647
0.810275 0.001649 -0.586047
0.839122 -0.092152 -0.536081
0.866522 -0.118990 -0.484749
0.876224 0.051495 -0.479145
0.775622 0.109057 -0.621704
0.835337 0.011955 -0.549608
0.783240 0.147598 -0.603946
0.814447 -0.063055 -0.576801
0.823254 0.001823 -0.567670
0.860027 0.072916 -0.505011
0.801907 -0.143053 -0.580071
0.810550 0.093122 -0.578219
0.813575 0.013253 -0.581309
0.813842 -0.002214 -0.581082
0.895490 -0.034823 -0.443716
0.870519 0.002161 -0.492131
0.842239 -0.036278 -0.537883
0.791905 0.024110 -0.610168
0.851639 -0.065492 -0.520020
0.821088 0.028414 -0.570095
0.804048 -0.006402 -0.594530
0.812062 0.122843 -0.570495
0.883959 0.058865 -0.463844
0.831338 0.030437 -0.554933
0.880607 0.183232 -0.436987
0.773653 -0.062621 -0.630507
0.921974 0.077684 -0.379380
0.795797 -0.051268 -0.603389
0.752127 -0.096167 -0.651964
0.876532 -0.052699 -0.478451
0.859449 0.070751 -0.506302
0.837282 0.005715 -0.546741
0.830636 -0.204520 -0.517895
0.809405 -0.013149 -0.587103
0.833036 -0.011494 -0.553099
0.823170 0.038963 -0.566457
0.833456 -0.076192 -0.547308
0.861682 -0.079558 -0.501173
0.697432 0.100155 -0.709618
0.902372 0.050714 -0.427964
0.830212 -0.019048 -0.557122
0.878883 0.070809 -0.471752
0.882370 0.041387 -0.468733
0.841664 0.096253 -0.531353
0.814728 0.122119 -0.566838
0.901004 0.010433 -0.433686
0.860733 0.129455 -0.492321
0.837214 -0.113782 -0.534908
0.886376 -0.044537 -0.460819
0.883565 -0.135798 -0.448187
0.798360 0.026936 -0.601577
0.762185 -0.172041 -0.624080
0.893846 -0.027201 -0.447549
0.867158 -0.090516 -0.489739
0.821893 0.026835 -0.569009
0.777011 -0.133743 -0.615115
0.886206 0.043905 -0.461206
0.901910 0.121104 -0.414599
0.873591 -0.029742 -0.485752
0.842144 0.103378 -0.529250
0.816970 0.078685 -0.571287
0.817478 0.092522 -0.568481
0.888897 0.112984 -0.443955
0.599155 0.110859 -0.792921
0.819996 -0.114355 -0.560830
0.901591 0.047357 -0.429989
0.793926 0.106065 -0.598692
0.864410 0.150856 -0.479622
0.765252 -0.007207 -0.643691
0.855604 -0.011756 -0.517498
0.796112 -0.020188 -0.604813
0.890305 -0.004542 -0.455343
0.861512 0.050663 -0.505204
0.787456 -0.033337 -0.615469
0.859873 0.068053 -0.505952
0.829768 -0.129185 -0.542951
0.877374 0.094681 -0.470373
0.851248 0.020577 -0.524360
0.837526 -0.012423 -0.546256
0.840873 0.004926 -0.541211
0.896487 0.065986 -0.438129
0.717215 -0.193173 -0.669543
0.841891 -0.023100 -0.539154
0.896475 -0.012341 -0.442923
0.901390 0.090124 -0.423526
0.801270 -0.183164 -0.569576
0.785988 0.002673 -0.618236
0.817575 -0.049964 -0.573651
0.846466 0.018725 -0.532113
0.867470 -0.092121 -0.488886
0.855587 -0.059090 -0.514276
0.802921 -0.084160 -0.590115
0.868757 -0.021965 -0.494750
0.875904 0.002933 -0.482476
0.879036 -0.008668 -0.476676
0.887300 0.028181 -0.460330
0.886342 -0.001745 -0.463027
0.811221 -0.081410 -0.579045
0.849861 0.059736 -0.523611
0.845548 -0.206671 -0.492277
0.845322 -0.112727 -0.522229
0.905366 -0.001085 -0.424631
0.764109 0.163699 -0.623971
0.842699 0.063969 -0.534571
0.862026 -0.157083 -0.481908
0.779624 -0.008820 -0.626186
0.850074 -0.029552 -0.525834
0.885220 0.008892 -0.465087
0.790753 0.083533 -0.606409
0.854674 0.062622 -0.515374
0.755764 -0.089436 -0.648708
0.861505 0.060752 -0.504102
0.797242 0.076195 -0.598831
0.869528 -0.020592 -0.493454
0.791359 0.059811 -0.608418
0.870248 -0.040279 -0.490964
0.795930 -0.010002 -0.605306
0.797511 -0.059163 -0.600397
0.881003 -0.143819 -0.450722
0.836523 0.158569 -0.524485
0.902453 -0.047935 -0.428113
0.823308 -0.023152 -0.567123
0.836479 -0.058571 -0.544861
0.823222 -0.045527 -0.565892
0.831647 0.054817 -0.552593
0.935944 -0.081330 -0.342628
0.841801 0.023537 -0.539274
0.817156 -0.075313 -0.571475
0.789522 0.016285 -0.613506
0.809795 -0.164757 -0.563105
0.761347 0.079526 -0.643448
0.806986 0.048331 -0.588590
0.877716 -0.077464 -0.472878
0.840019 0.062675 -0.538924
0.846481 0.122031 -0.518246
0.733171 0.052954 -0.677980
0.825006 0.092135 -0.557562
0.841065 -0.080939 -0.534844
0.874750 -0.161374 -0.456915
0.756816 -0.022109 -0.653254
0.868103 0.092263 -0.487735
0.848441 -0.052879 -0.526643
0.861853 -0.122807 -0.492065
0.864198 -0.004839 -0.503129
0.893920 0.028646 -0.447310
0.863959 -0.043599 -0.501670
0.893729 0.046788 -0.446162
0.779031 0.086999 -0.620920
0.910323 -0.062753 -0.409114
0.810629 0.175375 -0.558682
0.821349 -0.073765 -0.565637
0.863929 0.011886 -0.503473
0.887107 0.048803 -0.458976
0.886168 0.050219 -0.460635
0.773021 0.018066 -0.634123
0.906628 0.023748 -0.421261
0.849549 0.033537 -0.526443
0.769432 0.053841 -0.636455
0.884618 0.057193 -0.462796
0.889864 -0.144043 -0.432891
0.797644 -0.059051 -0.600231
0.826947 -0.026341 -0.561662
0.846472 -0.104342 -0.522109
0.708174 -0.092375 -0.699969
0.835482 0.014539 -0.549325
0.671536 -0.150656 -0.725494
0.780352 0.061349 -0.622324
0.800891 -0.155187 -0.578351
0.791781 -0.178479 -0.584148
0.868961 0.004804 -0.494857
0.873503 -0.037413 -0.485379
0.848445 0.134539 -0.511898
0.843174 0.026153 -0.537004
0.821590 -0.081896 -0.564165
0.883815 -0.016801 -0.467534
0.821658 0.015198 -0.569779
0.856708 -0.109980 -0.503941
0.806662 0.018516 -0.590723
0.837525 -0.003228 -0.546389
0.808788 -0.072187 -0.583653
0.839513 -0.120618 -0.529782
0.842530 0.076842 -0.533141
0.875006 0.062889 -0.480009
0.709606 -0.050668 -0.702774
0.764752 0.119341 -0.633176
0.831554 0.025624 -0.554852
0.862358 0.118694 -0.492190
0.885289 -0.192861 -0.423165
0.753406 -0.013313 -0.657421
0.795007 -0.063694 -0.603247
0.820923 -0.098771 -0.562432
0.940403 0.056045 -0.335412
0.836587 0.044390 -0.546033
0.866971 -0.079144 -0.492035
0.881929 0.033802 -0.470168
0.779077 0.063721 -0.623681
0.828265 -0.162130 -0.536369
0.876003 0.011752 -0.482162
0.812413 -0.011489 -0.582970
0.776154 -0.010830 -0.630451
0.887365 0.068432 -0.455961
0.863816 -0.033726 -0.502678
0.885261 0.065108 -0.460515
0.883418 0.096956 -0.458445
0.866342 0.235660 -0.440359
0.866884 0.049824 -0.496013
0.781277 -0.068112 -0.620458
0.814930 -0.026572 -0.578951
0.897771 -0.096682 -0.429721
0.850281 0.031179 -0.525405
0.870015 -0.056570 -0.489768
0.858759 0.033576 -0.511278
0.868776 0.045964 -0.493067
0.853164 0.157311 -0.497358
0.757884 0.096910 -0.645151
0.766785 -0.017620 -0.641663
0.917562 0.065336 -0.392187
0.883286 0.053199 -0.465807
0.845249 0.081999 -0.528044
0.822056 -0.055291 -0.566715
0.855953 -0.007817 -0.516994
0.820478 -0.055694 -0.568958
0.865596 -0.010253 -0.500638
0.826408 -0.077668 -0.557690
0.815979 -0.076706 -0.572970
0.892245 0.023965 -0.450915
0.817322 0.040794 -0.574735
0.881760 -0.096883 -0.461642
0.869570 -0.004454 -0.493789
0.796613 -0.040630 -0.603122
0.873413 -0.016893 -0.486686
0.780321 0.000852 -0.625379
0.860918 -0.034347 -0.507582
0.823956 -0.043230 -0.565002
0.866820 -0.159382 -0.472462
0.875889 -0.135093 -0.463215
0.839717 -0.040207 -0.541533
0.817866 0.024918 -0.574869
0.819479 0.039854 -0.571721
0.849906 -0.006633 -0.526893
0.782223 0.019937 -0.622679
0.855664 -0.151747 -0.494785
0.886033 -0.013590 -0.463423
0.804787 -0.108176 -0.583622
0.807803 -0.012453 -0.589321
0.852065 -0.277202 -0.444009
0.834271 -0.060226 -0.548055
0.897315 -0.166046 -0.408967
0.909290 -0.029886 -0.415089
0.818642 0.073667 -0.569560
0.771173 0.179365 -0.610835
0.883515 0.075087 -0.462346
0.804078 0.133455 -0.579352
0.845098 -0.020972 -0.534200
0.812755 0.024028 -0.582110
0.830697 -0.002581 -0.556719
0.837409 0.008738 -0.546507
0.782485 0.031100 -0.621893
0.897200 -0.066212 -0.436633
0.903732 -0.048169 -0.425380
0.882197 -0.037007 -0.469424
0.841083 0.081168 -0.534781
0.859349 -0.113347 -0.498670
0.873107 0.099371 -0.477294
0.770473 -0.014815 -0.637300
0.786889 -0.128482 -0.603571
0.875486 -0.069262 -0.478255
0.818196 -0.140289 -0.557561
0.907289 -0.131827 -0.399309
0.836474 -0.115903 -0.535610
0.880795 -0.034943 -0.472206
0.823184 -0.197910 -0.532164
0.858126 -0.178334 -0.481474
0.735809 -0.207253 -0.644695
0.834630 -0.135129 -0.533978
0.770935 -0.213221 -0.600163
0.701362 -0.278887 -0.655983
0.806774 -0.145722 -0.572609
0.872823 0.021394 -0.487568
0.745418 -0.250459 -0.617756
0.771203 -0.259713 -0.581202
0.805248 -0.225774 -0.548272
0.799676 -0.247592 -0.547007
0.769789 -0.252423 -0.586265
0.834261 -0.031259 -0.550483
0.834242 -0.112359 -0.539830
0.868281 -0.141861 -0.475356
0.810747 -0.248723 -0.529930
0.875996 -0.211312 -0.433565
0.779702 -0.169250 -0.602843
0.822411 -0.273619 -0.498771
0.866225 -0.245804 -0.435010
0.803310 -0.296082 -0.516749
0.816562 -0.193013 -0.544034
0.871832 -0.209186 -0.442888
0.760826 -0.188111 -0.621095
0.791832 -0.255682 -0.554643
0.770811 -0.438012 -0.462596
0.762496 -0.300452 -0.572999
0.776791 -0.264442 -0.571547
0.761734 -0.391120 -0.516513
0.824936 -0.295236 -0.481991
0.784356 -0.353901 -0.509450
0.675517 -0.390137 -0.625675
0.857280 -0.306072 -0.413995
0.794555 -0.335191 -0.506290
0.842486 -0.271802 -0.465126
0.832251 -0.336377 -0.440692
0.814071 -0.469094 -0.342403
0.757959 -0.333741 -0.560460
0.813599 -0.492153 -0.309584
0.709087 -0.387500 -0.589101
0.650383 -0.361594 -0.668021
0.743879 -0.450523 -0.493632
0.808163 -0.343966 -0.478079
0.675042 -0.508931 -0.534142
0.703132 -0.356799 -0.615061
0.715759 -0.479766 -0.507457
0.737818 -0.569402 -0.362499
0.748108 -0.396317 -0.532228
0.705057 -0.393513 -0.589950
0.649301 -0.381547 -0.657898
0.778843 -0.327457 -0.534954
0.809915 -0.425227 -0.404005
0.702126 -0.493475 -0.513324
0.699858 -0.566487 -0.435077
0.733626 -0.393249 -0.554210
0.666522 -0.525395 -0.528874
0.773181 -0.453946 -0.442859
0.711475 -0.541921 -0.447354
0.675452 -0.506690 -0.535752
0.741128 -0.430235 -0.515390
0.597629 -0.638769 -0.484575
0.736350 -0.401538 -0.544569
0.654466 -0.437012 -0.617004
0.623977 -0.524898 -0.578908
0.763343 -0.353706 -0.540555
0.620622 -0.624497 -0.474163
0.523518 -0.658058 -0.541192
0.616491 -0.552610 -0.560857
0.546605 -0.699726 -0.460007
0.648739 -0.528830 -0.547244
0.640258 -0.538471 -0.547832
0.649516 -0.680555 -0.339078
0.765840 -0.461058 -0.448235
0.611687 -0.584716 -0.532866
0.608453 -0.506361 -0.611050
0.516000 -0.664644 -0.540363
0.575790 -0.630386 -0.520653
0.534936 -0.542902 -0.647380
0.517718 -0.655083 -0.550304
0.602493 -0.534830 -0.592418
0.622651 -0.543911 -0.562554
0.619334 -0.490544 -0.613019
0.682636 -0.509907 -0.523453
0.579726 -0.605807 -0.544899
0.637552 -0.633087 -0.439010
0.540935 -0.590871 -0.598549
0.442767 -0.736027 -0.512076
0.581872 -0.591296 -0.558385
0.653737 -0.658670 -0.372534
0.582325 -0.616934 -0.529424
0.546328 -0.735254 -0.401157
0.522618 -0.644787 -0.557782
0.516232 -0.672440 -0.530404
0.513718 -0.692073 -0.507079
0.506675 -0.684438 -0.524237
0.450471 -0.698616 -0.555888
0.548362 -0.537737 -0.640420
0.518596 -0.672632 -0.527849
0.446432 -0.554831 -0.702040
0.487194 -0.704980 -0.515408
0.619158 -0.630971 -0.467460
0.369846 -0.761322 -0.532544
0.477765 -0.751195 -0.455464
0.574959 -0.642074 -0.507112
0.532745 -0.724916 -0.436669
0.455793 -0.685363 -0.567917
0.424276 -0.696709 -0.578435
0.498549 -0.729743 -0.467894
0.452601 -0.708532 -0.541419
0.477750 -0.773978 -0.415588
0.488263 -0.757365 -0.433586
0.361490 -0.661929 -0.656639
0.463081 -0.727483 -0.506285
0.327224 -0.763328 -0.557005
0.321712 -0.756478 -0.569422
0.483635 -0.746682 -0.456687
0.303900 -0.788380 -0.534884
0.458345 -0.792899 -0.401536
0.376534 -0.728526 -0.572252
0.292068 -0.779126 -0.554670
0.477921 -0.704495 -0.524671
0.342462 -0.792944 -0.503944
0.318167 -0.767123 -0.557039
0.302472 -0.677051 -0.670904
0.399344 -0.761194 -0.510987
0.286334 -0.763245 -0.579198
0.349095 -0.668071 -0.657125
0.370308 -0.775994 -0.510593
0.262582 -0.884986 -0.384514
0.291732 -0.755295 -0.586874
0.510958 -0.699345 -0.499839
0.391547 -0.746620 -0.537819
0.269494 -0.821994 -0.501696
0.269593 -0.782450 -0.561330
0.340400 -0.746421 -0.571825
0.401026 -0.791415 -0.461346
0.174791 -0.727237 -0.663758
0.434608 -0.724315 -0.535241
0.291205 -0.819856 -0.492987
0.337913 -0.770337 -0.540737
0.320108 -0.792334 -0.519363
0.099261 -0.833203 -0.543986
0.143811 -0.903228 -0.404348
0.172196 -0.805271 -0.567351
0.297708 -0.866540 -0.400598
0.175637 -0.733955 -0.656096
0.123878 -0.843861 -0.522066
0.258201 -0.733306 -0.628963
0.320166 -0.829172 -0.458222
0.405988 -0.829350 -0.383865
0.285786 -0.888079 -0.360057
0.118600 -0.861373 -0.493933
0.203623 -0.649242 -0.732818
0.239145 -0.773351 -0.587144
0.199332 -0.867446 -0.455855
0.302934 -0.817741 -0.489419
0.186133 -0.729566 -0.658094
0.108440 -0.860476 -0.497817
0.247512 -0.801192 -0.544820
0.193701 -0.905145 -0.378408
0.091542 -0.875688 -0.474120
0.062425 -0.906145 -0.418335
0.031869 -0.839570 -0.542316
-0.045617 -0.879764 -0.473216
0.190013 -0.816452 -0.545254
0.168592 -0.851840 -0.495928
0.110918 -0.881033 -0.459867
0.081185 -0.805214 -0.587401
0.058119 -0.748813 -0.660228
0.160860 -0.731607 -0.662477
0.074856 -0.816591 -0.572343
0.232188 -0.796432 -0.558377
0.054483 -0.775543 -0.628939
0.280238 -0.876466 -0.391503
-0.031442 -0.784110 -0.619825
-0.222248 -0.811442 -0.540525
-0.014444 -0.893419 -0.448992
0.040216 -0.874644 -0.483094
-0.037013 -0.867957 -0.495258
-0.181736 -0.825414 -0.534475
0.054915 -0.805374 -0.590217
-0.207939 -0.793470 -0.571985
0.121587 -0.880129 -0.458900
0.117066 -0.861179 -0.494637
0.004241 -0.842529 -0.538634
-0.084458 -0.842069 -0.532716
-0.065660 -0.833929 -0.547952
0.003208 -0.893099 -0.449849
-0.056435 -0.864493 -0.499467
-0.060638 -0.843127 -0.534284
0.105638 -0.735591 -0.669139
-0.068508 -0.924002 -0.376201
0.071153 -0.813308 -0.577467
-0.037279 -0.888216 -0.457911
0.009440 -0.847398 -0.530874
0.076287 -0.876353 -0.475590
0.061588 -0.875374 -0.479507
0.025845 -0.851565 -0.523611
0.092386 -0.867952 -0.487979
0.003862 -0.850409 -0.526108
-0.064073 -0.823191 -0.564138
-0.124041 -0.841172 -0.526349
0.098139 -0.811065 -0.576665
-0.089292 -0.822635 -0.561515
0.063452 -0.875348 -0.479311
0.018170 -0.876349 -0.481334
0.032637 -0.818964 -0.572916
-0.036864 -0.802340 -0.595728
-0.002548 -0.807968 -0.589221
-0.120337 -0.872582 -0.473413
-0.034746 -0.862807 -0.504338
0.021515 -0.800493 -0.598956
0.088352 -0.897419 -0.432242
0.003953 -0.796423 -0.604727
-0.052959 -0.920239 -0.387757
-0.017423 -0.781865 -0.623204
-0.118773 -0.797852 -0.591038
0.026344 -0.850109 -0.525948
0.141728 -0.838013 -0.526922
-0.031946 -0.852032 -0.522514
-0.036073 -0.813906 -0.579875
0.046290 -0.903690 -0.425677
-0.067807 -0.880529 -0.469117
0.035670 -0.769685 -0.637426
-0.006516 -0.838842 -0.544336
-0.138908 -0.873155 -0.467232
0.097369 -0.850196 -0.517384
-0.058518 -0.853930 -0.517086
0.001537 -0.802849 -0.596181
0.084443 -0.855891 -0.510216
0.040293 -0.837930 -0.544288
-0.081646 -0.831358 -0.549707
-0.076587 -0.928507 -0.363332
-0.012842 -0.844155 -0.535946
0.037156 -0.863018 -0.503805
0.170473 -0.854177 -0.491243
0.004686 -0.898966 -0.437993
0.068551 -0.871997 -0.484687
0.018159 -0.934691 -0.354998
-0.064830 -0.827554 -0.557630
-0.025772 -0.862963 -0.504610
0.000830 -0.838125 -0.545477
-0.088413 -0.865679 -0.492729
0.083751 -0.795945 -0.599548
-0.080882 -0.770571 -0.632202
-0.070280 -0.805323 -0.588655
0.011617 -0.863524 -0.504175
0.064745 -0.889294 -0.452729
-0.104193 -0.800890 -0.589678
0.007148 -0.879438 -0.475959
0.056044 -0.859847 -0.507467
0.018966 -0.847456 -0.530527
0.022658 -0.857628 -0.513771
0.185934 -0.869807 -0.457017
0.027058 -0.853149 -0.520965
-0.169152 -0.837421 -0.519725
-0.077304 -0.853592 -0.515175
0.006965 -0.858887 -0.512117
0.033082 -0.847248 -0.530167
-0.056395 -0.903806 -0.424211
-0.091994 -0.818592 -0.566960
0.048399 -0.841804 -0.537608
-0.046878 -0.830134 -0.555590
-0.163383 -0.832386 -0.529566
0.108307 -0.868683 -0.483383
-0.074324 -0.926769 -0.368206
-0.034344 -0.833152 -0.551976
-0.118262 -0.859224 -0.497744
0.051290 -0.851809 -0.521335
0.025775 -0.908284 -0.417560
-0.005803 -0.886978 -0.461776
-0.106602 -0.837077 -0.536599
0.013877 -0.859067 -0.511675
-0.244874 -0.732827 -0.634824
0.133959 -0.826570 -0.546659
0.035747 -0.858468 -0.511620
0.029871 -0.837127 -0.546192
0.047195 -0.866580 -0.496802
-0.145485 -0.836692 -0.527997
-0.004284 -0.867581 -0.497278
0.082953 -0.826184 -0.557260
0.027660 -0.860882 -0.508052
0.006318 -0.836950 -0.547243
0.036929 -0.795526 -0.604793
0.010758 -0.806775 -0.590761
0.116606 -0.907431 -0.403699
-0.100805 -0.863324 -0.494479
0.036772 -0.888137 -0.458104
-0.063844 -0.752380 -0.655628
-0.076375 -0.810679 -0.580488
0.046033 -0.896151 -0.441355
0.069039 -0.848505 -0.524665
-0.007944 -0.768789 -0.639453
-0.184421 -0.809831 -0.556923
-0.121781 -0.798057 -0.590147
0.028918 -0.958953 -0.282087
0.082311 -0.834052 -0.545512
-0.016624 -0.810321 -0.585751
-0.088637 -0.873752 -0.478226
-0.056396 -0.756265 -0.651830
0.036156 -0.789738 -0.612378
0.030591 -0.802481 -0.595893
0.045413 -0.798526 -0.600244
-0.012851 -0.823625 -0.566989
0.052685 -0.903432 -0.425483
0.035224 -0.798021 -0.601600
-0.211842 -0.794051 -0.569743
0.128789 -0.897894 -0.420951
0.027284 -0.844174 -0.535375
-0.019482 -0.827055 -0.561783
0.065059 -0.839008 -0.540215
-0.014294 -0.834467 -0.550872
-0.030899 -0.844595 -0.534513
-0.035933 -0.863801 -0.502550
-0.051487 -0.889477 -0.454071
0.094740 -0.845417 -0.525638
-0.059876 -0.895356 -0.441308
-0.099822 -0.834344 -0.542130
0.034548 -0.830800 -0.555498
0.131879 -0.812065 -0.568470
0.011746 -0.858691 -0.512359
-0.108483 -0.811320 -0.574448
-0.058544 -0.879697 -0.471917
-0.018809 -0.791060 -0.611449
-0.006633 -0.819134 -0.573564
-0.061209 -0.857593 -0.510673
-0.085414 -0.852484 -0.515729
0.200789 -0.817012 -0.540532
0.051637 -0.956744 -0.286313
0.033613 -0.951623 -0.305424
-0.008735 -0.813021 -0.582169
0.052678 -0.864367 -0.500095
0.110446 -0.847194 -0.519677
-0.003639 -0.839314 -0.543634
-0.029406 -0.833765 -0.551336
-0.007359 -0.810544 -0.585631
-0.076882 -0.842120 -0.533782
0.066430 -0.872029 -0.484924
-0.121800 -0.870935 -0.476063
0.001547 -0.877061 -0.480376
0.127405 -0.877732 -0.461902
-0.042364 -0.915752 -0.399504
-0.106880 -0.868945 -0.483230
0.016904 -0.851321 -0.524373
0.018579 -0.875774 -0.482363
0.162000 -0.931419 -0.325906
0.134224 -0.836654 -0.531031
-0.032729 -0.887704 -0.459250
0.055246 -0.857730 -0.511123
-0.012704 -0.911337 -0.411465
-0.202601 -0.847301 -0.490952
-0.009039 -0.886707 -0.462243
-0.046974 -0.708938 -0.703705
0.053108 -0.857012 -0.512552
0.064394 -0.898007 -0.435243
0.158349 -0.824998 -0.542498
0.105453 -0.751514 -0.651235
0.049402 -0.824637 -0.563501
0.104182 -0.805669 -0.583133
0.084844 -0.861503 -0.500614
-0.103485 -0.835529 -0.539614
-0.010253 -0.868559 -0.495479
0.026671 -0.841755 -0.539201
0.000944 -0.848167 -0.529728
0.102912 -0.882895 -0.458154
-0.102887 -0.847340 -0.520989
0.178262 -0.806798 -0.563293
-0.063375 -0.874763 -0.480389
-0.109132 -0.835841 -0.538015
0.084105 -0.862779 -0.498537
0.041788 -0.751451 -0.658464
-0.122788 -0.845294 -0.520001
-0.084401 -0.778033 -0.622528
-0.023271 -0.869795 -0.492863
-0.050842 -0.886045 -0.460804
0.156696 -0.834649 -0.528022
0.048283 -0.843657 -0.534707
0.074100 -0.920084 -0.384650
-0.051000 -0.886232 -0.460427
0.022177 -0.823990 -0.566171
-0.114109 -0.924487 -0.363735
-0.017752 -0.892549 -0.450602
-0.065402 -0.903023 -0.424584
0.061967 -0.820352 -0.568491
0.020921 -0.843623 -0.536528
0.094586 -0.856862 -0.506795
0.047046 -0.893115 -0.447362
0.115554 -0.855467 -0.504801
-0.018263 -0.900522 -0.434428
-0.073253 -0.803631 -0.590602
-0.079753 -0.848155 -0.523710
-0.054360 -0.846070 -0.530294
0.020584 -0.918421 -0.395068
-0.083959 -0.872098 -0.482074
-0.153591 -0.832823 -0.531805
0.001281 -0.861407 -0.507913
-0.065817 -0.875673 -0.478398
-0.175421 -0.740467 -0.648796
0.000947 -0.847358 -0.531022
-0.051152 -0.803533 -0.593058
0.117739 -0.781109 -0.613193
0.111502 -0.794065 -0.597518
0.109594 -0.784370 -0.610534
0.031790 -0.869760 -0.492449
0.065459 -0.742354 -0.666803
-0.045424 -0.791928 -0.608923
0.028318 -0.890365 -0.454366
0.003386 -0.848755 -0.528775
-0.127451 -0.716967 -0.685357
0.179251 -0.877023 -0.445758
-0.125882 -0.749821 -0.649555
-0.098439 -0.895919 -0.433173
0.100942 -0.836978 -0.537846
0.044159 -0.851645 -0.522255
-0.012841 -0.850794 -0.525343
0.119168 -0.833155 -0.540047
-0.008034 -0.884309 -0.466833
-0.096295 -0.796908 -0.596376
0.128549 -0.812737 -0.568272
0.056542 -0.803914 -0.592052
0.020728 -0.841118 -0.540454
0.026839 -0.861957 -0.506271
0.011590 -0.887929 -0.459835
-0.056034 -0.884646 -0.462885
0.055098 -0.778863 -0.624769
-0.033293 -0.770970 -0.636000
-0.000448 -0.860447 -0.509539
-0.059826 -0.843856 -0.533224
-0.119902 -0.873216 -0.472354
-0.102614 -0.821244 -0.561275
0.039256 -0.794676 -0.605764
-0.030813 -0.892679 -0.449638
-0.017481 -0.870558 -0.491755
-0.010618 -0.829727 -0.558068
0.057735 -0.821391 -0.567436
0.077170 -0.781490 -0.619126
0.034569 -0.899873 -0.434779
-0.014405 -0.872871 -0.487739
0.111277 -0.841799 -0.528196
-0.046167 -0.849106 -0.526201
0.059298 -0.807653 -0.586669
0.070536 -0.844096 -0.531532
0.070592 -0.837061 -0.542536
0.142530 -0.904330 -0.402333
-0.084439 -0.846348 -0.525894
-0.003730 -0.820416 -0.571754
-0.158981 -0.847119 -0.507065
0.058159 -0.851680 -0.520824
0.081871 -0.902945 -0.421886
0.030821 -0.908805 -0.416081
-0.072676 -0.917571 -0.390873
0.019140 -0.851922 -0.523318
0.082484 -0.865738 -0.493654
-0.012651 -0.686509 -0.727011
-0.111044 -0.832630 -0.542583
0.003641 -0.888844 -0.458196
0.007521 -0.860784 -0.508914
-0.025292 -0.854399 -0.519002
0.058920 -0.873613 -0.483041
-0.107065 -0.875624 -0.470978
-0.172005 -0.834334 -0.523737
0.073022 -0.837514 -0.541515
0.016040 -0.841160 -0.540548
0.078218 -0.806731 -0.585719
0.003746 -0.802137 -0.597128
-0.052576 -0.913638 -0.403114
0.178717 -0.869245 -0.460949
0.100511 -0.880077 -0.464071
0.111833 -0.846315 -0.520812
0.113000 -0.831766 -0.543504
-0.015475 -0.832679 -0.553540
0.048281 -0.788991 -0.612505
0.049745 -0.850475 -0.523658
-0.019132 -0.899865 -0.435750
-0.077838 -0.811361 -0.579339
0.073222 -0.815387 -0.574267
-0.045024 -0.867128 -0.496046
0.067891 -0.776000 -0.627069
-0.114796 -0.836008 -0.536575
-0.003710 -0.863807 -0.503810
0.121360 -0.884686 -0.450114
0.105379 -0.717697 -0.688336
-0.063469 -0.922514 -0.380709
0.052028 -0.833922 -0.549424
0.091139 -0.820216 -0.564748
-0.104695 -0.810593 -0.576175
0.088733 -0.792338 -0.603595
-0.011699 -0.865806 -0.500243
0.095681 -0.823546 -0.559122
0.043733 -0.877204 -0.478123
0.029772 -0.825708 -0.563311
-0.028971 -0.905442 -0.423481
-0.087915 -0.899220 -0.428572
0.021027 -0.877577 -0.478974
0.113435 -0.785516 -0.608356
0.044199 -0.804666 -0.592081
0.032912 -0.826919 -0.561357
0.043738 -0.855864 -0.515348
-0.124050 -0.831898 -0.540885
0.097001 -0.893055 -0.439367
0.055398 -0.888454 -0.455610
-0.090538 -0.927916 -0.361627
0.028021 -0.794674 -0.606389
0.027326 -0.775890 -0.630276
-0.099206 -0.875257 -0.473374
0.012932 -0.823367 -0.567362
-0.063448 -0.712022 -0.699285
0.039661 -0.855404 -0.516441
0.138603 -0.827360 -0.544302
-0.040622 -0.795241 -0.604932
0.013227 -0.822335 -0.568851
-0.114207 -0.828351 -0.548445
0.021082 -0.876478 -0.480980
0.074247 -0.934703 -0.347589
0.036501 -0.855806 -0.516008
-0.075313 -0.814921 -0.574658
0.012347 -0.838795 -0.544307
-0.053628 -0.869996 -0.490134
0.010088 -0.920602 -0.390372
0.019164 -0.881332 -0.472109
-0.033028 -0.879509 -0.474736
0.060538 -0.845012 -0.531310
-0.010706 -0.856828 -0.515492
0.084597 -0.908095 -0.410131
0.142033 -0.850971 -0.505644
0.059329 -0.892557 -0.447015
-0.067817 -0.848623 -0.524633
-0.167266 -0.734759 -0.657382
0.110447 -0.855447 -0.505976
0.072418 -0.881152 -0.467254
0.056555 -0.906318 -0.418795
0.047271 -0.880590 -0.471515
0.058092 -0.851276 -0.521493
0.039190 -0.874417 -0.483590
-0.029808 -0.805026 -0.592491
0.152251 -0.811273 -0.564496
0.113274 -0.843446 -0.525136
-0.018367 -0.873019 -0.487341
-0.053508 -0.806357 -0.589004
-0.019366 -0.812787 -0.582239
0.058208 -0.858956 -0.508730
0.186731 -0.865223 -0.465318
-0.110363 -0.849801 -0.515421
-0.120766 -0.888442 -0.442816
0.032423 -0.892213 -0.450449
0.044063 -0.896676 -0.440490
-0.185867 -0.796421 -0.575472
0.021977 -0.877537 -0.479006
0.062415 -0.875505 -0.479161
-0.204664 -0.898105 -0.389256
-0.069404 -0.828233 -0.556070
-0.135396 -0.861946 -0.488586
-0.034189 -0.792137 -0.609385
-0.001018 -0.892974 -0.450106
-0.127228 -0.845375 -0.518801
-0.070160 -0.862746 -0.500746
-0.052876 -0.818819 -0.571611
0.155327 -0.803918 -0.574099
-0.141740 -0.866004 -0.479528
-0.022960 -0.867259 -0.497327
-0.013524 -0.907579 -0.419664
0.063062 -0.823155 -0.564303
0.059527 -0.850266 -0.522977
0.057713 -0.778436 -0.625066
0.004390 -0.892552 -0.450923
-0.131895 -0.843546 -0.520610
-0.099461 -0.874191 -0.475287
-0.049287 -0.859762 -0.508311
-0.089561 -0.835595 -0.541996
-0.001067 -0.834696 -0.550710
0.109886 -0.832535 -0.542965
0.068945 -0.866054 -0.495174
-0.024578 -0.824583 -0.565207
0.108067 -0.872747 -0.476061
0.031578 -0.851063 -0.524113
-0.024647 -0.902834 -0.429282
0.131704 -0.812354 -0.568097
-0.047595 -0.782958 -0.620251
-0.064234 -0.891749 -0.447948
0.113760 -0.919779 -0.375585
0.019911 -0.846912 -0.531360
-0.058422 -0.646062 -0.761046
0.125661 -0.847949 -0.514967
-0.239123 -0.828974 -0.505590
-0.104859 -0.852841 -0.511534
-0.038734 -0.880480 -0.472498
0.085938 -0.900485 -0.426311
-0.069955 -0.820199 -0.567785
0.015229 -0.893209 -0.449384
0.016211 -0.899317 -0.436996
-0.024792 -0.859012 -0.511354
0.047113 -0.877359 -0.477516
0.037308 -0.868156 -0.494887
-0.177871 -0.837867 -0.516082
-0.019344 -0.843985 -0.536018
0.045731 -0.836937 -0.545385
-0.093877 -0.854652 -0.510643
0.099756 -0.966839 -0.235099
0.019245 -0.940795 -0.338430
0.065158 -0.853865 -0.516400
0.101306 -0.770055 -0.629883
-0.001627 -0.822352 -0.568976
-0.086174 -0.877916 -0.470996
0.095057 -0.827595 -0.553219
-0.004643 -0.842854 -0.538122
-0.023075 -0.792848 -0.608983
-0.087678 -0.807358 -0.583511
0.004698 -0.883691 -0.468046
-0.091568 -0.854369 -0.511535
-0.133740 -0.845032 -0.517720
-0.009894 -0.872224 -0.489007
-0.173071 -0.855955 -0.487224
-0.019637 -0.782056 -0.622899
-0.065895 -0.930348 -0.360708
-0.028230 -0.780468 -0.624558
-0.079853 -0.796082 -0.599898
-0.028215 -0.876880 -0.479881
-0.051980 -0.813623 -0.579064
-0.075101 -0.819589 -0.568009
0.007815 -0.888886 -0.458062
0.070790 -0.848086 -0.525108
-0.054831 -0.835604 -0.546590
0.005084 -0.874508 -0.484984
-0.057787 -0.853544 -0.517806
-0.047491 -0.742536 -0.668120
0.085816 -0.807182 -0.584032
-0.020581 -0.908225 -0.417976
-0.065163 -0.840112 -0.538485
-0.001783 -0.783619 -0.621239
-0.063607 -0.849622 -0.523542
0.067727 -0.868480 -0.491076
0.087387 -0.848707 -0.521594
0.039902 -0.862683 -0.504169
0.095282 -0.889115 -0.447655
-0.081050 -0.859595 -0.504506
0.024626 -0.800070 -0.599402
0.081347 -0.830054 -0.551718
0.048249 -0.860731 -0.506768
-0.114661 -0.867674 -0.483729
-0.139061 -0.868263 -0.476216
-0.113837 -0.841035 -0.528867
0.027771 -0.799658 -0.599813
-0.032276 -0.857650 -0.513220
0.094873 -0.904264 -0.416299
0.184572 -0.865666 -0.465355
0.015065 -0.776386 -0.630078
-0.018541 -0.756204 -0.654074
-0.067777 -0.779439 -0.622801
0.161888 -0.836002 -0.524302
0.067624 -0.864056 -0.498833
-0.070486 -0.888629 -0.453178
0.148664 -0.782302 -0.604898
-0.021830 -0.912103 -0.409380
0.032302 -0.777855 -0.627613
-0.141907 -0.776989 -0.613311
0.044523 -0.778766 -0.625733
0.003976 -0.899691 -0.436510
0.282198 -0.867742 -0.409130
0.088365 -0.866397 -0.491475
-0.106299 -0.828348 -0.550036
0.104858 -0.819600 -0.563259
-0.090479 -0.814547 -0.572998
-0.140433 -0.749361 -0.647099
-0.043565 -0.811036 -0.583371
-0.155813 -0.843562 -0.513932
0.004308 -0.771319 -0.636434
0.046520 -0.854413 -0.517507
0.039759 -0.815994 -0.576692
0.004986 -0.897699 -0.440580
-0.053355 -0.845543 -0.531235
-0.093078 -0.877281 -0.470865
-0.096504 -0.869431 -0.484538
-0.228766 -0.751348 -0.618985
-0.077066 -0.817542 -0.570688
-0.005934 -0.902739 -0.430147
0.235516 -0.814094 -0.530833
-0.048524 -0.785665 -0.616746
0.024646 -0.813823 -0.580591
-0.017784 -0.917020 -0.398444
-0.061415 -0.824999 -0.561787
-0.108958 -0.821646 -0.559487
0.210586 -0.804564 -0.555274
0.029488 -0.810756 -0.584641
-0.117955 -0.907501 -0.403148
0.023525 -0.865858 -0.499737
-0.017522 -0.928734 -0.370333
0.037498 -0.823969 -0.565393
0.059349 -0.861213 -0.504767
-0.183120 -0.875763 -0.446660
-0.041394 -0.863810 -0.502115
0.002680 -0.797669 -0.603089
0.032241 -0.866654 -0.497867
-0.093851 -0.841442 -0.532135
-0.033479 -0.902502 -0.429383
0.114498 -0.827338 -0.549911
-0.051777 -0.899122 -0.434626
0.048520 -0.867374 -0.495286
0.067407 -0.871213 -0.486255
-0.052421 -0.864472 -0.499940
0.028275 -0.773693 -0.632930
-0.238416 -0.831391 -0.501944
-0.018826 -0.906114 -0.422615
-0.046516 -0.902728 -0.427690
-0.105408 -0.837090 -0.536814
-0.023071 -0.932174 -0.361276
0.151239 -0.913683 -0.377239
-0.143699 -0.825212 -0.546237
-0.110557 -0.847473 -0.519199
-0.101866 -0.798432 -0.593406
-0.032665 -0.777754 -0.627720
-0.185969 -0.842941 -0.504843
-0.022244 -0.842101 -0.538861
-0.054638 -0.847941 -0.527267
0.036760 -0.861834 -0.505857
0.009239 -0.872420 -0.488669
0.050567 -0.857757 -0.511562
-0.190260 -0.769228 -0.609991
0.090825 -0.921173 -0.378407
-0.183149 -0.811604 -0.554757
0.045261 -0.808176 -0.587200
0.085875 -0.773712 -0.627690
0.034611 -0.825263 -0.563687
-0.051853 -0.838581 -0.542303
0.041979 -0.867824 -0.495095
-0.012026 -0.904746 -0.425781
-0.039257 -0.821944 -0.568213
-0.005596 -0.878283 -0.478108
-0.086274 -0.818658 -0.567763
0.043757 -0.860191 -0.508091
-0.038483 -0.757342 -0.651883
0.154693 -0.845529 -0.511030
-0.073376 -0.847119 -0.526313
0.151891 -0.803992 -0.574914
0.043857 -0.818608 -0.572676
-0.005030 -0.814232 -0.580518
0.002646 -0.816528 -0.577299
-0.034495 -0.829151 -0.557960
0.012582 -0.913783 -0.406007
0.108742 -0.808588 -0.578239
-0.042068 -0.847616 -0.528940
0.053838 -0.853841 -0.517742
0.104088 -0.832302 -0.544462
-0.009929 -0.886654 -0.462326
0.023415 -0.806145 -0.591254
0.038794 -0.776149 -0.629355
-0.013261 -0.829327 -0.558607
0.158203 -0.738896 -0.654984
-0.022499 -0.818586 -0.573943
0.055694 -0.804789 -0.590942
0.063097 -0.940430 -0.334082
0.075690 -0.890402 -0.448839
-0.006003 -0.805405 -0.592695
0.029828 -0.854493 -0.518606
0.113074 -0.711237 -0.693799
0.151792 -0.815900 -0.557912
-0.000650 -0.808701 -0.588220
-0.176002 -0.822593 -0.540706
-0.040879 -0.886920 -0.460111
0.103358 -0.872416 -0.477711
0.197338 -0.806953 -0.556673
-0.007888 -0.861594 -0.507537
-0.033507 -0.849635 -0.526305
-0.147026 -0.934438 -0.324360
-0.135479 -0.845285 -0.516855
0.059377 -0.891875 -0.448367
0.176357 -0.818103 -0.547363
0.008903 -0.867440 -0.497463
0.054851 -0.844270 -0.533104
0.003654 -0.803725 -0.594990
0.023719 -0.921315 -0.388092
0.063404 -0.858840 -0.508305
-0.076032 -0.915913 -0.394109
-0.095169 -0.824072 -0.558434
-0.007995 -0.816603 -0.577145
0.085950 -0.859070 -0.504591
-0.056457 -0.808865 -0.585278
0.004621 -0.835396 -0.549629
0.217237 -0.825041 -0.521647
0.093317 -0.874078 -0.476738
-0.145909 -0.793145 -0.591297
0.053171 -0.879439 -0.473032
0.067812 -0.783691 -0.617438
-0.160805 -0.755424 -0.635198
0.005406 -0.807867 -0.589340
-0.100746 -0.754189 -0.648883
0.177683 -0.866298 -0.466858
0.093383 -0.876987 -0.471352
0.206085 -0.846050 -0.491659
0.065772 -0.817499 -0.572161
0.137062 -0.836864 -0.529974
0.010376 -0.867564 -0.497218
-0.047035 -0.836521 -0.545912
0.007684 -0.818163 -0.574934
-0.081579 -0.873457 -0.480018
0.116459 -0.828759 -0.547354
0.126569 -0.811878 -0.569942
-0.017308 -0.845839 -0.533158
0.102576 -0.852782 -0.512095
-0.008047 -0.869726 -0.493469
-0.009023 -0.882432 -0.470353
0.022351 -0.772995 -0.634018
-0.021084 -0.853055 -0.521394
0.070534 -0.855507 -0.512964
0.126238 -0.831930 -0.540331
0.059963 -0.806141 -0.588678
-0.022576 -0.860216 -0.509430
-0.056898 -0.889742 -0.452904
-0.090110 -0.825135 -0.557703
-0.124079 -0.819602 -0.559336
-0.022204 -0.762851 -0.646193
0.117816 -0.692095 -0.712127
-0.035174 -0.828937 -0.558235
0.181494 -0.868008 -0.462192
0.128389 -0.863036 -0.488554
-0.106150 -0.804615 -0.584232
0.135573 -0.819287 -0.557125
0.006677 -0.758811 -0.651277
-0.026998 -0.902485 -0.429874
-0.043844 -0.786566 -0.615948
0.029282 -0.873721 -0.485545
-0.103336 -0.850121 -0.516349
0.026147 -0.799813 -0.599680
0.059588 -0.868877 -0.491428
0.015475 -0.780818 -0.624567
-0.055532 -0.789039 -0.611829
-0.050893 -0.787771 -0.613862
-0.035079 -0.863337 -0.503408
0.039192 -0.774984 -0.630765
-0.115063 -0.830919 -0.544365
0.022272 -0.860927 -0.508240
0.016455 -0.825115 -0.564725
0.024914 -0.721459 -0.692009
0.021978 -0.853459 -0.520696
0.051543 -0.846163 -0.530425
0.065377 -0.814546 -0.576403
0.077560 -0.836839 -0.541928
0.042717 -0.830170 -0.555872
0.029380 -0.866803 -0.497785
0.104381 -0.782963 -0.613248
-0.065219 -0.801367 -0.594607
0.060394 -0.809327 -0.584245
-0.011234 -0.832852 -0.553382
-0.058246 -0.835012 -0.547141
-0.053957 -0.765585 -0.641068
0.037253 -0.813599 -0.580231
-0.009347 -0.864123 -0.503194
0.051319 -0.767659 -0.638800
-0.023497 -0.858477 -0.512313
-0.067356 -0.911259 -0.406288
0.093258 -0.902098 -0.421335
0.087343 -0.803010 -0.589531
-0.008572 -0.918252 -0.395904
0.133178 -0.832891 -0.537174
0.077896 -0.893418 -0.442422
-0.091362 -0.873203 -0.478717
0.132978 -0.715963 -0.685357
-0.052716 -0.801927 -0.595092
0.154807 -0.879800 -0.449430
-0.009482 -0.783762 -0.620989
-0.073527 -0.809510 -0.582483
0.096715 -0.884721 -0.455977
-0.005319 -0.859768 -0.510657
-0.005349 -0.857836 -0.513896
0.101352 -0.858809 -0.502171
-0.109491 -0.837319 -0.535638
0.047056 -0.867541 -0.495135
-0.009224 -0.881532 -0.472034
0.019101 -0.869447 -0.493656
0.133928 -0.790625 -0.597475
-0.103334 -0.807665 -0.580517
-0.197916 -0.851547 -0.485485
0.118001 -0.854186 -0.506400
0.042609 -0.819490 -0.571507
0.171925 -0.870138 -0.461846
-0.067766 -0.859068 -0.507356
-0.015530 -0.861834 -0.506953
0.090322 -0.924211 -0.371046
0.008030 -0.785999 -0.618176
-0.012201 -0.873124 -0.487345
-0.095226 -0.926258 -0.364661
0.057268 -0.851644 -0.520982
0.126531 -0.878432 -0.460812
-0.192068 -0.823584 -0.533684
-0.046567 -0.822462 -0.566911
-0.012694 -0.851381 -0.524393
-0.154299 -0.793098 -0.589226
0.142974 -0.857697 -0.493877
-0.114310 -0.792905 -0.598527
0.021746 -0.800289 -0.599220
-0.094745 -0.852958 -0.513309
-0.123045 -0.794659 -0.594456
-0.098115 -0.807302 -0.581926
-0.060622 -0.875669 -0.479092
0.077357 -0.850681 -0.519959
-0.149937 -0.901595 -0.405765
-0.040184 -0.874052 -0.484168
0.107905 -0.796887 -0.594413
-0.099878 -0.906057 -0.411199
0.068305 -0.790120 -0.609135
0.073751 -0.811217 -0.580075
-0.004667 -0.817231 -0.576292
-0.089752 -0.849800 -0.519408
-0.151949 -0.808179 -0.568998
0.034242 -0.840725 -0.540378
-0.186783 -0.764027 -0.617556
-0.110270 -0.839028 -0.532796
0.060076 -0.873668 -0.482798
0.148739 -0.825144 -0.544989
0.017376 -0.750116 -0.661078
-0.011260 -0.861041 -0.508411
-0.131250 -0.854712 -0.502237
0.093419 -0.842495 -0.530542
0.085543 -0.830480 -0.550441
0.065486 -0.871338 -0.486294
0.041976 -0.904588 -0.424215
0.077502 -0.878970 -0.470537
-0.001066 -0.871869 -0.489739
0.177341 -0.824745 -0.536978
-0.069173 -0.862722 -0.500925
-0.051863 -0.852227 -0.520595
-0.111393 -0.848666 -0.517067
0.036360 -0.793944 -0.606903
-0.099651 -0.890660 -0.443614
-0.041220 -0.860750 -0.507356
0.099320 -0.907818 -0.407433
0.059858 -0.862997 -0.501650
0.009052 -0.887227 -0.461244
-0.092686 -0.810070 -0.578961
-0.017567 -0.887131 -0.461182
0.009770 -0.856970 -0.515273
-0.096979 -0.824943 -0.556835
0.193618 -0.839675 -0.507402
-0.042426 -0.796179 -0.603571
0.159416 -0.765420 -0.623473
-0.021077 -0.816266 -0.577291
0.025644 -0.872593 -0.487775
-0.004522 -0.823140 -0.567821
-0.017205 -0.874710 -0.484342
-0.032220 -0.792542 -0.608966
-0.023137 -0.873981 -0.485409
-0.100980 -0.850229 -0.516637
0.114909 -0.787494 -0.605515
-0.063405 -0.818988 -0.570296
-0.049807 -0.824917 -0.563056
0.168712 -0.840792 -0.514397
0.079539 -0.767436 -0.636173
-0.144293 -0.776690 -0.613134
-0.046689 -0.768951 -0.637600
-0.093007 -0.812852 -0.574997
0.102799 -0.873365 -0.476095
-0.120691 -0.855592 -0.503384
-0.044112 -0.819384 -0.571545
0.077538 -0.797078 -0.598877
0.123331 -0.856539 -0.501130
0.066084 -0.851869 -0.519569
0.060085 -0.757259 -0.650345
0.039285 -0.744263 -0.666731
0.033570 -0.852916 -0.520968
-0.092221 -0.845306 -0.526263
-0.052571 -0.881895 -0.468506
-0.065706 -0.888137 -0.454858
0.121851 -0.884283 -0.450773
-0.021045 -0.795605 -0.605451
-0.138468 -0.861475 -0.488556
0.050760 -0.777476 -0.626861
0.073819 -0.721789 -0.688165
-0.024477 -0.876375 -0.481008
0.108377 -0.829650 -0.547663
0.029436 -0.912787 -0.407374
0.087612 -0.827897 -0.553996
-0.023345 -0.852105 -0.522850
-0.132787 -0.815730 -0.562985
0.001704 -0.874465 -0.485085
0.105155 -0.774512 -0.623757
0.000371 -0.840800 -0.541346
-0.066990 -0.878571 -0.472890
-0.026791 -0.780460 -0.624631
-0.078093 -0.774917 -0.627220
-0.000732 -0.880532 -0.473985
-0.152674 -0.824850 -0.544346
0.133581 -0.856952 -0.497784
0.048435 -0.918605 -0.392199
-0.009984 -0.872058 -0.489301
0.096892 -0.855671 -0.508369
-0.162027 -0.878915 -0.448616
0.093191 -0.861754 -0.498695
-0.032353 -0.806331 -0.590580
-0.038575 -0.788296 -0.614086
0.191221 -0.854906 -0.482255
-0.090302 -0.940495 -0.327589
0.003972 -0.858403 -0.512960
0.157349 -0.723998 -0.671616
-0.043792 -0.870901 -0.489503
-0.000667 -0.862579 -0.505922
-0.078800 -0.803596 -0.589936
-0.044408 -0.821114 -0.569034
0.145919 -0.858677 -0.491306
-0.110581 -0.864943 -0.489536
-0.076845 -0.836715 -0.542220
-0.139177 -0.852370 -0.504078
-0.026487 -0.823330 -0.566945
0.182847 -0.824505 -0.535498
-0.010005 -0.884037 -0.467310
0.122631 -0.874931 -0.468463
-0.154189 -0.861456 -0.483859
-0.156216 -0.817561 -0.554247
0.024526 -0.847090 -0.530883
-0.204194 -0.869375 -0.449991
-0.109486 -0.849019 -0.516895
-0.031148 -0.838670 -0.543748
-0.054384 -0.963402 -0.262486
0.003016 -0.724980 -0.688763
-0.029983 -0.840017 -0.541731
0.063424 -0.836532 -0.544234
-0.001076 -0.800834 -0.598885
0.079979 -0.854570 -0.513141
0.161426 -0.765051 -0.623409
-0.153102 -0.904299 -0.398502
-0.021628 -0.860179 -0.509533
-0.070352 -0.810354 -0.581702
-0.002108 -0.807636 -0.589677
-0.067221 -0.938584 -0.338440
0.087118 -0.924900 -0.370094
0.112269 -0.875354 -0.470267
-0.063800 -0.840021 -0.538789
-0.032840 -0.871360 -0.489544
0.047404 -0.839046 -0.541991
0.068267 -0.792330 -0.606262
-0.134590 -0.818535 -0.558467
-0.011357 -0.854927 -0.518624
-0.240789 -0.761822 -0.601372
0.023979 -0.840765 -0.540869
0.087829 -0.875962 -0.474317
0.132236 -0.855704 -0.500285
-0.127861 -0.835013 -0.535167
-0.008451 -0.782088 -0.623111
0.179511 -0.708352 -0.682651
0.092891 -0.801393 -0.590881
0.109941 -0.871593 -0.477744
0.167650 -0.831239 -0.530033
-0.075485 -0.861535 -0.502056
-0.031936 -0.785308 -0.618282
-0.065171 -0.853385 -0.517191
0.004714 -0.823135 -0.567826
0.054427 -0.828199 -0.557786
-0.045384 -0.932236 -0.358995
-0.017786 -0.883119 -0.468813
0.076166 -0.857237 -0.509259
-0.017818 -0.898230 -0.439165
-0.121770 -0.827333 -0.548354
0.047887 -0.816194 -0.575790
-0.039422 -0.752141 -0.657822
-0.016269 -0.836110 -0.548320
0.060089 -0.878205 -0.474495
0.003980 -0.846328 -0.532647
-0.070934 -0.776885 -0.625634
0.026531 -0.858473 -0.512173
0.074762 -0.833362 -0.547649
-0.035097 -0.846437 -0.531331
0.051787 -0.774994 -0.629843
-0.097105 -0.852540 -0.513562
-0.023647 -0.890740 -0.453898
-0.162056 -0.879605 -0.447250
0.046652 -0.887325 -0.458778
0.022798 -0.868997 -0.494291
0.037422 -0.798413 -0.600946
-0.020907 -0.843906 -0.536084
0.155913 -0.795617 -0.585392
-0.137764 -0.778776 -0.611988
0.028987 -0.878354 -0.477131
-0.046068 -0.823129 -0.565983
0.222906 -0.861686 -0.455861
0.252844 -0.790982 -0.557152
0.014222 -0.921052 -0.389181
-0.018296 -0.816211 -0.577464
-0.027890 -0.887121 -0.460694
0.021583 -0.721845 -0.691718
0.110522 -0.894900 -0.432364
-0.266089 -0.850444 -0.453807
-0.074271 -0.879617 -0.469848
0.057742 -0.908983 -0.412814
0.146500 -0.753215 -0.641252
-0.094579 -0.864637 -0.493415
0.069462 -0.860726 -0.504308
-0.065520 -0.881384 -0.467835
-0.006259 -0.813603 -0.581387
0.051480 -0.855418 -0.515373
-0.103070 -0.904813 -0.413147
0.030750 -0.842589 -0.537678
-0.054438 -0.834828 -0.547812
-0.145166 -0.773025 -0.617543
-0.055550 -0.812820 -0.579860
0.188618 -0.861043 -0.472258
-0.123741 -0.850555 -0.511121
0.081616 -0.906878 -0.413414
0.010666 -0.810303 -0.585914
-0.071036 -0.896242 -0.437841
0.048235 -0.796820 -0.602289
-0.048819 -0.845094 -0.532384
0.050129 -0.866663 -0.496369
-0.008630 -0.807071 -0.590391
0.042750 -0.875093 -0.482063
-0.026552 -0.937369 -0.347324
-0.025712 -0.805034 -0.592671
0.080415 -0.856340 -0.510114
-0.076806 -0.871892 -0.483637
0.106541 -0.823624 -0.557039
-0.056467 -0.855911 -0.514031
0.043671 -0.870300 -0.490582
-0.090375 -0.898148 -0.430306
-0.018416 -0.879061 -0.476353
0.067696 -0.815015 -0.575471
-0.070667 -0.908574 -0.411704
-0.106303 -0.885397 -0.452518
-0.057608 -0.889574 -0.453144
0.008643 -0.852514 -0.522633
-0.094294 -0.911504 -0.400337
-0.014192 -0.797570 -0.603060
0.107815 -0.860508 -0.497898
0.068177 -0.850164 -0.522085
0.018899 -0.832515 -0.553680
-0.014522 -0.825202 -0.564651
-0.010087 -0.899624 -0.436549
0.050307 -0.794869 -0.604692
-0.088949 -0.799680 -0.593802
0.044064 -0.861966 -0.505048
0.100370 -0.830909 -0.547280
0.053651 -0.917343 -0.394465
0.003610 -0.825940 -0.563746
-0.080132 -0.776280 -0.625275
0.073548 -0.843644 -0.531841
-0.080968 -0.783776 -0.615742
0.040955 -0.858135 -0.511787
-0.048637 -0.695329 -0.717044
0.039997 -0.817742 -0.574193
0.029938 -0.831137 -0.555262
-0.094705 -0.819184 -0.565658
-0.078888 -0.878846 -0.470538
-0.125271 -0.853704 -0.505466
0.111875 -0.903759 -0.413163
0.043897 -0.893298 -0.447315
-0.001691 -0.871681 -0.490072
-0.087142 -0.815598 -0.572019
-0.065050 -0.784385 -0.616853
0.002775 -0.869093 -0.494640
0.131503 -0.836135 -0.532527
-0.162794 -0.823041 -0.544152
0.090654 -0.851020 -0.517249
0.094335 -0.793383 -0.601369
-0.108880 -0.820345 -0.561408
-0.090174 -0.865370 -0.492953
0.084359 -0.840007 -0.535978
-0.010596 -0.859273 -0.511407
0.048927 -0.820993 -0.568838
0.062076 -0.883763 -0.463800
-0.141369 -0.809872 -0.569317
0.146721 -0.791994 -0.592637
0.195905 -0.866055 -0.459967
-0.070174 -0.824746 -0.561133
-0.056060 -0.850914 -0.522304
-0.077139 -0.902728 -0.423240
0.082125 -0.785828 -0.612969
0.029682 -0.804893 -0.592677
-0.004170 -0.898283 -0.439398
-0.014514 -0.822456 -0.568643
0.008504 -0.752042 -0.659060
-0.141424 -0.859078 -0.491919
0.086075 -0.823804 -0.560302
-0.092604 -0.811047 -0.577605
-0.040851 -0.774712 -0.630993
0.011132 -0.819479 -0.573001
-0.034715 -0.820398 -0.570739
0.107720 -0.726140 -0.679056
-0.012752 -0.833257 -0.552739
-0.040791 -0.812669 -0.581296
0.212703 -0.889133 -0.405216
0.149506 -0.857024 -0.493110
0.076480 -0.914542 -0.397195
-0.064749 -0.839592 -0.539344
0.018969 -0.814526 -0.579817
-0.009258 -0.909335 -0.415961
0.056930 -0.847584 -0.527599
-0.050328 -0.829475 -0.556272
-0.088367 -0.862934 -0.497531
-0.114047 -0.774610 -0.622071
0.063548 -0.824223 -0.562688
0.037543 -0.728488 -0.684029
0.095794 -0.908760 -0.406176
0.066250 -0.850236 -0.522217
0.044697 -0.842332 -0.537102
0.031643 -0.863031 -0.504159
-0.005673 -0.889327 -0.457236
-0.036645 -0.861095 -0.507121
0.017497 -0.844714 -0.534932
-0.001709 -0.872002 -0.489500
-0.027787 -0.841691 -0.539244
0.099169 -0.789657 -0.605481
-0.109177 -0.904292 -0.412717
0.070447 -0.820029 -0.567970
-0.058646 -0.813769 -0.578222
-0.018200 -0.779631 -0.625975
-0.026542 -0.796512 -0.604039
-0.020071 -0.795094 -0.606154
0.026087 -0.848391 -0.528726
-0.031344 -0.859982 -0.509361
-0.006195 -0.856821 -0.515577
-0.066241 -0.887193 -0.456619
-0.058563 -0.813040 -0.579254
-0.164551 -0.877425 -0.450610
0.023463 -0.856536 -0.515553
-0.040462 -0.829619 -0.556861
-0.154593 -0.892383 -0.423974
-0.053335 -0.917677 -0.393732
0.157823 -0.855097 -0.493863
0.018837 -0.777526 -0.628569
-0.002377 -0.882723 -0.469888
0.125166 -0.799679 -0.587237
0.082140 -0.875366 -0.476432
-0.058187 -0.848974 -0.525222
-0.222887 -0.914098 -0.338741
-0.221394 -0.908682 -0.353952
-0.078765 -0.854030 -0.514227
-0.148313 -0.805927 -0.573136
-0.053689 -0.765747 -0.640897
0.002881 -0.826428 -0.563035
0.175898 -0.867317 -0.465641
-0.035907 -0.761766 -0.646857
-0.024039 -0.884091 -0.466696
-0.123201 -0.908481 -0.399353
0.238106 -0.815543 -0.527442
-0.054068 -0.831558 -0.552800
0.131604 -0.922480 -0.362920
-0.073378 -0.801193 -0.593890
0.044380 -0.850690 -0.523792
-0.028242 -0.860661 -0.508395
0.066639 -0.877287 -0.475318
-0.047114 -0.821366 -0.568453
0.024070 -0.823920 -0.566194
0.006537 -0.780936 -0.624577
0.104594 -0.747382 -0.656110
-0.091159 -0.767771 -0.634206
-0.071517 -0.860094 -0.505098
0.073263 -0.824905 -0.560504
-0.172534 -0.830861 -0.529058
0.029934 -0.893556 -0.447953
-0.102138 -0.846574 -0.522380
-0.097946 -0.890092 -0.445133
0.002073 -0.910615 -0.413251
0.033746 -0.866616 -0.497833
-0.027976 -0.838182 -0.544672
-0.059238 -0.813171 -0.579002
0.007712 -0.809629 -0.586892
-0.106552 -0.802312 -0.587317
0.164906 -0.832208 -0.529374
0.021120 -0.828352 -0.559810
-0.184197 -0.856849 -0.481541
-0.102070 -0.752992 -0.650065
0.053532 -0.841291 -0.537925
-0.009224 -0.830318 -0.557213
-0.007306 -0.863544 -0.504220
-0.099605 -0.828453 -0.551131
0.036993 -0.847675 -0.529225
-0.076871 -0.836567 -0.542445
0.092872 -0.843391 -0.529214
-0.082274 -0.802255 -0.591284
0.041073 -0.762833 -0.645289
0.003937 -0.894697 -0.446657
-0.080923 -0.871049 -0.484484
-0.039305 -0.840746 -0.540001
0.047920 -0.812807 -0.580559
-0.024333 -0.839266 -0.543176
0.013815 -0.771272 -0.636356
-0.020391 -0.850526 -0.525538
-0.106282 -0.865180 -0.490069
-0.212205 -0.832845 -0.511212
-0.021494 -0.910567 -0.412802
0.084075 -0.790057 -0.607241
0.013276 -0.825959 -0.563573
-0.099975 -0.870958 -0.481079
0.104791 -0.818674 -0.564616
-0.009528 -0.889931 -0.455995
0.114957 -0.871208 -0.477265
0.006680 -0.882124 -0.470969
0.045048 -0.798903 -0.599770
0.118812 -0.891900 -0.436347
-0.006695 -0.787535 -0.616233
-0.016328 -0.843068 -0.537558
0.040497 -0.916016 -0.399093
0.211737 -0.880680 -0.423757
-0.123074 -0.845733 -0.519219
0.250648 -0.845416 -0.471644
-0.015148 -0.851399 -0.524299
-0.015463 -0.871485 -0.490178
-0.079272 -0.920357 -0.382960
-0.010447 -0.821489 -0.570129
0.056930 -0.753871 -0.654552
-0.002415 -0.859281 -0.511498
0.061299 -0.728834 -0.681941
-0.020329 -0.849332 -0.527467
0.004798 -0.815929 -0.578132
-0.016743 -0.810165 -0.585963
-0.048513 -0.826158 -0.561347
-0.076438 -0.867302 -0.491878
0.113392 -0.795029 -0.595878
0.133553 -0.905807 -0.402092
-0.006301 -0.827096 -0.562026
-0.027770 -0.801254 -0.597679
0.079560 -0.839804 -0.537028
0.050563 -0.819940 -0.570212
-0.059803 -0.742778 -0.666862
0.029035 -0.882824 -0.468806
0.108209 -0.879848 -0.462773
0.088692 -0.834363 -0.544033
0.039009 -0.910104 -0.412540
-0.064133 -0.810057 -0.582833
-0.092806 -0.841248 -0.532625
0.007639 -0.846867 -0.531750
0.117854 -0.787769 -0.604591
-0.040703 -0.843389 -0.535760
-0.042875 -0.833602 -0.550699
0.062129 -0.840510 -0.538222
-0.018646 -0.809291 -0.587112
-0.049341 -0.812839 -0.580395
0.017547 -0.865609 -0.500414
-0.132495 -0.843062 -0.521240
-0.047927 -0.805326 -0.590892
0.010031 -0.854364 -0.519579
-0.061142 -0.865906 -0.496456
-0.050792 -0.875626 -0.480312
-0.026697 -0.900097 -0.434871
0.038400 -0.877502 -0.478032
0.086793 -0.781300 -0.618091
-0.130861 -0.834725 -0.534891
0.014214 -0.841575 -0.539953
-0.015210 -0.886404 -0.462662
0.033973 -0.750455 -0.660048
-0.080558 -0.769279 -0.633814
0.048246 -0.796160 -0.603160
0.075166 -0.841921 -0.534340
-0.099900 -0.756246 -0.646616
-0.097974 -0.802545 -0.588491
0.166225 -0.883218 -0.438515
0.139881 -0.790469 -0.596316
0.029566 -0.744355 -0.667129
0.104356 -0.904085 -0.414414
0.037843 -0.869986 -0.491621
-0.099053 -0.864009 -0.493637
-0.045823 -0.928519 -0.368447
0.127154 -0.888922 -0.440057
-0.110630 -0.821481 -0.559401
0.111735 -0.828321 -0.548999
-0.017730 -0.857973 -0.513389
0.102112 -0.820076 -0.563070
0.003799 -0.816108 -0.577887
0.102190 -0.908023 -0.406266
-0.027220 -0.876192 -0.481193
0.077470 -0.859603 -0.505055
-0.001600 -0.846333 -0.532653
-0.058263 -0.786055 -0.615405
0.000250 -0.807078 -0.590445
-0.022569 -0.841526 -0.539744
0.069308 -0.872494 -0.483684
0.173082 -0.741423 -0.648333
-0.059961 -0.791920 -0.607674
-0.039514 -0.827848 -0.559559
0.155465 -0.924154 -0.348956
-0.043722 -0.832004 -0.553044
-0.065509 -0.772184 -0.632013
-0.078968 -0.745402 -0.661921
-0.125663 -0.857786 -0.498410
-0.028202 -0.802250 -0.596321
0.130398 -0.782874 -0.608362
-0.014391 -0.913673 -0.406195
-0.102598 -0.845139 -0.524608
-0.110997 -0.873574 -0.473865
-0.046664 -0.855313 -0.516006
-0.068201 -0.839890 -0.538454
-0.038597 -0.814588 -0.578754
-0.130641 -0.838901 -0.528373
0.042955 -0.831462 -0.553919
-0.008595 -0.913617 -0.406484
-0.023087 -0.888492 -0.458311
-0.107194 -0.810233 -0.576222
-0.022221 -0.926408 -0.375865
-0.095308 -0.866691 -0.489655
-0.013156 -0.694772 -0.719110
-0.033621 -0.808664 -0.587309
-0.000345 -0.768044 -0.640397
0.127989 -0.854405 -0.503597
-0.015593 -0.913916 -0.405604
0.048678 -0.827450 -0.559425
-0.061578 -0.824413 -0.562629
-0.150653 -0.828200 -0.539804
-0.225409 -0.922452 -0.313484
-0.164685 -0.778360 -0.605833
-0.112521 -0.841519 -0.528380
0.151674 -0.803817 -0.575216
0.130526 -0.816928 -0.561776
-0.030578 -0.817975 -0.574441
0.053745 -0.787574 -0.613872
0.039883 -0.810146 -0.584870
-0.087223 -0.842882 -0.530982
0.138060 -0.758852 -0.636461
-0.131227 -0.875068 -0.465871
0.024207 -0.800895 -0.598315
0.126715 -0.740088 -0.660464
0.059110 -0.866875 -0.495008
0.145523 -0.822048 -0.550509
-0.020040 -0.846706 -0.531683
0.233695 -0.852177 -0.468167
0.033499 -0.884850 -0.464670
-0.053676 -0.887186 -0.458280
-0.116881 -0.843142 -0.524833
0.105361 -0.792970 -0.600081
0.107233 -0.850216 -0.515396
0.057711 -0.903573 -0.424530
-0.097391 -0.828121 -0.552024
-0.133345 -0.835009 -0.533835
0.123335 -0.816646 -0.563807
0.065870 -0.844499 -0.531491
0.010634 -0.859448 -0.511113
0.050789 -0.858909 -0.509604
0.061728 -0.839682 -0.539559
0.082858 -0.876345 -0.474505
0.013512 -0.821855 -0.569536
-0.067988 -0.916157 -0.395012
-0.042500 -0.844140 -0.534436
-0.022813 -0.877423 -0.479176
0.008507 -0.886525 -0.462603
0.026797 -0.825095 -0.564358
-0.010776 -0.858131 -0.513317
0.030486 -0.830843 -0.555672
0.054807 -0.836722 -0.544879
0.056316 -0.848962 -0.525445
0.058553 -0.852901 -0.518778
-0.066620 -0.838586 -0.540680
0.037578 -0.784136 -0.619450
0.001780 -0.853803 -0.520593
-0.049094 -0.802515 -0.594609
-0.056181 -0.858566 -0.509616
-0.049861 -0.829150 -0.556798
0.072247 -0.877908 -0.473347
0.079859 -0.893285 -0.442340
0.030042 -0.811506 -0.583571
0.097911 -0.846933 -0.522607
0.056435 -0.873995 -0.482647
-0.124224 -0.778504 -0.615223
0.035972 -0.851424 -0.523243
0.004454 -0.836616 -0.547772
0.073516 -0.922744 -0.378337
0.003849 -0.784908 -0.619600
-0.043533 -0.861340 -0.506159
0.020803 -0.834827 -0.550119
0.124599 -0.805977 -0.578684
-0.007792 -0.861509 -0.507683
-0.063756 -0.848250 -0.525744
0.047591 -0.878268 -0.475795
0.032231 -0.887299 -0.460068
-0.119092 -0.783874 -0.609392
-0.195656 -0.805838 -0.558878
0.100955 -0.776665 -0.621771
0.114476 -0.893257 -0.434726
0.120192 -0.929379 -0.349012
0.014895 -0.884547 -0.466213
0.028317 -0.766986 -0.641039
-0.074572 -0.831883 -0.549918
-0.042568 -0.864574 -0.500698
0.048057 -0.788008 -0.613787
0.049499 -0.902209 -0.428449
0.103612 -0.829492 -0.548824
-0.267610 -0.850926 -0.452006
0.065460 -0.809547 -0.583394
0.068275 -0.821529 -0.566063
-0.081449 -0.898911 -0.430494
0.108650 -0.845020 -0.523580
0.023223 -0.887954 -0.459345
-0.017477 -0.907149 -0.420447
0.020162 -0.902518 -0.430181
0.098831 -0.820410 -0.563169
-0.105848 -0.812903 -0.572700
-0.140900 -0.802924 -0.579189
-0.051079 -0.811422 -0.582225
-0.011326 -0.821936 -0.569467
-0.013339 -0.899656 -0.436396
-0.045170 -0.770924 -0.635323
0.049091 -0.795392 -0.604104
-0.048038 -0.876173 -0.479597
0.005093 -0.880715 -0.473620
-0.077801 -0.809640 -0.581748
0.053543 -0.744368 -0.665619
-0.005052 -0.822247 -0.569108
-0.018857 -0.779189 -0.626506
0.021687 -0.869177 -0.494025
0.195494 -0.797391 -0.570920
-0.001476 -0.839545 -0.543288
0.002711 -0.805742 -0.592260
0.075265 -0.793064 -0.604471
0.025817 -0.886820 -0.461393
0.171705 -0.821283 -0.544069
-0.003739 -0.870275 -0.492552
0.086437 -0.882630 -0.462054
-0.063183 -0.815600 -0.575157
0.013918 -0.861132 -0.508191
0.030331 -0.911898 -0.409295
0.053728 -0.877680 -0.476226
-0.002755 -0.905805 -0.423685
0.147955 -0.898903 -0.412411
0.095960 -0.869559 -0.484417
-0.075067 -0.868905 -0.489253
0.039785 -0.808434 -0.587240
0.079590 -0.839817 -0.537004
0.075810 -0.826117 -0.558376
0.084907 -0.898379 -0.430936
-0.093798 -0.899836 -0.426025
0.025032 -0.820352 -0.571311
0.028654 -0.886357 -0.462115
-0.049490 -0.895819 -0.441654
-0.075784 -0.844771 -0.529734
0.023872 -0.798351 -0.601719
-0.070687 -0.878022 -0.473372
-0.128896 -0.883622 -0.450110
0.081358 -0.835922 -0.542785
0.098004 -0.834235 -0.542630
-0.005156 -0.971718 -0.236089
-0.018212 -0.908560 -0.417358
0.044209 -0.931428 -0.361230
0.022409 -0.887562 -0.460143
-0.058874 -0.856036 -0.513553
0.071817 -0.867927 -0.491473
0.120768 -0.768565 -0.628270
-0.218526 -0.805513 -0.550814
0.119411 -0.760522 -0.638238
-0.049988 -0.791668 -0.608903
0.121114 -0.840116 -0.528712
-0.154737 -0.767950 -0.621537
0.022952 -0.850942 -0.524758
0.027643 -0.859820 -0.509848
0.092236 -0.849004 -0.520274
-0.051866 -0.806168 -0.589408
-0.044511 -0.852540 -0.520763
0.058038 -0.746980 -0.662309
-0.162738 -0.894616 -0.416148
0.121503 -0.825901 -0.550568
0.023091 -0.783913 -0.620442
-0.051123 -0.886825 -0.459269
0.063460 -0.909387 -0.411081
-0.001265 -0.822935 -0.568134
0.041401 -0.825268 -0.563222
-0.059722 -0.802350 -0.593859
-0.038258 -0.891988 -0.450437
0.058848 -0.708572 -0.703181
-0.024183 -0.826134 -0.562955
-0.017778 -0.891391 -0.452886
0.016087 -0.891842 -0.452061
0.179408 -0.872707 -0.454087
0.013107 -0.884575 -0.466214
0.107578 -0.794143 -0.598134
-0.006924 -0.746118 -0.665777
0.082311 -0.855109 -0.511872
-0.050209 -0.897872 -0.437384
0.008713 -0.814087 -0.580677
0.058365 -0.849120 -0.524965
0.096479 -0.823522 -0.559020
0.047147 -0.858599 -0.510476
0.007747 -0.884727 -0.466046
-0.004016 -0.852470 -0.522761
-0.024389 -0.814340 -0.579876
0.099232 -0.905486 -0.412612
0.002402 -0.874431 -0.485143
0.120856 -0.925772 -0.358245
0.000263 -0.877712 -0.479188
0.066104 -0.793915 -0.604424
-0.026333 -0.842171 -0.538567
-0.007912 -0.806926 -0.590599
-0.054166 -0.793128 -0.606642
-0.086909 -0.752159 -0.653226
-0.129859 -0.799603 -0.586321
0.131515 -0.803060 -0.581205
0.053449 -0.789434 -0.611504
0.127268 -0.805555 -0.578692
0.141052 -0.835526 -0.531037
0.087566 -0.839734 -0.535891
-0.020736 -0.869007 -0.494365
0.041636 -0.873308 -0.485387
0.035447 -0.826559 -0.561733
-0.030498 -0.790625 -0.611541
0.199428 -0.860747 -0.468341
0.044004 -0.793403 -0.607104
-0.051848 -0.793370 -0.606528
-0.112513 -0.853795 -0.508306
0.001053 -0.831967 -0.554824
-0.061825 -0.891276 -0.449226
-0.059648 -0.812736 -0.579570
0.097848 -0.825148 -0.556378
0.017153 -0.861301 -0.507806
-0.005907 -0.849972 -0.526794
-0.196088 -0.762104 -0.617047
0.031028 -0.860589 -0.508353
0.024874 -0.815613 -0.578062
0.044853 -0.857662 -0.512254
-0.018972 -0.888068 -0.459321
-0.030086 -0.831800 -0.554259
-0.025460 -0.836383 -0.547554
0.024859 -0.817970 -0.574724
0.064441 -0.860874 -0.504721
-0.001979 -0.886963 -0.461836
0.092336 -0.789904 -0.606240
0.028523 -0.924450 -0.380236
0.015028 -0.901453 -0.432616
-0.048656 -0.810786 -0.583317
-0.129859 -0.843151 -0.521760
-0.186233 -0.813001 -0.551676
0.067834 -0.880507 -0.469155
0.103470 -0.873933 -0.474905
0.066385 -0.841261 -0.536537
-0.086441 -0.798892 -0.595230
-0.156196 -0.846087 -0.509647
0.045056 -0.853494 -0.519152
0.013083 -0.795221 -0.606178
-0.040607 -0.857638 -0.512648
0.079808 -0.832016 -0.548981
-0.029488 -0.852667 -0.521623
-0.112236 -0.861700 -0.494849
-0.102225 -0.780177 -0.617149
0.018203 -0.853876 -0.520159
0.094914 -0.869054 -0.485527
0.038256 -0.816942 -0.575449
-0.024288 -0.835386 -0.549127
-0.063408 -0.894037 -0.443483
-0.162667 -0.870885 -0.463787
-0.150913 -0.929762 -0.335811
0.051909 -0.676666 -0.734458
0.164335 -0.891594 -0.421965
-0.188264 -0.839782 -0.509237
-0.034129 -0.867102 -0.496960
0.018617 -0.865296 -0.500915
-0.005140 -0.772795 -0.634635
-0.050097 -0.827218 -0.559643
-0.104141 -0.859392 -0.500599
0.061573 -0.847278 -0.527569
0.118493 -0.873009 -0.473090
0.007673 -0.859472 -0.511126
0.104561 -0.889925 -0.443960
0.085724 -0.793416 -0.602612
0.037015 -0.879645 -0.474188
0.030336 -0.830711 -0.555877
0.109421 -0.854434 -0.507908
0.062161 -0.817345 -0.572785
-0.071508 -0.866424 -0.494162
0.021399 -0.850211 -0.526007
0.104522 -0.806094 -0.582483
0.037774 -0.859606 -0.509559
-0.134109 -0.832418 -0.537675
-0.184166 -0.780475 -0.597446
-0.026342 -0.885723 -0.463466
0.122745 -0.842489 -0.524543
-0.168496 -0.862036 -0.478020
0.115936 -0.908153 -0.402266
-0.059467 -0.875878 -0.478854
0.106642 -0.714543 -0.691416
0.010519 -0.861803 -0.507134
0.041172 -0.735105 -0.676702
0.171830 -0.784496 -0.595852
-0.028593 -0.859861 -0.509726
-0.111351 -0.880610 -0.460573
-0.042015 -0.857604 -0.512592
-0.000983 -0.929624 -0.368508
0.107639 -0.822920 -0.557868
-0.103237 -0.905544 -0.411499
-0.066129 -0.835958 -0.544795
-0.013024 -0.841942 -0.539411
-0.037063 -0.847125 -0.530099
-0.071455 -0.862605 -0.500806
-0.070169 -0.806938 -0.586454
-0.169975 -0.767532 -0.618063
-0.190638 -0.793555 -0.577864
-0.006062 -0.880194 -0.474575
0.015585 -0.836124 -0.548319
-0.124810 -0.864958 -0.486077
-0.069991 -0.834277 -0.546885
-0.058565 -0.816332 -0.574607
0.082672 -0.857021 -0.508606
-0.023868 -0.860511 -0.508872
-0.005116 -0.838694 -0.544580
-0.059861 -0.862788 -0.502009
-0.098581 -0.890381 -0.444413
-0.011513 -0.897382 -0.441104
0.001758 -0.914765 -0.403983
-0.020526 -0.856517 -0.515710
-0.097151 -0.765469 -0.636096
0.033027 -0.834995 -0.549266
0.015946 -0.904210 -0.426790
-0.017340 -0.857028 -0.514978
-0.117782 -0.779571 -0.615140
-0.052967 -0.895705 -0.441482
-0.060645 -0.776200 -0.627564
-0.019666 -0.902033 -0.431219
-0.058912 -0.863829 -0.500329
-0.059670 -0.890325 -0.451399
-0.032218 -0.834130 -0.550625
0.036614 -0.867199 -0.496613
0.072163 -0.855987 -0.511937
-0.008095 -0.900461 -0.434862
-0.052246 -0.870429 -0.489514
0.053617 -0.884872 -0.462739
0.078751 -0.886845 -0.455307
0.034511 -0.869063 -0.493497
-0.075382 -0.903794 -0.421277
-0.025489 -0.872111 -0.488643
-0.010487 -0.826705 -0.562539
0.125261 -0.792950 -0.596272
-0.120436 -0.874106 -0.470567
-0.018524 -0.812425 -0.582771
0.030080 -0.884466 -0.465633
0.048697 -0.921124 -0.386211
-0.173103 -0.850819 -0.496127
-0.073434 -0.803733 -0.590441
0.022561 -0.852706 -0.521904
-0.047687 -0.831938 -0.552816
0.066746 -0.900180 -0.430373
0.080298 -0.882214 -0.463952
0.029399 -0.923375 -0.382771
0.079684 -0.894159 -0.440602
0.044541 -0.869775 -0.491435
-0.004778 -0.854343 -0.519688
0.088642 -0.880740 -0.465231
0.097175 -0.929032 -0.357012
-0.016435 -0.912319 -0.409151
0.078513 -0.829582 -0.552838
-0.038459 -0.903677 -0.426484
0.045953 -0.833485 -0.550627
0.057384 -0.936604 -0.345659
-0.022171 -0.906241 -0.422179
0.099680 -0.894049 -0.436739
0.080353 -0.770752 -0.632048
0.010606 -0.838274 -0.545147
-0.031122 -0.776589 -0.629238
0.096619 -0.813282 -0.573792
-0.026571 -0.897531 -0.440151
0.065346 -0.811440 -0.580771
-0.020501 -0.786702 -0.616992
-0.044847 -0.871980 -0.487483
-0.093451 -0.846249 -0.524528
0.041146 -0.817808 -0.574019
-0.034911 -0.808558 -0.587380
-0.117145 -0.819053 -0.561631
0.061934 -0.871276 -0.486870
0.134116 -0.825745 -0.547867
0.081471 -0.784389 -0.614895
-0.051466 -0.836866 -0.544983
0.027751 -0.839957 -0.541942
0.088570 -0.760741 -0.642985
0.070478 -0.797946 -0.598595
-0.079214 -0.892103 -0.444835
-0.076502 -0.872925 -0.481819
-0.044353 -0.829561 -0.556652
0.055587 -0.810903 -0.582535
0.108879 -0.878708 -0.464776
-0.033214 -0.843135 -0.536675
0.011068 -0.828047 -0.560549
-0.153562 -0.874714 -0.459667
-0.003718 -0.864817 -0.502073
0.075863 -0.796485 -0.599880
0.013865 -0.845841 -0.533255
-0.042467 -0.829877 -0.556327
-0.036568 -0.860435 -0.508247
0.023144 -0.866522 -0.498603
0.034491 -0.852921 -0.520900
0.126254 -0.902681 -0.411373
0.087827 -0.766308 -0.636442
0.067953 -0.822011 -0.565403
-0.145225 -0.874389 -0.462983
-0.041666 -0.890032 -0.453989
-0.091075 -0.937343 -0.336292
0.038977 -0.805217 -0.591698
-0.070070 -0.840420 -0.537387
-0.024332 -0.843173 -0.537092
-0.118916 -0.832580 -0.540990
-0.051522 -0.870954 -0.488656
0.036274 -0.819091 -0.572516
0.048882 -0.905726 -0.421035
-0.003133 -0.711405 -0.702775
0.071591 -0.912562 -0.402623
-0.073185 -0.832009 -0.549913
0.092675 -0.899384 -0.427224
-0.055237 -0.846516 -0.529490
0.052750 -0.776700 -0.627658
-0.077394 -0.886295 -0.456609
-0.055772 -0.907398 -0.416555
-0.136764 -0.740063 -0.658485
-0.009618 -0.827224 -0.561790
0.119577 -0.837598 -0.533039
-0.022057 -0.924841 -0.379714
-0.034912 -0.754537 -0.655328
0.001442 -0.829603 -0.558352
-0.019480 -0.859147 -0.511357
0.001912 -0.886703 -0.462336
-0.042908 -0.889429 -0.455055
-0.110951 -0.857335 -0.502660
0.054041 -0.925306 -0.375350
0.021187 -0.796705 -0.603997
-0.069910 -0.852682 -0.517732
0.027426 -0.906338 -0.421663
-0.036807 -0.885624 -0.462943
-0.043791 -0.861463 -0.505929
0.076975 -0.869022 -0.488749
-0.103021 -0.893434 -0.437220
0.024236 -0.827332 -0.561190
-0.015418 -0.802140 -0.596937
-0.007307 -0.856600 -0.515929
-0.108743 -0.821147 -0.560262
0.106613 -0.783818 -0.611771
0.075851 -0.877423 -0.473684
-0.126840 -0.905117 -0.405802
0.047144 -0.899583 -0.434198
-0.068469 -0.919114 -0.387996
-0.057922 -0.910827 -0.408704
0.076851 -0.746740 -0.660661
-0.087287 -0.808864 -0.581480
-0.049547 -0.843424 -0.534959
-0.071901 -0.786033 -0.613989
-0.130519 -0.783973 -0.606919
-0.101318 -0.870379 -0.481845
0.058626 -0.808144 -0.586060
-0.090278 -0.897607 -0.431453
-0.074007 -0.769262 -0.634633
0.095651 -0.784203 -0.613088
-0.053228 -0.807324 -0.587703
0.030811 -0.851885 -0.522822
-0.006801 -0.816171 -0.577771
-0.014692 -0.852896 -0.521873
0.031865 -0.903882 -0.426594
0.112401 -0.682714 -0.721988
-0.001216 -0.887004 -0.461760
0.097583 -0.830796 -0.547956
-0.044337 -0.865053 -0.499718
0.030945 -0.797881 -0.602020
0.066194 -0.820985 -0.567100
0.083259 -0.813835 -0.575100
-0.076766 -0.863947 -0.497698
0.010800 -0.835683 -0.549106
0.011088 -0.800891 -0.598707
-0.108365 -0.758153 -0.643009
-0.034134 -0.822400 -0.567885
-0.147115 -0.797000 -0.585789
0.018658 -0.817194 -0.576060
-0.024447 -0.778527 -0.627135
0.069460 -0.845244 -0.529846
0.027672 -0.814380 -0.579672
-0.119254 -0.791161 -0.599868
0.050881 -0.780646 -0.622899
0.029382 -0.916319 -0.399369
-0.125329 -0.809644 -0.573384
0.114921 -0.940708 -0.319158
-0.030347 -0.887404 -0.459993
-0.002652 -0.839845 -0.542819
-0.041406 -0.890580 -0.452939
0.007391 -0.819561 -0.572945
0.049983 -0.829557 -0.556180
-0.046422 -0.781611 -0.622036
-0.045409 -0.836745 -0.545707
-0.086938 -0.893930 -0.439693
-0.104391 -0.800701 -0.589898
-0.209856 -0.844889 -0.492060
0.046986 -0.844775 -0.533055
-0.037055 -0.873142 -0.486055
-0.016330 -0.832514 -0.553763
0.013840 -0.818401 -0.574481
-0.116371 -0.860892 -0.495300
0.062777 -0.838795 -0.540816
0.217590 -0.898195 -0.381969
0.050756 -0.706595 -0.705795
0.144367 -0.785516 -0.601767
-0.080061 -0.741677 -0.665962
0.097814 -0.794783 -0.598959
-0.015899 -0.782239 -0.622775
-0.040680 -0.926505 -0.374076
-0.033270 -0.821122 -0.569782
0.117741 -0.760411 -0.638681
-0.043768 -0.888532 -0.456721
0.009887 -0.856340 -0.516318
-0.071165 -0.849462 -0.522829
0.091534 -0.750354 -0.654668
0.060602 -0.821526 -0.566941
-0.080230 -0.816839 -0.571260
0.028176 -0.831101 -0.555407
0.092810 -0.846323 -0.524523
-0.044897 -0.819979 -0.570630
0.060889 -0.817945 -0.572065
-0.060429 -0.796360 -0.601796
0.137629 -0.863024 -0.486053
0.100882 -0.822877 -0.559192
0.089979 -0.854707 -0.511254
-0.148835 -0.838924 -0.523502
0.048281 -0.847056 -0.529305
0.009426 -0.845637 -0.533675
-0.071775 -0.944498 -0.320580
-0.056797 -0.891317 -0.449809
0.024721 -0.838733 -0.543981
0.075775 -0.809413 -0.582331
-0.003553 -0.856567 -0.516024
0.035709 -0.881540 -0.470757
0.055704 -0.856116 -0.513772
0.060760 -0.852295 -0.519521
-0.070354 -0.809723 -0.582580
0.043494 -0.814567 -0.578437
-0.049867 -0.875587 -0.480479
-0.064721 -0.855526 -0.513698
-0.022530 -0.768808 -0.639082
0.034417 -0.821382 -0.569339
0.002944 -0.862131 -0.506678
0.024876 -0.797706 -0.602534
0.019436 -0.846528 -0.531990
0.072469 -0.827275 -0.557104
-0.077395 -0.842218 -0.533553
0.076187 -0.890813 -0.447937
-0.107479 -0.801221 -0.588636
-0.020571 -0.931566 -0.362989
-0.049674 -0.826227 -0.561143
-0.087905 -0.871890 -0.481748
0.008360 -0.837493 -0.546385
0.134433 -0.854618 -0.501554
0.010898 -0.924807 -0.380282
0.062322 -0.801408 -0.594863
-0.060278 -0.809136 -0.584522
0.114390 -0.800950 -0.587703
0.009318 -0.778443 -0.627646
0.048590 -0.894457 -0.444507
-0.031054 -0.827939 -0.559958
-0.053099 -0.843706 -0.534173
-0.026471 -0.908131 -0.417848
-0.039777 -0.813962 -0.579554
0.077054 -0.849164 -0.522478
0.030041 -0.904117 -0.426228
-0.060819 -0.820160 -0.568892
-0.010081 -0.842873 -0.538017
-0.088632 -0.809488 -0.580409
0.030304 -0.919266 -0.392469
0.082500 -0.865129 -0.494718
0.069517 -0.849825 -0.522461
0.094963 -0.780160 -0.618330
0.159585 -0.789089 -0.593188
0.153647 -0.826979 -0.540832
0.060635 -0.799339 -0.597814
-0.034796 -0.827753 -0.560012
-0.048003 -0.843323 -0.535258
0.034127 -0.845574 -0.532766
-0.189160 -0.820191 -0.539912
0.087869 -0.796566 -0.598131
0.064929 -0.933779 -0.351911
-0.109394 -0.809327 -0.577081
-0.078887 -0.824787 -0.559913
0.015812 -0.845221 -0.534183
0.115748 -0.861704 -0.494033
0.014600 -0.876464 -0.481245
-0.092435 -0.861463 -0.499337
0.003277 -0.901381 -0.433015
0.128827 -0.772924 -0.621282
0.070073 -0.857693 -0.509364
0.100201 -0.787330 -0.608334
-0.048880 -0.800246 -0.597677
-0.244923 -0.780309 -0.575439
-0.022896 -0.757677 -0.652228
0.056640 -0.853410 -0.518153
0.023577 -0.832205 -0.553966
0.029256 -0.827128 -0.561252
0.063256 -0.609704 -0.790101
-0.189919 -0.752816 -0.630237
0.032684 -0.830729 -0.555717
0.025810 -0.770155 -0.637334
0.099600 -0.882275 -0.460076
0.042755 -0.885006 -0.463611
0.003635 -0.811766 -0.583972
-0.076653 -0.846461 -0.526904
-0.121734 -0.772697 -0.622993
-0.000763 -0.935668 -0.352881
-0.020288 -0.843228 -0.537173
-0.016481 -0.804858 -0.593238
0.069352 -0.896036 -0.438531
-0.108182 -0.799076 -0.591418
-0.067336 -0.880698 -0.468868
0.156793 -0.828205 -0.538045
-0.073539 -0.899990 -0.429664
-0.021112 -0.832393 -0.553783
-0.069052 -0.896783 -0.437050
-0.088341 -0.874249 -0.477373
-0.068059 -0.835979 -0.544525
0.172367 -0.811288 -0.558660
0.012315 -0.801846 -0.597403
0.039403 -0.781277 -0.622939
-0.023067 -0.891187 -0.453050
-0.063846 -0.839124 -0.540180
-0.019903 -0.861224 -0.507836
-0.100521 -0.829893 -0.548793
-0.105935 -0.914514 -0.390437
-0.054080 -0.847398 -0.528197
-0.058640 -0.932104 -0.357412
-0.140086 -0.896273 -0.420798
-0.188333 -0.848164 -0.495124
-0.067867 -0.843171 -0.533345
-0.064807 -0.854391 -0.515573
-0.040962 -0.826620 -0.561267
0.038202 -0.879293 -0.474747
0.066109 -0.896013 -0.439079
-0.057748 -0.867843 -0.493472
0.010502 -0.877650 -0.479187
0.015028 -0.901879 -0.431728
0.087738 -0.823118 -0.561051
-0.073113 -0.789241 -0.609715
0.011070 -0.728280 -0.685191
-0.076464 -0.651054 -0.755171
-0.116899 -0.816315 -0.565654
-0.058242 -0.865219 -0.498000
0.029943 -0.804801 -0.592789
0.087019 -0.881941 -0.463257
0.023738 -0.845080 -0.534112
0.032998 -0.818466 -0.573607
0.016872 -0.761668 -0.647747
-0.116927 -0.799651 -0.588971
-0.024624 -0.933539 -0.357628
-0.013052 -0.894716 -0.446445
0.091327 -0.849787 -0.519154
-0.058339 -0.825080 -0.561996
-0.063697 -0.884696 -0.461796
0.245258 -0.838862 -0.485962
-0.206047 -0.891741 -0.402917
0.008793 -0.949223 -0.314481
0.105815 -0.820749 -0.561404
0.030794 -0.890106 -0.454711
-0.040759 -0.881623 -0.470191
0.073456 -0.788115 -0.611129
-0.030517 -0.777883 -0.627668
-0.020076 -0.845012 -0.534371
0.109170 -0.807710 -0.579385
-0.022322 -0.683298 -0.729798
-0.146138 -0.874513 -0.462461
0.092824 -0.825837 -0.556216
-0.058103 -0.928100 -0.367768
-0.018131 -0.875383 -0.483090
0.110410 -0.814121 -0.570103
-0.001770 -0.830076 -0.557647
-0.116101 -0.883997 -0.452846
0.148619 -0.912579 -0.380935
-0.098314 -0.879949 -0.464785
0.049036 -0.762175 -0.645511
-0.016000 -0.894034 -0.447714
-0.019717 -0.832040 -0.554365
0.027759 -0.824556 -0.565099
-0.039292 -0.860268 -0.508326
0.059342 -0.860633 -0.505756
0.154208 -0.838050 -0.523346
0.022814 -0.876065 -0.481653
0.129562 -0.822875 -0.553255
-0.127477 -0.851859 -0.508021
0.174804 -0.834157 -0.523092
-0.003511 -0.783987 -0.620768
0.133537 -0.869528 -0.475488
0.019917 -0.750063 -0.661067
0.004743 -0.887263 -0.461239
0.036746 -0.846104 -0.531749
-0.116864 -0.837452 -0.533869
0.078315 -0.891699 -0.445801
0.042937 -0.898490 -0.436889
-0.098607 -0.815534 -0.570247
-0.085481 -0.845546 -0.527015
0.015916 -0.865444 -0.500753
0.016073 -0.896462 -0.442828
-0.057126 -0.886761 -0.458685
0.005629 -0.871069 -0.491128
-0.053732 -0.866710 -0.495910
-0.047523 -0.750740 -0.658886
-0.002409 -0.830103 -0.557604
-0.138676 -0.838768 -0.526533
0.083005 -0.834773 -0.544301
0.013434 -0.884213 -0.466890
0.106742 -0.806047 -0.582146
-0.019591 -0.788908 -0.614199
-0.030144 -0.889921 -0.455118
-0.097919 -0.844375 -0.526728
-0.110366 -0.799461 -0.590493
0.135257 -0.853551 -0.503146
0.004765 -0.831461 -0.555563
0.039901 -0.755429 -0.654014
0.025782 -0.867745 -0.496341
-0.013471 -0.865186 -0.501270
0.095455 -0.898833 -0.427771
0.135912 -0.829368 -0.541919
0.009953 -0.843358 -0.537260
0.141121 -0.749710 -0.646544
0.193528 -0.866745 -0.459674
-0.081988 -0.853079 -0.515300
0.065955 -0.776857 -0.626213
-0.100937 -0.887810 -0.449004
0.012648 -0.849422 -0.527562
-0.069160 -0.895894 -0.438852
0.043771 -0.860663 -0.507290
-0.053752 -0.779260 -0.624391
0.014456 -0.827084 -0.561892
0.017793 -0.880302 -0.474080
-0.037819 -0.865428 -0.499604
0.021962 -0.824677 -0.565178
0.067261 -0.904853 -0.420378
0.048720 -0.894091 -0.445228
0.027776 -0.778498 -0.627032
-0.060341 -0.835349 -0.546399
-0.153135 -0.864737 -0.478309
0.015039 -0.839551 -0.543073
0.041595 -0.920923 -0.387518
-0.024735 -0.849886 -0.526385
0.030805 -0.818376 -0.573856
-0.021764 -0.905524 -0.423736
-0.098458 -0.809142 -0.579305
-0.018835 -0.891758 -0.452120
0.027195 -0.764853 -0.643631
0.125995 -0.835730 -0.534491
-0.154374 -0.813030 -0.561384
-0.000406 -0.863392 -0.504534
-0.059345 -0.796962 -0.601107
-0.012557 -0.890965 -0.453899
0.019569 -0.811607 -0.583875
-0.091660 -0.776168 -0.623828
0.078221 -0.877460 -0.473229
0.031726 -0.920873 -0.388569
0.037663 -0.911022 -0.410635
-0.141702 -0.896392 -0.420002
0.018793 -0.874096 -0.485389
0.083388 -0.864607 -0.495480
0.003438 -0.865719 -0.500518
-0.155595 -0.748231 -0.644934
-0.002937 -0.877158 -0.480193
0.054911 -0.820242 -0.569376
-0.108618 -0.828478 -0.549387
0.029244 -0.906496 -0.421200
0.004127 -0.802642 -0.596446
0.062923 -0.802614 -0.593171
-0.135047 -0.787454 -0.601397
-0.051354 -0.818704 -0.571915
0.053442 -0.849038 -0.525622
0.103428 -0.899469 -0.424568
-0.001463 -0.849848 -0.527026
-0.066220 -0.900227 -0.430356
0.015528 -0.841960 -0.539317
0.049408 -0.868191 -0.493765
-0.068997 -0.759814 -0.646469
-0.061560 -0.853164 -0.517998
-0.056068 -0.811793 -0.581248
0.040078 -0.934283 -0.354273
0.131490 -0.844868 -0.518563
-0.104946 -0.821838 -0.559972
-0.004034 -0.779622 -0.626237
-0.025300 -0.879924 -0.474440
-0.060543 -0.833655 -0.548957
-0.026138 -0.914224 -0.404365
0.077730 -0.729801 -0.679227
0.070417 -0.917651 -0.391099
-0.019079 -0.896701 -0.442226
0.095304 -0.861559 -0.498631
0.118399 -0.861483 -0.493791
0.052448 -0.837435 -0.544014
-0.018462 -0.907123 -0.420460
0.017249 -0.823037 -0.567725
-0.043713 -0.867589 -0.495358
0.029190 -0.796195 -0.604335
-0.195451 -0.768457 -0.609321
-0.089884 -0.893597 -0.439778
-0.192417 -0.866737 -0.460155
-0.039297 -0.858019 -0.512112
-0.042907 -0.916390 -0.397979
-0.106398 -0.904569 -0.412837
0.114549 -0.846088 -0.520589
-0.136628 -0.833528 -0.535317
0.035905 -0.873936 -0.484713
0.017679 -0.888184 -0.459148
-0.036814 -0.787905 -0.614695
-0.064640 -0.750592 -0.657596
0.056767 -0.778924 -0.624543
-0.044131 -0.919297 -0.391083
0.151000 -0.884679 -0.441070
-0.037807 -0.895905 -0.442634
0.018055 -0.776425 -0.629951
-0.078207 -0.882247 -0.464246
0.059538 -0.753110 -0.655195
0.132647 -0.849395 -0.510816
-0.031416 -0.868444 -0.494791
0.060431 -0.855325 -0.514555
-0.116957 -0.835618 -0.536715
-0.097240 -0.875003 -0.474251
0.066912 -0.742357 -0.666654
0.029490 -0.883309 -0.467862
-0.019771 -0.883443 -0.468121
-0.249093 -0.812227 -0.527484
-0.114253 -0.854383 -0.506929
-0.125326 -0.856833 -0.500130
-0.183242 -0.839400 -0.511693
-0.245008 -0.831284 -0.498937
-0.032225 -0.868742 -0.494215
-0.001025 -0.881145 -0.472844
-0.222280 -0.805437 -0.549421
-0.081385 -0.801902 -0.591886
0.003305 -0.879218 -0.476408
-0.224691 -0.867651 -0.443504
-0.200020 -0.825336 -0.528027
-0.323210 -0.785401 -0.527902
-0.149590 -0.804684 -0.574549
-0.222280 -0.856055 -0.466649
-0.214563 -0.828772 -0.516817
-0.226802 -0.778808 -0.584824
-0.243711 -0.792726 -0.558741
-0.325999 -0.885212 -0.331849
-0.164543 -0.750098 -0.640530
-0.192880 -0.838037 -0.510384
-0.259431 -0.825999 -0.500421
-0.180437 -0.832248 -0.524219
-0.354411 -0.794851 -0.492549
-0.251942 -0.756350 -0.603706
-0.323872 -0.771844 -0.547142
-0.379781 -0.833410 -0.401489
-0.303894 -0.798455 -0.519728
-0.052072 -0.826584 -0.560399
-0.250352 -0.791962 -0.556885
-0.301780 -0.758894 -0.577069
-0.394046 -0.845490 -0.360382
-0.304582 -0.744081 -0.594621
-0.235903 -0.879022 -0.414332
-0.184288 -0.771862 -0.608496
-0.377371 -0.774951 -0.506993
-0.347969 -0.763168 -0.544512
-0.341681 -0.738365 -0.581439
-0.441231 -0.724843 -0.529072
-0.333672 -0.847262 -0.413292
-0.181735 -0.843049 -0.506203
-0.264217 -0.836264 -0.480470
-0.495198 -0.797128 -0.345494
-0.541147 -0.716246 -0.440627
-0.356522 -0.743970 -0.565155
-0.378825 -0.725811 -0.574187
-0.310085 -0.737937 -0.599413
-0.348401 -0.796963 -0.493424
-0.479144 -0.780850 -0.400867
-0.391459 -0.778205 -0.491077
-0.478000 -0.732525 -0.484689
-0.422883 -0.748421 -0.510917
-0.529419 -0.672274 -0.517459
-0.398907 -0.707000 -0.583973
-0.363050 -0.706974 -0.606946
-0.464306 -0.634504 -0.617919
-0.525351 -0.655276 -0.542789
-0.401478 -0.699266 -0.591474
-0.365024 -0.674746 -0.641464
-0.422651 -0.698930 -0.576943
-0.517944 -0.670020 -0.531795
-0.529771 -0.711250 -0.462024
-0.460156 -0.752191 -0.471663
-0.407375 -0.723006 -0.557949
-0.427937 -0.785051 -0.447846
-0.538111 -0.561254 -0.628833
-0.390951 -0.764003 -0.513280
-0.503546 -0.695721 -0.512263
-0.485064 -0.707391 -0.514111
-0.530764 -0.709140 -0.464123
-0.408584 -0.704398 -0.580416
-0.523779 -0.713434 -0.465475
-0.446275 -0.686969 -0.573508
-0.407952 -0.778621 -0.476786
-0.564692 -0.601075 -0.565537
-0.555709 -0.676638 -0.483062
-0.490743 -0.721538 -0.488419
-0.529013 -0.724513 -0.441844
-0.561170 -0.696752 -0.446795
-0.574217 -0.665072 -0.477445
-0.582641 -0.658135 -0.476852
-0.579347 -0.554686 -0.597228
-0.482030 -0.583045 -0.653992
-0.710855 -0.553189 -0.434359
-0.594936 -0.480218 -0.644547
-0.640295 -0.639584 -0.425387
-0.449979 -0.692314 -0.564109
-0.636360 -0.541487 -0.549397
-0.658231 -0.508048 -0.555535
-0.499057 -0.577196 -0.646365
-0.562179 -0.616476 -0.551282
-0.602109 -0.639660 -0.477808
-0.520034 -0.527474 -0.671815
-0.696183 -0.555338 -0.454895
-0.653374 -0.554736 -0.515141
-0.549192 -0.617330 -0.563286
-0.709647 -0.541598 -0.450637
-0.506974 -0.729487 -0.459158
-0.670154 -0.472458 -0.572430
-0.565035 -0.596783 -0.569725
-0.611008 -0.633069 -0.475281
-0.593748 -0.562220 -0.575650
-0.665621 -0.574028 -0.476907
-0.710398 -0.493854 -0.501441
-0.586028 -0.578746 -0.567119
-0.560402 -0.578652 -0.592546
-0.750889 -0.325483 -0.574653
-0.721324 -0.488228 -0.491249
-0.619979 -0.509743 -0.596480
-0.637675 -0.572398 -0.515491
-0.579664 -0.509712 -0.635754
-0.710140 -0.506935 -0.488588
-0.689329 -0.501873 -0.522446
-0.785742 -0.478743 -0.391681
-0.574452 -0.521241 -0.631120
-0.696735 -0.535394 -0.477403
-0.689074 -0.486276 -0.537320
-0.624528 -0.457808 -0.632753
-0.691612 -0.381109 -0.613538
-0.733425 -0.487766 -0.473468
-0.640768 -0.425486 -0.639045
-0.670929 -0.466078 -0.576737
-0.696514 -0.344749 -0.629298
-0.777655 -0.394765 -0.489299
-0.711264 -0.336877 -0.616942
-0.758650 -0.399967 -0.514273
-0.781820 -0.323430 -0.533057
-0.693224 -0.497490 -0.521482
-0.769707 -0.214542 -0.601268
-0.844250 -0.269731 -0.463127
-0.693939 -0.404852 -0.595435
-0.737473 -0.395332 -0.547582
-0.793723 -0.416356 -0.443453
-0.822845 -0.313185 -0.474175
-0.798834 -0.316879 -0.511323
-0.696809 -0.241272 -0.675459
-0.787489 -0.337178 -0.515919
-0.813573 -0.323996 -0.482831
-0.802368 -0.320056 -0.503756
-0.850413 -0.259487 -0.457674
-0.778393 -0.403311 -0.481087
-0.789662 -0.272150 -0.549881
-0.681649 -0.381775 -0.624181
-0.725818 -0.406255 -0.555108
-0.868875 -0.262187 -0.419897
-0.797054 -0.179275 -0.576685
-0.852001 -0.215048 -0.477335
-0.802554 -0.196951 -0.563131
-0.843333 -0.361017 -0.398065
-0.820617 -0.278965 -0.498765
-0.689776 -0.189794 -0.698703
-0.831462 -0.150454 -0.534822
-0.834210 -0.150038 -0.530644
-0.836893 -0.194360 -0.511697
-0.729808 -0.420384 -0.539127
-0.826758 -0.135954 -0.545883
-0.884919 -0.151740 -0.440333
-0.753943 -0.155359 -0.638306
-0.792139 -0.283262 -0.540628
-0.869171 -0.127935 -0.477677
-0.857655 -0.175661 -0.483293
-0.906088 -0.107307 -0.409255
-0.843851 -0.202761 -0.496794
-0.775480 -0.228068 -0.588741
-0.906774 -0.044925 -0.419217
-0.811679 -0.211978 -0.544282
-0.850825 0.005812 -0.525417
-0.799864 -0.188140 -0.569931
-0.839086 -0.111860 -0.532374
-0.798019 -0.042565 -0.601127
-0.790744 -0.261437 -0.553511
-0.832173 -0.142122 -0.535994
-0.744978 -0.054275 -0.664878
-0.814515 -0.137818 -0.563535
-0.773570 -0.273133 -0.571828
-0.759077 -0.098633 -0.643486
-0.892900 0.059238 -0.446342
-0.880486 0.043380 -0.472083
-0.939768 -0.078745 -0.332619
-0.795384 0.051702 -0.603897
-0.901700 0.027822 -0.431466
-0.825292 0.013418 -0.564547
-0.861705 -0.018714 -0.507064
-0.823454 -0.029525 -0.566615
-0.790488 -0.147157 -0.594537
-0.851804 -0.007200 -0.523812
-0.790846 -0.000129 -0.612016
-0.839573 -0.076538 -0.537828
-0.846648 -0.021771 -0.531708
-0.891576 -0.030909 -0.451815
-0.876926 -0.145373 -0.458112
-0.859669 0.102221 -0.500521
-0.857923 -0.065938 -0.509529
-0.862377 -0.055588 -0.503205
-0.807922 0.084211 -0.583241
-0.885550 -0.109332 -0.451495
-0.828913 -0.125970 -0.545009
-0.803982 -0.005615 -0.594627
-0.855624 0.057566 -0.514387
-0.817641 0.017331 -0.575468
-0.845473 -0.033608 -0.532959
-0.828163 -0.062282 -0.557017
-0.815550 0.160050 -0.556113
-0.785777 -0.019002 -0.618218
-0.808036 -0.044176 -0.587474
-0.828350 -0.024349 -0.559681
-0.798159 -0.007477 -0.602400
-0.859386 0.020868 -0.510901
-0.847615 0.090564 -0.522827
-0.772279 -0.081055 -0.630091
-0.878763 0.088493 -0.468983
-0.905829 -0.026833 -0.422792
-0.801266 0.054230 -0.595845
-0.788060 -0.095346 -0.608170
-0.861608 0.046522 -0.505438
-0.756129 -0.057822 -0.651863
-0.886786 0.138718 -0.440873
-0.758897 -0.047293 -0.649491
-0.801837 -0.128760 -0.583505
-0.801462 0.005666 -0.598019
-0.861956 0.129115 -0.490267
-0.865394 0.033817 -0.499950
-0.823607 0.136658 -0.550451
-0.823607 -0.154201 -0.545797
-0.849354 -0.014070 -0.527636
-0.860497 -0.037111 -0.508102
-0.895715 0.076329 -0.438029
-0.799030 -0.216290 -0.561043
-0.816588 -0.014587 -0.577037
-0.845047 0.091966 -0.526724
-0.887615 -0.086454 -0.452399
-0.885803 0.120241 -0.448214
-0.903762 -0.044880 -0.425677
-0.832511 -0.142182 -0.535452
-0.878394 0.145004 -0.455409
-0.870252 0.023607 -0.492041
-0.818966 -0.164941 -0.549627
-0.831995 0.168542 -0.528563
-0.799706 0.079261 -0.595137
-0.928326 0.092679 -0.360029
-0.858935 0.098200 -0.502581
-0.857848 0.003531 -0.513891
-0.810563 0.033873 -0.584671
-0.922801 -0.037386 -0.383459
-0.890907 0.057775 -0.450497
-0.879232 -0.070243 -0.471187
-0.865678 -0.043456 -0.498712
-0.801651 0.118674 -0.585894
-0.879052 -0.015689 -0.476467
-0.840638 -0.028773 -0.540832
-0.807269 -0.020601 -0.589824
-0.819054 -0.090950 -0.566462
-0.882831 0.048348 -0.467196
-0.820508 -0.169006 -0.546079
-0.811836 -0.068783 -0.579819
-0.833755 0.022893 -0.551659
-0.892954 -0.039025 -0.448454
-0.903803 -0.002338 -0.427943
-0.854701 -0.087872 -0.511629
-0.725032 0.044743 -0.687260
-0.799440 -0.038300 -0.599523
-0.808937 0.010629 -0.587799
-0.875134 0.047817 -0.481512
-0.888468 -0.016030 -0.458659
-0.789902 0.054384 -0.610816
-0.839820 0.151797 -0.521211
-0.866364 0.010166 -0.499309
-0.842699 -0.190742 -0.503464
-0.848907 -0.149902 -0.506840
-0.793561 0.079867 -0.603227
-0.894931 0.051254 -0.443251
-0.828338 0.095634 -0.552006
-0.807887 0.098148 -0.581107
-0.787495 0.073572 -0.611914
-0.859758 -0.005219 -0.510674
-0.907054 -0.044758 -0.418628
-0.788009 -0.018999 -0.615371
-0.846378 0.130808 -0.516269
-0.899292 0.064898 -0.432506
-0.737284 0.029457 -0.674941
-0.798697 -0.034799 -0.600727
-0.899857 0.044472 -0.433911
-0.899246 0.054187 -0.434075
-0.832910 0.000048 -0.553409
-0.899849 0.064273 -0.431441
-0.863112 -0.038902 -0.503511
-0.900672 0.103876 -0.421901
-0.827234 -0.037274 -0.560620
-0.903568 -0.058957 -0.424368
-0.833015 0.184573 -0.521554
-0.880730 0.027170 -0.472839
-0.770582 -0.022868 -0.636930
-0.911929 0.103685 -0.397032
-0.908696 -0.012855 -0.417260
-0.778929 -0.049479 -0.625157
-0.807052 0.062216 -0.587194
-0.813664 -0.032524 -0.580424
-0.875414 0.070615 -0.478188
-0.747173 -0.069836 -0.660951
-0.824077 -0.003389 -0.566468
-0.791716 0.055010 -0.608407
-0.852653 0.058423 -0.519201
-0.775700 -0.176950 -0.605788
-0.888031 0.148735 -0.435063
-0.855543 -0.053875 -0.514920
-0.767341 0.022644 -0.640839
-0.784252 0.041221 -0.619071
-0.849469 0.104007 -0.517286
-0.805115 0.126301 -0.579515
-0.896576 -0.038320 -0.441230
-0.786604 0.014049 -0.617298
-0.770213 -0.108816 -0.628435
-0.854298 0.084694 -0.512837
-0.756437 0.072501 -0.650036
-0.903498 -0.046756 -0.426035
-0.838891 -0.145363 -0.524531
-0.813664 -0.103119 -0.572116
-0.846658 -0.183435 -0.499522
-0.847195 -0.021719 -0.530838
-0.825922 -0.090780 -0.556428
-0.826467 0.048299 -0.560909
-0.805155 0.002027 -0.593060
-0.863951 0.001895 -0.503572
-0.794139 -0.063554 -0.604404
-0.847875 0.014793 -0.529990
-0.833159 0.164990 -0.527849
-0.901851 -0.056065 -0.428393
-0.783620 0.148257 -0.603291
-0.813387 0.079979 -0.576198
-0.781950 0.003067 -0.623334
-0.925327 0.041250 -0.376920
-0.849547 0.034877 -0.526359
-0.701772 0.094819 -0.706063
-0.861171 -0.051601 -0.505689
-0.868578 0.037197 -0.494155
-0.895929 -0.163649 -0.412954
-0.886168 0.140618 -0.441512
-0.889304 -0.060156 -0.453343
-0.817524 -0.013557 -0.575735
-0.869165 0.001765 -0.494519
-0.853158 -0.053384 -0.518914
-0.886869 0.000178 -0.462021
-0.827451 0.067819 -0.557428
-0.806069 -0.177219 -0.564664
-0.817790 -0.037472 -0.574296
-0.835323 -0.200522 -0.511886
-0.862414 0.072522 -0.500982
-0.866512 -0.108480 -0.487225
-0.821811 -0.126664 -0.555502
-0.858940 0.007590 -0.512019
-0.900570 0.100045 -0.423042
-0.925856 0.041932 -0.375544
-0.782138 -0.007826 -0.623056
-0.885048 -0.048134 -0.463004
-0.780475 -0.018986 -0.624898
-0.902207 0.039589 -0.429483
-0.912305 0.035036 -0.408009
-0.955371 -0.079238 -0.284584
-0.839459 0.188990 -0.509501
-0.789084 -0.029272 -0.613588
-0.852125 0.038121 -0.521948
-0.863022 -0.123929 -0.489729
-0.814496 -0.021905 -0.579755
-0.873209 -0.167011 -0.457835
-0.887857 -0.009698 -0.460018
-0.820241 -0.145612 -0.553174
-0.836704 0.078223 -0.542041
-0.884679 0.026994 -0.465418
-0.752803 0.087931 -0.652346
-0.852443 0.009077 -0.522742
-0.886637 -0.031285 -0.461408
-0.837480 -0.190385 -0.512231
-0.808057 0.017472 -0.588846
-0.788708 0.058450 -0.611983
-0.862015 -0.003309 -0.506872
-0.848998 -0.090428 -0.520600
-0.847635 0.137608 -0.512425
-0.796347 -0.077077 -0.599909
-0.886054 -0.016455 -0.463289
-0.876524 -0.025676 -0.480674
-0.845715 -0.062322 -0.529982
-0.878793 0.094661 -0.467719
-0.862462 0.029766 -0.505245
-0.893507 -0.133487 -0.428750
-0.866284 0.066305 -0.495132
-0.866980 -0.075908 -0.492528
-0.783026 0.000341 -0.621989
-0.902935 -0.136264 -0.407604
-0.840580 -0.025914 -0.541067
-0.881263 0.106707 -0.460422
-0.901458 0.015453 -0.432591
-0.822156 0.068983 -0.565068
-0.768953 -0.117163 -0.628477
-0.870924 0.111633 -0.478570
-0.841855 -0.081059 -0.533581
-0.779592 -0.081084 -0.621017
-0.797801 0.007310 -0.602876
-0.847451 -0.043725 -0.529070
-0.879575 -0.124089 -0.459292
-0.808710 -0.015292 -0.588008
-0.778198 -0.032857 -0.627159
-0.844214 0.024100 -0.535464
-0.851288 0.116920 -0.511506
-0.774440 -0.190651 -0.603237
-0.697654 -0.011715 -0.716340
-0.915350 0.023412 -0.401979
-0.865450 0.092151 -0.492448
-0.889573 0.067242 -0.451818
-0.793173 -0.055470 -0.606465
-0.857257 -0.051560 -0.512301
-0.833984 0.030255 -0.550959
-0.900928 0.037776 -0.432322
-0.723633 -0.056002 -0.687909
-0.898812 -0.004026 -0.438316
-0.832186 0.143328 -0.535652
-0.801658 0.017166 -0.597536
-0.872140 -0.035787 -0.487946
-0.806937 -0.062409 -0.587332
-0.873641 0.041893 -0.484765
-0.821045 -0.003848 -0.570850
-0.839169 -0.147090 -0.523603
-0.830234 0.134889 -0.540848
-0.826379 0.074421 -0.558175
-0.876153 0.159619 -0.454837
-0.852506 0.121942 -0.508295
-0.817132 -0.090761 -0.569261
-0.820794 0.008043 -0.571168
-0.875245 0.106247 -0.471866
-0.766635 -0.130677 -0.628645
-0.864047 -0.031327 -0.502435
-0.892770 0.094253 -0.440543
-0.868990 -0.074966 -0.489118
-0.888693 0.042256 -0.456551
-0.799273 0.112044 -0.590431
-0.837094 -0.058757 -0.543894
-0.814096 -0.029526 -0.579980
-0.887887 0.023484 -0.459462
-0.724210 -0.022653 -0.689207
-0.886931 -0.161920 -0.432592
-0.760202 -0.082952 -0.644369
-0.839227 0.041036 -0.542231
-0.802405 0.081313 -0.591214
-0.843303 0.111743 -0.525694
-0.911897 -0.054234 -0.406820
-0.899684 -0.036265 -0.435032
-0.806158 -0.023316 -0.591240
-0.829989 0.191417 -0.523906
-0.765454 -0.043813 -0.641998
-0.786573 0.052923 -0.615226
-0.780713 0.044909 -0.623274
-0.903350 -0.043660 -0.426675
-0.914564 -0.004355 -0.404418
-0.839379 -0.043853 -0.541775
-0.895717 0.017181 -0.444293
-0.819831 -0.118082 -0.560298
-0.790946 -0.002935 -0.611879
-0.864498 0.064280 -0.498509
-0.851030 0.019675 -0.524748
-0.822998 0.010207 -0.567953
-0.936143 0.093881 -0.338856
-0.914180 -0.068522 -0.399473
-0.929860 -0.010559 -0.367761
-0.818120 -0.019167 -0.574727
-0.792523 -0.152221 -0.590538
-0.931689 -0.026495 -0.362289
-0.850013 0.021103 -0.526338
-0.872114 0.111714 -0.476379
-0.880254 0.075930 -0.468388
-0.824011 -0.173443 -0.539373
-0.889023 -0.060764 -0.453813
-0.825215 0.214678 -0.522431
-0.882263 0.019844 -0.470338
-0.807298 -0.042179 -0.588634
-0.856293 -0.079401 -0.510350
-0.834262 0.000927 -0.551368
-0.790049 0.063942 -0.609700
-0.773649 0.128748 -0.620397
-0.873606 0.040325 -0.484960
-0.825241 0.109179 -0.554127
-0.915933 -0.029814 -0.400222
-0.894803 0.042675 -0.444417
-0.828357 0.082009 -0.554165
-0.908518 0.163325 -0.384604
-0.780695 0.050127 -0.622898
-0.886458 -0.011619 -0.462663
-0.835938 0.050782 -0.546470
-0.888641 0.093340 -0.449005
-0.889534 -0.033309 -0.455654
-0.860641 -0.005805 -0.509180
-0.904179 0.032247 -0.425936
-0.787152 0.190411 -0.586631
-0.881557 -0.089566 -0.463504
-0.793751 0.015740 -0.608039
-0.744567 -0.010131 -0.667471
-0.830140 0.059494 -0.554372
-0.814418 -0.010142 -0.580191
-0.851485 -0.054603 -0.521529
-0.824758 -0.059915 -0.562303
-0.824608 -0.004248 -0.565689
-0.847485 -0.095697 -0.522121
-0.869759 0.006295 -0.493437
-0.768284 -0.155588 -0.620912
-0.891369 0.025457 -0.452563
-0.901199 0.025570 -0.432650
-0.863876 -0.030465 -0.502782
-0.864397 0.076325 -0.496983
-0.848390 -0.104748 -0.518905
-0.856033 -0.084047 -0.510043
-0.839403 -0.099502 -0.534324
-0.842987 -0.049391 -0.535661
-0.854770 -0.035420 -0.517797
-0.876667 0.088580 -0.472873
-0.869413 -0.057958 -0.490675
-0.878214 -0.130778 -0.460041
-0.847185 -0.165262 -0.504941
-0.807418 -0.052530 -0.587637
-0.830652 -0.039780 -0.555369
-0.832452 0.061942 -0.550624
-0.868159 0.043463 -0.494379
-0.864742 -0.137921 -0.482907
-0.897300 0.035678 -0.439977
-0.841371 0.033812 -0.539399
-0.903542 0.106739 -0.414993
-0.856262 -0.282705 -0.432312
-0.860526 0.038738 -0.507932
-0.832963 -0.088139 -0.546264
-0.882048 0.001149 -0.471159
-0.840442 -0.043312 -0.540168
-0.870606 0.037981 -0.490513
-0.816556 -0.104993 -0.567639
-0.902464 0.168984 -0.396237
-0.791577 -0.042846 -0.609566
-0.808662 0.032909 -0.587352
-0.895767 -0.000334 -0.444524
-0.858891 -0.087789 -0.504578
-0.847619 0.047125 -0.528508
-0.872145 -0.030618 -0.488288
-0.816684 0.087392 -0.570429
-0.900830 -0.075560 -0.427545
-0.862284 -0.063098 -0.502478
-0.825542 -0.090997 -0.556956
-0.887144 0.009426 -0.461396
-0.846534 -0.051039 -0.529883
-0.888974 0.036677 -0.456486
-0.867525 0.062761 -0.493419
-0.808685 0.037615 -0.587038
-0.807296 -0.050215 -0.588007
-0.766591 -0.044692 -0.640578
-0.886412 -0.006199 -0.462856
-0.861230 -0.039467 -0.506680
-0.843643 0.016440 -0.536653
-0.798673 0.044050 -0.600151
-0.825005 -0.189278 -0.532486
-0.822927 0.107103 -0.557961
-0.817496 -0.085828 -0.569503
-0.823245 -0.068187 -0.563577
-0.843343 0.078836 -0.531561
-0.851801 -0.011198 -0.523745
-0.874631 0.066042 -0.480269
-0.776814 -0.058400 -0.627017
-0.875895 0.009566 -0.482407
-0.855411 0.016092 -0.517699
-0.907640 -0.000773 -0.419749
-0.838740 0.095542 -0.536085
-0.729463 0.078788 -0.679467
-0.854501 0.031188 -0.518513
-0.870224 -0.110760 -0.480043
-0.886344 0.053027 -0.459981
-0.822535 0.038260 -0.567426
-0.838122 0.006984 -0.545438
-0.871648 -0.206857 -0.444341
-0.818680 0.079747 -0.568686
-0.800576 -0.089610 -0.592493
-0.874396 0.016776 -0.484923
-0.831063 -0.103033 -0.546552
-0.850294 -0.131224 -0.509686
-0.893878 -0.085603 -0.440061
-0.880273 -0.018331 -0.474113
-0.849726 -0.143392 -0.507351
-0.848721 -0.022484 -0.528363
-0.855649 -0.079387 -0.511432
-0.890177 0.128822 -0.437024
-0.878861 0.098300 -0.466840
-0.820648 -0.015724 -0.571217
-0.782387 -0.072606 -0.618546
-0.822121 -0.049668 -0.567142
-0.808895 0.020964 -0.587579
-0.828145 0.017917 -0.560228
-0.888760 0.084699 -0.450480
-0.784404 0.013869 -0.620095
-0.856228 -0.001068 -0.516596
-0.890474 0.027397 -0.454209
-0.872869 0.084295 -0.480619
-0.830897 -0.043168 -0.554749
-0.762853 -0.120612 -0.635223
-0.853795 -0.001659 -0.520607
-0.835538 0.021297 -0.549020
-0.895701 0.071012 -0.438951
-0.844926 0.031949 -0.533929
-0.902805 -0.134269 -0.408552
-0.867896 0.037961 -0.495293
-0.875305 0.072179 -0.478155
-0.792876 -0.175156 -0.583668
-0.725723 0.147711 -0.671944
-0.880392 0.095620 -0.464507
-0.816096 -0.093929 -0.570232
-0.734032 0.021045 -0.678788
-0.866890 0.128194 -0.481734
-0.872212 -0.049723 -0.486595
-0.880510 -0.009584 -0.473931
-0.845244 -0.198914 -0.495980
-0.866124 -0.043005 -0.497976
-0.834201 0.016379 -0.551217
-0.861217 0.090271 -0.500156
-0.878453 -0.052919 -0.474889
-0.890890 -0.030729 -0.453178
-0.811166 0.014174 -0.584645
-0.858506 0.062746 -0.508949
-0.843921 -0.007654 -0.536412
-0.849013 -0.037915 -0.527010
-0.869769 0.039075 -0.491909
-0.771141 0.061514 -0.633686
-0.883213 0.077024 -0.462604
-0.809100 -0.000362 -0.587671
-0.825965 -0.117527 -0.551334
-0.788447 -0.032365 -0.614251
-0.802584 0.118211 -0.584709
-0.803456 -0.034437 -0.594368
-0.896044 0.131573 -0.424020
-0.850378 -0.094535 -0.517610
-0.798485 -0.010784 -0.601917
-0.866993 0.109045 -0.486243
-0.877087 -0.078152 -0.473932
-0.839169 0.111339 -0.532353
-0.804009 -0.185875 -0.564819
-0.765427 0.155412 -0.624475
-0.835536 -0.144706 -0.530037
-0.815196 0.084004 -0.573061
-0.827142 0.209705 -0.521401
-0.806380 -0.043092 -0.589826
-0.860018 0.058255 -0.506928
-0.819910 -0.053063 -0.570028
-0.791718 -0.042190 -0.609428
-0.771079 -0.068281 -0.633068
-0.882212 0.215615 -0.418583
-0.849414 -0.085133 -0.520814
-0.748285 0.032470 -0.662582
-0.840022 -0.014248 -0.542365
-0.851093 -0.059145 -0.521674
-0.841035 -0.004609 -0.540962
-0.834941 0.049082 -0.548146
-0.869153 -0.171896 -0.463708
-0.847425 0.034915 -0.529766
-0.865132 -0.030454 -0.500618
-0.921754 0.043133 -0.385368
-0.818350 -0.048105 -0.572703
-0.782699 0.069724 -0.618483
-0.793253 -0.011981 -0.608774
-0.821175 0.019920 -0.570329
-0.912850 0.061128 -0.403693
-0.932659 -0.114274 -0.342182
-0.864479 0.030290 -0.501756
-0.867354 0.032504 -0.496628
-0.825830 -0.063065 -0.560381
-0.834070 0.208991 -0.510539
-0.852685 0.105105 -0.511744
-0.866450 0.105824 -0.487920
-0.825691 0.136482 -0.547364
-0.777096 0.036681 -0.628312
-0.810794 0.006553 -0.585295
-0.846603 0.021924 -0.531774
-0.819435 0.024081 -0.572665
-0.943736 0.027239 -0.329575
-0.747146 -0.044071 -0.663197
-0.873700 -0.167091 -0.456868
-0.874678 -0.065333 -0.480281
-0.846310 0.032166 -0.531718
-0.875098 0.113793 -0.470376
-0.728087 0.029257 -0.684860
-0.886754 -0.134072 -0.442371
-0.881040 0.111134 -0.459801
-0.876185 0.151064 -0.457690
-0.898197 0.039379 -0.437825
-0.788335 -0.054967 -0.612785
-0.860292 -0.057056 -0.506598
-0.901410 -0.032879 -0.431716
-0.781866 -0.072846 -0.619177
-0.865779 0.026556 -0.499722
-0.842090 0.040855 -0.537787
-0.890784 -0.078067 -0.447671
-0.851575 0.032480 -0.523225
-0.847370 0.071668 -0.526145
-0.823007 -0.118629 -0.555505
-0.858896 -0.026122 -0.511483
-0.797679 -0.002528 -0.603077
-0.858810 -0.010571 -0.512185
-0.806765 -0.057889 -0.588030
-0.816714 0.169882 -0.551470
-0.834317 -0.012810 -0.551136
-0.873024 -0.029901 -0.486760
-0.808602 -0.021018 -0.587981
-0.828518 0.051536 -0.557586
-0.867339 0.022227 -0.497222
-0.847307 0.069641 -0.526518
-0.839256 0.013450 -0.543570
-0.781474 0.001928 -0.623935
-0.881196 -0.071167 -0.467364
-0.825842 0.051485 -0.561546
-0.846183 0.034416 -0.531780
-0.875580 0.057715 -0.479613
-0.842622 -0.027597 -0.537798
-0.849881 -0.036609 -0.525702
-0.907012 -0.033028 -0.419808
-0.842373 -0.116089 -0.526243
-0.804048 -0.020322 -0.594217
-0.860651 -0.041745 -0.507481
-0.903719 0.084939 -0.419617
-0.839458 -0.030125 -0.542588
-0.847030 -0.092217 -0.523484
-0.886192 -0.026254 -0.462573
-0.832243 -0.089765 -0.547096
-0.874795 0.108327 -0.472227
-0.818558 0.060595 -0.571219
-0.806131 -0.090942 -0.584707
-0.893891 0.045627 -0.445957
-0.842464 -0.155720 -0.515758
-0.842968 0.073967 -0.532855
-0.881383 0.058305 -0.468790
-0.847327 -0.081510 -0.524779
-0.793812 -0.117432 -0.596718
-0.874048 -0.061627 -0.481916
-0.909228 0.088339 -0.406818
-0.848177 -0.054990 -0.526852
-0.726767 0.053161 -0.684823
-0.887669 -0.065628 -0.455781
-0.827909 -0.014578 -0.560673
-0.910096 0.019814 -0.413924
-0.899278 -0.031524 -0.436239
-0.818809 0.003736 -0.574054
-0.730407 -0.064436 -0.679966
-0.895925 -0.027806 -0.443335
-0.743421 0.069112 -0.665243
-0.810265 0.115709 -0.574527
-0.833823 0.068063 -0.547820
-0.824962 -0.054069 -0.562596
-0.793834 -0.092897 -0.600997
-0.827161 -0.071726 -0.557369
-0.833788 0.008511 -0.552020
-0.791228 0.215416 -0.572324
-0.827428 0.066145 -0.557663
-0.792088 -0.049895 -0.608365
-0.906389 -0.069808 -0.416636
-0.917079 -0.004997 -0.398675
-0.801934 -0.001428 -0.597411
-0.839462 -0.072663 -0.538538
-0.883275 -0.024061 -0.468238
-0.861974 0.153748 -0.483076
-0.868376 0.036673 -0.494548
-0.809712 0.077292 -0.581715
-0.823945 0.055650 -0.563931
-0.812642 0.081944 -0.576973
-0.770317 -0.154330 -0.618704
-0.850588 -0.046681 -0.523756
-0.752452 -0.064717 -0.655460
-0.834722 -0.072706 -0.545850
-0.862564 0.133325 -0.488066
-0.779163 0.018338 -0.626553
-0.816730 -0.033467 -0.576049
-0.885509 -0.006442 -0.464578
-0.855638 -0.116797 -0.504224
-0.866570 0.207245 -0.453989
-0.878884 0.171932 -0.444975
-0.823362 0.018966 -0.567200
-0.827972 -0.021535 -0.560357
-0.769345 -0.186887 -0.610885
-0.866449 -0.063846 -0.495167
-0.792788 -0.123752 -0.596802
-0.857433 -0.074536 -0.509169
-0.850433 0.029673 -0.525245
-0.782743 0.086100 -0.616360
-0.886210 -0.050680 -0.460504
-0.810478 0.048743 -0.583738
-0.783385 0.072980 -0.617237
-0.903587 -0.012755 -0.428215
-0.855996 -0.047870 -0.514762
-0.891190 0.085165 -0.445564
-0.785105 0.119610 -0.607703
-0.905977 -0.008587 -0.423240
-0.832030 -0.143020 -0.535977
-0.819874 0.047946 -0.570534
-0.876798 0.028802 -0.479995
-0.841166 -0.030002 -0.539944
-0.852624 0.083584 -0.515797
-0.830510 0.171603 -0.529910
-0.839890 -0.092794 -0.534766
-0.827050 -0.141306 -0.544078
-0.796679 -0.061090 -0.601307
-0.829974 -0.141603 -0.539529
-0.849578 -0.198701 -0.488606
-0.872921 0.132347 -0.469567
-0.835204 0.015753 -0.549715
-0.880445 0.080640 -0.467240
-0.814031 -0.013559 -0.580663
-0.887161 0.058214 -0.457774
-0.843133 0.085773 -0.530821
-0.855641 0.142179 -0.497658
-0.852010 -0.089708 -0.515783
-0.912712 0.062756 -0.403756
-0.872185 -0.096788 -0.479505
-0.843153 0.129430 -0.521863
-0.861271 0.008201 -0.508080
-0.917184 -0.062128 -0.393590
-0.854411 -0.002334 -0.519592
-0.826742 -0.012461 -0.562444
-0.927102 0.016639 -0.374439
-0.869718 0.072191 -0.488241
-0.809336 0.001953 -0.587343
-0.798601 0.024022 -0.601382
-0.870452 -0.095064 -0.482987
-0.846178 -0.113047 -0.520772
-0.723118 -0.095660 -0.684069
-0.837975 -0.014649 -0.545511
-0.917541 -0.036396 -0.395973
-0.849187 -0.063850 -0.524218
-0.805252 0.112275 -0.582206
-0.863441 -0.050262 -0.501939
-0.793417 -0.031469 -0.607865
-0.877349 0.124560 -0.463404
-0.876268 0.005988 -0.481787
-0.827955 0.139388 -0.543196
-0.885919 -0.121361 -0.447681
-0.856667 0.061046 -0.512245
-0.838448 0.038371 -0.543629
-0.759831 0.014565 -0.649958
-0.844091 0.127214 -0.520890
-0.868944 -0.070144 -0.489915
-0.776022 -0.175669 -0.605748
-0.825179 0.113352 -0.553381
-0.839661 -0.101838 -0.533478
-0.833226 -0.132282 -0.536876
-0.861301 0.149151 -0.485710
-0.857073 -0.049373 -0.512824
-0.859022 0.007292 -0.511888
-0.896128 0.173637 -0.408418
-0.822638 0.081906 -0.562634
-0.834219 0.032080 -0.550499
-0.826685 0.078331 -0.557186
-0.848447 0.010232 -0.529182
-0.798106 -0.104858 -0.593322
-0.828472 0.011778 -0.559907
-0.822290 -0.167968 -0.543715
-0.883159 0.015646 -0.468813
-0.815870 0.105813 -0.568471
-0.876658 -0.048896 -0.478624
-0.842114 -0.103861 -0.529204
-0.850994 0.019985 -0.524796
-0.790862 -0.043247 -0.610465
-0.907154 0.048906 -0.417948
-0.854507 0.023616 -0.518903
-0.830761 -0.046786 -0.554659
-0.925051 0.068971 -0.373529
-0.787779 -0.117708 -0.604607
-0.823545 -0.153193 -0.546174
-0.804089 0.202171 -0.559078
-0.852862 0.062500 -0.518383
-0.838255 -0.075504 -0.540026
-0.929615 -0.001081 -0.368530
-0.764222 0.196914 -0.614158
-0.795565 0.010880 -0.605770
-0.880871 -0.131493 -0.454725
-0.886443 -0.062052 -0.458659
-0.888553 0.105761 -0.446417
-0.872500 -0.053678 -0.485656
-0.892516 0.107505 -0.438016
-0.905056 -0.016554 -0.424971
-0.807969 -0.019049 -0.588917
-0.861726 -0.035240 -0.506148
-0.891493 -0.083622 -0.445251
-0.807384 -0.085173 -0.583846
-0.820460 -0.074075 -0.566884
-0.813905 -0.057209 -0.578174
-0.824217 -0.076269 -0.561114
-0.843140 -0.066074 -0.533619
-0.844279 -0.010001 -0.535811
-0.886989 0.060553 -0.457804
-0.813988 0.111637 -0.570053
-0.819980 0.100098 -0.563572
-0.860717 -0.030340 -0.508179
-0.868208 0.002987 -0.496191
-0.819070 0.107348 -0.563561
-0.792856 0.136860 -0.593842
-0.876766 0.036484 -0.479532
-0.813895 -0.144442 -0.562771
-0.835152 0.128128 -0.534887
-0.851539 -0.026226 -0.523635
-0.858670 -0.043762 -0.510657
-0.870359 0.089558 -0.484204
-0.879292 -0.131977 -0.457633
-0.839537 0.036642 -0.542066
-0.833790 -0.108159 -0.541383
-0.882610 0.014154 -0.469894
-0.770866 0.127050 -0.624199
-0.760303 0.090386 -0.643250
-0.856451 0.167898 -0.488162
-0.894416 0.003340 -0.447224
-0.867366 0.038032 -0.496215
-0.868025 0.099445 -0.486459
-0.837547 -0.075006 -0.541193
-0.852964 0.022562 -0.521482
-0.786048 0.006897 -0.618127
-0.850806 -0.017261 -0.525197
-0.876470 0.182732 -0.445431
-0.823293 0.033428 -0.566631
-0.840064 0.104121 -0.532402
-0.852916 0.071751 -0.517093
-0.789486 0.034164 -0.612817
-0.796944 0.032425 -0.603182
-0.804692 -0.022815 -0.593254
-0.829687 0.008035 -0.558171
-0.872698 -0.054544 -0.485204
-0.907342 0.023886 -0.419714
-0.827087 -0.187412 -0.529910
-0.845663 -0.033241 -0.532682
-0.883459 -0.099801 -0.457756
-0.870918 -0.027834 -0.490639
-0.845109 0.092193 -0.526584
-0.744455 0.102385 -0.659776
-0.793887 -0.078513 -0.602976
-0.880309 0.044678 -0.472292
-0.776842 0.019010 -0.629408
-0.805074 0.045642 -0.591416
-0.788476 -0.023630 -0.614612
-0.796291 -0.028888 -0.604224
-0.920215 0.119927 -0.372587
-0.785083 0.083093 -0.613791
-0.870964 -0.052725 -0.488510
-0.853339 -0.030710 -0.520452
-0.766264 -0.000250 -0.642526
-0.799794 -0.102497 -0.591460
-0.843799 0.053686 -0.533968
-0.832785 0.210606 -0.511971
-0.797850 -0.048830 -0.600875
-0.849843 -0.037782 -0.525679
-0.835783 0.010564 -0.548958
-0.813427 0.027155 -0.581032
-0.852534 -0.032085 -0.521686
-0.811837 -0.054547 -0.581331
-0.868062 -0.200087 -0.454349
-0.914835 0.044669 -0.401349
-0.895688 -0.077425 -0.437891
-0.763211 0.095742 -0.639016
-0.919296 -0.141142 -0.367387
-0.860456 -0.095069 -0.500577
-0.838834 0.056550 -0.541443
-0.841238 -0.031173 -0.539766
-0.837565 -0.000616 -0.546338
-0.899646 -0.160982 -0.405859
-0.747207 0.030764 -0.663879
-0.890241 0.135428 -0.434890
-0.903916 0.107872 -0.413884
-0.891957 0.115773 -0.437047
-0.786942 0.080377 -0.611769
-0.789905 -0.010763 -0.613135
-0.815609 -0.011335 -0.578492
-0.826040 -0.130415 -0.548316
-0.813259 0.001267 -0.581901
-0.772117 0.085793 -0.629663
-0.914203 0.001743 -0.405253
-0.865073 -0.135810 -0.482913
-0.794421 -0.125959 -0.594163
-0.766017 0.040324 -0.641554
-0.789499 0.066582 -0.610129
-0.912847 -0.082515 -0.399877
-0.874986 -0.100776 -0.473543
-0.785317 -0.155069 -0.599359
-0.888731 0.035748 -0.457032
-0.838541 -0.020220 -0.544464
-0.754392 0.111623 -0.646863
-0.772434 0.084215 -0.629486
-0.789158 -0.005969 -0.614161
-0.745105 0.097938 -0.659718
-0.739101 0.054221 -0.671409
-0.878371 -0.038354 -0.476438
-0.847977 0.009581 -0.529946
-0.883945 -0.181851 -0.430781
-0.832675 0.006788 -0.553720
-0.869492 0.087072 -0.486213
-0.790792 0.117083 -0.600782
-0.879163 0.032738 -0.475395
-0.884025 0.013657 -0.467241
-0.803871 -0.097211 -0.586807
-0.871734 0.099609 -0.479748
-0.839582 0.041544 -0.541641
-0.833654 -0.024957 -0.551722
-0.809749 0.081353 -0.581110
-0.806781 -0.031570 -0.590007
-0.838481 0.132176 -0.528657
-0.782569 0.032603 -0.621709
-0.836228 0.025780 -0.547776
-0.874935 -0.000226 -0.484240
-0.883983 0.116967 -0.452651
-0.948912 -0.017146 -0.315076
-0.862574 -0.064843 -0.501759
-0.873446 0.019381 -0.486535
-0.825403 -0.110264 -0.553671
-0.898579 -0.044091 -0.436591
-0.764832 0.212104 -0.608313
-0.822861 -0.029116 -0.567497
-0.914520 -0.014639 -0.404276
-0.857750 -0.095251 -0.505165
-0.905112 -0.030148 -0.424104
-0.845246 0.042923 -0.532651
-0.871439 -0.062311 -0.486529
-0.876403 -0.062007 -0.477570
-0.847770 0.019542 -0.530003
-0.881200 -0.024838 -0.472092
-0.810990 -0.088202 -0.578373
-0.923281 0.068038 -0.378052
-0.836389 0.003804 -0.548124
-0.863567 -0.033179 -0.503141
-0.889774 -0.024667 -0.455735
-0.848883 0.028441 -0.527816
-0.798416 0.121446 -0.589732
-0.888113 0.016941 -0.459312
-0.879068 -0.096101 -0.466909
-0.799587 0.146414 -0.582429
-0.832894 0.036921 -0.552200
-0.853486 0.021926 -0.520654
-0.806657 0.003348 -0.591011
-0.859862 -0.033710 -0.509412
-0.870436 0.029363 -0.491405
-0.846549 0.171792 -0.503828
-0.965014 -0.033011 -0.260112
-0.942584 0.039756 -0.331594
-0.915740 0.129557 -0.380309
-0.866184 -0.157486 -0.474260
-0.875443 -0.014417 -0.483107
-0.836364 -0.131184 -0.532247
-0.888132 0.047591 -0.457118
-0.872020 0.075449 -0.483621
-0.811781 0.073696 -0.579293
-0.834394 0.046978 -0.549163
-0.882989 -0.096796 -0.459305
-0.871444 -0.070472 -0.485405
-0.861926 -0.084480 -0.499948
-0.725097 -0.122721 -0.677624
-0.878656 -0.061174 -0.473521
-0.922392 -0.050935 -0.382883
-0.862933 -0.149142 -0.482808
-0.785852 -0.011270 -0.618312
-0.877874 -0.097862 -0.468786
-0.871557 -0.026855 -0.489559
-0.768073 -0.053206 -0.638148
-0.912315 -0.021650 -0.408916
-0.938122 0.085965 -0.335464
-0.776139 -0.015033 -0.630383
-0.813916 0.009397 -0.580907
-0.779942 -0.052727 -0.623626
-0.875547 -0.106123 -0.471333
-0.851613 -0.022379 -0.523693
-0.824904 0.000926 -0.565272
-0.812818 0.036837 -0.581352
-0.876077 -0.171970 -0.450461
-0.850178 -0.128943 -0.510461
-0.874224 -0.023997 -0.484929
-0.849218 -0.013769 -0.527863
-0.912315 -0.040550 -0.407476
-0.828456 -0.117453 -0.547600
-0.804643 0.015947 -0.593545
-0.799775 0.227889 -0.555362
-0.807843 0.019306 -0.589082
-0.814041 -0.033806 -0.579823
-0.822965 0.112414 -0.556859
-0.739267 -0.163844 -0.653176
-0.822264 -0.044578 -0.567357
-0.847748 -0.103177 -0.520268
-0.825152 -0.045693 -0.563059
-0.800379 0.059843 -0.596499
-0.817088 -0.020569 -0.576146
-0.822062 -0.155027 -0.547887
-0.913195 -0.028682 -0.406513
-0.861909 -0.056550 -0.503900
-0.899652 -0.026801 -0.435784
-0.731929 0.091504 -0.675209
-0.788483 0.133835 -0.600319
-0.873334 -0.010675 -0.487006
-0.849181 0.073478 -0.522966
-0.879724 0.058269 -0.471902
-0.834542 -0.024046 -0.550420
-0.860886 -0.197697 -0.468820
-0.868123 0.058945 -0.492836
-0.876790 0.015744 -0.480616
-0.925903 0.130041 -0.354672
-0.855094 0.051633 -0.515896
-0.810337 -0.027063 -0.585339
-0.863182 -0.048701 -0.502539
-0.830863 -0.087165 -0.549608
-0.802780 -0.022437 -0.595853
-0.855253 -0.132169 -0.501072
-0.848164 0.092228 -0.521643
-0.928478 -0.041675 -0.369043
-0.795114 0.051613 -0.604260
-0.841193 -0.084264 -0.534130
-0.898814 0.022077 -0.437775
-0.715518 0.146319 -0.683099
-0.901130 -0.073253 -0.427315
-0.824319 -0.034920 -0.565048
-0.890754 0.061819 -0.450262
-0.860973 -0.007370 -0.508597
-0.846939 0.044232 -0.529846
-0.801638 0.129679 -0.583575
-0.806649 0.034001 -0.590052
-0.842593 0.214448 -0.494013
-0.854060 -0.022791 -0.519676
-0.824084 0.047993 -0.564431
-0.842388 0.025402 -0.538272
-0.867009 -0.059184 -0.494765
-0.820964 0.022849 -0.570522
-0.898372 0.107172 -0.425960
-0.806636 0.121872 -0.578347
-0.890011 -0.013959 -0.455725
-0.892412 -0.077146 -0.444579
-0.906452 -0.099820 -0.410342
-0.825647 -0.073488 -0.559381
-0.817096 -0.069589 -0.572286
-0.878408 0.088687 -0.469611
-0.909592 0.074875 -0.408701
-0.866076 0.061356 -0.496133
-0.884381 0.004179 -0.466746
-0.862711 0.002572 -0.505691
-0.818967 -0.012586 -0.573703
-0.792971 -0.253641 -0.553952
-0.845100 0.009945 -0.534515
-0.816421 -0.043216 -0.575838
-0.873766 0.043397 -0.484406
-0.850125 -0.001921 -0.526578
-0.829463 -0.032846 -0.557596
-0.912688 0.009847 -0.408538
-0.880736 0.082838 -0.466306
-0.815604 -0.059023 -0.575592
-0.841601 0.047591 -0.538000
-0.889293 -0.003682 -0.457323
-0.845216 0.049253 -0.532151
-0.788120 -0.084716 -0.609664
-0.916101 -0.031892 -0.399677
-0.803210 -0.053662 -0.593274
-0.887796 -0.001572 -0.460234
-0.801643 -0.103003 -0.588862
-0.854243 -0.071144 -0.514983
-0.876074 -0.003629 -0.482163
-0.854215 -0.035530 -0.518705
-0.868495 -0.068535 -0.490937
-0.847724 -0.134762 -0.513034
-0.867305 0.039311 -0.496223
-0.784936 0.083678 -0.613901
-0.896957 -0.020795 -0.441629
-0.889275 0.028183 -0.456504
-0.817597 0.142922 -0.557772
-0.839062 0.035518 -0.542875
-0.835027 -0.018689 -0.549891
-0.936039 -0.006544 -0.351834
-0.833196 -0.092775 -0.545140
-0.838231 0.008823 -0.545244
-0.869408 0.029733 -0.493200
-0.860977 0.077533 -0.502700
-0.873649 -0.014307 -0.486347
-0.791361 -0.180820 -0.583997
-0.888219 0.042064 -0.457492
-0.869371 0.048840 -0.491740
-0.855606 0.091186 -0.509533
-0.788804 0.196410 -0.582418
-0.779467 -0.053696 -0.624138
-0.725423 0.008855 -0.688247
-0.832112 -0.057437 -0.551625
-0.820852 -0.074874 -0.566211
-0.809699 -0.104223 -0.577517
-0.693103 0.024929 -0.720407
-0.879535 0.073834 -0.470072
-0.801334 -0.026228 -0.597642
-0.872863 -0.124044 -0.471937
-0.816898 0.209502 -0.537388
-0.891042 0.006929 -0.453867
-0.868736 -0.157787 -0.469469
-0.831270 -0.219091 -0.510871
-0.877521 0.094237 -0.470188
-0.794929 0.106350 -0.597308
-0.846489 0.098686 -0.523180
-0.861168 0.114920 -0.495160
-0.789853 0.140260 -0.597042
-0.892128 -0.047982 -0.449228
-0.891833 -0.059016 -0.448498
-0.837183 -0.026123 -0.546298
-0.869436 -0.017894 -0.493722
-0.855042 -0.125177 -0.503223
-0.792959 0.051438 -0.607099
-0.787347 -0.113974 -0.605883
-0.851734 0.098187 -0.514692
-0.844769 0.079521 -0.529189
-0.721966 -0.008547 -0.691876
-0.766233 0.050635 -0.640565
-0.766972 -0.085875 -0.635908
-0.855366 -0.015012 -0.517807
-0.823519 -0.117592 -0.554968
-0.832477 0.119104 -0.541107
-0.899131 0.053957 -0.434342
-0.784335 0.045190 -0.618690
-0.755993 0.018240 -0.654325
-0.814587 0.140870 -0.562676
-0.860907 -0.048515 -0.506444
-0.801546 0.237243 -0.548853
-0.896737 -0.100012 -0.431116
-0.803303 0.101457 -0.586866
-0.768673 0.016008 -0.639442
-0.871145 -0.037152 -0.489619
-0.846747 0.034206 -0.530894
-0.817248 -0.068435 -0.572209
-0.851257 -0.043912 -0.522909
-0.869737 0.138444 -0.473699
-0.910767 0.070379 -0.406878
-0.887237 -0.043349 -0.459273
-0.898633 0.087965 -0.429791
-0.833077 -0.157667 -0.530211
-0.822850 0.004327 -0.568243
-0.852327 -0.043316 -0.521213
-0.830718 -0.066385 -0.552721
-0.915936 -0.037927 -0.399527
-0.828968 -0.102544 -0.549815
-0.756698 -0.066453 -0.650379
-0.891396 -0.125750 -0.435431
-0.810344 -0.035982 -0.584849
-0.831751 -0.020920 -0.554754
-0.897006 -0.097935 -0.431033
-0.858215 0.013553 -0.513112
-0.770401 0.098287 -0.629938
-0.857173 -0.087123 -0.507607
-0.848273 -0.026482 -0.528897
-0.768365 0.187501 -0.611931
-0.850741 -0.126289 -0.510188
-0.853010 -0.005659 -0.521863
-0.754931 -0.126566 -0.643475
-0.878580 0.028584 -0.476739
-0.769651 0.046582 -0.636763
-0.860016 -0.002981 -0.510258
-0.863164 0.020358 -0.504513
-0.718923 0.062341 -0.692289
-0.801902 -0.014299 -0.597284
-0.883641 -0.023789 -0.467559
-0.807326 -0.097234 -0.582040
-0.802759 -0.044568 -0.594636
-0.891031 -0.025369 -0.453234
-0.839361 -0.099121 -0.534460
-0.919258 0.059626 -0.389113
-0.816737 0.054411 -0.574439
-0.879315 -0.006825 -0.476192
-0.820891 -0.010064 -0.570997
-0.816272 -0.059897 -0.574554
-0.890342 -0.020370 -0.454837
-0.808258 0.101171 -0.580073
-0.808097 0.087363 -0.582535
-0.761055 0.126165 -0.636300
-0.689723 -0.029640 -0.723466
-0.856655 -0.016062 -0.515640
-0.811239 -0.096701 -0.576663
-0.845426 0.030571 -0.533217
-0.831990 -0.033675 -0.553768
-0.840268 0.081050 -0.536079
-0.876754 -0.061745 -0.476959
-0.843679 0.097570 -0.527906
-0.763252 0.120672 -0.634732
-0.852897 0.117714 -0.508635
-0.826543 0.185892 -0.531292
-0.922078 0.013151 -0.386780
-0.832769 -0.099573 -0.544592
-0.724814 -0.120741 -0.678282
-0.791249 0.083709 -0.605737
-0.844438 0.042420 -0.533971
-0.842536 0.009595 -0.538554
-0.854765 -0.077264 -0.513232
-0.864813 -0.108736 -0.490179
-0.858498 0.026906 -0.512111
-0.837424 0.053543 -0.543925
-0.800930 -0.029462 -0.598033
-0.857115 0.077812 -0.509214
-0.806822 -0.081845 -0.585098
-0.873673 0.124503 -0.470314
-0.863279 -0.049880 -0.502256
-0.732809 -0.003047 -0.680428
-0.874345 -0.023013 -0.484760
-0.841889 0.064966 -0.535726
-0.796462 0.014580 -0.604513
-0.897565 -0.031309 -0.439769
-0.830286 0.042187 -0.555738
-0.868488 -0.090311 -0.487415
-0.852629 0.024740 -0.521930
-0.845305 -0.019166 -0.533940
-0.778023 0.012907 -0.628103
-0.854539 -0.044722 -0.517458
-0.805874 -0.110971 -0.581595
-0.784574 0.099862 -0.611941
-0.868527 0.140207 -0.475398
-0.872575 -0.019775 -0.488079
-0.811933 0.068660 -0.579699
-0.818959 0.016609 -0.573612
-0.942532 -0.064222 -0.327886
-0.876422 -0.016456 -0.481262
-0.744377 -0.057246 -0.665301
-0.828002 0.022816 -0.560261
-0.785994 -0.010050 -0.618152
-0.836475 0.080457 -0.542067
-0.832306 -0.056567 -0.551423
-0.783472 -0.114809 -0.610729
-0.861321 0.126956 -0.491943
-0.887104 -0.007677 -0.461506
-0.817652 -0.063837 -0.572162
-0.903713 0.054368 -0.424674
-0.805365 0.136645 -0.576815
-0.908684 -0.023212 -0.416839
-0.825815 -0.078892 -0.558395
-0.834933 0.090081 -0.542930
-0.846467 -0.103380 -0.522308
-0.757854 -0.093532 -0.645685
-0.870155 0.068816 -0.487949
-0.743428 0.013572 -0.668679
-0.805692 0.100970 -0.583666
-0.827356 -0.177651 -0.532844
-0.754072 -0.039887 -0.655579
-0.810741 0.062016 -0.582111
-0.832667 -0.057037 -0.550830
-0.860745 -0.070872 -0.504078
-0.772756 0.028378 -0.634069
-0.772844 -0.005208 -0.634575
-0.856584 -0.036611 -0.514708
-0.867047 -0.081092 -0.491584
-0.811826 -0.026356 -0.583304
-0.858469 0.054717 -0.509939
-0.818121 -0.129538 -0.560266
-0.889801 0.069478 -0.451028
-0.890231 -0.031855 -0.454395
-0.878055 -0.194473 -0.437263
-0.866510 0.080192 -0.492677
-0.809508 -0.033511 -0.586151
-0.867363 0.011421 -0.497544
-0.866606 -0.020547 -0.498569
-0.823365 -0.055290 -0.564812
-0.905881 -0.098087 -0.412018
-0.789861 0.019156 -0.612986
-0.715970 0.083465 -0.693124
-0.660065 0.006906 -0.751177
-0.648973 -0.206903 -0.732137
-0.907303 -0.013131 -0.420272
-0.842810 -0.065628 -0.534195
-0.886294 0.123665 -0.446307
-0.794124 -0.025800 -0.607208
-0.847752 -0.004672 -0.530371
-0.808525 0.134306 -0.572930
-0.832826 0.131163 -0.537771
-0.828320 0.216681 -0.516658
-0.775610 -0.052428 -0.629031
-0.907269 0.046222 -0.418002
-0.878365 0.040644 -0.476259
-0.928542 0.005669 -0.371184
-0.887219 -0.118714 -0.445813
-0.828615 -0.002291 -0.559814
-0.882692 -0.053474 -0.466901
-0.876433 0.089562 -0.473122
-0.863370 0.036889 -0.503221
-0.754331 -0.004877 -0.656476
-0.816909 -0.197993 -0.541719
-0.803169 0.138843 -0.579346
-0.896395 -0.005350 -0.443223
-0.834931 0.032349 -0.549403
-0.869032 -0.039885 -0.493145
-0.813617 0.185382 -0.551054
-0.834774 0.101370 -0.541181
-0.818453 0.050356 -0.572362
-0.828735 -0.068604 -0.555420
-0.793225 -0.014589 -0.608754
-0.946872 0.032991 -0.319913
-0.841898 0.084122 -0.533039
-0.859035 -0.032246 -0.510901
-0.806217 -0.024688 -0.591105
-0.855872 0.106092 -0.506189
-0.866292 -0.006832 -0.499492
-0.812241 0.064777 -0.579714
-0.847765 0.044292 -0.528519
-0.881999 -0.085110 -0.463503
-0.885888 0.114052 -0.449660
-0.797745 0.131055 -0.588581
-0.809724 -0.187820 -0.555941
-0.912592 0.073378 -0.402234
-0.809396 0.180105 -0.558963
-0.884811 -0.042748 -0.463984
-0.806578 0.070656 -0.586890
-0.934554 -0.054655 -0.351598
-0.785566 -0.177338 -0.592822
-0.820732 0.161715 -0.547947
-0.800287 0.066464 -0.595923
-0.840322 0.066110 -0.538042
-0.767219 0.036322 -0.640356
-0.842656 0.151672 -0.516649
-0.804937 0.040794 -0.591956
-0.924640 0.031832 -0.379511
-0.844289 -0.119537 -0.522386
-0.844177 0.113006 -0.524017
-0.833605 -0.053038 -0.549809
-0.781980 -0.071842 -0.619150
-0.888599 0.038125 -0.457097
-0.887415 -0.052206 -0.458005
-0.825326 0.061933 -0.561250
-0.749375 -0.039363 -0.660975
-0.766626 -0.078876 -0.637231
-0.869356 0.151684 -0.470331
-0.859539 0.092145 -0.502695
-0.899938 0.020597 -0.435531
-0.893104 -0.067875 -0.444700
-0.928604 -0.030144 -0.369846
-0.882710 0.006313 -0.469875
-0.845278 -0.052064 -0.531785
-0.820374 -0.034959 -0.570757
-0.897467 0.062277 -0.436663
-0.846422 0.058890 -0.529246
-0.858361 0.039185 -0.511548
-0.787969 -0.118862 -0.604133
-0.891635 -0.106514 -0.440047
-0.917411 -0.055986 -0.393982
-0.769904 -0.139142 -0.622806
-0.823573 0.004692 -0.567191
-0.857941 0.033543 -0.512653
-0.879494 0.007900 -0.475844
-0.873538 -0.125659 -0.470256
-0.857978 -0.094099 -0.504995
-0.881674 0.056304 -0.468488
-0.843480 -0.128443 -0.521578
-0.888180 -0.057723 -0.455856
-0.857687 0.041651 -0.512483
-0.777035 0.022863 -0.629042
-0.840539 -0.048267 -0.539596
-0.806791 -0.067275 -0.586995
-0.909530 -0.043943 -0.413309
-0.917752 -0.106782 -0.382530
-0.897877 -0.003461 -0.440233
-0.777144 -0.006552 -0.629289
-0.896525 0.089022 -0.433957
-0.864029 -0.011949 -0.503300
-0.837702 -0.069571 -0.541678
-0.744751 -0.039409 -0.666178
-0.899592 -0.108873 -0.422943
-0.843918 -0.076746 -0.530955
-0.790181 0.075793 -0.608169
-0.906716 -0.015282 -0.421465
-0.947359 -0.111613 -0.300090
-0.931271 -0.157323 -0.328608
-0.890915 0.010766 -0.454042
-0.869022 -0.038804 -0.493249
-0.843235 0.029975 -0.536709
-0.866459 0.029406 -0.498381
-0.828223 -0.021927 -0.559970
-0.896043 0.111291 -0.429792
-0.795628 -0.102508 -0.597049
-0.820069 0.029100 -0.571524
-0.803182 0.085508 -0.589565
-0.813442 -0.018533 -0.581351
-0.893087 0.063057 -0.445442
-0.813451 0.053670 -0.579153
-0.798157 -0.059249 -0.599528
-0.860241 -0.075165 -0.504317
-0.763460 0.056713 -0.643360
-0.854749 0.013249 -0.518873
-0.833902 -0.147192 -0.531923
-0.761002 -0.105902 -0.640048
-0.840341 -0.031573 -0.541138
-0.894155 0.020288 -0.447298
-0.878355 -0.033830 -0.476810
-0.878636 0.069339 -0.472430
-0.813977 0.021685 -0.580493
-0.828018 0.047553 -0.558682
-0.890920 0.041023 -0.452304
-0.836595 0.053116 -0.545241
-0.821567 0.029683 -0.569339
-0.821992 -0.021406 -0.569097
-0.759278 0.063671 -0.647644
-0.887482 0.080859 -0.453693
-0.879406 0.005732 -0.476038
-0.862800 -0.042846 -0.503726
-0.806349 -0.078969 -0.586144
-0.806045 0.129703 -0.577467
-0.815095 0.032449 -0.578418
-0.827078 -0.117555 -0.549657
-0.865827 0.082425 -0.493507
-0.793927 0.086339 -0.601852
-0.885495 0.102186 -0.453273
-0.838797 0.015795 -0.544215
-0.855908 0.037580 -0.515760
-0.889908 -0.072766 -0.450298
-0.838369 -0.071024 -0.540457
-0.859584 -0.045682 -0.508949
-0.822814 -0.085669 -0.561817
-0.862802 0.046046 -0.503441
-0.853563 0.041664 -0.519322
-0.905207 -0.083511 -0.416684
-0.885331 -0.027481 -0.464148
-0.845430 0.059350 -0.530778
-0.839298 0.077369 -0.538138
-0.789430 0.051756 -0.611654
-0.801048 -0.039544 -0.597292
-0.851720 0.067700 -0.519605
-0.853164 -0.107086 -0.510533
-0.870136 -0.007745 -0.492750
-0.868313 0.060388 -0.492327
-0.864540 -0.034673 -0.501367
-0.910286 0.036026 -0.412410
-0.782528 0.099200 -0.614663
-0.867879 -0.061226 -0.492989
-0.910596 0.023665 -0.412620
-0.852337 0.040892 -0.521392
-0.815408 0.058269 -0.575946
-0.857653 0.057918 -0.510957
-0.836947 0.055891 -0.544422
-0.889648 -0.037013 -0.455145
-0.887277 -0.064331 -0.456729
-0.855141 0.012823 -0.518237
-0.774284 -0.098820 -0.625074
-0.866941 0.055501 -0.495311
-0.880770 0.075075 -0.467555
-0.754281 -0.027586 -0.655972
-0.850561 -0.017112 -0.525598
-0.796750 0.007126 -0.604267
-0.889027 0.121695 -0.441386
-0.825943 0.045576 -0.561909
-0.832629 0.084210 -0.547392
-0.803125 0.077681 -0.590724
-0.814609 -0.110303 -0.569425
-0.908936 0.071905 -0.410689
-0.847430 -0.033807 -0.529829
-0.832445 0.153755 -0.532349
-0.873734 0.030420 -0.485452
-0.922947 -0.024587 -0.384141
-0.831493 -0.121512 -0.542084
-0.847836 -0.102311 -0.520295
-0.734902 -0.111343 -0.668971
-0.812772 -0.017634 -0.582315
-0.751368 -0.046700 -0.658229
-0.822425 -0.005426 -0.568847
-0.877677 -0.073489 -0.473585
-0.866135 0.074799 -0.494182
-0.829260 0.078920 -0.553262
-0.871532 0.000070 -0.490339
-0.815466 0.053449 -0.576332
-0.882463 -0.007516 -0.470321
-0.803297 0.065097 -0.592011
-0.853581 -0.035993 -0.519715
-0.823854 -0.015691 -0.566585
-0.815969 -0.074657 -0.573255
-0.887967 -0.077468 -0.453336
-0.846961 0.009154 -0.531577
-0.852571 0.045649 -0.520614
-0.807960 -0.002873 -0.589231
-0.842570 0.057868 -0.535469
-0.861541 0.050129 -0.505207
-0.878057 -0.021773 -0.478060
-0.852457 0.025054 -0.522196
-0.837595 0.054733 -0.543543
-0.805891 0.061735 -0.588836
-0.879001 0.022578 -0.476285
-0.824069 0.076645 -0.561281
-0.828323 0.037322 -0.559006
-0.796723 -0.100537 -0.595923
-0.903073 -0.054121 -0.426063
-0.822468 -0.008975 -0.568740
-0.759301 -0.039233 -0.649556
-0.782354 -0.045386 -0.621179
-0.798846 0.118463 -0.589755
-0.817716 0.072148 -0.571083
-0.765369 0.122213 -0.631881
-0.852401 -0.121272 -0.508630
-0.839295 0.080844 -0.537632
-0.826668 0.028564 -0.561964
-0.951882 0.061455 -0.300239
-0.857245 -0.140910 -0.495252
-0.835817 0.043064 -0.547317
-0.837623 -0.023107 -0.545759
-0.830257 0.008888 -0.557310
-0.890855 0.138071 -0.432798
-0.855898 0.019803 -0.516765
-0.853996 0.070198 -0.515522
-0.851424 -0.104080 -0.514047
-0.792517 -0.058438 -0.607044
-0.905295 -0.039031 -0.422986
-0.811722 -0.076314 -0.579037
-0.848234 -0.051290 -0.527132
-0.837025 -0.028473 -0.546423
-0.862836 0.033903 -0.504345
-0.805572 -0.206917 -0.555193
-0.830724 0.203453 -0.518174
-0.890932 -0.074625 -0.447963
-0.893413 -0.021841 -0.448704
-0.861130 -0.004640 -0.508364
-0.845023 0.144714 -0.514775
-0.857876 0.022305 -0.513372
-0.837051 0.015185 -0.546914
-0.830327 -0.027612 -0.556592
-0.856838 0.088028 -0.508015
-0.871144 0.001474 -0.491025
-0.884077 -0.095592 -0.457460
-0.884996 0.023693 -0.464995
-0.820131 -0.060530 -0.568965
-0.851891 0.087089 -0.516427
-0.782788 0.029719 -0.621579
-0.882522 0.130730 -0.451735
-0.835527 0.011112 -0.549337
-0.858131 0.005961 -0.513396
-0.845011 -0.102779 -0.524778
-0.892582 0.005546 -0.450852
-0.769119 -0.116959 -0.628312
-0.937509 0.085222 -0.337364
-0.906571 -0.086952 -0.412998
-0.863453 -0.006551 -0.504387
-0.858798 -0.062330 -0.508508
-0.816349 -0.139628 -0.560427
-0.868789 -0.047502 -0.492900
-0.857886 0.144258 -0.493175
-0.835229 -0.043279 -0.548196
-0.940882 0.000031 -0.338735
-0.827455 -0.148293 -0.541597
-0.798657 0.126934 -0.588247
-0.736837 0.010752 -0.675985
-0.887371 -0.009071 -0.460966
-0.888442 0.049760 -0.456284
-0.846331 -0.072739 -0.527668
-0.711396 -0.080657 -0.698148
-0.786561 -0.061436 -0.614449
-0.776503 -0.106784 -0.620999
-0.919642 0.140361 -0.366821
-0.833523 0.028349 -0.551757
-0.763722 -0.012042 -0.645432
-0.859053 -0.000134 -0.511887
-0.871129 0.163596 -0.463002
-0.833293 0.119027 -0.539866
-0.859057 0.085941 -0.504614
-0.911398 -0.011787 -0.411357
-0.860316 -0.054671 -0.506821
-0.902776 -0.076054 -0.423333
-0.921126 0.082791 -0.380359
-0.824658 0.020126 -0.565274
-0.852913 -0.125804 -0.506668
-0.818735 -0.071089 -0.569753
-0.852283 -0.108593 -0.511684
-0.861765 -0.036706 -0.505977
-0.851408 -0.023800 -0.523964
-0.821148 -0.026215 -0.570113
-0.815719 -0.135294 -0.562405
-0.833946 0.029663 -0.551049
-0.931724 -0.033844 -0.361587
-0.890890 0.051326 -0.451310
-0.786388 0.026852 -0.617149
-0.873365 -0.005005 -0.487041
-0.862491 0.246479 -0.441993
-0.851407 -0.022434 -0.524026
-0.858888 0.053291 -0.509384
-0.801919 -0.091412 -0.590398
-0.850575 -0.037623 -0.524505
-0.883194 -0.061923 -0.464902
-0.754990 0.062776 -0.652724
-0.792205 -0.040034 -0.608941
-0.881663 -0.080010 -0.465047
-0.810590 0.261512 -0.523980
-0.771452 0.152617 -0.617713
-0.889512 -0.012404 -0.456744
-0.801827 -0.078512 -0.592376
-0.813810 0.124292 -0.567683
-0.897055 -0.091955 -0.432247
-0.858997 -0.075250 -0.506420
-0.848990 0.034911 -0.527254
-0.902620 -0.093064 -0.420257
-0.854455 -0.117372 -0.506094
-0.803215 -0.122807 -0.582893
-0.844075 0.126914 -0.520990
-0.880453 0.042215 -0.472250
-0.899159 0.041925 -0.435609
-0.755787 0.196369 -0.624681
-0.818075 0.010625 -0.575013
-0.860203 -0.050612 -0.507434
-0.790716 0.019132 -0.611884
-0.852724 0.034995 -0.521188
-0.923801 -0.077702 -0.374906
-0.781329 0.084964 -0.618310
-0.852186 0.075231 -0.517802
-0.853960 0.002357 -0.520333
-0.828067 -0.139390 -0.543024
-0.850330 0.059919 -0.522827
-0.850025 0.100543 -0.517058
-0.835942 0.015922 -0.548587
-0.902402 0.028690 -0.429940
-0.836664 -0.010719 -0.547612
-0.798016 0.028312 -0.601970
-0.837161 0.098130 -0.538082
-0.823447 0.050704 -0.565123
-0.778406 -0.080752 -0.622546
-0.866730 -0.061878 -0.494925
-0.791544 0.168093 -0.587540
-0.834977 -0.045601 -0.548392
-0.849619 0.036275 -0.526147
-0.871255 -0.021748 -0.490349
-0.790667 -0.028886 -0.611564
-0.777958 0.016963 -0.628087
-0.765806 -0.062794 -0.639999
-0.883099 -0.111047 -0.455856
-0.884391 0.023713 -0.466144
-0.862090 -0.085195 -0.499542
-0.846075 0.072822 -0.528067
-0.857919 0.032506 -0.512756
-0.741022 0.108542 -0.662650
-0.851514 0.055379 -0.521399
-0.781957 0.021429 -0.622964
-0.771434 0.060700 -0.633407
-0.871491 0.070254 -0.485354
-0.847051 0.048722 -0.529274
-0.901460 -0.031074 -0.431745
-0.829370 -0.042020 -0.557117
-0.823725 0.131043 -0.551639
-0.853854 0.033315 -0.519445
-0.914122 -0.054986 -0.401692
-0.813966 0.002766 -0.580905
-0.847622 0.004601 -0.530581
-0.786033 -0.095112 -0.610824
-0.877441 0.018091 -0.479344
-0.838508 0.033566 -0.543855
-0.758608 0.080333 -0.646576
-0.827559 0.095487 -0.553198
-0.820766 0.119110 -0.558709
-0.860783 -0.038856 -0.507486
-0.917694 0.060166 -0.392706
-0.862159 0.110542 -0.494431
-0.864583 -0.011164 -0.502366
-0.843917 0.099508 -0.527165
-0.819684 0.187484 -0.541265
-0.899171 -0.026110 -0.436817
-0.824140 0.027595 -0.565714
-0.798480 0.080557 -0.596608
-0.871118 -0.032586 -0.489992
-0.855389 -0.015355 -0.517758
-0.881287 0.120453 -0.456973
-0.751511 0.072048 -0.655775
-0.815434 0.077431 -0.573648
-0.847830 -0.052155 -0.527697
-0.873705 0.074226 -0.480760
-0.884993 -0.001696 -0.465601
-0.818202 0.084067 -0.568751
-0.887942 0.153925 -0.433435
-0.852274 0.014649 -0.522890
-0.878683 -0.042215 -0.475535
-0.870268 -0.059507 -0.488970
-0.856514 -0.056378 -0.513036
-0.860326 0.019131 -0.509385
-0.865159 0.023354 -0.500953
-0.858238 -0.128924 -0.496795
-0.837311 0.069421 -0.542302
-0.800870 0.045021 -0.597143
-0.811100 -0.045020 -0.583172
-0.858360 -0.022469 -0.512555
-0.744844 0.096808 -0.660179
-0.874667 0.048250 -0.482317
-0.755633 -0.030959 -0.654263
-0.869734 0.095561 -0.484181
-0.795407 -0.028336 -0.605413
-0.845338 -0.119265 -0.520749
-0.743687 -0.199871 -0.637950
-0.843277 -0.038424 -0.536104
-0.768159 -0.063512 -0.637102
-0.878546 -0.111816 -0.464385
-0.877845 -0.098081 -0.468794
-0.800722 -0.073766 -0.594476
-0.881424 0.038611 -0.470746
-0.872558 -0.114553 -0.474889
-0.833462 0.070603 -0.548048
-0.875455 -0.068305 -0.478449
-0.831964 0.022361 -0.554378
-0.814871 0.049957 -0.577485
-0.754736 0.059822 -0.653296
-0.802271 0.094822 -0.589382
-0.826685 -0.123778 -0.548881
-0.841589 -0.039122 -0.538700
-0.904679 -0.009544 -0.425987
-0.801405 0.014161 -0.597954
-0.859438 0.063885 -0.507233
-0.784137 -0.151564 -0.601795
-0.801951 0.040456 -0.596018
-0.860038 0.082653 -0.503492
-0.829135 -0.069748 -0.554680
-0.881248 0.080961 -0.465669
-0.890727 0.016049 -0.454256
-0.791361 0.008135 -0.611295
-0.861395 0.130338 -0.490928
-0.852681 0.068648 -0.517902
-0.847901 0.079648 -0.524138
-0.838400 -0.064327 -0.541246
-0.820227 0.114189 -0.560526
-0.744762 -0.139706 -0.652543
-0.832454 0.058712 -0.550974
-0.861481 0.137609 -0.488789
-0.838164 0.101591 -0.535873
-0.762884 -0.023495 -0.646108
-0.858726 -0.031887 -0.511442
-0.797297 -0.070603 -0.599443
-0.815966 0.102707 -0.568904
-0.856857 -0.172579 -0.485811
-0.863595 0.047287 -0.501964
-0.887282 -0.020405 -0.460775
-0.876610 -0.008215 -0.481131
-0.802383 0.057620 -0.594022
-0.858500 0.050340 -0.510337
-0.772888 -0.130035 -0.621076
-0.843131 0.162459 -0.512579
-0.887465 0.021576 -0.460370
-0.850193 0.048837 -0.524202
-0.863659 0.040795 -0.502423
-0.788943 -0.181616 -0.587013
-0.821222 -0.112676 -0.559373
-0.870185 0.034901 -0.491487
-0.822819 0.094846 -0.560334
-0.867682 -0.052264 -0.494364
-0.822896 0.063700 -0.564609
-0.809050 0.003547 -0.587730
-0.802196 -0.039151 -0.595776
-0.953456 -0.081672 -0.290262
-0.813495 0.081154 -0.575881
-0.877951 -0.000746 -0.478750
-0.833738 0.000256 -0.552160
-0.844200 0.194197 -0.499614
-0.856720 0.034232 -0.514645
-0.863504 0.058486 -0.500940
-0.810365 0.004274 -0.585910
-0.863015 -0.021870 -0.504704
-0.828195 0.076794 -0.555154
-0.831451 0.077872 -0.550114
-0.824298 0.018722 -0.565846
-0.905115 -0.075952 -0.418328
-0.851618 0.130197 -0.507736
-0.810028 -0.037264 -0.585206
-0.831700 0.007061 -0.555181
-0.881251 0.004139 -0.472631
-0.833040 0.020183 -0.552844
-0.833453 0.080153 -0.546746
-0.797485 -0.219779 -0.561886
-0.829087 -0.054556 -0.556452
-0.858593 -0.055516 -0.509644
-0.839444 -0.039600 -0.542001
-0.847309 -0.078361 -0.525288
-0.828850 -0.031849 -0.558564
-0.683785 0.066379 -0.726658
-0.962311 0.028594 -0.270442
-0.810731 0.176739 -0.558103
-0.891075 -0.095629 -0.443667
-0.884057 -0.052468 -0.464425
-0.808845 0.011871 -0.587902
-0.920688 0.095534 -0.378427
-0.818610 0.008397 -0.574288
-0.896455 0.211689 -0.389302
-0.849595 -0.166310 -0.500529
-0.853441 -0.034351 -0.520057
-0.838138 0.015408 -0.545240
-0.863386 0.035809 -0.503271
-0.906786 -0.117808 -0.404797
-0.933102 0.023732 -0.358828
-0.862005 0.054116 -0.504002
-0.749567 0.115676 -0.651743
-0.778330 -0.005334 -0.627832
-0.851784 0.019922 -0.523514
-0.857424 -0.000128 -0.514610
-0.869554 0.111386 -0.481112
-0.771930 -0.023697 -0.635266
-0.799487 -0.038797 -0.599430
-0.895943 0.060052 -0.440090
-0.847004 0.090723 -0.523787
-0.899986 -0.098848 -0.424563
-0.831617 -0.094005 -0.547336
-0.788571 0.018294 -0.614671
-0.773657 0.000743 -0.633604
-0.815840 -0.062052 -0.574939
-0.866178 -0.001492 -0.499733
-0.862683 -0.010806 -0.505630
-0.839417 -0.163645 -0.518266
-0.879678 0.089909 -0.466994
-0.858375 -0.052271 -0.510353
-0.840789 -0.001687 -0.541361
-0.837146 0.153048 -0.525132
-0.962026 -0.056715 -0.267000
-0.862557 -0.072719 -0.500707
-0.827046 0.219836 -0.517366
-0.839505 -0.005926 -0.543319
-0.843563 -0.088556 -0.529678
-0.803873 -0.022360 -0.594380
-0.923844 0.057461 -0.378431
-0.833236 -0.048960 -0.550746
-0.829417 0.094113 -0.550645
-0.880391 0.030698 -0.473254
-0.792671 -0.085654 -0.603603
-0.913001 0.090533 -0.397784
-0.853726 -0.058629 -0.517411
-0.888017 0.008459 -0.459734
-0.822655 -0.107100 -0.558363
-0.925880 0.089249 -0.367124
-0.844429 -0.061896 -0.532080
-0.826422 -0.014248 -0.562871
-0.868556 -0.015191 -0.495358
-0.869337 -0.052129 -0.491462
-0.812181 0.191380 -0.551122
-0.831015 0.111665 -0.544926
-0.833560 -0.058491 -0.549323
-0.864421 0.068430 -0.498089
-0.902094 -0.126693 -0.412524
-0.860279 -0.032140 -0.508810
-0.874760 -0.004354 -0.484537
-0.801166 0.096129 -0.590671
-0.839641 -0.051540 -0.540691
-0.814749 -0.011433 -0.579701
-0.842045 0.053494 -0.536748
-0.773745 -0.063286 -0.630329
-0.863836 -0.036952 -0.502415
-0.853437 0.055521 -0.518230
-0.846999 0.085062 -0.524745
-0.852770 -0.014574 -0.522084
-0.826902 0.042802 -0.560714
-0.736635 0.143185 -0.660959
-0.807356 0.129939 -0.575579
-0.840364 0.200122 -0.503726
-0.872602 -0.059756 -0.484763
-0.768186 0.002739 -0.640220
-0.901578 0.033987 -0.431279
-0.801860 -0.058193 -0.594672
-0.872575 -0.051133 -0.485797
-0.894714 -0.144515 -0.422613
-0.890978 0.059397 -0.450144
-0.812212 -0.016651 -0.583125
-0.825646 -0.140685 -0.546367
-0.877152 -0.122422 -0.464346
-0.881465 -0.097713 -0.462031
-0.852605 -0.125586 -0.507241
-0.831666 -0.035801 -0.554121
-0.786528 0.135907 -0.602415
-0.828163 -0.012206 -0.560355
-0.812735 0.045405 -0.580862
-0.857425 0.074651 -0.509165
-0.773082 0.115848 -0.623638
-0.814478 0.135030 -0.564262
-0.860549 -0.030042 -0.508481
-0.867423 0.000570 -0.497572
-0.835043 0.082211 -0.544007
-0.759204 -0.098496 -0.643356
-0.835779 -0.203183 -0.510089
-0.717159 0.001815 -0.696907
-0.900750 0.045053 -0.431995
-0.853403 -0.002340 -0.521247
-0.725491 0.000440 -0.688232
-0.814445 -0.059669 -0.577164
-0.809333 0.206314 -0.549922
-0.856633 0.225019 -0.464270
-0.845622 0.043909 -0.531973
-0.877334 0.023767 -0.479291
-0.826076 -0.034947 -0.562474
-0.851499 0.037485 -0.523014
-0.784554 -0.210889 -0.583096
-0.870071 -0.136472 -0.473658
-0.892116 0.071754 -0.446072
-0.817908 0.033528 -0.574371
-0.848429 -0.088521 -0.521855
-0.790739 -0.092467 -0.605130
-0.873159 -0.018038 -0.487101
-0.841256 -0.090534 -0.533002
-0.895597 0.007415 -0.444804
-0.827767 0.085883 -0.554461
-0.817507 0.093322 -0.568307
-0.901471 0.066862 -0.427644
-0.924557 -0.052176 -0.377454
-0.839658 0.099481 -0.533927
-0.827067 0.022643 -0.561647
-0.900304 -0.101790 -0.423191
-0.767313 0.015645 -0.641082
-0.768319 0.029568 -0.639384
-0.755863 0.076574 -0.650236
-0.896920 -0.029686 -0.441195
-0.852511 -0.096709 -0.513686
-0.864660 0.075334 -0.496678
-0.855909 -0.056488 -0.514031
-0.804942 -0.129051 -0.579150
-0.816164 0.105689 -0.568073
-0.838281 0.195453 -0.509002
-0.891637 0.040399 -0.450945
-0.882595 -0.097394 -0.459936
-0.886701 -0.031169 -0.461292
-0.818975 -0.009736 -0.573747
-0.774299 0.237424 -0.586592
-0.845861 0.012712 -0.533252
-0.866201 0.000228 -0.499695
-0.877827 0.069322 -0.473935
-0.858697 0.014425 -0.512280
-0.861579 -0.147613 -0.485688
-0.837546 0.103738 -0.536429
-0.835775 -0.054305 -0.546380
-0.871130 -0.011899 -0.490908
-0.857605 -0.061045 -0.510674
-0.842957 -0.152304 -0.515973
-0.786923 0.076434 -0.612299
-0.888682 0.083874 -0.450788
-0.867944 -0.066363 -0.492209
-0.762809 -0.028330 -0.646003
-0.857839 -0.059212 -0.510496
-0.813689 0.103026 -0.572097
-0.824575 0.164313 -0.541366
-0.837998 0.117982 -0.532766
-0.802396 -0.056082 -0.594152
-0.892230 -0.016673 -0.451274
-0.845934 -0.056883 -0.530245
-0.822744 -0.067189 -0.564428
-0.831754 -0.115800 -0.542933
-0.860598 -0.018370 -0.508953
-0.807800 -0.048602 -0.587450
-0.881719 0.069582 -0.466615
-0.819757 -0.014556 -0.572527
-0.862584 -0.031252 -0.504947
-0.901135 0.083683 -0.425385
-0.755093 0.133669 -0.641847
-0.819728 0.008093 -0.572696
-0.784899 -0.027636 -0.619007
-0.812728 -0.017600 -0.582378
-0.770308 0.000864 -0.637671
-0.834858 0.142729 -0.531640
-0.845763 -0.066372 -0.529415
-0.823893 0.000124 -0.566745
-0.786074 -0.144181 -0.601082
-0.864847 -0.114157 -0.488884
-0.897590 -0.090274 -0.431489
-0.797261 0.068779 -0.599704
-0.850129 0.086916 -0.519351
-0.870022 -0.024154 -0.492421
-0.807119 0.088177 -0.583766
-0.830638 0.026629 -0.556176
-0.815929 0.084646 -0.571922
-0.848982 0.001547 -0.528420
-0.832636 0.162286 -0.529510
-0.849971 0.136622 -0.508806
-0.816860 -0.025270 -0.576282
-0.878970 0.036911 -0.475446
-0.823206 0.037414 -0.566509
-0.832286 0.129209 -0.539078
-0.880824 -0.076981 -0.467144
-0.847710 -0.039292 -0.529002
-0.772320 0.127478 -0.622312
-0.828741 0.090419 -0.552279
-0.853270 0.063631 -0.517572
-0.858650 -0.152922 -0.489218
-0.763891 -0.123960 -0.633328
-0.832332 -0.022284 -0.553830
-0.808788 0.184600 -0.558376
-0.822539 0.012205 -0.568578
-0.875997 0.046591 -0.480061
-0.838468 -0.041994 -0.543331
-0.868839 0.073373 -0.489627
-0.761012 0.029612 -0.648062
-0.794060 0.011078 -0.607738
-0.826890 -0.046658 -0.560425
-0.780442 -0.082302 -0.619787
-0.848619 -0.033209 -0.527961
-0.851118 0.045336 -0.523014
-0.837104 0.149942 -0.526094
-0.757256 0.008464 -0.653064
-0.863577 0.114056 -0.491148
-0.818062 0.028719 -0.574413
-0.836515 -0.043877 -0.546185
-0.786437 0.015273 -0.617481
-0.829614 -0.060993 -0.554996
-0.912385 -0.047008 -0.406625
-0.896864 0.037690 -0.440697
-0.850733 0.033159 -0.524551
-0.797889 -0.057393 -0.600066
-0.835326 0.051112 -0.547374
-0.860538 -0.036715 -0.508061
-0.758229 0.049384 -0.650115
-0.846153 -0.005204 -0.532914
-0.888093 -0.069805 -0.454333
-0.847126 0.100044 -0.521890
-0.845917 -0.059645 -0.529968
-0.832334 -0.012794 -0.554126
-0.754591 -0.108621 -0.647142
-0.850883 -0.150448 -0.503352
-0.893732 -0.037518 -0.447030
-0.794558 -0.140774 -0.590645
-0.796702 0.068749 -0.600450
-0.821009 -0.006470 -0.570879
-0.838961 -0.165459 -0.518429
-0.832024 -0.115229 -0.542640
-0.865947 0.056809 -0.496898
-0.866143 -0.037215 -0.498409
-0.847633 0.011745 -0.530453
-0.869228 0.168666 -0.464752
-0.836891 -0.039399 -0.545950
-0.804077 0.010141 -0.594438
-0.901037 -0.033460 -0.432449
-0.876277 0.108105 -0.469522
-0.713089 -0.012121 -0.700969
-0.823137 -0.058090 -0.564863
-0.774724 -0.079787 -0.627245
-0.849870 0.059038 -0.523675
-0.901533 -0.041154 -0.430749
-0.852552 0.038354 -0.521233
-0.910117 -0.017503 -0.413981
-0.847099 -0.141323 -0.512299
-0.817229 -0.005289 -0.576289
-0.798347 0.176255 -0.575827
-0.891909 -0.041774 -0.450281
-0.830988 0.052355 -0.553821
-0.805738 0.202344 -0.556635
-0.933895 0.031544 -0.356153
-0.805036 -0.000294 -0.593226
-0.875486 -0.019428 -0.482853
-0.797507 -0.054211 -0.600869
-0.869387 -0.173997 -0.462483
-0.865313 -0.144699 -0.479891
-0.853114 -0.021172 -0.521295
-0.897311 0.052714 -0.438240
-0.792945 0.003426 -0.609283
-0.810481 -0.041536 -0.584291
-0.879076 -0.066262 -0.472054
-0.898188 -0.062186 -0.435191
-0.742027 0.120667 -0.659420
-0.815193 0.065770 -0.575443
-0.866536 -0.093282 -0.490320
-0.910422 -0.096846 -0.402186
-0.837279 0.047316 -0.544725
-0.748997 0.037464 -0.661513
-0.759596 0.158795 -0.630713
-0.844181 -0.081739 -0.529790
-0.815599 -0.037721 -0.577386
-0.870274 -0.013598 -0.492380
-0.917784 0.151635 -0.366985
-0.839059 -0.029117 -0.543260
-0.736961 0.069978 -0.672303
-0.844314 -0.036561 -0.534601
-0.783538 -0.032892 -0.620473
-0.875295 -0.022705 -0.483056
-0.817913 0.019572 -0.575008
-0.891865 0.075482 -0.445960
-0.825778 0.065549 -0.560173
-0.817295 0.018279 -0.575929
-0.828833 -0.114448 -0.547665
-0.868195 -0.096867 -0.486677
-0.821074 -0.006835 -0.570781
-0.835285 -0.008617 -0.549749
-0.907237 -0.024879 -0.419883
-0.785800 -0.074964 -0.613921
-0.765514 0.119826 -0.632163
-0.831791 0.043876 -0.553353
-0.912890 0.038753 -0.406363
-0.846270 0.047885 -0.530597
-0.901506 0.043954 -0.430529
-0.835792 0.005233 -0.549021
-0.934212 0.047834 -0.353496
-0.820288 0.004254 -0.571936
-0.835470 -0.055842 -0.546691
-0.816249 0.025295 -0.577147
-0.828235 0.051744 -0.557987
-0.765934 0.009233 -0.642853
-0.867045 -0.024998 -0.497602
-0.864166 -0.093038 -0.494531
-0.873854 0.005702 -0.486155
-0.875119 0.106384 -0.472068
-0.886068 0.121776 -0.447273
-0.836847 -0.060134 -0.544123
-0.870694 0.000781 -0.491824
-0.886636 -0.132549 -0.443066
-0.948968 -0.156954 -0.273543
-0.833857 0.048075 -0.549883
-0.819895 -0.055007 -0.569865
-0.808686 0.201117 -0.552793
-0.854423 -0.075841 -0.514013
-0.922101 -0.038777 -0.385002
-0.841968 0.067287 -0.535316
-0.848422 -0.030352 -0.528450
-0.839095 0.002966 -0.543976
-0.805754 0.040961 -0.590833
-0.795734 -0.115445 -0.594542
-0.866483 -0.017650 -0.498895
-0.937943 -0.044964 -0.343863
-0.823911 -0.037691 -0.565464
-0.868311 -0.021008 -0.495575
-0.794999 -0.030388 -0.605849
-0.847825 -0.102791 -0.520218
-0.903089 0.073321 -0.423148
-0.933894 -0.072993 -0.350021
-0.780763 0.059126 -0.622024
-0.856777 0.016464 -0.515424
-0.810071 0.026326 -0.585740
-0.866328 -0.066433 -0.495037
-0.893710 0.068956 -0.443315
-0.902423 -0.056257 -0.427162
-0.688544 0.138878 -0.711772
-0.867889 -0.042812 -0.494910
-0.838807 0.017485 -0.544148
-0.846176 -0.052083 -0.530352
-0.848304 0.189724 -0.494354
-0.742882 0.030485 -0.668727
-0.830959 0.080026 -0.550548
-0.802519 -0.117971 -0.584848
-0.765245 0.020511 -0.643412
-0.863216 0.085838 -0.497484
-0.904271 0.174569 -0.389641
-0.886490 0.000428 -0.462747
-0.898218 0.010826 -0.439417
-0.885102 0.094999 -0.455597
-0.836875 0.048618 -0.545230
-0.824190 0.007975 -0.566257
-0.809886 0.170046 -0.561400
-0.836903 0.151380 -0.526001
-0.856062 0.079472 -0.510727
-0.926733 0.129195 -0.352809
-0.872131 0.194406 -0.448993
-0.850566 0.191534 -0.489746
-0.834056 0.130499 -0.536023
-0.849393 0.290701 -0.440482
-0.820332 0.128099 -0.557356
-0.783992 0.169593 -0.597156
-0.823319 0.104939 -0.557794
-0.773933 0.212499 -0.596550
-0.802082 0.258308 -0.538462
-0.814667 0.155704 -0.558635
-0.733301 0.279383 -0.619851
-0.738613 0.331864 -0.586785
-0.793075 0.230764 -0.563720
-0.826477 0.201103 -0.525826
-0.628930 0.205193 -0.749895
-0.758617 0.291056 -0.582912
-0.809892 0.182364 -0.557510
-0.809035 0.274486 -0.519731
-0.678799 0.270499 -0.682687
-0.710556 0.353087 -0.608638
-0.749510 0.191228 -0.633772
-0.764830 0.229319 -0.602037
-0.845794 0.256659 -0.467716
-0.755260 0.275782 -0.594581
-0.761074 0.360014 -0.539588
-0.752914 0.165145 -0.637061
-0.808137 0.423459 -0.409387
-0.691655 0.418817 -0.588392
-0.844248 0.245732 -0.476299
-0.695857 0.340384 -0.632394
-0.870076 0.446214 -0.209430
-0.691521 0.461776 -0.555483
-0.771013 0.435386 -0.464735
-0.716177 0.472399 -0.513741
-0.823615 0.250809 -0.508677
-0.724278 0.383142 -0.573257
-0.840773 0.356495 -0.407445
-0.829745 0.360911 -0.425754
-0.752340 0.378618 -0.539104
-0.811839 0.342916 -0.472574
-0.700621 0.448074 -0.555302
-0.772217 0.405925 -0.488779
-0.630338 0.550722 -0.547155
-0.698599 0.401392 -0.592321
-0.724280 0.284528 -0.628063
-0.713557 0.368341 -0.595954
-0.665039 0.403990 -0.628104
-0.763841 0.366561 -0.531206
-0.717351 0.464950 -0.518874
-0.733061 0.425546 -0.530596
-0.621402 0.502168 -0.601404
-0.689735 0.496554 -0.526972
-0.690915 0.496622 -0.525359
-0.682517 0.472869 -0.557284
-0.773138 0.431792 -0.464557
-0.677382 0.510069 -0.530078
-0.638674 0.446741 -0.626512
-0.643561 0.439456 -0.626664
-0.703096 0.374624 -0.604411
-0.700514 0.476323 -0.531410
-0.735727 0.528186 -0.423940
-0.502657 0.617486 -0.605018
-0.712239 0.455525 -0.534053
-0.638238 0.514898 -0.572304
-0.636975 0.572266 -0.516501
-0.752380 0.517821 -0.407169
-0.620128 0.618891 -0.482095
-0.613704 0.549895 -0.566553
-0.704042 0.464225 -0.537420
-0.672121 0.566456 -0.476845
-0.556399 0.580112 -0.594887
-0.774019 0.503479 -0.383932
-0.656774 0.579552 -0.482460
-0.509142 0.763971 -0.396387
-0.557563 0.621134 -0.550742
-0.665513 0.618885 -0.417222
-0.603522 0.642946 -0.471573
-0.565358 0.614861 -0.549832
-0.550835 0.654841 -0.517459
-0.479894 0.533367 -0.696578
-0.653103 0.563551 -0.505832
-0.653358 0.537219 -0.533403
-0.588779 0.636314 -0.498441
-0.503660 0.753426 -0.422701
-0.536650 0.652447 -0.535088
-0.585340 0.711642 -0.388513
-0.518508 0.644237 -0.562234
-0.533362 0.631432 -0.562866
-0.430500 0.665878 -0.609324
-0.398953 0.774514 -0.490881
-0.547467 0.751926 -0.367271
-0.511671 0.749166 -0.420646
-0.409330 0.743161 -0.529302
-0.608961 0.637986 -0.471317
-0.555030 0.556216 -0.618519
-0.574872 0.688014 -0.442898
-0.511231 0.609463 -0.605969
-0.571764 0.678495 -0.461227
-0.506325 0.751586 -0.422793
-0.493569 0.714498 -0.495866
-0.249104 0.708234 -0.660569
-0.580809 0.704991 -0.407000
-0.485897 0.766890 -0.419266
-0.599371 0.638069 -0.483344
-0.473828 0.716423 -0.512080
-0.636087 0.660747 -0.398506
-0.518805 0.703992 -0.485013
-0.495098 0.711846 -0.498150
-0.359871 0.795406 -0.487670
-0.405348 0.740528 -0.536015
-0.452052 0.747540 -0.486655
-0.428491 0.812391 -0.395497
-0.386770 0.764978 -0.514992
-0.309786 0.672643 -0.672001
-0.475041 0.718039 -0.508681
-0.440535 0.624789 -0.644646
-0.494305 0.681031 -0.540240
-0.369340 0.750260 -0.548359
-0.376413 0.719769 -0.583306
-0.387242 0.704470 -0.594782
-0.359229 0.734970 -0.575129
-0.334874 0.832466 -0.441430
-0.283569 0.656870 -0.698649
-0.429996 0.703686 -0.565623
-0.306603 0.788434 -0.533260
-0.417946 0.747228 -0.516692
-0.158340 0.837992 -0.522205
-0.152291 0.779496 -0.607613
-0.257821 0.867510 -0.425387
-0.296266 0.658655 -0.691665
-0.272766 0.787147 -0.553171
-0.220784 0.745578 -0.628783
-0.214220 0.829501 -0.515789
-0.250566 0.810330 -0.529700
-0.208788 0.757382 -0.618693
-0.163454 0.874399 -0.456846
-0.185158 0.844851 -0.501940
-0.126244 0.829496 -0.544058
-0.141433 0.752827 -0.642844
-0.243445 0.837030 -0.490017
-0.300989 0.758367 -0.578175
-0.253410 0.835559 -0.487467
-0.184901 0.749448 -0.635719
-0.253299 0.769420 -0.586373
-0.245072 0.853094 -0.460619
-0.273067 0.803650 -0.528755
-0.036219 0.803277 -0.594503
-0.231538 0.808756 -0.540651
-0.170775 0.839323 -0.516113
-0.143039 0.885486 -0.442102
-0.314078 0.848418 -0.426077
-0.375651 0.776261 -0.506266
-0.071155 0.862623 -0.500818
-0.029600 0.791940 -0.609880
-0.160285 0.849738 -0.502250
-0.060640 0.883637 -0.464229
-0.242110 0.805948 -0.540214
0.003530 0.828321 -0.560243
-0.170869 0.829146 -0.532279
-0.132195 0.783905 -0.606645
-0.099854 0.810497 -0.577168
-0.058611 0.887863 -0.456359
-0.073000 0.839009 -0.539198
-0.126844 0.919919 -0.371024
-0.139514 0.844035 -0.517824
-0.168719 0.826668 -0.536799
-0.079919 0.808238 -0.583407
0.147466 0.770940 -0.619601
0.022667 0.825910 -0.563347
-0.112613 0.816428 -0.566360
-0.104583 0.811046 -0.575558
0.197752 0.851278 -0.486025
0.269315 0.793197 -0.546176
0.153689 0.823847 -0.545578
-0.062677 0.854152 -0.516233
