{
  "dataset": "ch4_rf_2d_positioning",
  "preset": "poor_geometry",
  "geometry": {
    "type": "linear",
    "num_beacons": 4,
    "area_size_m": 20.0
  },
  "trajectory": {
    "type": "grid",
    "num_points": 100
  },
  "measurements": {
    "toa_noise_std_m": 0.1,
    "tdoa_noise_std_m": 0.1,
    "aoa_noise_std_deg": 2.0
  },
  "nlos": {
    "enabled": false,
    "beacon_indices": [],
    "bias_m": 0.0
  },
  "dop": {
    "toa": {
      "mean": 1.425818824502396,
      "min": 1.0157306468940555,
      "max": 3.6025411120931365
    },
    "tdoa": {
      "mean": 10.355143542144095,
      "min": 1.613248582115639,
      "max": 111.01821514685874
    },
    "aoa": {
      "mean": 9.252573662678621,
      "min": 3.417930411577225,
      "max": 19.098663167411868
    }
  },
  "performance": {
    "toa_error_mean_m": 0.27274437733247614,
    "tdoa_error_mean_m": 6.926330597395595e+16,
    "aoa_error_mean_m": 5.85304016883121e+18
  },
  "equations": [
    "4.1-4.3",
    "4.27-4.33",
    "4.63-4.66",
    "4.5 (DOP)"
  ],
  "seed": 42
}