# v_forward (m/s), v_lateral (m/s), v_vertical (m/s)
0.014142 -0.026200 0.027514
5.033217 -0.053531 -0.034065
5.008835 -0.004487 0.004496
4.979409 0.031382 0.028334
5.006981 0.038817 0.019025
4.979221 0.016063 -0.023766
5.031354 0.003502 -0.000546
4.984572 0.041676 0.000364
4.992150 -0.005564 0.020969
5.015963 0.017382 0.017925
5.069249 -0.007192 -0.010367
4.980587 0.023479 0.038869
5.001582 -0.020205 -0.019734
5.024518 0.027298 0.021295
4.985035 0.011965 0.008501
5.011561 0.031143 0.011708
5.025367 0.007027 0.013674
5.023939 -0.038715 -0.004590
4.990889 -0.014166 -0.003254
5.049848 -0.020975 0.034048
4.954514 -0.005047 0.009883
5.022587 0.026337 0.028800
4.994538 -0.008871 0.030739
4.999261 -0.033271 -0.028999
4.977416 0.019915 0.009273
5.025715 -0.007818 0.009756
5.023768 -0.004280 0.018703
4.985142 -0.005892 -0.006452
4.969125 0.019609 -0.009082
5.005375 0.019422 0.018396
5.024962 0.002045 -0.007699
5.002608 -0.045620 -0.038413
4.965319 -0.024917 0.016993
4.977836 -0.006345 0.043977
4.994312 0.027125 -0.023009
4.998837 -0.023501 -0.005171
5.030209 -0.046820 0.018033
5.012132 -0.012824 -0.038382
5.007164 -0.010885 0.011980
5.005656 0.053053 -0.002181
4.974295 0.010378 0.011600
5.045776 0.030053 0.015706
5.048899 -0.030663 -0.014193
4.977203 -0.006694 -0.036301
5.024055 -0.001667 -0.039124
4.974533 0.014405 0.030144
5.064902 0.092416 0.017432
4.975314 -0.058961 0.013031
4.980612 -0.007461 -0.013363
5.000776 0.036979 0.009711
5.000241 -0.026070 -0.045240
4.990411 0.003387 0.058038
5.008908 0.034482 -0.009979
4.969452 -0.023954 -0.016757
5.068854 -0.019642 0.030155
4.977912 0.032947 0.016549
5.000301 0.003777 -0.014644
5.018382 -0.008650 -0.031768
4.966662 0.010178 0.052373
5.009800 0.001441 0.013575
5.044180 0.011581 -0.007328
5.038189 0.017863 0.051073
5.010497 -0.031734 -0.036045
5.054528 0.056710 -0.000386
4.993504 0.048843 -0.028211
4.978158 0.024300 -0.006838
5.004846 0.000097 0.015127
5.047224 0.007718 0.024318
4.943495 0.003538 -0.020297
4.968436 -0.021345 -0.005024
5.032477 -0.034792 0.005919
4.990475 -0.004830 0.035083
5.021143 0.045122 0.000365
4.984122 -0.001716 0.012275
5.010297 -0.027532 0.007715
5.011847 0.080524 0.061305
4.979403 -0.003622 -0.038903
4.987279 0.014468 0.041176
4.983127 -0.014624 -0.059419
5.000120 -0.026872 -0.010883
4.978694 0.002172 -0.047732
4.960989 0.068877 -0.033623
4.972096 0.060107 0.092152
4.969853 -0.006047 0.015247
5.056861 -0.024606 -0.002358
5.028320 0.018043 -0.006285
5.000985 -0.036247 -0.002145
4.997008 0.011965 -0.011660
5.019146 0.035381 0.009663
5.015553 0.006595 0.005003
4.983353 0.014495 0.002081
5.067795 0.052201 0.016575
4.982108 -0.028372 0.040734
5.012882 0.019404 -0.047338
5.032823 0.018633 -0.028313
4.990854 0.012912 0.006574
4.996235 0.001895 -0.002559
5.009577 0.049145 -0.072000
4.997894 0.010295 0.013880
4.993843 -0.047702 0.014840
5.056821 -0.041016 0.030915
4.995144 0.003160 -0.026587
4.994966 0.044001 0.022480
5.056969 0.040322 0.018173
5.057318 0.018170 0.029840
4.996103 0.006996 -0.015923
5.034688 -0.030349 0.028471
4.999280 0.040137 0.027526
5.059619 0.026923 -0.042161
5.002991 -0.030160 -0.010548
5.050337 0.024126 -0.015968
4.974588 0.005983 -0.031497
4.984866 0.014360 0.039659
5.023263 -0.063739 0.014131
5.007161 0.017417 0.053486
4.943103 -0.012733 0.022727
4.957552 0.049278 0.016051
5.030398 -0.012128 0.029413
5.037054 0.011986 0.012032
5.013110 -0.020900 0.000574
5.000424 0.016502 0.034995
4.973244 0.001250 0.049444
4.982692 -0.019668 0.011069
5.030332 0.005343 0.044869
5.030704 0.030255 0.021623
5.074830 -0.001155 -0.055106
5.053128 -0.008731 0.008236
5.044287 -0.043068 -0.032549
4.956962 -0.018824 0.018189
5.020726 0.013288 -0.037383
4.935697 0.006631 -0.009153
5.018782 0.026059 0.009147
5.027804 0.011876 0.020902
4.983860 -0.000388 0.010903
5.029616 -0.006812 0.020635
4.997025 0.001474 0.029886
4.945208 -0.033894 -0.039466
4.934992 -0.015348 0.027483
4.996453 0.010934 0.037677
5.044831 0.002926 0.045608
5.007764 -0.020122 -0.012832
4.960584 -0.021644 -0.005741
5.029108 0.056623 -0.036465
5.016785 -0.026216 0.019241
5.001067 -0.049927 0.032849
4.986850 -0.011017 -0.027093
4.985372 0.017837 -0.000677
5.014860 0.015858 0.044620
4.994716 -0.039306 0.037017
4.995055 0.038438 0.016501
5.001066 0.015463 0.063530
5.067309 0.007081 0.009806
5.037287 -0.020370 0.014992
5.004224 0.014417 -0.020001
4.957313 -0.057190 -0.028522
4.991240 -0.003796 0.063117
5.038180 -0.023863 0.015431
4.992788 -0.003531 0.010560
5.023575 -0.005178 0.036916
4.970742 0.005190 0.082930
5.011692 0.047996 0.007746
5.022423 0.003297 -0.000112
4.981616 0.017909 -0.020546
5.024968 0.037559 0.015996
4.996413 0.018619 -0.004260
5.033066 -0.049942 -0.005068
4.945276 -0.039852 0.045916
5.031856 -0.016584 -0.040075
4.916064 -0.011305 0.077612
5.018047 -0.011787 0.018952
4.958171 -0.003920 0.007984
5.002417 0.028724 0.015339
5.025050 -0.015651 0.031934
5.053868 -0.024104 -0.021631
5.045074 -0.000740 0.047115
4.991724 0.048651 0.008945
5.012747 0.051942 -0.005853
4.976766 -0.008457 0.018570
4.958027 0.024124 -0.011163
5.039434 -0.066828 -0.018597
4.954406 -0.019787 0.012430
4.999623 -0.002601 0.000224
5.011102 -0.025256 0.026205
5.024880 0.016551 0.021696
5.013893 0.066052 0.002387
4.995788 -0.017606 -0.025968
4.967666 -0.021664 0.002880
5.015029 0.006534 -0.017966
5.032006 0.027182 0.000211
4.985413 0.021453 0.010639
4.961556 0.002961 0.012861
4.978009 0.010695 -0.038645
5.045086 0.042438 -0.002576
5.015904 -0.067298 -0.029690
4.996187 -0.027164 0.026432
5.064919 -0.030298 -0.020124
5.012063 0.053333 -0.031671
5.012471 0.059639 -0.044553
4.966568 -0.007708 -0.010618
5.029378 0.012250 -0.048249
5.020462 -0.012326 0.043233
4.986172 -0.014098 0.021234
5.027888 0.018443 -0.045568
5.021141 -0.026029 0.012058
4.962288 0.018390 -0.019198
4.966521 0.026415 0.012249
4.986581 0.048535 -0.008220
5.005963 0.013067 -0.013590
5.019134 -0.011004 -0.007349
5.045879 -0.026218 -0.067383
5.053328 0.081480 -0.007158
4.946895 -0.004315 -0.003587
4.999302 -0.028402 0.022387
5.020735 -0.039832 0.025976
5.066581 0.010159 -0.005120
5.000740 0.023458 -0.046920
5.009932 -0.006714 0.060435
4.999775 0.055037 -0.028112
5.022618 0.014582 -0.021071
5.010322 0.041376 -0.004714
4.954241 0.004473 -0.022073
4.994730 0.002552 -0.046170
4.956530 0.019462 -0.010682
4.928058 0.028545 0.013171
4.983584 -0.034505 0.030074
5.015481 0.076478 0.017606
5.016631 -0.000008 0.029503
5.023753 0.042552 -0.010640
4.991938 -0.009373 0.028724
5.049951 -0.008765 -0.007743
5.014422 -0.002373 0.033562
4.937447 -0.019801 -0.018472
4.935389 -0.023909 -0.022455
4.998967 0.038389 -0.002352
4.974076 0.003291 0.036475
4.975721 -0.022317 0.021756
4.998354 0.024425 0.004591
5.026050 -0.026052 0.004637
4.998679 -0.031477 -0.041904
5.025572 -0.005529 -0.025668
5.002115 0.038841 -0.063422
4.960101 -0.022687 0.048835
5.013478 0.028020 -0.029205
4.971414 0.018434 0.006748
5.021462 -0.000630 0.013344
5.009744 0.028333 0.029210
4.956404 -0.062418 0.035052
5.040632 -0.025619 -0.050795
5.007971 0.032925 0.058928
5.020489 -0.006152 -0.021794
5.005344 -0.003978 -0.025452
5.066463 0.058555 0.039081
4.977374 0.030651 0.024189
5.018276 0.042490 0.024061
5.027200 0.024107 0.015224
4.951492 0.007509 -0.011686
4.966605 0.055454 0.056870
5.045777 0.012656 0.045519
5.005362 0.011084 -0.027804
5.016910 0.006812 -0.034080
5.003464 0.002608 0.058927
5.031826 0.005343 0.012464
5.006326 -0.001087 -0.027473
5.000468 -0.017383 -0.032509
5.020337 0.016738 -0.048601
5.001319 0.034871 0.036777
5.035775 0.006167 -0.020351
4.972489 0.015338 0.016378
5.043620 0.037999 0.001033
4.967674 -0.004573 0.011517
4.998938 -0.012337 0.012587
4.989881 -0.013842 0.014344
4.992940 0.012323 0.013196
4.970817 -0.009437 0.048133
4.970138 -0.058500 -0.050855
5.005873 0.005928 0.001472
5.041426 -0.075185 0.016878
5.051843 -0.028833 -0.006394
4.982413 -0.021830 -0.004788
5.047825 0.060122 -0.005078
5.062152 0.006067 0.057611
5.002201 0.008932 0.015964
5.100366 0.030539 -0.016218
5.034070 -0.005855 -0.009693
5.032258 0.005933 0.013357
5.005420 0.015097 0.017749
4.946891 0.024997 -0.024461
4.961731 0.003248 0.007519
4.984195 0.029931 -0.035265
4.992792 -0.012546 0.003602
5.013366 -0.025237 0.026728
5.006890 -0.051758 -0.053758
5.004630 -0.001629 0.001897
5.004161 0.011767 0.033429
4.971667 -0.030159 -0.027800
5.013668 0.042348 -0.007940
4.929949 -0.046120 -0.019991
4.988268 -0.007252 0.006157
4.995648 0.036480 -0.015281
4.979130 0.019366 -0.041069
5.016691 0.008077 0.000577
5.052648 -0.013666 0.066809
4.998237 -0.033310 0.007098
4.972713 -0.017553 0.016911
5.021667 -0.013665 0.034622
5.039725 0.048089 0.020882
5.045903 -0.051424 -0.004537
4.978990 0.008577 -0.012143
5.000015 0.061465 -0.000092
5.017414 -0.001968 0.007271
5.005181 0.018450 0.039959
5.054422 0.014289 0.022686
4.970474 0.002364 0.033209
5.030979 0.011348 0.031592
5.019723 0.041009 0.013681
4.994329 0.015075 -0.082918
5.016487 -0.104452 -0.046704
5.018553 0.019326 -0.029873
4.983637 0.046116 -0.009521
5.072288 0.004942 0.017241
5.053506 0.008931 -0.025070
5.001708 0.003932 -0.035942
4.997325 -0.017266 0.032731
5.006038 -0.003484 0.001815
5.011694 0.023504 -0.024991
4.973752 0.038140 -0.007370
4.962495 0.018314 0.018901
4.959079 0.011884 0.027067
5.016232 0.023959 -0.037128
5.014931 -0.004079 -0.009484
5.031117 0.049378 0.058831
5.044444 0.001708 0.015582
5.028005 0.008635 0.008923
5.029713 0.003222 -0.016879
4.992566 0.024017 0.005090
5.015206 0.025102 -0.006245
5.027687 0.016365 -0.032044
5.048269 -0.010022 -0.044653
4.973649 -0.025631 0.006565
4.996784 -0.005105 0.023591
5.015196 0.014481 0.017295
5.023484 -0.058239 -0.005933
4.939594 0.006082 0.004861
5.036366 0.040629 0.011083
4.989989 0.019555 -0.010838
5.004958 0.034584 -0.011733
5.029170 0.025322 -0.023644
5.034217 0.025957 0.008058
4.982130 -0.020776 -0.011130
5.021278 -0.023669 0.018125
4.967747 -0.001122 0.008289
5.078354 -0.036319 0.049160
5.009495 0.017335 0.008550
5.018342 0.000389 0.048622
4.991306 0.038967 -0.014331
5.003192 -0.027159 0.018651
5.048354 0.002679 -0.000907
4.971561 -0.001879 -0.042784
4.977614 0.011804 0.044570
5.089276 -0.012598 0.048059
5.012313 0.000463 0.017978
5.006857 0.008312 -0.007250
4.963057 -0.041309 0.024597
4.996699 -0.012883 0.005255
5.028848 0.010411 -0.014682
5.041789 0.052376 0.019837
5.034210 0.042259 0.038903
5.023423 0.022950 0.020590
4.972080 0.026022 -0.035674
4.981162 0.044107 0.030207
5.049622 -0.003150 -0.029567
4.997787 0.008061 0.007370
5.039010 -0.005838 0.015561
4.975341 0.018510 0.005093
4.982506 -0.002075 -0.000525
4.996895 0.058140 0.002047
4.997683 -0.057924 -0.021826
4.997108 -0.015576 0.046451
5.000052 0.043653 0.006851
5.006117 0.002336 0.005114
5.056564 -0.064588 -0.055046
4.988705 0.005436 0.025703
5.019193 -0.006527 0.035571
5.035906 0.010522 0.033880
5.013179 -0.011844 0.025935
5.008318 0.005040 0.049189
4.931474 -0.037531 -0.030612
4.994102 -0.002638 -0.040220
4.975445 -0.020825 0.078723
5.059052 -0.007352 -0.005907
4.970524 -0.052244 0.001494
4.975064 0.002454 -0.043006
4.982141 0.009459 0.015986
5.017524 -0.034615 0.030641
4.980994 0.023986 0.004681
4.963708 -0.004486 0.015961
5.023389 0.000770 0.050953
5.035225 -0.002700 0.027504
5.063014 0.063815 -0.031840
4.977204 0.049548 -0.026748
3.965324 0.440414 0.017607
4.001928 0.435483 -0.015226
3.983630 0.428615 0.073449
4.013925 0.481603 -0.009672
3.999421 0.433593 -0.074551
3.963660 0.400681 -0.062494
3.969139 0.494749 0.003667
4.043717 0.467329 0.028477
3.977973 0.470719 0.026861
3.987701 0.471786 0.021986
3.988513 0.421317 -0.030524
4.007595 0.464810 -0.018776
4.005798 0.472116 0.023546
4.051556 0.493309 -0.025039
4.055508 0.439071 0.036346
4.007040 0.442636 -0.049231
3.999853 0.408219 0.034019
4.050504 0.431093 0.014059
3.983238 0.436145 0.028235
4.003844 0.507189 -0.009467
4.034980 0.457922 0.028873
3.991585 0.453513 0.001535
3.979918 0.474862 0.024507
4.022807 0.501109 0.048480
3.993752 0.466192 -0.013708
4.005701 0.437008 0.053602
4.015911 0.448459 0.040809
3.939882 0.394577 0.028875
4.006814 0.462513 -0.034792
4.004303 0.515105 0.029726
4.010091 0.441828 -0.006837
3.941124 0.462729 0.030364
3.957731 0.435157 -0.029724
3.976039 0.456604 -0.057532
4.023428 0.477616 -0.002533
3.930579 0.425107 0.041987
3.921660 0.444574 -0.030400
4.029137 0.434747 0.017119
4.021964 0.510087 -0.001088
4.016281 0.410448 0.040712
3.982185 0.438177 0.004333
3.958113 0.461863 0.034024
4.013788 0.407333 0.001286
4.027261 0.398660 -0.027243
4.031296 0.463103 0.017359
4.060785 0.469057 0.024737
4.086322 0.448586 -0.018936
4.017834 0.468170 -0.010801
3.974028 0.524295 0.014805
3.983031 0.482478 0.001726
3.997414 0.471868 -0.033756
4.015579 0.512389 0.018985
3.993714 0.439787 -0.007310
3.997381 0.443666 0.032489
3.953004 0.480860 -0.006391
4.016308 0.421190 0.044859
4.042369 0.483788 -0.040443
4.029874 0.467146 -0.043158
4.004271 0.465936 0.021682
4.010318 0.463737 0.049208
4.041781 0.368988 -0.004523
4.000060 0.402437 0.007825
4.042463 0.422403 0.015092
3.977525 0.434843 0.049322
3.988723 0.468866 -0.051137
4.060870 0.473080 -0.000475
4.022266 0.412705 0.040476
3.995280 0.448878 -0.009750
3.987580 0.475840 0.012677
4.024552 0.454736 0.020396
3.992435 0.521892 -0.042038
4.042828 0.496037 -0.020565
4.071878 0.484865 0.034134
4.005841 0.448483 -0.001282
4.016716 0.497036 0.010439
3.977657 0.479733 0.032635
4.024640 0.477365 -0.003128
3.977130 0.428954 -0.044064
4.012108 0.452497 -0.008200
3.916331 0.417580 0.038625
3.985061 0.465818 -0.036721
4.048161 0.450679 0.013701
4.074773 0.500493 -0.004197
3.987203 0.445234 0.020297
4.001843 0.443143 0.049015
4.001574 0.523988 0.007722
4.058560 0.465720 0.033889
3.983262 0.429387 0.018791
4.034657 0.456208 -0.033592
3.964192 0.412186 -0.048029
4.008285 0.488751 0.004598
3.937188 0.449277 0.000116
4.067880 0.411286 -0.006720
4.056176 0.468499 0.021899
4.008438 0.464898 0.028328
3.980715 0.481342 -0.036190
4.014851 0.460362 -0.013489
4.004319 0.436324 -0.027151
3.994392 0.421880 0.014684
3.970497 0.476359 -0.030444
3.988011 0.436262 0.044754
4.014909 0.448648 0.019962
3.941784 0.453706 0.064925
4.008970 0.457037 0.021444
4.031868 0.395076 -0.045470
4.011309 0.433554 0.044361
3.995545 0.396964 -0.033040
3.922510 0.447976 -0.000652
3.992266 0.487366 0.040956
3.999888 0.390959 0.023518
4.021661 0.464282 0.034444
3.970055 0.515263 -0.023783
4.027477 0.404380 -0.022908
4.050491 0.447173 0.030198
4.012109 0.451851 0.045916
3.997900 0.401578 -0.019097
4.021536 0.466865 -0.042012
3.983270 0.437548 -0.005964
3.963723 0.436149 -0.016858
4.028146 0.479274 0.000626
3.993239 0.459198 -0.019497
3.970595 0.426793 -0.014044
3.970096 0.459862 0.026891
3.957387 0.455754 -0.001598
4.015245 0.454612 -0.038608
3.967128 0.455883 0.035863
3.938574 0.465372 0.040689
4.000409 0.471506 -0.016092
4.001419 0.406373 -0.065330
4.033283 0.425450 -0.008666
3.963407 0.412701 -0.000215
3.983113 0.466339 0.018576
4.014625 0.462158 0.052333
3.972972 0.453352 0.038981
4.042936 0.412347 -0.004371
4.045744 0.470242 0.010858
3.998469 0.443486 0.013647
3.997429 0.453723 0.007358
3.984658 0.470964 0.092427
3.951690 0.464720 -0.017806
4.022322 0.456397 0.027856
4.040265 0.460773 0.038962
3.934671 0.502714 0.016252
4.037335 0.418404 -0.019923
4.009378 0.454489 0.013492
4.037535 0.402043 0.034215
4.005248 0.448887 -0.039133
4.020091 0.382577 0.024452
3.960237 0.456604 0.001425
4.040086 0.449640 -0.015824
3.989802 0.493186 0.021089
3.993431 0.447907 -0.042015
4.016654 0.402206 0.027554
4.008859 0.526609 -0.028004
4.001920 0.508949 0.040742
3.984114 0.461719 0.005060
4.013459 0.434040 0.002320
3.957058 0.459054 0.018501
3.998177 0.406548 0.034656
4.015936 0.433220 -0.003418
3.959980 0.424238 -0.011134
4.041853 0.435815 0.024206
3.988851 0.462438 0.000758
4.031192 0.438956 -0.042176
3.963542 0.439044 -0.032472
4.017306 0.441027 0.076238
3.952869 0.461109 -0.028839
3.990198 0.459243 -0.064761
4.012105 0.512087 -0.008603
4.012794 0.485748 0.000081
3.987571 0.386728 0.024230
4.001605 0.424619 0.008798
3.987490 0.439147 0.023189
3.964849 0.486419 -0.036931
3.985119 0.512688 0.038821
4.007928 0.426784 -0.010878
4.007198 0.456126 0.002274
4.004075 0.448569 -0.038259
3.989505 0.482439 -0.036050
3.999313 0.430407 0.008341
3.993341 0.499322 0.020197
3.965646 0.475137 -0.018240
3.987690 0.464415 -0.009752
4.031786 0.431765 -0.013568
3.985309 0.438031 0.037976
4.023864 0.506298 0.073029
3.974078 0.457113 -0.030286
3.981672 0.436098 -0.026715
3.973443 0.450671 -0.031502
4.030264 0.427467 0.089287
3.991458 0.457161 -0.033860
4.056183 0.488585 0.013907
3.964596 0.461320 -0.028643
4.048871 0.479276 0.007863
3.931909 0.425498 0.025633
4.041387 0.488275 -0.042760
4.014047 0.485465 -0.044750
4.004763 0.463215 -0.004023
3.949435 0.445229 -0.004819
4.000558 0.438096 -0.008290
4.003809 0.468274 -0.004133
3.992711 0.457771 -0.052627
4.019311 0.454983 0.006191
4.033822 0.396416 -0.054215
4.013214 0.454786 0.010105
3.991136 0.474931 0.032979
4.019519 0.447175 -0.058231
4.028077 0.491652 0.024337
3.978611 0.475214 0.030816
4.051764 0.428717 -0.001794
4.027418 0.456722 -0.028520
4.017438 0.472360 0.007639
4.011588 0.447239 0.049348
3.977979 0.437380 0.005330
4.031369 0.410079 -0.034309
3.943868 0.455981 -0.028549
3.993463 0.474841 -0.014246
4.011938 0.446020 0.025163
4.019254 0.434242 -0.000060
4.036312 0.466801 -0.036909
4.024669 0.422462 0.047375
4.035723 0.463697 0.009717
3.998729 0.475356 -0.006123
4.012067 0.481158 -0.011854
3.986514 0.419169 -0.026934
3.950148 0.476895 0.059267
4.047760 0.406217 0.026746
4.047663 0.441296 0.008043
3.944763 0.463002 -0.026907
4.010989 0.408164 0.021286
4.035735 0.431505 -0.029108
3.940319 0.447008 -0.012448
3.958469 0.468591 -0.008499
3.972728 0.438363 0.037139
4.023088 0.451099 0.023573
3.970173 0.455971 0.009420
3.990905 0.468064 -0.018413
4.020295 0.471556 -0.082515
4.040709 0.363571 -0.013481
4.035760 0.445481 -0.038986
3.972188 0.485807 -0.052645
4.038870 0.453347 -0.030772
3.987507 0.424483 0.030987
4.026973 0.403425 -0.007108
3.979104 0.493805 -0.035503
4.053127 0.454001 -0.029858
3.984682 0.430951 -0.033239
4.007845 0.418163 -0.060411
3.993610 0.400914 -0.017565
3.977727 0.428864 0.065029
4.006692 0.462361 -0.048292
3.985381 0.461459 -0.025736
4.032242 0.418919 -0.003591
3.987418 0.459930 -0.014215
3.996873 0.447916 -0.017032
4.019553 0.462152 0.002342
3.992086 0.478896 -0.002075
3.995799 0.458141 0.055898
3.964789 0.478096 -0.051795
4.011518 0.502252 0.019660
4.010119 0.438187 0.005931
3.997438 0.431421 -0.003696
4.010951 0.431983 -0.019188
3.964193 0.466722 0.021360
4.011950 0.483955 0.007636
4.016760 0.464115 0.002254
3.989075 0.521425 -0.008559
3.985024 0.468020 0.012556
3.962856 0.488680 0.002174
3.971672 0.490664 0.023770
3.967064 0.508315 0.024764
4.004694 0.502707 0.009779
4.004158 0.435191 0.022456
4.019298 0.455440 -0.018700
4.008898 0.452906 -0.035004
3.960846 0.471955 -0.073057
4.011162 0.440658 0.044247
3.990196 0.474785 -0.006907
4.008412 0.477105 -0.008877
4.034897 0.425189 0.013838
4.032679 0.474801 0.062493
3.982097 0.413626 -0.024830
4.024813 0.469938 0.008068
3.971311 0.478006 -0.031741
4.039768 0.540723 0.015994
4.022493 0.440214 -0.049306
3.986918 0.422213 -0.038410
4.056671 0.463186 0.016391
3.995729 0.449814 0.033937
4.004030 0.470921 -0.000880
3.994735 0.412793 -0.054332
3.997153 0.456695 -0.033584
4.003966 0.456613 -0.059680
3.977546 0.467218 0.016612
3.970390 0.459753 0.035672
4.028312 0.452141 -0.009039
3.986120 0.469035 0.010853
4.023882 0.458956 0.029563
4.007838 0.478541 0.031125
3.980864 0.400756 0.051305
4.012700 0.403565 -0.016415
4.028156 0.446610 -0.010362
4.047026 0.423581 -0.018945
4.011342 0.466714 0.019890
4.032337 0.460957 0.019682
3.997224 0.456881 0.008226
4.011453 0.478176 0.021654
4.006327 0.430726 0.007030
4.004159 0.460795 0.071196
3.989287 0.467669 0.037054
4.007940 0.525135 -0.006341
4.014723 0.431036 -0.005546
4.012468 0.480389 0.014573
4.042773 0.452151 -0.004965
4.086120 0.466827 -0.016584
3.984172 0.426720 0.033097
3.994069 0.458821 0.003095
4.026945 0.429598 -0.027267
4.011729 0.473029 0.014976
3.980716 0.475325 -0.017316
3.989354 0.426681 0.044035
4.024003 0.473150 0.042416
4.089379 0.403723 -0.017151
3.986515 0.429475 -0.027327
3.996010 0.418502 0.015051
4.006551 0.469431 0.020232
4.023090 0.443798 0.068634
4.012033 0.399125 -0.025071
3.952785 0.455520 0.001346
3.990947 0.515328 0.021469
4.026783 0.427068 -0.024974
4.006104 0.460190 -0.050689
3.999591 0.455422 -0.001454
3.980598 0.438814 -0.000306
4.007724 0.473144 0.037426
3.996170 0.441315 0.018130
4.023325 0.441974 0.028712
4.034388 0.493751 0.058350
3.979008 0.455417 0.005338
4.002058 0.435522 -0.039567
4.007780 0.431949 0.007580
3.981179 0.422010 0.012029
4.009528 0.472378 0.070576
4.013319 0.469552 -0.027327
3.966393 0.502485 -0.022704
3.973682 0.453827 0.002294
3.977925 0.445851 0.041881
3.980820 0.413190 0.033278
4.019769 0.436384 -0.042465
3.982661 0.453359 0.039970
3.973903 0.452464 0.025254
3.933562 0.486014 -0.030474
4.014960 0.462400 0.037538
4.021528 0.383681 -0.018543
4.009146 0.449151 0.019328
4.028681 0.473254 -0.001428
3.949610 0.441336 0.017491
3.972287 0.473938 0.032252
4.008806 0.363087 -0.033343
4.061586 0.438604 -0.054524
4.042057 0.455401 0.038148
4.013309 0.468757 0.015890
4.025925 0.523323 0.034130
3.957590 0.468400 0.039244
4.041081 0.442202 0.039948
4.032832 0.532176 -0.017500
3.989778 0.445816 -0.009707
3.978299 0.372120 -0.008041
4.016081 0.440203 0.063061
4.005401 0.493731 0.012843
4.029792 0.463377 0.046064
4.006678 0.469884 0.015990
3.996351 0.467149 0.072032
3.996888 0.467584 0.042733
4.039208 0.455351 -0.066502
4.020501 0.388416 0.049098
4.010084 0.484990 -0.022063
3.958425 0.462823 0.003992
3.990254 0.457540 0.088023
4.030036 0.486485 0.030318
4.049384 0.449298 -0.056643
3.999342 0.479352 -0.024094
3.999709 0.434247 0.050061
4.027484 0.474546 0.023648
4.003883 0.460927 -0.030556
3.939407 0.459502 0.014720
4.041278 0.502140 0.052100
3.975059 0.444432 0.019410
4.080957 0.499403 0.038582
3.993366 0.428504 0.028667
3.971980 0.447847 0.001557
4.052787 0.444359 -0.068177
4.020133 0.434029 0.006279
4.002399 0.446789 0.028710
3.959014 0.439490 0.025521
3.986577 0.406736 0.025057
4.038693 0.453650 -0.053825
4.026179 0.405203 0.014264
3.978376 0.420205 -0.008257
3.999501 0.435674 0.022661
3.991618 0.484406 0.013435
3.984073 0.429022 -0.044425
4.013722 0.444362 -0.066166
3.988929 0.427969 0.052270
3.953917 0.411759 0.038299
4.045703 0.432651 -0.013963
4.023487 0.385187 -0.050836
3.996578 0.501497 -0.008072
4.008028 0.489014 0.068207
3.987695 0.454495 0.059662
3.959334 0.485827 -0.025549
4.008074 0.447721 -0.023740
3.975507 0.463292 0.034866
4.001108 0.457103 0.022135
3.975851 0.477191 0.029580
4.083109 0.443717 -0.008742
4.028069 0.479573 -0.011053
3.992905 0.471234 -0.019828
3.992684 0.457688 0.034878
3.986862 0.399728 -0.052498
3.967218 0.415605 0.000362
3.969334 0.433917 -0.018223
3.991785 0.494675 0.024858
4.005484 0.441169 -0.007997
4.014832 0.472525 -0.022229
4.006094 0.394051 0.011351
4.027864 0.446598 0.059496
3.978563 0.461523 0.003925
4.001991 0.451570 0.008213
4.030439 0.496332 0.004932
4.029459 0.433947 0.027979
3.982140 0.487720 0.071319
4.001337 0.389224 -0.011442
4.041956 0.471592 0.012467
4.035260 0.469534 0.041532
4.032583 0.500651 0.015764
4.032158 0.445786 -0.013044
4.056203 0.461486 0.029146
4.008712 0.437405 0.005329
4.048080 0.471657 -0.046344
3.998543 0.508469 -0.001414
3.950986 0.511791 0.025472
4.002900 0.443857 0.037471
3.988740 0.489448 0.021266
4.012340 0.459365 -0.000249
4.036369 0.429040 -0.043658
4.023433 0.473937 0.019407
4.017232 0.445384 0.028624
4.003633 0.440387 -0.004357
4.065619 0.402951 0.019994
3.954627 0.451753 -0.008009
3.942449 0.466671 -0.006401
3.942024 0.480187 0.048050
4.049704 0.465769 0.006382
4.044845 0.505472 0.039007
3.976754 0.461040 0.018185
3.950711 0.469081 0.073190
4.024198 0.499202 0.010487
4.002803 0.466438 -0.019475
3.976087 0.492989 0.046170
3.975267 0.484040 0.002391
4.015194 0.468807 0.034831
4.007482 0.497305 0.014282
4.023726 0.430002 0.069760
4.019095 0.476390 -0.043246
3.980319 0.492137 0.013607
3.947587 0.486149 -0.011313
4.047340 0.452365 0.011141
4.040369 0.428075 -0.024785
3.999105 0.479815 -0.034926
3.954959 0.479712 -0.013089
3.993233 0.399296 -0.015369
4.004773 0.482911 -0.018137
4.054721 0.434463 -0.015493
4.051121 0.461344 -0.011561
4.000346 0.495592 0.048986
3.980496 0.453727 0.007705
3.975413 0.453329 0.005160
4.039206 0.491223 -0.004876
3.998581 0.474929 -0.012556
4.022659 0.452363 -0.024082
3.976295 0.498412 0.000307
4.054211 0.439591 0.013736
4.076780 0.423278 -0.051934
4.043598 0.430196 0.004379
3.987422 0.463045 -0.023516
3.999602 0.468494 -0.025249
3.983997 0.444579 -0.037864
3.992323 0.458564 -0.006986
3.996859 0.454403 -0.014672
4.025732 0.498079 -0.008931
4.019556 0.447811 0.015965
4.051973 0.470260 -0.048202
4.018620 0.491986 -0.001648
4.034869 0.434297 -0.039566
4.009235 0.402306 -0.002193
4.043605 0.397707 -0.033385
3.974039 0.453100 -0.005972
4.046974 0.483630 0.019858
4.009369 0.466797 -0.020859
4.030716 0.421639 0.030061
4.040584 0.461326 -0.000286
4.017009 0.369154 0.014068
4.001599 0.453481 0.026196
4.002757 0.420794 0.000758
4.007027 0.458448 0.009858
4.036181 0.422419 0.010271
4.043698 0.402962 0.010389
3.987439 0.443879 -0.022144
3.999913 0.510238 -0.032933
3.969912 0.415942 0.056823
3.991130 0.454231 -0.007083
3.976667 0.447945 0.078747
4.046762 0.429412 0.024427
3.980054 0.401709 0.035585
4.039803 0.486382 -0.009096
3.999997 0.477493 0.016745
3.993191 0.406428 0.008416
4.037370 0.419072 0.024163
4.014946 0.477504 0.031159
3.984166 0.406491 -0.011006
4.031674 0.438740 -0.015821
3.950359 0.507579 0.029771
4.028097 0.484032 0.022301
4.997670 0.000087 -0.007827
5.084042 0.021677 -0.008914
5.018965 -0.025326 0.050135
4.985168 0.020033 0.036979
5.016543 0.007834 0.005324
5.003307 -0.012301 -0.008485
5.049388 0.001744 -0.018574
4.989511 0.038011 0.025268
5.021810 -0.002726 0.022201
4.985693 -0.002788 0.034094
5.031228 -0.024457 -0.020666
5.008261 0.056784 -0.052467
5.013350 -0.036281 -0.014030
4.994067 -0.007615 -0.011014
5.005216 -0.011058 -0.038874
5.028396 0.027586 0.030295
4.958778 0.013968 0.025279
4.974064 0.005275 0.001512
5.060265 0.062735 -0.044931
5.079818 -0.022457 0.034420
5.034115 -0.024871 0.019798
5.001774 0.021630 0.011920
5.040890 0.007262 -0.000036
5.037882 0.022412 0.026954
4.985062 -0.026358 -0.012032
4.986375 0.028586 0.034280
5.000346 0.047928 0.046054
5.012302 -0.019657 0.052261
5.003169 0.008785 -0.005188
4.978306 -0.039059 0.023986
4.981498 0.096786 -0.027582
4.967279 0.020304 0.050879
5.006938 0.022167 -0.050306
4.984675 -0.027208 -0.051851
5.008509 -0.062285 -0.034666
4.988884 -0.019939 0.016892
5.014167 0.031814 0.027572
5.039224 0.004942 0.014104
5.020345 0.009250 -0.006916
4.995027 -0.019527 0.017649
5.002180 -0.014895 -0.014867
4.968688 0.034365 0.007359
4.979116 0.029256 -0.011813
4.962805 0.035637 -0.011113
4.992733 0.006235 0.039278
5.005601 -0.030974 0.021316
4.990450 0.061638 0.004966
4.937949 0.015721 0.063338
5.052278 0.059929 -0.025593
5.032365 -0.016660 0.011729
4.966811 -0.014334 -0.015287
5.031957 0.029022 0.013305
4.964487 -0.004349 -0.017383
5.031090 0.040346 0.036692
4.982343 -0.077186 -0.048009
5.047649 -0.007038 -0.017522
5.054280 0.042955 0.005733
4.996198 0.001037 0.011815
5.053001 0.017674 0.026781
5.040078 -0.030090 0.027646
4.996163 -0.070483 -0.058845
4.974456 0.020937 0.008414
5.010531 0.063528 -0.033073
5.004177 0.014133 -0.017088
5.005850 -0.042998 0.047297
4.984552 0.065942 0.004026
5.035842 0.003401 0.004078
4.987479 0.008574 0.014540
4.981472 0.001249 -0.013303
5.073990 0.002308 0.051357
4.999131 0.012779 -0.034641
4.991588 0.011316 0.052580
5.011659 0.046512 0.024222
5.053822 0.003229 0.076707
4.990438 -0.017994 -0.031302
5.074931 0.029583 -0.005024
5.042471 0.025631 0.063984
4.958565 -0.002961 -0.008876
4.945790 0.036810 -0.003112
5.027189 0.075793 -0.005597
4.992365 0.008560 0.034617
4.987999 -0.013929 0.036716
5.016359 -0.056342 -0.031762
5.050037 0.017058 -0.017866
4.999888 0.005397 0.027072
4.964252 -0.020228 0.013189
5.002005 0.022156 -0.031885
5.015714 0.037748 0.019605
5.009173 0.002123 -0.020046
5.002840 0.042791 0.001429
4.978306 -0.009767 0.011026
4.993795 0.019559 0.020685
5.031669 0.047707 0.034876
4.976973 -0.022106 0.002727
4.991465 -0.029150 -0.008251
4.990765 -0.015155 -0.004474
5.040354 0.010977 0.079154
5.010115 -0.003702 0.005124
5.012695 0.018058 0.067301
4.979640 0.030771 0.011233
4.957867 0.028121 0.043029
4.979285 0.004732 -0.046761
4.967236 0.036441 -0.008992
4.971736 0.011884 -0.010672
4.990875 0.027180 -0.029852
4.977839 0.009622 0.034082
5.042145 -0.014952 0.033121
4.981476 0.059786 -0.029013
5.044854 -0.014695 0.065397
5.022740 -0.025480 -0.010667
5.028435 0.036579 0.002879
5.006340 0.027751 0.008954
4.966195 -0.019389 0.012054
5.041464 0.053479 0.028386
5.013619 0.027464 -0.015003
5.000403 -0.019724 -0.032462
5.015006 0.010565 0.025630
5.021383 0.012279 0.021698
5.003720 0.017387 -0.016784
5.016091 0.025053 -0.015090
5.006555 -0.013708 -0.010795
4.971252 0.042973 0.036971
5.021123 0.064166 -0.000677
5.095953 -0.001826 0.012656
4.993067 0.016170 0.030068
5.001583 0.058302 0.012174
5.013115 -0.022270 0.017555
5.000979 -0.013247 -0.018294
5.085153 -0.002904 -0.038710
4.984053 0.003453 0.021400
5.021644 0.025298 -0.014346
5.015213 -0.021282 -0.013589
4.977469 -0.030652 0.036926
5.025658 0.034300 0.006179
5.028304 -0.047839 0.030893
5.010314 0.023813 0.016401
4.975388 -0.039941 -0.016362
5.021948 0.025703 -0.036038
4.975567 -0.016697 -0.005719
4.964138 -0.037662 -0.019655
5.007588 -0.030418 0.001526
5.036757 -0.034053 -0.001193
5.035743 -0.007548 -0.012210
5.039905 -0.004186 0.038135
5.017869 -0.005285 0.019391
5.014613 0.035626 -0.011450
5.006236 0.003155 0.026124
4.974245 0.035509 0.018990
4.965492 0.041248 0.072023
5.035055 0.047810 0.007561
4.955155 -0.050324 0.012652
4.987241 -0.022437 0.003118
5.023468 -0.038583 -0.008466
5.050296 -0.027259 0.031093
4.990458 0.021374 0.037920
5.027238 0.032275 -0.029548
5.038410 -0.020581 0.012786
5.012747 0.019554 0.015109
4.979686 -0.035496 0.031170
5.010575 0.039481 0.003658
4.962845 0.033984 -0.006111
5.015260 -0.014424 0.054329
4.978703 -0.005123 0.008223
4.972235 0.014916 0.053357
4.990286 0.016854 -0.077483
5.003832 -0.004391 -0.019555
5.037444 -0.004787 -0.000324
4.993684 -0.052504 -0.028960
5.033833 -0.058299 -0.017989
4.993008 0.057309 0.028058
4.988285 0.044135 -0.017215
5.035273 -0.035766 0.037198
4.992816 -0.025855 -0.001514
5.013320 -0.009842 0.021619
4.987510 0.023611 0.018267
5.003172 -0.008241 0.009546
5.021508 0.066854 0.033183
5.034280 0.097655 0.020479
5.019539 0.026120 -0.025269
4.991683 -0.010185 0.024428
4.999775 0.009147 0.037624
5.030895 0.000148 -0.015100
5.039058 0.028217 -0.043188
4.995605 0.009965 0.028365
5.032303 0.013517 0.022557
5.006924 -0.015216 -0.002838
5.005570 0.003960 -0.051567
4.993075 0.006686 -0.003441
4.997595 0.019640 -0.027369
4.956159 -0.005445 0.027923
5.055627 0.028464 -0.039048
4.998029 0.012699 0.010328
5.021179 -0.022511 0.006948
5.017610 0.029770 -0.019172
4.994645 -0.076115 -0.013644
4.989268 -0.025588 0.009968
5.003322 -0.062776 0.011465
4.977150 0.019571 -0.033456
5.005900 -0.003495 0.014093
5.008741 -0.002655 -0.041088
4.960684 -0.012517 0.004752
4.986753 0.023756 -0.003377
4.976050 -0.003343 0.011776
5.014747 0.061351 -0.015067
5.002796 0.017784 0.004297
4.989981 -0.041478 -0.010325
4.972789 -0.046798 -0.018870
4.973587 0.022514 0.023033
4.977884 -0.002807 -0.050747
4.990170 0.016969 0.029748
4.983609 0.036556 -0.040471
4.967571 0.026290 0.055134
5.019803 0.003790 -0.060856
4.944327 0.008882 -0.005742
4.971825 0.006966 0.008454
5.033332 0.009098 0.041852
5.005240 0.001540 0.036929
4.975647 0.089433 0.016258
5.016425 0.020753 0.061314
5.028775 -0.043152 0.047104
4.994773 0.008215 -0.033378
5.020786 -0.014541 0.008005
4.996477 0.062750 0.064468
5.006395 0.006919 -0.006203
5.038180 -0.004868 -0.007640
5.034358 -0.011149 0.003867
4.957561 0.026126 0.063226
5.026637 0.048854 -0.020383
5.012090 -0.023295 -0.001833
5.028166 0.008055 -0.037379
4.965549 -0.036435 0.019744
5.066917 0.045874 -0.051880
5.047632 0.033092 -0.041359
4.995904 0.037866 0.021513
4.965727 0.023322 -0.059125
4.998315 0.039139 0.005552
4.990032 0.031680 0.034243
5.044301 0.031230 0.037441
5.026987 0.012966 0.007685
4.997882 -0.031371 -0.023659
4.996540 0.012244 0.048224
5.003746 0.035104 0.037379
4.998057 0.022841 -0.002306
5.044664 0.024075 -0.030715
5.009846 0.054443 -0.000437
5.018431 0.021376 -0.026099
5.020321 -0.036815 -0.013769
5.037272 0.015703 -0.004134
5.018394 0.003197 0.005377
5.024705 -0.016821 0.006210
4.995632 -0.042568 -0.022614
5.052046 0.016542 -0.034708
4.958789 0.001635 0.051836
4.999397 0.044210 0.015558
5.019138 -0.035072 0.033126
4.994952 0.030893 -0.019425
5.010311 0.015560 0.000379
5.017136 -0.002992 -0.014472
5.053165 0.036469 -0.017826
5.022053 -0.017280 -0.030541
5.036014 -0.046123 0.032806
4.997418 -0.001346 0.017293
5.022436 -0.019790 0.026532
5.008401 -0.032682 -0.000096
5.046438 0.055298 0.026520
4.969290 0.019718 0.030526
5.026771 0.028549 0.015898
5.002828 -0.013251 -0.051938
5.015189 0.010582 0.021727
4.964874 0.024351 0.066636
5.007354 0.003150 0.014270
5.065970 -0.025709 0.011096
4.981010 -0.011410 0.003512
5.045420 0.059030 0.018444
4.993702 0.079782 -0.007827
4.987866 -0.048248 0.046883
5.034047 0.077534 -0.036686
5.048745 0.007104 0.029183
4.955567 0.049042 0.028596
5.003833 0.024353 -0.017965
4.987617 -0.008903 -0.050582
5.030853 0.040748 -0.016040
5.015446 -0.002966 0.014848
4.986173 -0.021503 0.036562
5.003084 0.065663 0.006389
4.977218 0.041808 0.023924
5.026806 0.040718 -0.014584
5.001182 -0.000143 -0.033722
4.997092 0.045091 0.012120
4.964618 -0.041675 0.054943
5.002290 -0.014422 -0.003220
4.960681 0.047693 -0.006792
5.046022 0.006550 0.047886
5.012701 0.030597 0.026573
5.023699 0.015438 -0.001986
5.062463 -0.022208 0.005129
5.005447 0.017073 -0.007884
5.014442 -0.000065 -0.042459
5.005287 -0.028017 -0.047032
5.009106 0.019637 0.020801
5.022015 -0.052978 -0.035831
5.064206 -0.026416 0.023325
4.984392 0.007390 -0.013998
5.021846 0.009103 -0.008449
4.973495 0.013033 -0.031382
5.017824 0.083795 0.045505
5.026550 0.002432 -0.053163
4.965331 0.043484 -0.018693
4.984022 0.000030 -0.026861
4.968197 0.003486 -0.021746
4.982769 -0.018436 0.020671
4.998036 -0.000357 0.022908
5.000739 -0.003348 0.019114
5.025046 0.000588 0.007418
4.981546 -0.020820 0.028074
5.018348 0.018659 0.013426
5.006386 0.025892 0.033053
5.032337 0.001977 0.046610
5.011854 0.023971 0.013463
5.012410 -0.017073 0.026041
5.090359 -0.006244 0.007130
4.991614 -0.009641 0.051333
4.984811 -0.009222 -0.042625
4.982272 -0.046252 0.023954
5.088991 -0.006000 -0.045003
5.032000 -0.016808 0.043980
4.996539 -0.013954 -0.000339
5.027733 -0.001823 -0.009902
4.999035 -0.033156 0.016911
4.951398 -0.008324 0.027782
5.014091 0.022710 0.003049
5.040092 0.032741 0.018384
5.032826 0.027513 -0.008184
4.964683 0.017611 0.021383
5.037714 -0.023090 -0.022193
5.018797 0.002865 -0.051573
5.016253 -0.050573 -0.023358
5.045550 0.059746 -0.031470
4.995118 0.006279 0.058437
4.990214 -0.009307 0.051462
4.993756 0.026666 -0.039314
4.999863 -0.044788 -0.026663
5.030176 0.003503 -0.004573
4.982538 -0.001620 0.014033
5.034487 -0.073754 -0.019953
5.009773 0.002034 0.017101
5.013026 -0.004146 -0.010806
4.997635 0.039462 -0.016960
5.003116 0.010500 0.051811
4.995991 0.033764 0.041959
5.003087 -0.001322 -0.004872
4.997325 0.030627 0.011930
5.012059 -0.028757 -0.024025
5.069303 -0.000335 -0.018243
5.047933 0.013454 0.022345
5.000859 -0.004560 -0.000088
4.963518 0.002362 0.013881
5.060514 0.007580 -0.065025
5.002180 0.087185 0.030991
4.980673 0.022733 -0.017260
4.964386 -0.005451 0.007746
4.948835 -0.029475 0.005310
4.992755 0.016844 -0.031440
5.026423 -0.030513 0.054282
4.953527 -0.027777 0.017521
5.054927 0.014451 0.021886
5.005526 -0.025792 -0.009704
4.968643 -0.033361 0.017052
4.971305 0.014587 -0.034055
5.013891 -0.009660 0.047198
5.014712 0.042073 -0.017669
5.006684 -0.024433 -0.007408
4.997137 -0.016776 -0.031465
4.962594 -0.065192 -0.026690
5.023825 -0.042955 -0.036044
5.058727 -0.014095 0.014631
5.024270 0.024876 -0.040669
4.998068 -0.043547 0.078390
4.957154 -0.026435 -0.026218
4.960100 0.045578 0.077673
4.990728 -0.034613 -0.062108
4.997677 -0.004491 -0.014539
5.011641 0.016855 0.014692
4.995516 -0.028049 0.024975
5.005375 0.031651 0.028702
4.962347 -0.038027 -0.017666
4.973312 0.027658 0.015539
5.037976 0.016895 0.011259
5.040992 0.019092 0.007043
5.049414 0.008455 -0.004130
4.979865 0.026091 0.042112
5.003482 0.044237 -0.054100
5.003336 0.003797 -0.016810
5.076516 0.003014 -0.007232
5.005779 -0.055084 -0.017796
5.034497 -0.013868 -0.019866
5.044286 0.045208 0.020510
4.991346 -0.002184 -0.019124
4.975157 -0.026332 -0.013542
4.973958 -0.041911 0.011582
4.012038 0.506024 -0.015050
4.013883 0.464381 -0.002615
4.027330 0.478257 0.014822
3.997331 0.444274 -0.036033
3.980822 0.436340 -0.028719
4.018198 0.490899 -0.022242
4.013503 0.423977 -0.004148
3.984290 0.473057 -0.015364
4.035350 0.447628 -0.014488
3.967401 0.462596 0.031857
4.013200 0.522165 0.047894
3.995774 0.445459 0.019091
3.979859 0.489989 0.015848
4.012694 0.475609 0.056685
4.010129 0.451609 0.050262
4.034027 0.445371 0.005156
4.010861 0.465854 -0.035698
3.958725 0.428378 -0.023942
3.985685 0.474041 -0.000068
4.010892 0.418271 -0.008849
4.022618 0.472849 -0.016737
4.009850 0.520965 0.004472
3.984204 0.449787 0.007765
4.000465 0.454059 -0.038303
3.976121 0.450520 0.000042
3.988014 0.449690 0.006830
4.031682 0.452024 0.016973
3.988752 0.472163 0.016272
4.030975 0.476404 0.022662
4.002047 0.462348 0.036905
3.985438 0.436148 0.010443
4.017458 0.430277 0.002757
4.002180 0.388542 -0.001588
4.000280 0.450191 0.047477
3.968526 0.430261 -0.073366
3.990573 0.443131 -0.010299
4.038230 0.480819 0.007336
3.993882 0.485786 0.004407
3.980452 0.403513 -0.008239
4.027639 0.523296 0.006848
3.982039 0.419451 0.021559
3.952062 0.471510 0.029531
4.018088 0.448410 0.021948
4.010128 0.431656 0.060512
3.994450 0.478273 -0.067558
4.043294 0.499063 0.005895
4.021763 0.471755 -0.014284
4.021414 0.430741 -0.013263
4.038808 0.484240 -0.016191
3.982993 0.435632 0.026979
3.975000 0.465701 0.027405
4.002353 0.485302 -0.004129
3.998584 0.425683 0.035515
3.982004 0.465493 0.002861
3.973417 0.436727 0.046486
4.011050 0.424725 0.014160
4.000617 0.558621 0.013554
3.993581 0.497601 -0.050231
4.007830 0.514833 0.001514
3.953001 0.443122 0.048636
4.016282 0.429834 -0.015557
3.988209 0.465836 0.045146
4.036573 0.468680 -0.034949
3.965162 0.470998 -0.035364
3.998233 0.464125 -0.029128
3.974272 0.452176 0.020110
4.036846 0.473212 0.007210
3.982614 0.422873 -0.010326
4.017298 0.465099 -0.057997
3.981430 0.491135 0.007376
3.962490 0.525675 0.004132
4.016530 0.466986 -0.006028
3.983173 0.518650 0.035096
4.029658 0.472289 -0.025100
4.043326 0.429706 0.013499
3.955818 0.393774 0.014549
3.980727 0.395325 0.021218
4.068602 0.496687 -0.002720
4.005265 0.481631 0.038664
3.994694 0.456025 0.014018
4.021616 0.451008 0.001397
4.046395 0.491286 0.019322
4.056573 0.443407 0.053689
4.021275 0.553131 -0.030774
3.984320 0.467564 0.016917
4.063504 0.434949 0.032148
4.039874 0.476139 -0.023830
4.047233 0.491880 0.022988
4.011130 0.461783 0.002638
4.024224 0.455934 -0.020456
3.973542 0.432439 0.011664
4.004191 0.461460 0.020024
3.986180 0.498970 -0.003031
3.991997 0.469472 -0.050095
3.981284 0.484432 -0.047123
4.038527 0.500334 -0.006084
4.013754 0.488573 -0.009004
4.031033 0.434866 -0.009328
3.981020 0.465279 0.039739
3.999477 0.416863 -0.027481
4.016838 0.510323 0.016812
3.993393 0.477986 -0.002185
3.993651 0.426246 0.047253
3.928824 0.478936 -0.008912
3.992690 0.505769 -0.016424
3.984598 0.451088 0.017415
3.991744 0.407784 -0.020971
4.043440 0.457243 0.018533
3.997157 0.435215 0.055327
3.999354 0.441699 0.037884
3.983329 0.437158 0.005307
4.005008 0.462788 0.067750
4.015087 0.383658 0.014789
4.006136 0.456304 0.012378
4.004140 0.453422 0.023391
3.988738 0.426569 0.095713
3.983524 0.458004 -0.039870
4.008494 0.427003 -0.008274
4.036352 0.469160 0.022052
3.951864 0.510107 -0.030756
4.050857 0.485646 0.022320
3.979350 0.459548 -0.009128
4.005871 0.447504 -0.056158
4.038654 0.452567 -0.009544
3.988190 0.465754 -0.021813
3.937345 0.467214 0.020573
3.999011 0.420563 0.007668
3.961064 0.424183 -0.017521
4.030318 0.444122 -0.008436
4.063641 0.465574 0.015170
3.993909 0.437109 -0.060592
4.034062 0.468449 -0.000375
4.000883 0.477084 -0.041641
3.987304 0.420911 0.058145
4.031270 0.388919 -0.040413
4.001030 0.440827 -0.034731
4.063343 0.464376 0.019244
3.984240 0.476668 -0.006413
3.996500 0.473330 -0.043870
4.052911 0.460472 0.043428
3.972737 0.427305 -0.029857
4.012509 0.456979 -0.008932
3.974578 0.417002 0.003545
3.991032 0.434432 0.051413
4.002530 0.493101 -0.010998
4.012343 0.453336 -0.045929
4.047850 0.450945 0.027393
3.982439 0.450055 -0.021006
4.042080 0.464342 0.016012
4.045746 0.489690 0.027960
3.962348 0.434130 -0.025117
4.026826 0.460120 -0.036715
3.999338 0.410177 0.003405
3.955339 0.470865 0.016339
4.062238 0.480436 -0.007687
4.029542 0.413070 -0.023874
4.014994 0.390253 0.003885
3.974392 0.458039 -0.027332
4.017727 0.455580 0.047011
4.005202 0.431941 -0.002407
3.964673 0.467184 0.022696
4.079076 0.436345 -0.003034
3.987727 0.461363 0.016451
4.003399 0.487590 -0.013509
4.034585 0.471155 0.004639
3.995552 0.527800 -0.019510
4.013938 0.432493 0.058569
4.031605 0.434650 0.020378
4.012731 0.439501 0.027745
4.016679 0.461471 0.003742
4.017932 0.461882 0.006773
3.985770 0.505813 -0.026513
4.017829 0.445393 0.057786
3.977896 0.432942 -0.024095
4.014704 0.413808 -0.009356
3.940429 0.462213 -0.010006
3.960358 0.487568 -0.034230
4.028908 0.433969 0.053047
4.027487 0.424759 -0.022512
4.023166 0.447129 -0.000080
4.043167 0.432539 0.007739
4.033639 0.479274 0.000212
3.996333 0.402836 -0.026687
4.014551 0.450864 0.007248
4.036178 0.419380 -0.002085
4.010661 0.433875 0.047944
4.032258 0.463704 0.058827
3.960033 0.454768 0.015990
3.977563 0.464021 -0.028197
4.025717 0.486735 0.013170
3.949416 0.425996 0.021941
4.005636 0.374180 0.042285
4.009100 0.430428 0.034849
3.984674 0.434346 0.015751
4.058431 0.503708 0.015791
4.018872 0.478745 -0.032710
4.024324 0.432978 0.014554
3.998176 0.470036 0.008543
3.912809 0.460367 0.024265
4.018378 0.451922 0.054265
4.014341 0.468130 0.036335
4.015878 0.428059 -0.068150
3.990686 0.477828 -0.005593
4.029035 0.459462 0.043642
3.996143 0.469028 0.020177
4.050048 0.403801 -0.008752
4.030455 0.501377 0.012202
3.996219 0.477714 0.031061
3.994210 0.464909 0.040416
4.061714 0.477278 0.006324
4.003378 0.471722 0.001530
4.010689 0.423264 0.043912
3.970794 0.442037 0.007928
4.064730 0.442320 -0.014980
3.988475 0.504767 -0.079370
3.974918 0.536939 0.022726
3.971820 0.453742 0.007024
4.030384 0.510185 0.016657
3.988806 0.478613 -0.015948
3.974000 0.402203 -0.041954
3.978107 0.419666 0.014397
3.969018 0.360690 -0.026317
3.990844 0.436837 0.050586
3.986594 0.481428 0.004431
4.003731 0.429939 0.003237
3.982047 0.460101 -0.002087
3.976661 0.484757 0.017805
3.991558 0.459365 0.002485
3.978972 0.457115 -0.013630
3.976652 0.406317 -0.005758
4.022009 0.434160 0.080621
4.031571 0.494130 0.028857
4.060586 0.431390 -0.071822
3.991616 0.471747 0.009546
4.013264 0.494627 0.016462
4.028967 0.426813 -0.027862
4.053423 0.458027 -0.013697
3.986358 0.435526 -0.016269
3.966506 0.409987 -0.000850
3.987212 0.488215 0.013792
4.012960 0.432706 0.001369
4.015830 0.476486 0.002183
4.037374 0.455240 0.028785
3.990304 0.400622 0.013051
4.026760 0.472260 0.017666
3.994542 0.430798 0.021552
4.017793 0.438173 0.038283
3.978514 0.437494 0.054093
4.031057 0.444260 0.013621
4.009644 0.372632 -0.022194
4.003475 0.444302 0.012413
4.038884 0.445354 -0.026730
4.014746 0.445201 0.000318
3.996247 0.522255 -0.062221
3.993350 0.454889 -0.018434
4.031995 0.479398 0.003567
3.996880 0.451641 0.001856
4.002649 0.449360 0.012573
4.027596 0.418092 -0.026520
3.952544 0.480992 0.012510
4.020158 0.412115 0.058548
3.986734 0.460046 0.030632
3.975391 0.438610 0.010375
4.090724 0.464034 0.053191
4.041170 0.466040 -0.024676
4.036793 0.410057 0.053026
4.011000 0.375493 -0.005215
4.024618 0.447889 0.026450
3.979499 0.415821 0.002857
4.005947 0.444548 0.041819
3.979494 0.464395 0.007039
3.958299 0.415429 0.005357
4.064436 0.472378 -0.046769
3.911685 0.476992 0.002114
4.039238 0.428578 0.015506
4.030385 0.441576 -0.007783
4.005758 0.471280 0.004570
4.034220 0.441142 -0.034852
4.064309 0.436861 -0.012053
4.003026 0.457015 -0.006601
4.004477 0.453807 0.010245
3.934275 0.511426 0.000581
4.022419 0.413657 -0.009130
3.984831 0.499092 -0.012574
4.027742 0.435487 -0.008579
3.997633 0.493515 -0.051696
3.965530 0.396581 -0.027625
3.980652 0.406566 -0.017024
3.944559 0.424460 0.041013
4.017108 0.460624 -0.025083
3.958917 0.420825 0.003704
4.031045 0.482071 0.023918
3.982873 0.455736 -0.004640
3.998964 0.516114 -0.047860
3.997960 0.491352 -0.038977
3.985688 0.439129 -0.001699
3.957121 0.472859 0.024989
4.020251 0.428889 0.007595
3.978017 0.445022 0.069604
4.007871 0.419374 0.010410
3.964446 0.419030 -0.026234
3.991671 0.483109 0.022352
4.020690 0.422032 -0.011239
4.013160 0.436150 -0.003351
4.018241 0.444537 0.011782
4.052782 0.449844 0.040380
4.021781 0.410983 -0.028064
3.979992 0.429355 0.002291
4.023439 0.492655 0.014245
3.991630 0.392533 0.007118
4.005773 0.460488 0.068187
4.042218 0.478552 -0.023862
3.989610 0.452155 -0.018262
4.020014 0.465707 -0.027649
4.040905 0.458069 -0.046872
4.003460 0.463436 0.034184
3.994876 0.479838 0.010614
3.965548 0.412545 0.038677
4.040880 0.464687 0.049871
4.036698 0.475509 -0.022339
4.056943 0.471089 -0.006575
3.984952 0.462704 -0.045132
4.025990 0.426393 0.016118
3.989351 0.447067 -0.017707
4.000163 0.511681 0.046552
4.015634 0.454241 0.030326
4.038899 0.430105 0.002677
3.950341 0.488693 0.066951
4.007402 0.391250 0.023267
3.977877 0.435100 0.023797
4.012637 0.440357 -0.014488
4.008775 0.442716 -0.028277
3.995023 0.465188 -0.000343
3.962595 0.484672 -0.077164
3.991609 0.436394 0.009445
4.021850 0.488803 -0.016372
4.022597 0.460875 -0.046346
4.062016 0.411837 0.017585
4.016699 0.463269 -0.009837
4.029818 0.408189 0.003025
3.988084 0.434681 0.017862
4.037324 0.444702 0.028420
4.006492 0.428218 -0.002739
3.996015 0.434100 0.017854
4.012039 0.407281 -0.044546
4.017741 0.430541 0.014061
4.028428 0.416871 -0.037346
4.055233 0.465547 -0.007577
3.976982 0.439687 -0.030717
4.031502 0.431697 0.037806
3.992981 0.423699 -0.007789
3.926275 0.451377 -0.000104
4.029742 0.398411 0.039856
4.029618 0.492561 0.003418
4.035417 0.410863 0.026391
3.981865 0.405458 -0.028724
4.005166 0.430271 0.016282
3.950753 0.391187 0.046172
4.032114 0.423521 0.004910
4.035585 0.467576 0.009447
4.037855 0.433079 0.005935
4.004465 0.446817 -0.006694
4.007186 0.456032 -0.026453
4.029054 0.425708 -0.001547
3.996142 0.465743 -0.058573
4.031727 0.434690 0.041599
3.990655 0.453535 0.062414
3.996680 0.492165 0.006171
4.017463 0.457099 0.030436
3.984434 0.425479 -0.014157
4.007991 0.448375 0.026308
4.044142 0.425725 -0.017018
3.961913 0.515911 0.014140
4.019394 0.414794 0.004965
4.020277 0.447417 0.037271
4.074355 0.426588 -0.025663
3.978667 0.503186 0.036271
4.000934 0.456097 -0.019496
4.031701 0.443603 -0.002802
4.023264 0.449360 -0.002049
4.005317 0.478861 0.054395
4.022565 0.479099 -0.000996
3.983766 0.474620 0.010137
3.962321 0.445158 0.002513
3.989686 0.499452 0.019395
4.046195 0.462903 0.007442
3.976902 0.455358 0.005392
3.963987 0.438814 -0.004698
4.017404 0.468841 -0.012440
4.019066 0.449538 -0.081089
3.990459 0.487370 -0.045454
4.008381 0.502558 -0.017818
4.005064 0.415880 0.053817
4.002500 0.456399 0.045629
4.024844 0.428731 -0.014418
4.019848 0.436276 -0.058517
4.003403 0.410594 0.053488
4.010304 0.427845 -0.015959
3.948318 0.422016 0.035490
4.071954 0.476792 0.002239
3.992041 0.426305 0.066793
3.999338 0.518469 0.046806
3.952776 0.435021 -0.015071
4.002605 0.453191 0.094887
3.972683 0.461869 0.023495
4.004953 0.458305 -0.026344
4.008195 0.470342 0.014828
4.022106 0.497378 0.033109
4.007139 0.419847 -0.013000
3.998411 0.462570 -0.009350
3.976928 0.419354 -0.044535
3.997951 0.410910 -0.025016
3.993183 0.414922 0.016393
4.027207 0.438517 -0.008111
4.021123 0.433580 -0.018482
4.040895 0.481526 0.023047
4.032769 0.395682 0.045615
4.016762 0.485323 0.016615
4.006468 0.446741 0.016014
3.995648 0.481036 -0.042594
3.988753 0.516345 -0.013782
3.997839 0.428523 0.015075
3.982912 0.449432 0.030466
3.984037 0.478658 0.029667
4.036649 0.459216 0.102238
4.036636 0.464746 -0.021278
4.002088 0.497790 0.056286
4.049350 0.478556 -0.032670
4.019615 0.417758 -0.039624
4.012175 0.470696 0.032101
4.019914 0.470948 -0.024540
4.001851 0.409786 -0.055101
4.027219 0.432406 0.031175
4.038250 0.436420 0.022709
3.985165 0.399624 0.008699
3.990874 0.441797 0.064260
3.959224 0.466486 -0.024844
4.032248 0.463953 0.016380
3.976653 0.432032 0.032818
4.058124 0.469409 -0.021923
4.015168 0.527824 0.008073
4.048855 0.432790 0.003737
4.023587 0.466920 -0.017992
3.980714 0.484649 0.040747
4.050364 0.509118 0.009039
3.995664 0.495530 0.026392
3.975526 0.423991 0.019758
3.999682 0.454207 0.037176
4.027771 0.494896 -0.052946
4.012602 0.475841 -0.040798
3.985353 0.429785 0.005651
4.053836 0.515678 -0.019429
4.020797 0.471764 0.016629
4.016969 0.464112 0.055627
4.038074 0.423195 0.028872
4.031771 0.464449 0.038943
4.010642 0.461014 0.008637
3.944453 0.452588 -0.015048
3.969407 0.498021 0.020126
4.004105 0.438056 0.013885
4.034743 0.430191 0.004855
4.031042 0.396920 0.003273
3.992121 0.450985 -0.010049
4.009129 0.512709 -0.004718
4.013751 0.514842 -0.011500
4.059440 0.455160 0.058457
4.027506 0.464213 0.003031
3.986279 0.457274 0.031921
4.004607 0.445501 -0.002523
4.034774 0.491755 -0.015015
3.984942 0.466381 0.050826
4.039380 0.417444 -0.002922
3.977082 0.446975 0.053132
3.962322 0.406434 -0.019857
4.013619 0.473623 0.018123
4.040271 0.402107 0.040650
3.995637 0.476945 -0.034703
4.005149 0.462088 0.039673
3.957442 0.455923 -0.027557
4.020165 0.478316 0.043615
3.988949 0.482817 0.045827
3.955703 0.473370 0.033755
3.997238 0.418677 0.033289
3.969015 0.449649 0.003796
4.026466 0.436201 -0.015538
4.007967 0.485192 0.073624
3.959776 0.464460 -0.027596
4.035564 0.426844 -0.015239
3.987322 0.452714 0.014696
4.019511 0.454827 -0.034897
4.026834 0.453411 0.039852
3.983768 0.406932 0.003979
4.043879 0.459828 -0.000990
3.978890 0.507733 -0.025888
3.983238 0.472101 -0.050681
4.043238 0.473726 0.031977
4.021744 0.450166 -0.026894
4.000798 0.425743 0.019585
4.029203 0.499304 0.016153
4.032737 0.446086 -0.009348
4.019210 0.443406 0.013076
3.973164 0.428551 0.024062
4.031601 0.425430 0.025118
3.989018 0.455495 0.047508
4.029225 0.478876 0.062264
3.983884 0.425424 -0.016664
3.997365 0.384363 -0.001223
3.988663 0.478513 0.015573
3.986979 0.472699 0.026698
3.981944 0.440209 -0.061761
3.972280 0.432726 0.007225
3.976639 0.439596 -0.031760
4.010133 0.467771 0.017071
4.005371 0.408768 -0.013599
3.992781 0.442901 0.007249
4.047766 0.479363 -0.024626
4.025352 0.474209 -0.019182
4.030466 0.450189 -0.037299
4.018656 0.461509 -0.001830
4.003876 0.433427 0.023304
4.003696 0.459993 0.015714
3.970362 0.428172 -0.061298
4.021942 0.418634 0.008977
4.016130 0.473071 -0.031121
5.003045 0.055108 0.056429
5.034620 0.015125 -0.025153
5.026559 0.000259 0.021816
4.986015 -0.000188 0.009924
5.012388 0.019812 -0.012376
4.964701 0.053744 0.079678
5.018423 -0.034720 -0.018196
5.020274 0.045233 -0.031387
5.001270 0.010878 0.030937
4.994692 -0.041914 0.023636
5.038744 0.002522 0.017157
4.990765 -0.020373 0.035793
5.016625 0.019711 0.050063
4.973355 -0.011561 0.009738
4.988071 0.028494 -0.000622
4.975224 0.006973 0.010110
5.033040 0.016794 0.018834
5.014609 -0.000647 -0.016487
5.013665 -0.004994 0.055695
5.045265 0.023985 0.016354
5.002361 -0.032834 -0.001485
5.008042 0.011884 0.019086
5.032640 -0.015765 -0.015492
5.048526 0.028129 -0.006723
5.001784 0.001919 0.005947
5.019180 0.081050 0.010693
5.024878 -0.045594 -0.009547
5.041864 0.017069 -0.126673
5.025221 0.062545 -0.054877
5.050582 -0.078159 0.033140
5.004741 -0.065499 0.018384
5.039525 0.015917 0.022545
4.992650 -0.050842 0.025756
5.057493 0.038887 -0.054636
4.959553 -0.020379 -0.042789
5.006326 0.016802 -0.037908
5.028314 0.023033 -0.011445
4.999824 -0.053494 -0.004968
5.005222 0.010062 0.016366
5.012327 -0.002930 0.013586
5.035061 0.002135 0.014528
4.999415 -0.014403 0.020686
4.988343 0.016584 0.005848
4.995882 -0.004844 -0.010244
4.955626 0.016487 0.011946
5.030490 -0.010944 0.061862
4.993608 -0.021253 -0.024811
4.952982 0.050979 0.046132
5.023022 -0.021883 0.059338
4.994448 -0.003071 0.048118
5.024767 0.071033 0.012462
4.993089 -0.013354 -0.050410
4.996642 0.039338 0.022965
5.005609 -0.024848 0.011806
5.035384 0.017922 0.010002
4.981091 0.031015 -0.088957
5.016485 0.082110 -0.040251
4.997759 0.004763 -0.008877
5.036091 0.019174 0.009569
5.028918 0.005503 0.100396
5.009540 0.010858 -0.046314
4.988696 0.039421 -0.035064
4.940273 0.005969 0.046122
5.006271 -0.005084 -0.050755
5.018568 0.024838 -0.048452
5.039036 0.027971 0.038969
5.022506 0.024610 0.020622
5.031054 -0.049563 -0.040032
4.982920 0.001105 0.016644
5.014740 0.038513 0.039455
4.978828 0.012157 -0.020435
4.999353 0.014654 -0.097261
5.077337 0.021992 -0.012871
5.062821 -0.005423 0.008976
4.990387 0.054560 0.001850
5.009485 0.041113 0.022554
5.003370 0.038312 0.081154
5.014522 0.008503 0.010119
5.044313 -0.012976 -0.003350
4.958877 -0.030516 -0.010534
5.003322 0.058072 0.021080
4.977638 -0.016839 0.046242
5.038798 0.005844 -0.008276
5.038748 -0.024800 0.016761
5.073180 0.011161 -0.018268
5.017311 -0.009100 -0.036823
5.026031 0.038535 -0.004327
4.993683 -0.023847 0.000502
4.988129 -0.025331 0.061765
5.018995 0.022172 0.031502
5.028131 -0.007393 0.013177
4.996929 0.018154 0.015251
4.993520 -0.034879 0.009387
4.998872 -0.051711 0.020230
5.033960 0.080851 -0.006736
4.988839 -0.028283 0.011259
5.011070 -0.019339 -0.000248
4.945640 0.032791 -0.018120
5.003960 -0.037801 -0.012471
4.996612 0.004661 0.019392
5.048172 0.026981 0.033865
5.048383 0.022091 0.003899
5.035273 0.037190 0.024457
4.961361 -0.020244 -0.003246
5.028389 0.004360 0.039106
5.044457 0.040975 0.041166
4.973890 0.019479 -0.013226
4.955528 -0.003624 0.044742
5.018822 0.065534 0.010317
5.078434 0.010326 0.005674
4.966618 0.038317 -0.010064
4.985589 0.043437 0.039747
5.038962 -0.005866 0.003471
5.003204 0.028476 0.051607
5.016044 0.064247 0.031916
4.997956 0.029861 0.056178
5.064949 0.040607 0.005770
4.998499 0.022282 0.055219
5.018013 0.018636 0.006542
4.995163 0.000136 0.009063
5.056543 -0.002191 0.006578
4.979039 0.026499 0.046000
5.053735 0.011101 0.022231
5.000393 0.020841 0.014419
5.006748 0.009133 0.018558
4.996175 -0.002275 0.056221
5.086316 -0.031131 -0.032784
4.976285 0.001901 0.031873
5.022738 0.010161 0.020868
4.984237 -0.002324 0.004397
4.957474 -0.029839 -0.028647
5.027923 0.012361 0.023332
4.949810 -0.039507 0.024896
4.921640 0.041739 -0.049700
5.030300 -0.021658 0.036467
5.101245 -0.063195 0.025861
4.950755 0.017803 -0.001203
5.008893 -0.022351 0.028416
4.961549 0.042249 -0.007278
4.962919 0.052848 0.002980
5.062229 0.041641 -0.018944
5.002450 0.008631 0.050789
5.018126 0.010289 -0.000996
5.003483 0.044138 0.005111
4.993150 -0.011935 -0.011613
4.962937 -0.017511 0.049953
4.998802 0.026132 -0.069363
5.022049 0.000159 -0.009443
5.010429 -0.009875 -0.058716
5.032667 0.012291 -0.004418
4.976014 -0.039096 0.011717
5.053403 0.011095 -0.036483
5.011754 0.003400 0.030921
5.023202 -0.084575 0.021357
4.974896 -0.037652 -0.000654
5.017329 -0.044222 0.026137
5.027900 0.006409 -0.021029
4.975619 0.035778 -0.040337
5.036934 0.000044 0.002125
4.953757 0.000599 0.023408
4.964908 0.019959 0.007670
4.985687 0.030640 -0.061068
5.015400 0.053583 0.048198
5.016694 -0.004050 -0.014074
4.995912 0.021314 -0.019217
5.027723 0.068995 0.003144
4.964668 -0.035342 0.028297
5.003208 0.031305 -0.011009
5.029919 0.000251 -0.016975
4.992970 -0.030912 0.064681
5.002109 0.024335 -0.011106
4.973442 -0.002016 0.038036
4.989378 -0.021116 0.009664
5.019971 0.054285 0.015613
5.024320 0.026578 -0.029590
4.976100 -0.027517 -0.034964
5.028864 0.013702 0.007385
4.927219 0.066664 -0.021828
5.066554 -0.038477 -0.019372
4.938915 0.015864 -0.028038
4.972810 -0.036175 0.028321
5.026344 0.059361 -0.015571
5.011565 -0.033680 -0.005051
4.989435 0.018933 0.035511
5.034732 -0.020284 0.034954
5.003677 -0.004738 -0.016255
4.988202 0.057269 0.014222
5.010238 -0.002867 0.078379
5.044150 -0.016632 -0.003208
4.998573 0.009376 -0.016037
5.018164 0.048563 -0.034409
4.971156 -0.009495 -0.008104
5.064954 0.035051 0.033330
4.997069 -0.003589 -0.038551
5.028452 0.019732 0.043580
4.998675 0.000747 0.010101
5.031757 -0.039106 0.027082
5.004385 -0.026759 -0.057538
5.000906 0.048431 0.055241
5.015661 0.063860 0.003712
5.033599 -0.008537 -0.010438
4.984675 -0.056816 0.043613
4.985751 -0.019043 -0.030399
4.998869 0.057905 0.067813
4.955174 -0.005633 -0.026031
5.034650 0.013598 -0.014097
5.007177 -0.009323 0.053427
5.021409 0.025095 -0.075008
5.002996 0.067496 0.044784
4.949587 -0.004403 -0.031046
5.056333 0.012328 -0.018034
5.006025 -0.073221 -0.027549
5.006093 0.030370 -0.053239
4.993565 0.035291 -0.038544
5.011875 0.006979 0.056431
4.998096 -0.000148 0.030649
4.965210 -0.001626 -0.008672
5.000833 0.030452 0.021625
4.982540 0.009101 0.049713
4.980059 0.009355 -0.000795
5.003110 -0.043920 0.047323
4.981769 0.035782 -0.013641
4.986235 0.041394 0.034817
5.011260 0.027835 -0.003657
5.004749 -0.014849 0.032122
4.984198 0.049555 -0.004475
5.005615 0.027762 0.005716
4.996063 0.004099 0.031815
4.985114 0.001213 0.005309
5.030938 0.002005 0.059249
5.000304 -0.002131 -0.000131
4.965501 -0.026102 -0.010920
5.039075 0.004006 -0.009539
5.041796 0.051535 0.042661
4.979407 -0.009857 0.059412
5.012234 -0.003029 0.026550
5.035219 -0.012143 0.011583
5.032797 -0.029809 0.005370
4.971568 -0.024507 -0.011893
5.019314 -0.004661 -0.014453
5.006547 -0.029409 0.017864
5.038942 0.002624 -0.001079
5.016203 -0.055854 0.021105
5.098057 0.001320 0.001426
5.027308 0.054360 0.034249
4.940332 0.021902 0.082158
5.023673 -0.029638 0.013455
4.966579 0.041984 -0.023676
5.007227 -0.020733 -0.011393
5.049585 0.008104 -0.011776
4.970643 -0.051151 -0.032538
5.008359 0.034407 -0.011811
5.052116 -0.016525 -0.002140
4.972613 0.034723 0.067925
4.952145 -0.005385 0.042943
4.961592 0.022001 0.041644
5.007347 0.021508 0.057827
5.063453 0.003141 -0.010971
4.977401 0.034309 -0.036153
4.997423 0.008081 -0.010090
5.013395 0.081935 0.001352
4.991938 0.035460 0.012188
5.048180 0.009941 -0.002453
4.951488 -0.043592 -0.050071
5.016380 -0.035867 0.042667
5.005907 -0.002326 -0.020316
5.023668 -0.019135 -0.024561
5.040650 0.015639 -0.002048
5.024243 0.005268 0.016490
4.980495 0.067112 -0.012389
5.051680 -0.000666 0.029213
5.027027 0.039406 -0.020219
5.037269 0.060393 -0.002761
5.006041 -0.010703 -0.005393
5.056343 -0.025127 -0.023264
5.053327 0.023736 0.068611
4.991487 0.008788 -0.014820
5.009299 -0.048223 0.025549
5.014704 0.003273 -0.006711
4.978157 0.026831 -0.030133
5.020357 0.067234 0.049566
4.959846 -0.011102 0.017644
5.002892 -0.036982 0.016559
5.004699 0.062430 -0.002597
5.040040 -0.033013 -0.025840
5.026650 0.037512 -0.023722
5.005722 -0.036447 -0.000437
5.030108 -0.008049 -0.002471
4.971106 -0.014451 0.057743
5.007188 -0.025069 -0.004443
4.957077 -0.025425 0.045810
5.000726 0.061722 0.002140
5.003921 0.024227 -0.075178
5.011148 0.003530 0.049581
5.033940 -0.029011 0.042264
4.997131 -0.022134 0.010913
4.998917 0.051154 0.015219
5.011170 0.032019 0.037786
5.028508 0.047584 0.023260
5.010030 0.042175 0.002273
5.005997 0.056647 0.053658
5.004755 -0.008607 0.048895
5.029013 0.014467 -0.004656
5.014951 0.004349 -0.014930
5.008871 0.012963 -0.006262
5.032115 0.043665 0.034097
4.996713 0.027675 0.007339
4.967928 0.025182 0.009384
5.082806 0.048718 0.026335
5.012475 0.009912 -0.025111
4.952830 -0.021177 0.003568
4.941834 -0.011330 -0.002428
4.998537 -0.014852 -0.005245
5.056717 0.024864 -0.011809
5.002950 0.004151 -0.018039
4.981926 0.035316 -0.007594
4.972159 0.003706 0.008540
4.945819 0.003778 0.031039
5.018537 0.071894 0.042533
5.048468 0.089003 0.027745
5.009892 0.034212 -0.011777
5.008231 -0.014432 0.016940
4.985443 -0.015608 0.017404
5.000869 -0.052826 -0.038667
4.970582 -0.021489 0.017433
5.011568 0.036958 0.027584
5.037157 0.023252 0.011290
5.037981 0.032582 0.016283
5.043132 -0.065374 -0.003714
4.995826 0.039580 0.052142
4.961495 0.047335 -0.030143
4.970764 -0.002029 -0.004546
4.958247 0.024496 0.025382
5.036621 -0.008004 0.003813
5.004087 0.055640 -0.080027
4.976292 0.005166 -0.027567
4.997250 0.001218 -0.014731
5.006934 0.023844 -0.002088
4.991404 0.000027 0.004777
4.952790 0.018847 -0.008530
5.042846 0.022732 0.040102
4.974670 -0.006142 -0.032274
4.983844 0.042563 0.049625
4.970556 -0.008748 0.002714
5.022568 -0.047794 -0.043090
5.019689 -0.053471 -0.008404
5.009863 0.017470 0.000748
4.994027 0.030337 0.013556
4.985590 0.006132 0.016495
5.056547 0.028590 0.041437
4.986682 -0.010725 -0.002061
5.000693 -0.025241 0.042978
5.031501 -0.004170 0.024251
5.011687 0.026595 -0.035329
5.000630 0.003259 0.023709
4.986147 -0.069998 -0.027451
5.003169 0.006917 0.055512
5.022482 0.007446 0.004028
5.038126 -0.012703 0.000791
4.972322 0.047567 0.016775
4.983774 0.001566 0.020290
4.997478 -0.011034 -0.014628
5.015169 -0.005742 -0.008613
4.964918 0.007329 -0.000437
4.995351 0.010963 0.027440
5.026047 0.021582 -0.002220
4.987990 -0.026317 -0.012795
5.005590 -0.018589 0.007882
4.976036 -0.044830 0.029582
4.990768 -0.020111 -0.027815
5.017691 0.046247 -0.007092
4.998533 0.037149 -0.049313
5.064006 0.078323 -0.076190
5.002075 -0.016568 -0.002943
4.992448 0.029353 0.001623
4.977673 -0.000166 0.020444
4.969488 -0.044387 0.064782
4.985727 0.000879 -0.006934
5.021443 0.058184 0.022398
4.959449 -0.036524 -0.006969
4.996953 -0.046659 0.029580
4.972410 0.049799 0.059619
4.997552 0.018169 -0.031958
5.023710 -0.009946 -0.027617
4.996320 -0.008972 -0.004755
5.033490 -0.018559 0.057051
4.965248 0.053463 -0.025495
5.004970 -0.009706 -0.005312
5.029041 0.049995 0.040716
4.992854 0.010528 -0.018462
4.975253 -0.029389 -0.008127
5.012488 -0.052354 0.003609
5.050481 0.038657 -0.012556
4.963094 0.018795 -0.064523
5.038305 -0.001408 0.059939
4.953191 0.032544 0.001985
4.995068 -0.036095 0.022872
5.025284 0.058554 0.035242
4.987183 -0.025116 -0.036055
5.049197 -0.018345 0.049407
4.020752 0.464897 -0.004206
4.024820 0.454536 -0.006076
4.025880 0.450681 -0.018950
4.022995 0.453080 0.019667
3.991384 0.418726 0.057052
4.051398 0.481514 -0.006634
3.995990 0.496470 -0.005615
3.986023 0.511167 0.003570
4.058053 0.413048 0.020546
4.067132 0.455893 -0.002920
3.969967 0.487470 -0.018104
4.002156 0.417965 0.051707
4.039647 0.454052 -0.029624
4.051077 0.444022 -0.028156
3.952136 0.435621 -0.038639
3.986315 0.477332 -0.006262
4.015671 0.433300 0.006955
4.062627 0.444545 0.016533
3.958034 0.500603 -0.009316
4.036516 0.451305 0.023347
4.025130 0.441427 0.037757
3.982230 0.478338 -0.006706
4.015487 0.441140 0.006499
3.972759 0.462427 0.006326
3.988795 0.453349 0.009020
3.986509 0.451137 -0.025167
4.075372 0.486774 0.013193
4.040163 0.395622 -0.071730
3.993021 0.413643 -0.002098
4.011170 0.482612 -0.029148
4.016989 0.455432 0.015425
3.989407 0.496494 0.001895
4.058225 0.431288 0.027285
4.003210 0.445168 0.023969
3.996025 0.375141 -0.086886
4.043173 0.491908 0.061620
4.004474 0.416221 -0.007588
4.005343 0.424789 0.054457
4.072185 0.469348 0.004674
3.966151 0.501393 0.007289
3.996325 0.469435 -0.012571
4.009406 0.411726 0.037613
4.001868 0.489764 -0.001034
4.000914 0.418630 0.027793
3.978725 0.440407 0.005031
4.008637 0.403817 -0.001924
4.028857 0.443650 -0.001742
4.009872 0.451221 -0.025915
4.003910 0.484822 -0.026535
3.993766 0.413551 0.033241
4.002229 0.429494 0.007768
3.968892 0.423995 -0.038804
3.972997 0.495720 -0.016994
4.018987 0.429911 0.027786
3.974218 0.456177 0.006586
4.074834 0.473913 -0.012787
4.025551 0.519145 -0.043889
3.979726 0.447893 -0.007513
3.995017 0.415873 0.047119
3.962322 0.448994 0.036375
4.004094 0.425618 -0.035460
3.998100 0.432289 0.011157
3.962956 0.479391 0.008466
4.010695 0.498232 -0.008134
3.983225 0.438567 -0.000776
4.002271 0.430079 -0.055693
3.988172 0.465795 0.009088
4.040987 0.513665 0.027780
4.046476 0.478003 0.056297
4.060526 0.483535 0.026191
3.998843 0.453760 -0.005135
4.023638 0.433390 -0.000733
3.934345 0.506693 -0.001614
4.018667 0.498734 0.014009
4.048330 0.417748 0.076921
4.037613 0.461276 0.047752
3.969941 0.446342 0.048328
3.948988 0.471814 0.020965
4.064077 0.407511 0.053289
3.988216 0.441590 -0.031660
3.972364 0.467106 -0.028370
4.027209 0.435111 -0.031391
3.989166 0.465101 -0.003321
4.006026 0.475886 0.037473
3.995697 0.423673 0.007283
4.019119 0.411178 -0.021718
3.983424 0.448765 -0.017831
4.026211 0.406846 -0.042392
3.994983 0.449730 -0.038639
3.986798 0.442969 -0.006799
4.009556 0.435153 0.049335
4.019646 0.430787 0.007835
4.008720 0.491442 -0.013011
4.028020 0.456256 0.049747
4.043727 0.460909 -0.002868
4.020198 0.449586 0.055409
4.007354 0.442831 -0.008788
3.968609 0.471697 -0.019600
4.037944 0.416212 0.008817
4.039507 0.390433 0.065548
3.992241 0.459233 0.022143
4.026784 0.463217 0.034922
4.020572 0.507826 0.020670
4.063939 0.482032 -0.049173
4.083333 0.437770 0.049866
4.005804 0.486833 -0.015654
4.023772 0.447404 0.052370
4.018160 0.483078 -0.059922
4.002433 0.467317 0.011708
4.033835 0.444023 0.006464
4.040437 0.386639 0.022681
3.994983 0.427630 0.015096
4.041824 0.486174 0.000947
4.031272 0.481042 0.002379
3.984208 0.435943 0.030136
4.003736 0.423615 -0.045546
4.029955 0.438597 0.014912
4.042191 0.415732 0.003646
3.999879 0.466392 0.042175
3.965116 0.472094 0.035946
3.999409 0.450877 0.017553
4.015345 0.472471 0.021838
3.975541 0.484708 0.040003
4.010582 0.410175 0.001558
4.010832 0.420662 -0.005804
3.962719 0.473219 0.009979
3.955627 0.465544 0.003305
4.020492 0.443254 -0.019044
3.981875 0.438855 0.005565
4.009439 0.449278 -0.007700
3.994458 0.530232 -0.018122
3.988261 0.553816 0.017630
3.963601 0.480281 -0.022301
4.032272 0.448671 -0.008194
4.053275 0.471992 0.034190
4.018048 0.441667 0.023341
4.041276 0.459042 0.059049
4.030515 0.461359 0.012545
4.009117 0.417463 0.002298
4.011636 0.442517 0.015130
4.005639 0.478211 0.024893
4.010015 0.413984 0.058722
4.000743 0.452573 -0.005276
3.990348 0.501322 0.046581
4.018332 0.451775 0.023574
4.007214 0.449293 0.015143
3.991765 0.462568 0.011127
4.023088 0.436426 0.026304
3.977811 0.437823 -0.010868
3.972838 0.485470 -0.024072
3.984033 0.492662 -0.012117
3.999356 0.424639 0.029989
4.030402 0.477168 0.021126
4.007208 0.439269 -0.019449
4.043697 0.477944 -0.015799
4.006195 0.445997 -0.028846
4.010330 0.442535 -0.023576
3.960626 0.408086 -0.006143
4.002447 0.428741 0.024522
4.003034 0.472307 -0.000487
3.981386 0.458424 -0.032880
4.021183 0.426886 0.032547
3.994846 0.486876 -0.028679
3.984667 0.466428 0.040115
4.054998 0.456241 0.060132
3.996310 0.487963 -0.023265
4.017606 0.384749 -0.028648
4.019000 0.415627 0.017808
4.032194 0.439960 -0.024069
3.990774 0.426026 0.001964
4.008063 0.445820 0.055231
3.983418 0.496743 -0.026237
4.007183 0.490493 0.038941
3.992392 0.471652 0.017635
3.988802 0.473478 0.060875
4.019151 0.471991 0.025165
3.961171 0.468807 -0.025503
3.987303 0.519858 -0.002598
3.982795 0.489577 -0.023430
3.991577 0.492472 0.006283
3.958152 0.471320 -0.006894
4.051196 0.436814 0.036537
4.058271 0.429472 -0.000796
4.016659 0.429280 0.013109
3.998252 0.447648 0.006468
4.007138 0.459916 -0.012965
3.988345 0.451442 0.003657
3.991835 0.464718 -0.049443
3.983086 0.446602 -0.020683
4.053876 0.455566 0.010303
3.990503 0.454527 -0.031458
3.999905 0.426890 -0.003322
3.928203 0.421160 0.048918
4.029912 0.494571 0.046632
4.025190 0.441414 -0.026118
4.039402 0.456937 0.079821
3.994047 0.514187 0.000296
4.045081 0.505901 -0.025688
3.990450 0.424011 -0.031898
4.025012 0.449101 0.006571
4.021687 0.399278 0.043603
3.994527 0.470972 0.023621
4.046124 0.451854 -0.058709
4.006714 0.461021 -0.026028
4.009425 0.444169 -0.035283
4.025145 0.438088 -0.007191
3.991123 0.492064 0.003773
4.007373 0.441781 0.018886
4.045480 0.474436 0.025606
4.023187 0.413593 -0.021284
3.998850 0.433224 -0.026936
3.948835 0.414604 -0.002696
4.002917 0.431208 0.007368
3.991985 0.487717 0.000151
4.025890 0.461096 -0.037062
4.002280 0.417931 0.001756
3.982646 0.466459 -0.035271
4.005441 0.472172 0.032228
3.982075 0.455533 0.010524
4.051414 0.410560 -0.022333
4.089134 0.446807 -0.051730
3.987523 0.371934 0.012228
4.029294 0.427650 -0.009122
4.032710 0.402494 -0.034647
3.998157 0.432430 -0.003816
3.967087 0.461429 0.000523
4.021476 0.461012 0.011201
3.961611 0.469778 -0.004926
4.000002 0.486448 -0.016583
4.045536 0.498334 0.027584
3.975581 0.389411 0.037365
4.008342 0.432644 0.040207
3.979153 0.442275 0.020747
3.971592 0.451716 0.037674
4.011333 0.492423 0.039008
4.005232 0.384898 -0.028173
4.027900 0.408492 -0.004801
4.015154 0.499087 -0.012251
3.985695 0.453427 0.015527
4.000373 0.486478 -0.018974
4.008605 0.468356 -0.007007
4.030191 0.459469 0.028665
4.010823 0.466292 -0.013972
3.986077 0.491732 0.024065
3.974311 0.460426 -0.066213
3.987782 0.483831 0.001246
4.008537 0.364509 -0.006768
4.015148 0.468959 0.033871
3.998692 0.450030 -0.034964
3.998864 0.417153 -0.050436
3.972445 0.500261 -0.003117
4.011596 0.439595 -0.048717
4.033083 0.389834 -0.011644
4.003362 0.461915 -0.016794
3.949861 0.430967 -0.017463
3.981807 0.484102 -0.031408
4.014029 0.459749 0.033814
4.001006 0.478734 -0.000167
4.018032 0.409912 -0.074148
4.016326 0.467935 0.019265
3.989252 0.499692 -0.008796
4.017626 0.472839 0.056562
3.995489 0.435404 -0.039944
4.051571 0.467642 0.018592
4.098501 0.464751 -0.034070
3.999123 0.425757 -0.006876
3.992922 0.437389 -0.036798
4.052775 0.463965 -0.001764
4.027729 0.469132 0.013271
4.025550 0.459018 0.025107
4.027593 0.459882 -0.001612
4.050912 0.440663 0.016739
4.017417 0.436713 -0.019235
3.994384 0.440233 -0.038744
3.985455 0.462987 0.042978
4.021632 0.377014 0.024239
3.988255 0.468592 0.004576
3.999219 0.451933 0.004327
4.045332 0.454410 0.037566
4.033197 0.475011 -0.048599
4.038499 0.441263 0.026472
3.975824 0.419448 0.064292
3.976291 0.489383 0.008553
3.992396 0.453655 -0.034033
4.004587 0.422518 -0.006863
4.032759 0.462626 -0.039465
4.030545 0.454787 -0.011266
4.027400 0.449984 -0.029970
4.060434 0.454481 0.002558
3.992847 0.490399 -0.010746
3.958651 0.434640 0.044803
4.029964 0.447350 0.046198
4.027438 0.447002 0.000023
4.014880 0.430043 0.005135
4.014255 0.404391 -0.000680
3.995908 0.485842 -0.050335
3.993555 0.440547 0.033802
4.003694 0.508883 0.024866
3.992693 0.462190 -0.005622
4.030782 0.415034 -0.019711
4.018671 0.491773 -0.061059
4.046234 0.450796 -0.051516
3.914948 0.409118 0.004409
4.003023 0.473996 -0.011485
3.971759 0.442607 0.006008
4.011923 0.431325 0.032043
3.986358 0.428908 -0.011272
4.037245 0.451016 -0.015835
4.032783 0.519282 0.011290
4.042015 0.486082 -0.013169
4.005799 0.416524 -0.001148
3.986214 0.442913 -0.017497
3.996387 0.470967 0.001415
3.949069 0.432616 -0.040582
4.012322 0.470100 0.012696
3.981378 0.462406 -0.009103
3.970853 0.477258 0.029541
4.033467 0.436750 0.040381
3.990193 0.474605 -0.010327
3.998281 0.382365 -0.004057
4.007733 0.442699 0.057686
3.970126 0.438093 -0.022146
3.988087 0.485942 0.049341
3.983976 0.433310 -0.029714
4.044189 0.488630 0.001821
3.963117 0.415800 0.010119
4.021480 0.393016 -0.004639
4.053549 0.448475 0.049689
4.024471 0.422472 -0.003780
4.001139 0.426425 -0.024096
4.050203 0.425679 0.037353
3.991905 0.454231 0.021855
3.987043 0.472037 -0.056393
4.018191 0.380944 -0.001805
4.030627 0.473669 -0.033952
3.969910 0.434340 0.010586
3.944042 0.454603 0.014343
3.996509 0.470760 0.011712
3.988750 0.396914 0.009002
3.976408 0.437650 0.019374
4.047520 0.453858 0.021622
3.961666 0.462366 0.003203
4.041877 0.438786 -0.002249
4.036764 0.452239 -0.028265
4.081549 0.422642 0.003059
4.015401 0.463029 -0.000692
3.999457 0.447952 -0.028478
4.069507 0.448400 0.022908
3.994960 0.444357 -0.008663
3.958505 0.450181 -0.007210
4.040146 0.419099 -0.012314
3.978047 0.498276 -0.021082
4.021869 0.484105 0.000616
3.963696 0.414075 0.030793
3.967182 0.466761 0.008430
4.016314 0.469148 -0.023010
3.975734 0.476448 -0.013880
3.922496 0.474463 -0.026088
4.019014 0.496785 0.005503
4.034873 0.459614 0.052623
3.973137 0.454754 0.025195
3.999288 0.489567 -0.007961
4.067081 0.518666 0.013462
4.021578 0.490750 -0.030616
3.965640 0.492693 0.013220
3.998205 0.455334 -0.066581
3.999283 0.432409 0.032542
4.034851 0.472300 0.016864
3.960080 0.472719 0.023882
4.042356 0.518546 -0.045777
3.993346 0.432732 0.010175
4.005402 0.447978 0.035828
3.971958 0.423766 -0.025727
3.994190 0.418142 0.003543
4.000035 0.431405 0.031213
4.003215 0.486879 -0.000851
4.004274 0.438117 0.004789
4.026367 0.442660 0.020552
3.980618 0.477772 -0.012397
4.030550 0.456829 0.050629
3.970378 0.410715 -0.013487
3.963462 0.413518 0.023647
4.004875 0.440610 -0.006609
3.987083 0.504511 -0.017065
3.965336 0.478882 -0.001473
4.066163 0.439214 0.030380
4.037466 0.439360 -0.017288
4.027241 0.472247 -0.037318
3.971147 0.378907 0.022862
3.997145 0.450135 -0.045743
3.972057 0.440661 -0.015170
4.008535 0.472504 0.073088
4.004399 0.488462 -0.019899
3.954752 0.444431 -0.042932
4.005440 0.431586 -0.053628
4.057081 0.438873 -0.044129
4.031945 0.433142 0.037705
3.982998 0.438773 0.015345
4.022797 0.478055 0.002308
4.020859 0.477369 0.011017
4.000720 0.411641 0.022975
4.006265 0.442592 0.043333
3.962165 0.504321 0.004332
4.014526 0.443149 -0.045012
4.000812 0.465042 0.025287
3.999059 0.389224 -0.041250
4.066561 0.422224 0.047811
3.976977 0.449526 0.023756
3.980394 0.502766 0.007272
4.018826 0.446972 0.024762
4.052364 0.451061 0.056891
3.986652 0.477923 0.019673
3.972943 0.461414 0.005221
3.979404 0.465740 0.009389
4.002822 0.452943 0.002300
3.993969 0.459195 -0.014317
4.084704 0.412720 -0.012542
3.989828 0.516215 -0.034604
4.017778 0.462452 0.015008
4.042090 0.491475 -0.008529
4.010821 0.399077 0.007973
3.981180 0.449409 -0.045561
4.017146 0.404103 0.009449
3.968205 0.429511 0.039642
4.022638 0.489476 0.051792
3.981815 0.499969 -0.038965
4.027383 0.440200 -0.022909
4.023434 0.483349 0.032458
4.011446 0.458959 0.020806
4.014113 0.471241 0.011120
4.030284 0.406184 0.001062
3.963485 0.463301 0.054258
3.990777 0.458818 0.027695
3.942968 0.439337 0.015935
3.918090 0.425696 0.038026
4.035090 0.466230 0.031466
4.011453 0.471662 -0.004470
4.008474 0.436029 0.042905
4.050647 0.496397 -0.007243
3.976387 0.493309 0.021317
4.014858 0.435991 0.017770
3.972442 0.474022 0.046367
4.053931 0.476256 -0.036461
4.010920 0.519190 -0.021058
4.003225 0.497406 0.023514
4.079405 0.433014 -0.024693
4.041724 0.419124 -0.000903
4.003031 0.486080 0.023428
4.018712 0.442927 0.041450
4.125775 0.475738 0.007990
3.966064 0.435876 -0.001411
3.988962 0.454518 0.058340
4.042415 0.450235 -0.031248
4.045121 0.453528 -0.046795
4.026373 0.485771 -0.067777
3.980263 0.451686 0.027035
3.989528 0.430036 0.026815
3.990950 0.471262 -0.028345
3.964430 0.477658 0.012576
4.032674 0.439022 -0.018853
4.045822 0.409311 0.042544
4.044615 0.480803 -0.015634
3.980504 0.448698 -0.033851
3.976149 0.474342 0.024480
3.973513 0.475284 0.018629
4.050297 0.472074 0.036757
4.019312 0.484398 -0.033614
4.001348 0.453831 -0.002312
4.018317 0.474031 0.016768
3.999692 0.432928 0.037916
4.015492 0.424442 -0.000811
3.952701 0.456061 -0.000951
3.987766 0.502538 -0.029685
4.026192 0.520601 0.037318
4.004054 0.420978 -0.035862
3.992653 0.434390 -0.016586
3.995211 0.451933 0.019556
3.967866 0.434533 0.000210
3.999135 0.510093 0.011967
3.956592 0.467545 0.021370
4.001246 0.418598 0.057742
3.972903 0.474823 0.011002
4.023024 0.506206 0.021849
3.988240 0.488180 -0.013933
4.009907 0.416207 -0.025998
4.006542 0.466043 -0.046072
4.019919 0.430417 0.043391
3.994441 0.421291 0.007274
3.977513 0.493068 0.005016
4.000450 0.472754 -0.025148
3.966325 0.467251 -0.027990
3.972000 0.480103 0.020752
3.967385 0.436426 -0.022112
4.058290 0.482180 -0.007625
4.022286 0.414314 -0.015179
4.008146 0.468567 0.002076
4.012440 0.457350 0.000093
3.996116 0.442212 0.011958
4.017324 0.460951 -0.030358
3.975032 0.466966 0.049150
4.009572 0.442650 0.011730
3.970895 0.494268 0.010598
3.984916 0.449996 -0.010811
4.044350 0.448933 0.009661
4.022212 0.432777 0.010811
4.013233 0.408378 0.012581
4.003627 0.458899 0.006069
4.012775 0.495120 -0.030385
3.994735 0.474999 0.019428
4.018782 0.537607 0.023424
4.038928 0.445788 -0.024787
3.995570 0.476359 0.017205
4.017098 0.448570 -0.006214
3.999604 0.476734 0.030222
3.974813 0.477870 -0.014522
4.019068 0.449241 0.051974
3.992458 0.460358 0.023198
3.978781 0.452814 -0.002998
3.989586 0.441808 0.038360
3.987043 0.471992 0.014438
3.963091 0.470575 -0.037405
4.023843 0.439784 0.005251
3.966172 0.458671 0.032809
4.980791 -0.013215 0.018639
5.019389 -0.068025 0.065462
5.020857 0.025908 0.000694
4.949339 0.025242 -0.011956
5.021318 -0.001564 0.012141
4.981750 0.030932 -0.030651
5.072367 0.072138 0.053981
5.043264 0.002464 0.039996
5.002115 -0.041606 0.050096
5.038865 0.004060 -0.031756
4.987414 -0.049634 0.033352
4.956901 0.013605 -0.020311
4.962199 0.012151 -0.005014
5.030146 -0.033028 -0.017719
4.933371 -0.060530 0.058946
5.067508 0.007782 -0.019715
4.996047 0.031207 -0.010432
5.012129 0.004617 -0.012064
4.989214 0.013800 -0.024307
5.018552 -0.009147 0.008821
5.046519 -0.000046 0.032594
4.951239 -0.009111 0.005831
5.062700 -0.053799 0.002114
5.048701 -0.018551 -0.001385
5.014952 0.010535 0.051973
5.018454 0.044833 -0.005800
4.982784 -0.001772 -0.029773
5.019505 -0.006576 -0.015154
5.019960 -0.029311 0.028115
4.990650 0.039773 -0.006782
5.023957 0.010387 0.027317
5.008298 -0.044902 0.035264
5.002370 0.028685 0.025707
4.981801 -0.022444 0.024661
4.995903 0.033093 -0.000346
5.035702 0.017699 0.013639
4.993780 0.011973 0.040786
5.003374 0.020935 0.006391
5.008738 0.056702 0.041052
5.007382 0.011434 -0.016056
4.999811 0.014282 0.030518
5.027477 -0.028278 0.034309
5.002337 -0.024610 0.045092
5.048898 0.012912 0.026264
5.028023 0.046873 0.026842
4.965169 0.065294 0.036970
4.989714 -0.025889 0.020144
4.996652 0.014900 0.027302
4.988007 -0.028483 0.016575
4.988998 0.009383 -0.035300
4.997435 0.026449 0.023178
4.981349 -0.030048 0.005473
5.021831 0.017155 -0.010365
5.013935 0.050071 0.011154
4.956006 0.011096 0.066319
4.966378 0.005892 -0.001790
5.007876 0.010828 0.039199
5.007543 0.043318 0.001470
4.994496 -0.015075 -0.049513
5.013273 0.066620 0.018747
5.025602 -0.007391 -0.002330
5.034539 0.065261 0.049638
5.029157 0.006055 0.011292
4.982395 -0.038445 -0.028804
5.006494 -0.003760 -0.039083
5.003880 -0.004553 -0.030185
4.993895 -0.004629 -0.013499
5.032800 -0.052087 -0.054574
5.005099 0.007884 0.017126
4.988831 -0.022538 0.004781
4.991753 0.051532 -0.004727
5.003404 0.079263 -0.000843
5.021685 0.024389 0.026942
5.013685 0.010815 0.008010
4.987720 0.014766 0.065859
5.041320 0.014118 0.030675
4.978925 -0.002815 0.033435
5.049615 -0.018126 -0.009508
5.070441 0.007888 0.059701
5.011206 0.012385 -0.004165
5.033277 0.045733 -0.026050
4.994426 0.032452 0.001114
4.990198 0.035286 0.038104
4.991511 0.011371 -0.031254
4.978136 0.008725 0.005942
4.975994 -0.016479 -0.026951
5.018652 -0.054029 -0.025347
4.949112 0.017571 -0.049082
5.005952 0.054186 0.055203
4.950823 0.013952 -0.024669
4.969206 0.001596 0.041849
5.022990 -0.016454 0.026151
4.937689 -0.017588 -0.019717
5.007350 -0.001085 0.000756
4.999758 0.005672 0.021204
5.009480 -0.003531 0.017052
5.029784 -0.011681 0.003218
5.039857 -0.028083 0.059141
4.964825 -0.005361 -0.023506
5.070638 -0.010101 -0.010025
4.993878 0.007868 -0.004853
5.001013 -0.100876 0.006715
5.005534 0.036157 0.044272
4.999369 0.029487 -0.028047
5.028020 -0.012174 -0.030541
4.999432 0.047014 0.010430
5.049895 -0.017462 0.036436
4.985435 0.011760 0.011500
5.024845 0.012522 -0.017176
5.031409 0.056950 -0.012514
4.949943 0.019980 -0.004935
5.001067 0.021685 -0.008692
4.996934 0.001996 0.049093
5.005902 -0.032070 -0.030876
5.009177 -0.028883 -0.041869
5.024066 0.025535 -0.006044
5.013810 0.010644 0.023073
5.023142 -0.073174 -0.002215
5.020537 -0.007314 0.006086
5.027521 0.007428 0.050238
5.038810 0.001443 -0.000941
4.919490 -0.004795 -0.035598
5.011637 0.009586 0.025876
5.046900 0.004212 0.073412
5.011974 -0.034306 -0.011862
4.993818 0.022764 -0.023417
4.996061 0.000169 -0.008444
5.029342 0.024240 0.039997
4.995069 0.041076 -0.035920
4.963348 -0.031414 0.005276
5.041071 -0.013064 -0.009301
4.998519 0.022185 -0.009329
4.988997 -0.035362 -0.012152
5.040324 0.007728 -0.017196
5.042084 -0.012556 0.047599
5.047108 0.006680 -0.039956
5.073685 0.016618 -0.004717
5.033684 0.026069 0.044328
4.985130 0.014554 -0.030576
5.024990 0.004312 0.013430
5.000610 -0.002530 -0.021047
5.028713 0.049691 -0.011700
5.021606 0.017966 0.005243
4.959202 -0.034048 -0.018429
4.940830 0.047241 0.016031
5.004101 -0.060707 -0.049716
5.004930 0.064115 -0.015959
5.030914 -0.009397 0.006657
5.041441 -0.005379 -0.015703
5.047542 0.006367 0.037736
4.984443 0.047200 0.013209
5.018044 0.008949 -0.010164
5.004950 -0.008278 0.033786
4.998908 -0.039895 -0.045383
4.953198 0.023539 -0.029545
5.014003 0.009097 0.003059
5.018152 0.009749 -0.076292
4.995291 0.017753 0.054208
5.055594 -0.035895 -0.005492
4.958017 0.050597 0.035386
5.015518 0.009983 0.046419
5.041340 0.039741 0.018700
4.994523 0.028014 0.029481
4.999281 -0.005537 0.038999
5.054923 -0.017482 -0.002901
5.015528 0.019598 -0.010671
5.061506 0.017663 0.020942
5.057767 -0.008472 0.002347
4.967400 -0.000171 -0.039668
5.027435 0.017600 -0.003312
5.001987 0.027844 -0.029074
5.011125 0.025985 -0.048468
5.025548 -0.045222 0.001472
4.970098 0.047937 -0.029714
4.955494 0.009001 -0.007411
4.959862 0.020774 -0.054745
4.973913 -0.012257 0.029067
5.043864 0.038083 0.000402
4.932181 0.016726 0.049117
5.042014 0.018888 -0.030685
4.989241 0.063014 -0.037502
4.970565 0.033277 -0.007935
4.969547 0.050839 0.018832
4.993546 -0.029373 0.066422
5.004266 0.046920 0.031809
4.989373 -0.010388 0.048389
5.048876 -0.051307 0.021493
5.001364 -0.026000 0.012852
4.964512 -0.008994 -0.018954
4.990006 0.002856 -0.025467
5.052195 0.019798 0.058837
5.000198 -0.011464 0.057752
4.987658 -0.000349 0.026601
4.967868 0.026339 0.022500
5.043080 0.031701 0.043999
5.001687 -0.020880 0.068300
4.959199 -0.037795 0.021954
5.053750 0.010687 0.034979
4.945126 -0.009986 -0.051218
5.028412 -0.041417 -0.033335
5.020421 0.036855 0.000231
5.022105 0.021134 -0.001463
4.972159 0.021947 0.023393
5.031821 0.014362 -0.030055
5.025710 0.004959 -0.009482
4.996161 -0.015708 0.031665
4.962457 -0.024805 -0.004863
5.053413 0.036628 -0.044225
5.045540 0.045483 -0.030220
4.929356 0.002833 0.038673
5.052738 -0.021125 0.057559
4.938162 -0.006042 -0.007516
5.039570 0.043949 0.033627
4.964483 0.030879 0.020271
4.954863 -0.057010 0.036140
4.999597 -0.033555 -0.001245
5.015921 0.002514 -0.041560
5.061567 0.035127 -0.005061
4.996147 0.015785 -0.028889
5.014680 -0.034922 0.002884
4.969943 -0.028543 0.054372
5.006777 0.011222 -0.055341
4.987090 0.018836 0.010824
4.940379 0.011214 0.015997
5.043513 -0.014657 -0.062262
4.975097 -0.027912 0.027101
4.923498 -0.008451 0.047774
5.005216 0.031890 -0.044254
4.956940 0.048117 0.008036
5.008098 -0.028545 0.008023
4.970622 0.040606 0.086835
5.019518 -0.014048 -0.071010
4.954466 0.051646 -0.025876
4.993875 0.024660 0.049469
4.999012 -0.007140 0.007149
4.986171 -0.012215 0.017356
5.010559 0.068948 0.018165
5.039534 -0.027139 0.020755
4.983311 0.016864 0.025655
5.006496 0.077220 0.047839
5.040317 0.027929 0.057901
4.961891 0.046108 -0.024737
4.988070 0.021842 0.041997
4.970393 -0.010376 0.007926
4.999409 0.030621 0.108078
5.017580 -0.017056 -0.033895
4.995242 -0.023207 0.019026
5.018561 -0.008895 0.064549
4.982937 0.001417 0.024175
5.031762 0.043327 0.017855
5.036527 -0.014953 0.032542
5.032142 0.050387 -0.045053
4.977785 0.029694 -0.074541
5.019760 0.036794 -0.012291
4.992094 -0.027224 -0.010646
4.990223 -0.015485 -0.017130
4.996870 -0.003493 0.061224
4.993174 0.015325 -0.012306
4.987312 -0.046131 -0.042141
4.968790 0.010511 0.037285
4.951400 -0.011472 -0.036007
4.997072 0.037273 -0.008406
5.003574 0.048657 0.018737
4.982197 0.009767 -0.019826
5.017614 0.020460 -0.036015
5.010254 0.001473 0.021340
5.029940 0.019323 -0.004096
5.033000 -0.021192 -0.034616
4.909141 0.002896 -0.019646
5.016933 -0.054137 -0.014415
5.019108 -0.025895 0.017278
4.988289 0.004016 0.022855
5.033584 0.007775 -0.019420
4.991259 0.024109 -0.025638
4.999658 -0.006577 0.001899
4.974722 -0.050558 0.020622
5.033924 -0.048765 0.016068
5.037495 0.022877 -0.007500
4.976695 0.007429 0.012434
5.007874 -0.000404 -0.027480
5.017681 0.019126 0.011025
5.008330 0.055377 -0.013731
5.043443 -0.017021 0.038269
5.042001 -0.003792 0.054829
5.019071 -0.021318 -0.006225
5.038983 0.032692 -0.026741
5.000822 0.011106 -0.010228
5.075734 0.012010 0.003146
5.040726 -0.005956 0.035223
4.954968 -0.008610 0.036472
5.052106 -0.018199 -0.021695
5.022023 -0.013691 -0.003057
5.031292 -0.011323 -0.053963
4.965967 0.005299 -0.050903
4.996085 -0.036763 0.054198
5.069954 -0.026746 0.012703
4.976188 -0.004279 0.059104
4.990999 -0.003581 -0.023276
5.039386 -0.092898 -0.008284
5.003623 -0.014832 0.030906
5.041061 -0.037361 0.067805
4.962302 0.043659 0.009495
4.989889 -0.007281 0.003995
5.011253 -0.022605 -0.002018
4.981880 -0.031451 -0.019519
4.970501 -0.007605 0.017974
5.008621 0.064230 -0.061314
5.019080 0.005193 0.029470
5.026494 0.000050 0.010180
4.982678 0.023410 -0.051366
5.028305 0.004305 -0.009612
4.998024 0.000224 0.043919
5.102005 0.041596 -0.011960
5.023893 0.025200 -0.022755
4.967176 0.003102 0.029231
4.956646 -0.016627 0.022180
5.006252 0.047488 -0.037341
5.075565 -0.041140 -0.055875
5.003233 -0.029034 0.003837
5.002788 -0.000873 -0.020272
5.017980 -0.004520 0.038110
4.999589 -0.023939 -0.045631
4.999837 -0.033076 -0.035499
5.020824 -0.048330 0.047366
5.009791 0.003685 -0.026043
5.027931 0.004913 -0.015583
5.010995 -0.045484 -0.044060
4.971394 0.015486 0.004902
5.036469 -0.022600 0.022240
5.001584 -0.023291 0.016559
5.003020 -0.013874 0.006260
5.001114 0.000389 -0.007378
4.965852 0.007243 -0.019081
4.974390 -0.002221 0.027021
5.010568 -0.010934 -0.012140
5.024074 -0.066902 0.028921
4.948780 -0.037462 -0.010428
5.070104 0.055323 0.026195
5.015696 -0.050868 0.009703
4.988523 -0.019500 0.009644
4.990867 0.031079 -0.053079
5.007250 -0.021373 -0.007289
5.014139 -0.028519 0.009927
4.998630 -0.014818 -0.009117
5.000363 -0.018035 0.005213
4.996655 -0.013338 0.052695
5.017457 -0.006481 0.009376
4.974195 -0.008103 -0.004602
4.967596 0.016621 -0.010168
4.994336 -0.012062 0.093773
4.985122 -0.057060 -0.042998
5.027779 0.045094 -0.015454
5.043368 0.027248 -0.000684
4.997187 0.010426 0.031324
5.016919 -0.015304 -0.000226
5.064438 0.012536 0.031080
5.021197 0.013201 0.008261
5.031922 0.026559 0.012917
4.984187 0.016567 0.002990
4.995752 0.085363 -0.041172
5.033755 -0.020880 0.008936
5.082058 -0.023871 -0.016716
5.004475 -0.020417 0.031522
4.988964 0.024620 -0.034876
4.950795 -0.001870 -0.042055
5.050548 -0.040894 -0.026131
5.017409 -0.012591 -0.040552
5.066199 -0.025049 -0.000888
4.998724 0.026309 0.018871
4.980196 -0.004775 -0.001808
5.027469 -0.030050 0.065543
4.982224 0.004738 -0.029800
4.966055 -0.021233 -0.024116
4.992572 -0.024369 0.025867
4.981510 -0.021814 -0.006789
5.034785 0.011446 0.002009
4.962009 -0.029281 -0.033352
5.044206 0.020917 -0.020849
4.988069 -0.019759 -0.021576
5.018809 -0.003626 0.067435
5.042511 0.044284 0.025141
4.992320 0.022934 -0.005465
5.053908 0.017128 0.012871
5.008812 0.057208 -0.038013
5.060149 -0.000585 -0.037184
4.982434 -0.044524 0.024610
4.973851 0.010060 0.039027
4.984839 -0.003043 -0.034101
4.993349 0.082221 0.028338
4.997058 -0.013351 0.003721
5.008902 -0.007572 0.020902
4.976397 -0.023752 0.016106
4.969941 0.026871 0.004572
4.950163 0.008285 -0.045554
5.025801 -0.002461 0.060533
5.037139 -0.026821 -0.055622
4.982347 -0.031638 0.059772
5.004691 0.033003 -0.003551
4.999610 0.004021 0.038196
5.014349 -0.026720 0.053675
3.996216 0.441334 -0.079885
4.024032 0.458030 0.007998
3.992915 0.437743 -0.006087
4.018895 0.474174 -0.001931
4.033468 0.452631 -0.010127
4.010952 0.414218 0.011982
3.958735 0.424168 -0.055561
3.999746 0.503289 0.001488
4.024308 0.525569 0.017122
3.982044 0.436173 0.005020
3.986013 0.438257 0.034558
4.035785 0.405593 -0.019545
3.991080 0.472973 0.039292
4.086059 0.441030 -0.007472
4.022657 0.434533 0.000771
3.992549 0.376350 0.008697
3.999529 0.493137 0.005165
3.967358 0.447257 -0.057732
3.968672 0.474065 -0.002420
4.032675 0.395993 -0.002274
3.990735 0.483675 0.025183
4.024268 0.501242 -0.006043
4.045052 0.423674 -0.027426
4.027582 0.409858 0.022183
4.008039 0.487156 0.003217
4.006681 0.470278 -0.014879
3.983814 0.469233 0.004121
3.992781 0.452516 0.052837
3.991709 0.440839 -0.046223
4.003729 0.474707 0.030086
4.008247 0.483675 0.026937
4.038389 0.484529 0.052099
3.999909 0.415188 0.024912
4.028417 0.502100 0.043439
4.063364 0.473596 0.011864
3.963451 0.464243 -0.011575
4.011345 0.456635 0.019152
4.002080 0.483051 -0.076695
4.010700 0.491075 0.061101
4.026959 0.505546 0.010068
4.005086 0.470882 0.004904
3.981529 0.439543 -0.028365
4.020851 0.455342 -0.005809
3.987999 0.470152 0.028413
3.971085 0.416369 0.033635
3.963746 0.471425 0.053507
4.053577 0.477136 0.026264
4.072557 0.384968 -0.008930
4.030455 0.444881 0.042193
4.003819 0.458952 -0.003240
3.989325 0.438587 0.013135
3.981763 0.483596 0.024597
4.037982 0.421132 -0.045984
4.004874 0.541964 0.042986
3.988367 0.467735 0.026828
3.963948 0.496089 -0.000023
4.002280 0.455714 0.039336
3.982345 0.403791 0.014689
3.943690 0.445967 0.040606
4.022373 0.486271 0.023611
4.077310 0.437353 0.016944
3.991856 0.483704 0.003153
4.056565 0.439076 0.047214
4.022794 0.454026 0.021273
4.012838 0.465679 -0.001206
3.983952 0.444948 -0.045494
4.030258 0.417945 -0.001529
4.024441 0.480182 -0.048240
4.002245 0.468792 0.006560
4.045322 0.430346 -0.056471
4.029310 0.438887 -0.047756
4.000245 0.491917 -0.032898
4.075080 0.429864 0.007610
3.968426 0.456248 0.000988
3.960315 0.539775 -0.009860
3.990166 0.484071 0.059428
4.038793 0.418965 0.011417
3.948559 0.482051 -0.044056
3.980904 0.454904 0.018350
3.997172 0.500573 0.026697
4.024342 0.418118 0.055981
3.980908 0.507126 0.065666
4.020380 0.485960 -0.087488
3.999150 0.488065 0.032735
3.968408 0.446188 -0.071091
4.017390 0.398500 0.038914
4.040482 0.440769 0.020638
3.998487 0.462257 -0.029418
4.023675 0.405764 -0.049898
4.001342 0.448663 0.013169
3.985515 0.511571 0.009818
4.011986 0.460917 0.035087
4.022281 0.468261 0.027080
3.950262 0.401395 0.002718
3.999070 0.472394 0.005601
4.022456 0.417632 0.004678
3.964768 0.466606 -0.051349
4.015449 0.410930 -0.006506
4.031848 0.461821 -0.044370
3.984828 0.409959 -0.045843
4.008530 0.471809 0.018218
4.023079 0.454643 -0.003202
3.972808 0.441798 -0.034640
3.979645 0.457668 0.001466
4.096942 0.414626 0.001247
3.962288 0.443366 -0.005413
4.030346 0.441510 -0.000740
3.992090 0.412968 -0.014563
3.993542 0.457215 0.021768
3.997962 0.447435 -0.046624
4.021192 0.434123 0.027414
4.044493 0.449363 -0.025699
4.004499 0.465461 -0.004466
3.988079 0.471906 0.019927
3.994611 0.405378 0.018691
3.981980 0.461430 0.009535
3.948332 0.457432 0.020436
4.024115 0.458521 -0.054316
4.043312 0.467331 -0.031100
3.981367 0.461937 0.025394
3.990361 0.479766 -0.048783
3.973726 0.393069 -0.021922
4.050242 0.516734 0.012038
3.985847 0.448351 0.019200
3.958111 0.437825 0.048047
3.973629 0.432529 0.005396
4.013494 0.436250 0.007309
4.023238 0.513844 0.001213
4.003761 0.500824 -0.011475
3.965269 0.462507 0.037285
4.015831 0.452090 -0.038452
4.003249 0.491995 -0.032024
3.997658 0.443375 -0.015931
4.012438 0.468299 0.017985
3.975696 0.405620 0.012872
3.989822 0.510149 0.061535
4.064721 0.426797 0.022081
4.031129 0.477751 -0.005632
4.043375 0.455014 0.008843
3.958865 0.474343 -0.002812
4.018943 0.462053 0.010428
4.003629 0.478598 -0.000967
3.961344 0.472069 -0.019270
3.965272 0.424333 0.013500
4.002104 0.391020 -0.006510
4.040077 0.441461 0.000036
4.036290 0.478865 0.035653
3.921823 0.507006 0.024092
4.078844 0.431530 -0.047904
4.005217 0.446739 0.024610
4.037248 0.452381 -0.002221
4.020682 0.447310 -0.005199
4.036114 0.492793 0.037519
3.999953 0.390806 0.000554
3.982261 0.451108 -0.015133
4.004378 0.423822 -0.033422
4.041681 0.425910 0.005010
4.033635 0.482429 0.028845
4.014086 0.476720 0.046193
4.017751 0.399884 -0.010856
4.025891 0.436187 0.053603
4.003105 0.457557 0.038742
3.999515 0.460288 0.031974
3.960832 0.446441 0.029875
4.006968 0.499020 -0.042278
3.954300 0.478091 0.030974
3.999202 0.467012 0.027356
3.980584 0.433795 0.010692
4.032123 0.420021 -0.000938
3.997673 0.467539 0.004739
3.988623 0.492457 -0.011178
3.996237 0.407255 -0.016409
4.020482 0.464618 0.022986
4.021529 0.517631 -0.017436
3.956417 0.423483 -0.016110
3.975770 0.457810 0.042580
4.051190 0.470129 0.069238
3.994309 0.406024 0.036595
3.949842 0.432350 0.020603
4.001929 0.449271 -0.030424
4.004676 0.485110 0.005599
3.980093 0.417574 -0.019288
4.016770 0.465308 -0.019015
3.938677 0.467600 -0.021931
4.025672 0.432317 -0.024637
4.009595 0.525731 0.027471
4.009087 0.465766 -0.047533
3.971330 0.379672 0.056896
4.050822 0.466785 0.009053
3.958452 0.448421 0.058772
4.008942 0.438061 -0.047742
4.046409 0.452897 -0.047702
3.977272 0.416674 0.001048
4.011220 0.439903 0.028311
4.007364 0.486869 -0.005716
4.096360 0.438065 -0.022100
3.974211 0.448672 -0.046586
4.013837 0.397841 0.009850
3.964462 0.443561 0.023136
4.074121 0.422660 0.000490
3.983287 0.428904 -0.016449
4.029722 0.440358 0.072479
4.017479 0.424700 -0.006001
3.980945 0.479002 -0.044163
3.964771 0.437254 0.025488
4.041992 0.496416 0.020894
4.002513 0.478839 -0.029335
3.949660 0.468099 -0.025170
4.003041 0.458589 0.012444
4.033134 0.479962 0.010850
3.991740 0.458233 -0.012886
3.999107 0.533545 0.010466
4.018507 0.433836 0.035602
4.027808 0.478021 0.011447
4.036026 0.493151 0.013493
4.001562 0.481837 -0.022124
3.983461 0.453401 -0.047241
4.029828 0.426113 -0.009145
3.998602 0.456179 -0.005310
4.002979 0.453211 -0.008411
3.981804 0.487444 -0.058132
3.998829 0.440933 0.017564
3.961371 0.440006 0.001929
4.037102 0.464966 -0.030505
3.990376 0.481582 -0.031023
4.002641 0.454726 -0.006573
4.085873 0.442618 0.018493
3.982011 0.470832 0.031124
3.987361 0.453359 -0.021858
3.970668 0.486104 -0.011620
3.932592 0.507961 -0.019063
3.997609 0.504227 0.000748
4.000100 0.418155 -0.044045
4.000008 0.465884 0.014166
3.990562 0.455608 -0.050116
4.018805 0.459842 0.064210
4.005224 0.426720 0.003478
3.995166 0.468041 0.005807
3.967202 0.405928 0.012887
4.046493 0.457380 0.029399
4.035384 0.463004 -0.019435
4.010859 0.491212 0.020897
4.027447 0.441124 -0.001071
4.001438 0.453460 0.040039
3.934585 0.455916 0.002615
3.963855 0.475153 -0.016735
3.994289 0.510463 0.035299
4.022235 0.466423 0.000060
4.064981 0.479065 -0.017486
3.962997 0.472005 0.003324
3.962132 0.467858 -0.003071
4.020920 0.468252 -0.013248
4.023985 0.440063 -0.007986
3.989032 0.488929 -0.003417
4.046173 0.508505 -0.017162
3.917370 0.486335 -0.005259
3.979014 0.437338 -0.007444
4.043916 0.459797 0.043508
4.019827 0.445723 -0.006711
4.021848 0.479613 0.034904
3.997154 0.460256 0.022521
3.993481 0.420952 -0.019188
3.997769 0.474866 0.042769
3.964319 0.437080 -0.005736
4.028842 0.439157 -0.007892
3.962640 0.469502 0.000158
3.985379 0.447215 0.038810
3.974853 0.429750 0.042568
4.007273 0.475093 0.017053
4.003940 0.444551 0.029947
4.039870 0.487526 -0.030564
4.044147 0.444262 -0.017651
3.999920 0.479934 0.021214
3.997338 0.480130 0.009196
3.987811 0.433759 0.017307
4.002524 0.413735 0.030415
3.990592 0.502764 -0.037090
3.999579 0.434001 -0.024263
3.990396 0.508117 0.009301
3.981249 0.400141 -0.046641
3.988906 0.435989 -0.001722
3.936834 0.452250 0.035832
4.053685 0.398167 -0.019042
3.979373 0.459372 -0.031593
4.055468 0.456306 0.001306
4.052781 0.454519 0.017009
3.982476 0.413885 -0.013311
4.070609 0.473991 0.013236
3.975709 0.482338 -0.035731
3.957988 0.438233 0.063635
4.061937 0.441463 -0.015226
3.955789 0.457341 0.009860
4.028687 0.482321 -0.000923
4.021681 0.433981 0.021111
3.989783 0.468784 0.016355
4.007064 0.478836 -0.042112
3.973053 0.446898 -0.038298
3.992794 0.443761 0.044291
4.009276 0.485883 0.014050
3.988930 0.459012 0.026883
4.040802 0.451031 -0.044425
3.953466 0.445208 -0.065137
4.058853 0.472908 -0.014070
3.971711 0.485844 -0.028409
3.974453 0.432022 0.008423
4.023624 0.490780 0.036349
4.005023 0.485616 -0.015130
3.950374 0.434866 -0.019188
3.986040 0.426219 -0.008833
4.023601 0.506458 -0.046760
3.966368 0.431257 0.027972
3.998852 0.433277 0.026502
4.033692 0.454437 -0.019487
4.013108 0.448002 -0.002230
3.989628 0.482749 0.012496
4.036071 0.495090 0.018769
3.989806 0.486210 0.018970
4.083101 0.464303 0.025931
4.013713 0.452027 -0.002764
4.013827 0.470635 0.039632
4.014266 0.441113 -0.004806
3.965312 0.504836 -0.011235
4.034023 0.463297 0.014112
4.001477 0.431366 -0.024056
4.056854 0.458419 0.038758
4.046547 0.442675 0.017705
4.006350 0.420284 -0.000564
4.022625 0.440029 -0.004745
3.999799 0.518346 -0.050021
4.020049 0.447400 -0.014220
3.996664 0.475021 0.026736
4.010581 0.487782 0.043065
4.029491 0.438614 0.019833
4.019976 0.430531 -0.042083
3.944317 0.457096 0.013941
3.969547 0.486381 0.009567
4.045484 0.466116 -0.026990
4.018748 0.475103 -0.011429
3.961737 0.458009 -0.025025
4.038627 0.442785 0.056738
3.941275 0.459044 0.047882
3.978291 0.450224 -0.007091
3.984487 0.462339 -0.033863
4.001671 0.470480 -0.001453
3.974994 0.485906 0.026908
3.973764 0.416177 -0.023558
4.021358 0.463267 0.028702
3.995215 0.427258 0.032565
3.988397 0.460596 -0.041498
3.987906 0.485282 -0.016488
4.029435 0.385069 -0.011782
3.999859 0.507276 -0.030072
4.025130 0.486708 -0.016645
3.993794 0.459249 -0.039445
3.991347 0.493283 0.020680
4.000297 0.458392 0.022427
4.028172 0.438308 0.051042
4.044490 0.475318 -0.020289
3.974393 0.445202 0.006823
3.951945 0.469841 0.043624
4.022294 0.434718 -0.018832
4.013996 0.450401 0.018291
4.023052 0.487757 -0.028964
4.011649 0.444096 0.002041
4.030932 0.484194 0.046953
4.017768 0.451699 -0.002586
3.952957 0.495192 -0.004657
4.020177 0.475370 -0.032359
3.977300 0.501411 0.013713
3.987582 0.451210 0.037587
4.033029 0.411018 0.054029
4.033984 0.450426 -0.030752
4.036620 0.469293 -0.038734
3.998038 0.548785 0.005495
3.982741 0.424745 0.058163
4.030433 0.497223 0.012446
4.042621 0.429550 0.009878
4.013612 0.496473 0.014565
3.986235 0.456922 -0.045292
3.935371 0.479940 -0.006242
3.997157 0.479928 0.046910
4.021035 0.512842 0.020081
4.014066 0.462212 -0.033565
4.033680 0.381636 -0.012588
4.005688 0.431307 -0.008553
4.060181 0.488121 -0.015575
3.990913 0.416690 0.026150
3.997508 0.396006 0.008024
4.018169 0.483894 0.002799
3.993820 0.514588 0.005198
4.026587 0.438814 0.025697
3.961331 0.441138 -0.031248
3.986851 0.492514 -0.013370
4.026548 0.500518 0.004173
4.034813 0.470933 0.008493
4.027509 0.510198 -0.014118
3.976224 0.424463 0.034833
4.038881 0.438889 -0.059080
3.984757 0.471436 0.002998
4.010410 0.439300 0.035423
4.015296 0.472594 0.009772
4.020731 0.468757 -0.022842
4.016192 0.478745 0.039654
4.017483 0.426042 -0.019340
3.991946 0.460684 0.001333
3.971288 0.421108 -0.057956
3.911416 0.451047 0.074607
4.058903 0.425653 0.009497
3.961063 0.415637 -0.030924
3.998235 0.449526 0.012581
4.024896 0.444894 0.006086
3.972186 0.414665 -0.039969
4.024477 0.444863 -0.051134
4.003107 0.417535 0.054811
3.987635 0.475445 0.037669
3.976352 0.457281 0.021604
4.008466 0.465833 -0.034889
4.021621 0.440415 0.015484
4.032600 0.475064 0.015462
4.024264 0.475652 0.049865
4.003978 0.459919 0.032962
3.990288 0.414942 0.019797
3.998819 0.418774 0.020016
4.047934 0.406108 0.035670
3.928888 0.442991 0.060215
3.995150 0.457698 0.027886
3.953506 0.457163 0.006926
4.060870 0.417928 -0.006446
3.977149 0.423968 0.038822
4.005800 0.438333 -0.010535
3.988103 0.440786 -0.032933
3.997238 0.444224 -0.017734
4.009651 0.462197 -0.011699
4.000676 0.519759 0.068613
3.973377 0.427567 -0.026782
4.036712 0.443044 0.012190
4.064909 0.454686 0.026187
4.020613 0.437353 0.036775
3.979509 0.495196 -0.012624
3.990661 0.422345 -0.022728
3.992197 0.382060 -0.002000
3.989761 0.478700 0.017689
3.983771 0.441243 -0.002039
4.049579 0.430331 -0.016593
3.971142 0.410539 0.014210
4.011087 0.493483 0.036242
4.076914 0.452784 -0.002816
3.965993 0.475897 0.008556
4.024538 0.420826 0.015548
4.011156 0.459171 -0.015498
4.040680 0.516509 -0.028310
4.026613 0.368664 0.025058
3.948895 0.439251 -0.034391
3.998532 0.480164 -0.050719
3.994216 0.439599 0.052431
4.017953 0.419683 -0.009139
4.051683 0.476431 -0.022547
3.996988 0.447947 -0.011139
3.953694 0.434671 0.046676
3.993566 0.451902 0.009216
4.071544 0.455266 0.037818
3.987055 0.447218 0.005377
3.981776 0.448888 0.031642
3.980989 0.455003 0.026262
3.980266 0.487862 0.007187
4.000046 0.394756 -0.006208
4.016148 0.507360 0.022037
4.038786 0.418727 0.001195
4.041622 0.428368 0.033957
4.027000 0.463242 -0.004861
3.975411 0.508261 0.023956
4.015218 0.442615 0.006136
4.009942 0.466996 0.027030
3.981526 0.411002 0.007528
3.952583 0.445290 -0.010276
4.019752 0.514478 -0.053338
4.073226 0.448008 0.015434
3.962555 0.484906 0.006244
4.003156 0.396878 0.007214
4.030375 0.447912 0.040226
4.038987 0.435767 0.052853
4.006359 0.456492 0.007969
4.007079 0.376096 -0.000565
3.964082 0.503790 0.052582
4.030558 0.447846 -0.025240
3.985273 0.513279 -0.015766
3.934332 0.485905 0.050015
4.054776 0.486150 0.041046
4.006588 0.392711 0.005836
4.023647 0.450942 -0.000425
3.976076 0.424948 0.060144
4.061230 0.454921 0.013446
3.975574 0.474277 0.057789
3.959123 0.468916 0.021171
4.020828 0.504285 0.066081
3.997995 0.475195 0.007527
3.986037 0.463124 0.025145
4.011508 0.428565 -0.008907
3.991323 0.429727 0.014406
4.017543 0.484386 -0.020729
3.987676 0.501637 0.000065
4.005904 0.449747 0.038991
4.040154 0.488396 0.005797
3.978827 0.512756 0.030689
3.991300 0.497715 -0.011068
4.047321 0.499349 -0.022644
4.022453 0.478466 0.083447
3.982731 0.497976 0.005520
3.967759 0.451400 0.005074
3.973233 0.464365 0.033734
4.012146 0.438745 0.000546
4.004864 0.461520 0.038295
4.013158 0.412919 -0.011870
4.009981 0.488724 0.043935
4.058241 0.458918 0.027899
3.961366 0.467896 -0.027258
4.003124 0.545895 0.014107
3.979086 0.467234 -0.010512
3.976178 0.518094 0.037004
4.015366 0.443245 -0.004324
4.051274 0.464197 -0.087484
4.077628 0.460492 0.015301
4.037601 0.468962 0.027407
3.992288 0.418106 0.013407
5.047948 -0.014434 -0.016841
5.041631 -0.008717 -0.007317
4.993806 0.003051 -0.042209
4.988820 0.011911 0.011697
5.039740 0.060182 0.050375
5.032440 0.000538 -0.013692
5.005536 0.022567 0.029658
5.023693 0.001365 0.028606
5.042826 0.031405 0.004040
4.979985 -0.020727 -0.015437
5.012712 0.020594 -0.037436
4.989880 0.012299 -0.021990
5.018017 -0.004223 -0.016703
5.006596 0.016768 -0.020456
4.997722 0.019030 -0.017863
4.955267 -0.041097 -0.007542
4.965447 -0.005432 0.054948
4.963642 -0.003478 0.068969
5.017244 -0.006032 0.000294
5.017881 0.055873 -0.010926
4.982272 -0.036364 0.008093
4.962829 -0.008913 -0.022261
5.037224 -0.010252 0.016908
4.956877 0.008945 -0.031095
4.992231 0.071336 0.032965
5.001148 0.100968 -0.022455
5.039956 -0.040980 -0.002318
4.964566 0.012718 0.006679
4.995770 0.037762 -0.012013
5.014806 0.029617 -0.039497
4.982548 0.006616 0.023905
5.047637 -0.001476 -0.004494
4.978822 0.014900 -0.003914
4.996779 0.002183 0.021549
4.988088 -0.018165 0.017952
4.914228 -0.013110 -0.029539
5.041098 -0.008228 -0.011821
5.003541 -0.012861 -0.007079
5.007913 -0.007661 -0.007877
4.974695 -0.029614 0.006819
5.014198 -0.037845 0.027798
5.027921 0.034241 0.013997
5.024112 0.070551 -0.004046
4.973629 -0.041022 0.057670
5.058064 -0.022738 -0.016820
4.995280 0.041728 -0.033619
4.946001 0.070025 0.014371
5.018632 -0.001153 0.018974
4.959574 -0.020228 0.008155
4.936873 -0.004076 -0.005925
4.995919 -0.011532 -0.024877
4.950339 0.009342 -0.004004
4.963742 0.006876 -0.003849
4.991169 -0.059707 0.025483
4.968008 0.006898 -0.019248
4.993338 0.039569 0.020949
5.038901 0.014912 0.016884
4.951566 -0.004526 -0.001747
5.041710 -0.010187 0.012946
5.011773 0.039730 0.000988
5.029834 -0.046146 -0.043421
4.936500 0.028580 0.025210
5.031905 -0.015321 -0.011906
5.001369 0.048311 0.055815
5.028814 0.014931 0.045061
4.997325 -0.006728 0.001129
4.975639 -0.000250 -0.028522
5.035750 0.021311 0.047887
4.956122 0.062051 -0.042174
4.969051 -0.013625 0.044232
5.011767 -0.002315 -0.018779
4.963722 0.038979 0.028959
5.045574 0.016905 -0.074263
4.967663 0.018946 -0.006092
4.988235 -0.028097 0.033428
5.018686 0.020036 -0.014008
5.010289 -0.035133 0.001105
4.929162 -0.042043 -0.004669
5.076254 -0.049022 -0.032307
5.011503 0.058083 0.011065
5.026064 -0.005128 -0.010319
5.007466 -0.014749 0.026728
4.956812 0.031700 0.006179
4.998558 -0.044290 -0.024394
5.040960 -0.001258 0.013352
4.978614 0.004128 -0.036165
5.007996 0.016119 0.014618
4.977892 -0.005262 0.021116
4.998657 -0.003619 0.062104
4.976470 0.037413 -0.029640
5.024643 0.026245 -0.010311
4.968476 -0.054113 -0.013453
5.020787 -0.027329 0.007908
4.960707 -0.002017 -0.029411
5.002661 -0.010032 -0.030711
4.985234 -0.023025 -0.034418
5.037482 -0.005805 -0.061067
4.986302 0.032441 -0.017841
5.049932 -0.020700 0.020102
5.036099 0.018506 -0.036235
4.976726 0.040102 -0.019138
5.034270 -0.007909 0.009243
4.963417 -0.013248 -0.021259
5.011768 0.007796 0.018879
4.990284 -0.022907 0.010482
4.974112 0.037353 0.001564
4.995216 0.018865 0.002709
4.955258 -0.026843 0.036731
5.007517 -0.045447 0.015563
4.988222 -0.021235 -0.029346
5.034998 -0.053965 -0.020126
5.008604 0.052351 0.021616
4.979619 0.050881 -0.035654
5.012960 0.019634 -0.021433
5.025928 -0.010417 0.025854
4.949812 0.015049 -0.007363
5.039491 0.003681 0.042477
5.020228 0.001175 0.028630
5.028822 0.019157 -0.063769
4.975523 0.046523 -0.032678
5.031474 0.026194 -0.016773
4.945143 -0.012067 0.067340
4.979102 -0.018828 -0.024927
5.041444 -0.002287 -0.013777
5.047404 0.022385 -0.022579
4.968292 0.039745 0.005504
4.958528 -0.048493 -0.028481
4.967815 -0.056382 -0.027985
4.977428 -0.008880 0.055787
4.996995 -0.000027 0.020278
4.997880 0.017005 0.013418
5.008678 0.087994 0.032334
4.972548 0.016107 -0.018752
5.018388 -0.036256 -0.028233
5.015317 0.034930 0.020079
5.030624 0.016215 0.010175
4.989889 0.029390 0.035746
5.003107 0.001492 0.052742
5.004387 0.007271 0.019527
5.002066 -0.019610 0.016339
5.003837 0.060267 0.028653
4.987136 0.026872 0.014236
5.044283 -0.010734 0.010660
5.002027 0.006754 -0.021556
5.022277 0.017539 0.043557
5.004699 -0.007355 0.028679
4.981174 0.037550 0.037485
5.042718 0.016299 -0.009595
5.008276 0.016402 -0.011804
5.044993 0.022403 -0.021767
5.061486 0.007922 -0.027823
4.980092 0.049634 0.059750
5.035285 0.044579 0.041498
5.021707 0.014871 0.021196
5.027080 -0.017248 0.026959
5.048759 -0.001191 -0.004397
5.019296 -0.014490 -0.034505
5.039432 -0.008529 0.005553
4.986696 0.043303 0.030595
4.997778 -0.030397 -0.005408
5.022105 0.010659 0.008273
5.011351 0.027764 0.003744
5.018500 -0.024608 0.081616
4.996484 0.011108 0.021994
4.992676 0.005235 0.004870
4.977579 0.018158 -0.044477
5.057581 0.028789 0.024174
4.952901 -0.018776 0.046680
5.129537 0.040841 0.036108
5.020749 -0.020425 0.034855
4.971964 -0.031318 -0.033206
5.034272 0.003278 0.008026
5.004538 -0.028771 -0.015122
4.986387 -0.037158 -0.010126
4.972561 0.022330 0.024829
4.966191 -0.003899 0.060682
4.975577 0.017799 0.008166
5.037787 0.013864 -0.007939
5.007003 0.007441 0.002249
4.965427 0.042293 0.036993
4.973674 -0.004022 -0.001753
4.970304 -0.051004 -0.015118
4.994308 -0.038237 0.010309
5.039886 0.030263 0.001199
4.949788 0.026471 0.009392
5.017731 0.063083 -0.019744
4.918756 -0.026604 0.019581
5.005808 -0.031469 -0.037592
4.994362 -0.032383 0.020619
4.992657 -0.013814 -0.017748
5.012894 0.006278 0.011059
5.010404 0.002834 -0.025994
4.983089 -0.006840 0.066956
4.964535 -0.007569 0.007948
4.995900 0.037219 -0.004255
4.997964 0.029439 0.059321
5.047225 0.000900 0.003515
5.006402 0.009410 -0.020420
5.033098 0.011198 0.003654
4.966866 0.006869 -0.051796
4.987551 -0.011893 0.013610
5.061396 0.022157 0.048452
5.024356 0.038752 0.060714
4.983045 -0.018913 0.025064
5.004890 0.011611 -0.002460
4.987112 0.053623 -0.027996
5.025592 0.020727 -0.042370
4.980077 -0.014881 0.021938
4.993989 0.002432 -0.038729
5.074777 0.007136 0.019970
4.988781 -0.014579 0.062381
4.947498 0.013359 -0.031345
4.992850 -0.014143 -0.024579
5.006063 -0.072041 -0.004465
5.002291 -0.035778 0.050397
4.987166 -0.002125 -0.012767
5.002553 0.044244 0.079190
5.027369 0.037640 0.056493
5.012466 0.052108 0.028772
5.009320 0.015510 -0.049643
5.013764 -0.041312 -0.043758
5.010786 -0.028422 0.004787
5.009153 0.010491 -0.022124
5.031960 0.002323 0.018232
4.969107 -0.000350 0.037919
5.034105 -0.018919 -0.011367
4.975339 -0.014692 -0.036972
5.000855 0.023994 -0.018552
5.002282 -0.001615 0.036654
4.986652 -0.012256 -0.020381
4.970875 0.020876 0.000947
5.006644 0.043239 0.044962
4.955613 0.024435 0.011769
4.991152 0.014831 -0.046791
5.048879 0.020448 -0.020956
4.987438 -0.046094 -0.004419
4.990518 -0.034753 0.028301
5.043304 0.004179 -0.004169
5.018050 0.004411 -0.027465
4.985420 -0.003893 0.012446
5.005280 0.011311 -0.040745
5.024957 0.005102 0.081581
4.993371 0.014704 0.089877
5.010823 0.002971 -0.024608
5.050848 -0.029773 0.017814
4.990793 -0.000680 -0.037718
5.045294 -0.003334 -0.031453
5.042581 -0.010124 0.015038
5.030242 0.019221 -0.060899
5.025861 0.001982 -0.004871
5.001728 -0.043301 0.010765
4.964068 -0.003575 0.009688
5.037221 -0.019588 0.048548
5.033406 -0.007882 -0.028262
4.961686 0.013153 -0.017119
5.040981 -0.015386 -0.022020
5.012009 -0.015581 0.005256
5.034580 0.008517 0.008629
5.011154 -0.045793 0.016755
5.009798 0.031787 0.023174
4.998942 0.035972 -0.003779
5.012415 -0.004334 0.018853
4.993705 0.054427 0.065521
5.031218 0.051239 -0.041176
4.962359 -0.004647 0.006237
4.999054 -0.044264 0.039548
5.069626 0.043430 0.037566
5.011784 -0.020290 0.007176
5.068168 -0.005560 -0.008649
5.038219 0.040211 -0.020437
4.997155 -0.010057 0.007091
5.038111 -0.019121 0.037690
5.008050 0.074786 0.014565
5.002092 0.022241 -0.005114
4.951142 -0.002216 -0.002689
4.957230 0.002809 -0.057013
4.994569 0.012308 0.007910
4.992668 0.002434 -0.018522
5.005324 0.006743 -0.022007
5.013031 0.012844 0.000014
5.077631 0.000779 -0.003377
4.992328 -0.024128 0.025577
4.984413 -0.012038 -0.011147
4.975452 -0.047532 -0.008888
5.031200 0.010909 0.051817
5.027529 0.020719 0.061479
5.002086 0.006892 0.004656
5.051314 0.005075 -0.014448
5.022630 -0.019488 0.021004
5.017415 -0.000682 0.021974
4.960366 0.009889 -0.008883
5.090868 0.009675 -0.012892
4.963651 0.044162 -0.005501
4.981259 0.015089 0.024492
5.024019 0.005593 0.009776
5.011961 0.015092 0.017747
5.037834 0.006692 -0.019504
5.000671 0.027613 -0.048596
4.951577 0.032548 0.050604
4.967044 0.008014 -0.006986
4.997175 0.014166 -0.033786
4.971783 -0.004038 0.000639
4.971221 0.028689 -0.007527
4.992345 0.013480 0.001133
5.030124 -0.023003 -0.036922
4.995706 0.006807 -0.032223
4.963367 0.010469 -0.017733
4.961425 0.033960 -0.013954
5.039494 0.005854 0.013843
4.998655 -0.074655 -0.029104
5.001229 0.015942 -0.048690
5.003392 -0.028668 0.012039
5.004418 0.027305 0.037005
5.018770 0.030812 -0.005510
5.089694 -0.031565 -0.010833
5.032041 0.027582 0.019622
5.025260 -0.057507 0.052679
4.998883 0.042377 -0.056006
5.012697 -0.011905 0.022164
5.014512 0.015981 -0.026768
5.003291 -0.000405 0.019859
5.034679 0.009514 -0.033285
5.008227 0.083332 0.054380
4.915768 0.006900 0.032964
4.999530 -0.008803 -0.003009
5.021566 -0.029454 0.040661
5.003320 -0.023051 0.038731
4.958646 -0.011656 -0.012150
5.069318 -0.015551 -0.059649
4.987546 0.018667 0.028523
5.073296 0.047207 0.010638
4.978258 0.053721 -0.006057
4.985255 -0.007512 -0.032569
4.991049 -0.001993 0.026920
4.993357 -0.033024 -0.043113
5.011287 0.007179 -0.011629
4.990976 0.016655 0.046716
4.981596 0.007667 0.033748
4.981717 0.004531 0.003860
4.965661 0.010055 0.005946
5.021653 -0.030607 0.005299
5.046452 0.067325 0.043404
4.969688 0.018532 -0.009494
5.013517 -0.018167 -0.046404
4.994664 0.026678 0.013640
5.017088 0.011491 0.017136
5.020885 -0.003240 0.007487
5.057298 0.009261 0.006277
5.008087 -0.001537 -0.008061
5.011260 -0.010171 0.000635
4.981285 0.008240 0.022526
4.998643 -0.055251 0.022711
5.008606 -0.024797 0.028198
4.963047 0.036362 0.003279
4.936934 0.010350 -0.007186
4.988295 -0.017132 0.001184
4.990444 -0.050701 0.043162
4.997669 -0.016958 -0.028853
5.028122 -0.033953 0.009020
4.987491 -0.010763 -0.028107
4.986390 0.005264 0.012059
4.981432 0.002272 0.031654
4.955121 0.004812 -0.023524
4.973419 0.012830 -0.011358
4.968496 0.044728 0.032603
4.947031 -0.039233 0.022804
4.996454 0.050017 0.023490
5.013984 -0.025656 0.019743
4.966727 0.044157 0.017664
4.980255 0.029140 0.072246
4.998471 0.021512 -0.007955
5.007561 -0.040217 0.004984
5.006307 0.058970 -0.048850
4.996573 0.043644 -0.002253
4.999860 -0.019998 -0.022978
4.950224 -0.013876 -0.024681
5.008541 -0.018630 -0.009388
4.991434 0.003555 -0.010856
4.973146 0.007573 0.037024
5.008854 -0.013295 0.001306
4.943481 0.000818 -0.007011
4.976996 -0.017563 -0.007307
5.034774 0.037762 -0.022844
4.989458 -0.009778 0.029286
5.009365 0.007784 0.021088
4.987108 0.045917 0.004948
4.979323 -0.001889 0.041958
4.992246 0.033487 -0.013760
4.982030 0.024788 -0.021219
5.029676 0.015549 -0.021208
5.002857 -0.011463 0.015469
5.061634 -0.006121 0.021013
5.005733 0.005722 0.000044
4.979277 0.015054 -0.003662
4.977856 0.035425 0.007970
4.998157 0.045202 -0.050082
5.043185 -0.021406 0.011346
4.987358 -0.022690 0.044417
5.060686 -0.001637 0.015064
5.006710 0.056915 -0.058395
4.016314 0.433186 -0.065679
3.994184 0.510441 -0.014681
4.028723 0.490960 0.004619
4.008614 0.403511 -0.016485
4.032210 0.456820 0.016020
4.008995 0.520760 -0.007916
4.053162 0.459005 0.055826
3.968251 0.460540 -0.006811
4.009184 0.491671 0.016364
4.041611 0.434893 -0.019685
4.005483 0.453840 -0.000576
3.976241 0.490960 -0.005885
4.047782 0.455382 0.024453
4.021731 0.430272 0.016016
4.062850 0.462548 0.032038
4.025798 0.464211 0.010594
4.021419 0.477898 -0.035565
4.012419 0.449478 -0.006746
4.043879 0.433006 -0.036843
4.028871 0.412388 -0.052838
4.032248 0.459762 0.019182
3.991727 0.413468 -0.030574
3.996834 0.416828 0.014212
3.991126 0.460551 0.009654
4.016604 0.469984 -0.005317
4.010519 0.462080 -0.067867
4.024396 0.459498 0.021921
3.966395 0.445527 -0.027746
4.027338 0.412847 -0.022860
4.021029 0.436119 -0.022852
4.032202 0.483431 0.026662
4.030461 0.448053 -0.001138
3.985558 0.460032 -0.010837
3.992008 0.472997 0.040536
4.016948 0.508829 -0.016165
3.949861 0.476439 -0.018155
3.996789 0.401906 -0.021976
3.959933 0.441971 -0.006837
4.007699 0.492192 0.025307
3.956335 0.473240 0.008353
4.002065 0.454319 0.011137
3.984243 0.449529 0.040518
3.983883 0.424103 0.003149
3.971083 0.403317 -0.005334
4.048459 0.453842 0.010357
3.941096 0.468144 0.007801
3.985053 0.460402 0.010104
3.973215 0.464956 0.040914
3.998162 0.428972 -0.000327
4.030638 0.418210 0.022357
3.984660 0.462262 -0.011930
3.987989 0.500693 -0.037273
4.019561 0.506940 0.025566
3.965067 0.416553 -0.017549
4.009737 0.461778 -0.033151
3.978817 0.430656 -0.000422
4.064541 0.427004 -0.024309
3.971006 0.474066 0.003760
3.978113 0.444116 -0.018745
4.013877 0.535531 0.021526
4.002210 0.435051 -0.035302
4.027011 0.475381 -0.008983
4.041400 0.455633 0.028243
4.013886 0.449686 -0.023647
4.000634 0.480262 -0.010244
4.018192 0.422518 0.028402
4.014388 0.418937 -0.001720
4.032943 0.417229 -0.027129
4.002915 0.519000 -0.015177
4.019858 0.462804 -0.012686
4.009834 0.441565 -0.005734
3.955162 0.454267 0.031973
4.006723 0.487715 0.022410
4.003214 0.436162 -0.009588
3.960885 0.446988 0.009380
4.056463 0.470850 -0.020946
3.961819 0.448803 0.029353
3.998382 0.471260 -0.000434
4.026510 0.407082 0.053125
3.971625 0.478812 -0.003166
4.001525 0.447767 0.012668
4.018726 0.486751 0.047238
4.014955 0.506410 0.007789
4.037323 0.467862 -0.011476
4.010437 0.470095 0.004034
4.017386 0.480961 0.004299
3.916683 0.505348 -0.003928
3.980302 0.421277 -0.005093
3.988118 0.432890 -0.015464
4.020892 0.515911 0.029617
4.038678 0.443678 0.008140
4.017794 0.435213 -0.007772
4.030637 0.487709 0.007022
3.969145 0.446132 -0.038240
4.007256 0.462662 -0.003121
4.012251 0.467507 0.012706
3.968954 0.447402 0.017295
4.052361 0.446842 0.021525
4.031345 0.449101 0.039452
4.041065 0.496412 0.018753
4.075804 0.436542 0.068722
4.028049 0.495212 -0.004601
4.030334 0.497809 -0.027621
4.000100 0.390762 -0.000350
3.980520 0.448467 0.092709
4.056534 0.411817 0.021672
4.028968 0.444863 0.010349
4.013279 0.414602 -0.025940
4.010169 0.457982 -0.016257
3.981169 0.452307 0.031585
4.002705 0.503682 -0.015875
4.010793 0.444371 0.022639
3.981552 0.512822 -0.045718
4.056464 0.457700 0.021573
4.045036 0.480730 -0.016901
4.023003 0.511024 -0.021619
4.068553 0.466571 -0.007997
3.978201 0.448301 -0.053658
3.992543 0.447112 -0.027232
4.027435 0.448437 -0.014074
3.995240 0.465653 0.007197
3.983971 0.458770 0.003480
3.970816 0.446345 0.022380
4.022164 0.448101 0.025303
3.975601 0.426530 -0.002538
4.049927 0.459898 -0.003261
4.051324 0.446392 0.072042
3.989662 0.424648 0.000009
3.997527 0.430768 0.083059
4.014559 0.468927 -0.008856
3.987670 0.485767 -0.045275
3.970714 0.447581 0.045531
3.993764 0.467485 0.005832
4.043888 0.407458 0.027079
3.999033 0.482747 -0.019578
4.005732 0.451925 -0.025073
3.966588 0.437588 0.008898
3.982293 0.445098 -0.051574
3.993881 0.485708 0.026155
4.002392 0.462310 -0.019848
4.053733 0.517033 0.009945
4.082721 0.434595 -0.032532
3.983711 0.448415 0.074362
3.996565 0.429210 -0.021954
4.039201 0.484919 -0.009564
3.948726 0.421142 0.056637
4.025664 0.456964 0.061065
4.063750 0.453922 0.004473
3.987539 0.446462 -0.039590
3.960288 0.403320 0.037530
3.958158 0.513499 -0.016911
4.057120 0.444048 -0.041986
4.043513 0.497056 -0.022182
3.995050 0.427826 0.001384
4.008235 0.444459 -0.049567
3.987574 0.476106 -0.001267
3.995177 0.427077 -0.013302
4.047268 0.420807 0.026625
4.006412 0.462344 -0.016971
3.994447 0.454828 -0.010620
4.014943 0.468723 0.070181
4.013346 0.397633 0.039891
3.998884 0.515358 0.049128
3.989842 0.476657 -0.012819
4.005081 0.475280 0.038390
4.031856 0.457250 0.079503
3.994049 0.406784 -0.037441
4.049220 0.452700 0.009772
3.988724 0.441419 -0.018613
4.019135 0.452079 0.018050
4.015183 0.442224 -0.038762
3.958626 0.545800 0.049345
4.045205 0.434762 0.005285
3.980539 0.415638 -0.012663
4.044786 0.480222 -0.024101
3.995556 0.477474 -0.012129
4.007388 0.467055 0.016728
4.012624 0.435389 -0.011529
3.970991 0.408160 0.001558
4.029488 0.413592 0.013189
4.028539 0.399898 -0.003117
4.054386 0.471558 -0.051114
4.024750 0.432568 0.025739
3.984298 0.453409 -0.011126
4.005095 0.437982 -0.001706
3.969732 0.469720 0.010259
3.956504 0.484787 -0.000289
4.009853 0.477937 0.014847
4.039956 0.446201 0.036033
4.008688 0.470229 0.017109
4.042222 0.476642 -0.008288
3.985762 0.453507 -0.017803
3.973434 0.391158 -0.041478
4.064562 0.435305 0.062104
4.017095 0.453507 -0.040018
4.005140 0.511766 0.051729
4.013227 0.420540 -0.023715
3.979422 0.493345 0.053952
4.010877 0.445908 0.051461
3.975643 0.456555 0.018889
3.979116 0.435923 -0.016412
4.047502 0.512431 0.008444
3.996953 0.437005 0.005052
3.988493 0.452089 0.017397
3.992841 0.449312 -0.000564
3.995473 0.441757 0.027866
3.951878 0.502228 0.009066
4.023301 0.476752 -0.016242
3.977569 0.424032 -0.002412
4.025976 0.437487 0.023238
3.933962 0.443433 0.040014
3.999871 0.430126 -0.014705
3.914159 0.424646 0.036717
3.987522 0.441064 -0.064954
3.956075 0.490701 0.023519
3.966077 0.436083 0.004125
3.969116 0.394876 0.000224
4.022178 0.472756 0.031257
3.958393 0.456737 -0.003054
4.002383 0.448647 -0.014813
3.914466 0.489855 0.014900
3.960471 0.469194 -0.008419
3.992431 0.431948 0.021108
3.981005 0.422095 0.038952
3.999634 0.450575 0.025774
3.984972 0.440955 0.014171
3.958759 0.461633 -0.017671
4.030664 0.471400 0.017436
3.956791 0.451898 -0.030318
4.003894 0.385542 -0.041225
4.040671 0.466072 -0.005614
3.977738 0.422472 0.011005
3.994691 0.501399 -0.000543
4.006762 0.413345 -0.005821
4.010310 0.443816 -0.009569
4.014807 0.500445 0.009349
4.039326 0.473648 0.037531
3.986708 0.448792 -0.001083
4.021388 0.478772 0.008752
4.031301 0.438100 0.031561
4.035474 0.475325 0.009025
4.026400 0.428180 0.010951
4.014015 0.415115 0.019238
3.967535 0.442162 0.006193
3.983078 0.457477 0.006997
3.980395 0.472039 -0.017925
4.073639 0.451716 -0.030139
3.975470 0.489427 -0.007275
3.964087 0.480611 -0.007467
4.024603 0.483067 0.013234
4.076877 0.403258 -0.019539
3.997321 0.522835 0.058940
4.043661 0.431176 -0.015325
3.980143 0.431497 0.049781
3.997687 0.451655 0.028232
3.955094 0.456579 -0.027906
3.996168 0.437407 -0.014139
4.011767 0.461636 -0.001595
4.016121 0.428942 0.025448
3.998814 0.440490 -0.018843
3.997758 0.511119 0.003101
3.970668 0.482565 -0.009158
4.013513 0.436830 0.043423
3.987277 0.496936 -0.026478
3.996213 0.497000 0.010045
4.073144 0.446926 0.012711
4.062154 0.409582 -0.044133
3.981135 0.479401 -0.043296
4.022911 0.470801 0.065432
4.036365 0.465922 0.045774
4.021167 0.441198 -0.029338
3.987919 0.453798 0.010251
3.940944 0.448413 0.005857
4.021426 0.503804 0.010570
3.977713 0.400458 0.025610
3.978927 0.481005 0.046923
3.958678 0.471617 0.043779
4.035571 0.392109 -0.020610
3.966595 0.470704 0.017400
3.924063 0.445975 0.029022
4.009439 0.459388 -0.005950
3.973232 0.454488 0.006563
4.023458 0.475895 0.007576
4.037847 0.443752 -0.038321
4.019312 0.458791 0.019908
3.967066 0.508724 0.026315
3.996360 0.426936 0.037315
3.971947 0.522841 -0.013396
4.056615 0.449466 0.052422
3.982954 0.455565 0.029142
4.024862 0.488023 -0.009624
4.007544 0.492452 -0.016158
4.022176 0.448425 0.011176
4.007537 0.431352 -0.002821
4.009348 0.451918 0.052182
4.035299 0.463699 -0.017894
3.980279 0.514214 -0.025297
4.008416 0.465828 -0.004340
3.974934 0.431453 -0.011395
3.983715 0.494832 0.004726
3.989286 0.458209 0.025039
3.994661 0.482059 -0.033134
4.040139 0.454731 0.003560
3.984210 0.418164 -0.045000
3.982117 0.472630 -0.023838
3.958547 0.427728 -0.006545
3.994635 0.451133 0.035978
4.042478 0.515164 -0.043747
3.979323 0.475955 -0.008621
4.030824 0.461213 0.052376
4.036281 0.486830 -0.007356
4.002076 0.445842 -0.040177
4.049153 0.477362 -0.005351
4.044138 0.436089 -0.050144
4.035221 0.416643 -0.000873
4.011184 0.466564 0.030452
4.022426 0.471497 -0.018723
4.013827 0.409834 0.051864
3.962923 0.444607 -0.034566
3.983095 0.455403 -0.010863
4.039327 0.461807 -0.008887
4.000993 0.491591 0.032266
3.970837 0.434580 0.019244
4.015601 0.423489 0.027474
3.978274 0.494115 0.020883
3.971042 0.439128 -0.011394
4.009796 0.448881 -0.029365
3.963172 0.471471 0.013587
4.008166 0.463122 -0.013568
4.010520 0.531155 0.040237
3.996348 0.439299 -0.080813
4.037061 0.478598 -0.011315
3.962049 0.420342 0.018332
4.002320 0.475748 0.007593
4.034003 0.466087 0.029864
3.942309 0.417970 -0.005931
4.037387 0.511416 0.000073
3.986653 0.396351 0.030907
3.988494 0.543750 -0.017182
4.068158 0.477451 -0.025848
4.011964 0.478141 -0.001758
4.030139 0.479479 0.022890
4.004506 0.419752 0.002696
4.010282 0.398718 0.010077
4.002096 0.416101 -0.004990
3.995645 0.512903 0.011604
4.036081 0.451466 -0.051217
4.025170 0.435254 -0.005068
3.973411 0.457183 0.036955
4.032982 0.502586 0.056839
3.943624 0.419191 -0.049246
4.023958 0.434208 -0.009675
3.998502 0.466477 -0.039560
3.967234 0.455039 0.040962
4.004238 0.431250 -0.059446
4.033580 0.432922 -0.029423
3.953540 0.411827 -0.023836
3.997835 0.418738 0.010571
3.997607 0.521660 -0.046133
4.009844 0.460220 -0.025917
4.007858 0.478088 0.007895
4.046534 0.389669 -0.020267
4.049252 0.482361 0.021215
4.041996 0.397503 0.028868
4.036931 0.435239 0.083877
4.010890 0.389217 0.016438
3.983404 0.489950 0.021438
3.987062 0.500074 0.033184
3.980162 0.450439 0.020508
3.994072 0.444968 0.006102
3.973026 0.388017 0.012174
3.945333 0.425209 -0.048147
3.955547 0.467791 -0.001669
3.997248 0.415523 -0.014675
4.016294 0.453437 0.029680
4.033953 0.447433 -0.050567
3.982301 0.452069 -0.018295
3.973361 0.457093 0.077909
3.990354 0.454916 -0.034361
4.042302 0.481242 0.029172
4.045794 0.442180 -0.004073
4.056296 0.473982 -0.061577
4.018645 0.437549 0.031945
4.017246 0.402784 0.013065
4.011319 0.465904 0.022266
4.049879 0.467417 0.005687
4.039439 0.522282 0.032452
4.011186 0.467976 0.012681
4.005556 0.519955 -0.017472
4.039647 0.451224 -0.039413
3.999350 0.438597 0.022327
4.007739 0.424339 0.049130
4.037704 0.502582 0.012109
4.003928 0.476107 -0.012324
4.008902 0.449730 -0.038831
4.008824 0.441771 -0.002277
4.015914 0.493176 -0.020463
3.994903 0.432048 -0.019905
3.987163 0.449106 0.022576
4.014613 0.423294 0.043825
4.033332 0.427964 0.041723
4.014808 0.450306 0.015742
4.004227 0.471352 0.010619
3.994877 0.394225 0.020815
3.993790 0.478338 0.019450
3.994570 0.485690 0.011145
4.009909 0.450857 0.055507
3.983602 0.445320 -0.032120
4.026802 0.437536 -0.009101
3.989492 0.456882 -0.032523
3.937703 0.468731 -0.058407
4.030624 0.501756 0.000073
4.043985 0.454272 0.052977
3.991313 0.384054 0.002603
4.056239 0.471049 -0.010460
4.014867 0.484134 0.002432
4.083792 0.439477 0.035075
4.027858 0.434005 -0.007733
4.035543 0.459344 0.015142
3.955921 0.474680 0.013619
4.003083 0.465827 -0.007277
3.987243 0.447743 -0.008926
4.070416 0.482356 -0.024054
4.066089 0.442014 0.005884
4.031923 0.395900 -0.002111
3.987800 0.461152 0.016101
4.002682 0.451291 0.036954
4.014045 0.456243 0.009436
4.060077 0.460180 -0.010433
3.947730 0.411982 -0.009011
4.001749 0.438331 0.015534
3.987945 0.427565 0.023379
4.046082 0.421785 0.012311
3.947850 0.410764 -0.012663
4.039047 0.431639 -0.019483
4.006083 0.456113 -0.018554
4.064587 0.447039 0.008408
3.992947 0.468199 0.042049
4.054910 0.432132 0.038024
4.021490 0.484236 0.002244
3.999389 0.483071 0.033641
4.051972 0.460956 0.001793
3.931204 0.406662 -0.006828
3.971968 0.479424 -0.034301
3.989961 0.441139 0.041142
3.986753 0.468572 0.010871
4.032099 0.480506 0.003997
3.954111 0.448048 0.004401
4.013580 0.432873 0.039227
4.005409 0.427385 -0.008747
4.062856 0.474931 0.036454
3.973752 0.434335 -0.015443
4.010532 0.449780 -0.009685
3.994078 0.431179 -0.000395
4.038396 0.409606 0.015394
4.046403 0.449504 -0.010866
4.032727 0.425473 0.004319
3.973805 0.398897 0.000440
3.967098 0.454650 0.038451
4.060628 0.457806 0.035576
4.016969 0.443507 -0.052743
4.053795 0.423527 0.046483
4.021104 0.425720 0.014360
4.068987 0.501070 -0.010381
3.983641 0.458006 0.000035
4.040992 0.477188 -0.045767
4.018760 0.449627 0.006113
4.012468 0.490962 0.034334
3.982508 0.453242 -0.008456
3.954545 0.451719 0.060343
3.953639 0.454278 0.003316
4.013632 0.426118 -0.037753
3.963642 0.494928 -0.024481
3.990013 0.518139 -0.017028
4.015272 0.486914 0.035472
3.965053 0.433599 0.014071
4.062871 0.432155 -0.009808
4.017587 0.473590 0.025408
3.979609 0.439039 0.011465
4.042869 0.447845 0.004331
3.974222 0.510897 0.009628
4.037333 0.455897 0.007558
3.959991 0.390477 0.042557
4.007342 0.461193 -0.032472
3.977908 0.486869 0.057204
3.986362 0.475144 0.010701
4.001384 0.510559 -0.008596
4.042221 0.466443 0.004493
4.046161 0.463704 0.002107
4.046383 0.492478 0.041059
3.888366 0.468205 0.011364
4.003954 0.473293 0.012817
4.025334 0.446961 0.049945
4.028368 0.471276 0.019811
4.039718 0.485651 0.001617
4.034709 0.460222 0.062508
4.037932 0.436232 0.074921
3.941939 0.474121 -0.015887
4.061465 0.462584 -0.018814
3.997005 0.433582 -0.004173
3.995141 0.432465 0.013102
4.016737 0.425111 -0.044748
4.014329 0.470958 0.026907
4.021535 0.502182 0.034912
4.085395 0.548019 -0.047743
3.939086 0.454778 0.020127
4.002723 0.476107 -0.003107
3.984181 0.438713 -0.001005
4.030305 0.440398 -0.003669
4.022107 0.449036 0.038501
3.977415 0.420909 0.014139
4.017129 0.429051 0.045308
4.062748 0.436164 0.049619
3.933536 0.487283 -0.020733
4.034282 0.426162 0.002945
3.980697 0.448584 0.059898
4.001762 0.518309 -0.006574
4.049753 0.406229 -0.003595
3.988917 0.501131 0.010557
3.942358 0.415696 -0.025380
4.033022 0.479150 -0.004012
3.988545 0.476492 -0.028886
4.018730 0.466176 -0.003238
5.016930 0.008063 0.019923
4.964977 0.023435 0.035798
5.014629 0.023036 0.001702
5.031740 0.006957 -0.029438
5.029606 -0.044024 0.013483
4.993473 -0.008444 0.010160
4.983721 0.020366 0.006704
4.986481 0.045145 0.011143
5.023924 0.047498 0.047005
5.022394 -0.004080 -0.037891
5.011201 0.037838 0.015629
4.901662 0.031102 0.032945
4.995963 0.034651 0.023839
4.984435 0.043139 -0.033024
5.003283 0.000290 -0.019763
5.014114 0.044311 0.042432
5.026710 -0.045878 -0.035079
5.009985 0.003973 -0.009942
5.062160 0.008176 0.021272
5.034637 0.006649 0.082732
4.976789 -0.013182 -0.023285
5.051880 0.029063 -0.011325
4.979084 0.046547 0.015851
5.047313 0.003196 0.020346
5.014007 -0.013723 0.000676
4.969471 0.019823 0.027837
5.034705 0.024996 0.001154
5.051559 0.031769 0.046656
5.048539 0.001232 0.016636
5.028237 -0.029474 -0.028809
4.966021 0.001757 -0.005000
4.961930 0.009481 0.002131
5.040467 0.065389 0.018694
4.984101 0.024402 0.005279
4.997796 -0.020848 -0.008927
4.999666 0.029123 0.020331
5.059767 0.025230 0.017729
4.995813 -0.026124 -0.012097
4.984005 -0.071827 -0.025259
5.053066 0.016058 -0.006296
5.016954 -0.053602 0.013463
5.043325 0.001367 -0.048160
4.992582 0.043378 0.012759
4.962451 0.076029 -0.032614
4.997712 -0.026122 -0.026080
4.991435 0.024085 0.043716
4.993415 -0.025304 0.019359
5.020239 0.012211 0.013272
5.001623 0.007945 -0.000450
5.037107 0.071854 0.010390
5.004803 0.012676 -0.014738
5.027949 0.018235 -0.007614
5.032062 0.005570 -0.024102
5.015548 0.012110 0.033813
5.029946 0.001723 -0.009163
5.005052 0.015899 0.019513
5.014042 0.002277 0.034905
4.984771 0.079382 0.027892
4.971175 0.010557 0.028181
4.994519 -0.039854 -0.026172
5.021263 -0.047638 -0.038480
5.021105 -0.001676 -0.015873
4.990158 -0.039124 0.019534
4.980804 -0.011073 0.015404
4.997301 -0.016140 -0.054683
5.016023 0.007370 -0.010522
4.973878 0.005383 0.019414
5.007933 0.054142 0.026143
5.001782 0.027148 0.006460
5.006356 0.043891 -0.021942
5.005699 0.040691 0.014270
4.993928 -0.046185 -0.063110
5.067285 0.014255 -0.012522
5.015484 -0.023430 -0.004936
4.976772 -0.037398 -0.058150
4.957070 0.035639 -0.024606
5.021047 0.033699 0.005497
4.996043 0.008991 -0.007499
5.041117 0.061296 0.048494
4.940453 -0.008111 0.005125
5.018892 -0.046819 -0.047303
5.044204 -0.011774 -0.039622
4.971891 0.016714 -0.019676
5.012249 -0.024362 -0.047326
5.047731 0.016946 -0.005013
4.989359 0.048947 0.022746
5.039404 -0.012511 0.006520
5.017066 -0.011502 0.002134
4.987492 0.016972 -0.034642
5.022159 0.014321 -0.001099
5.018486 -0.005948 -0.015104
5.021312 0.022610 -0.010218
4.987208 -0.000489 -0.011560
5.050754 0.014494 0.005438
4.977018 0.027170 -0.013348
4.985418 0.028178 0.016620
4.929897 0.000267 0.008766
4.994812 0.009811 -0.049291
4.920069 -0.024264 0.013467
4.908251 -0.020306 -0.052683
4.997721 0.063737 -0.001515
5.001775 0.030177 0.005639
4.998550 0.032799 0.019157
5.013659 0.000837 -0.005382
5.032515 -0.005094 0.041938
4.973586 0.048014 0.019161
4.975944 0.020269 -0.014509
5.006003 -0.009599 0.001013
5.033243 0.020555 -0.028761
4.972957 0.013123 0.015296
4.984767 0.052739 0.029405
4.986233 -0.016668 -0.001834
4.995044 0.042685 0.034536
5.006052 0.025337 0.029689
5.006748 0.017079 0.022826
5.019628 -0.018364 -0.015331
4.996342 -0.016200 -0.039193
5.025279 0.015392 -0.035181
4.997772 -0.000529 0.010458
4.972542 -0.035620 0.020592
4.958981 -0.001980 -0.004782
5.001301 0.012582 0.052957
4.957015 0.031297 -0.070365
5.046811 -0.056286 0.078092
4.993307 0.043711 0.037525
4.991905 -0.005792 -0.020115
5.028621 -0.007704 -0.019570
5.021118 -0.021915 -0.004869
5.008213 -0.014273 -0.009746
5.051049 -0.001127 -0.005789
4.999746 0.018634 -0.026016
5.017816 0.012675 -0.048660
5.058828 0.048824 -0.019017
4.971327 0.011842 -0.037776
5.045928 -0.009054 0.053654
4.980268 0.001634 0.043016
4.995303 0.013163 0.037780
4.988319 -0.032852 -0.038761
5.022503 0.016663 0.036850
4.996779 -0.037922 -0.065583
5.091039 0.020808 0.009104
5.013359 -0.037940 -0.018846
5.057300 0.024750 -0.017908
4.968196 -0.010471 -0.004463
5.066474 -0.000648 -0.030687
5.003242 0.012930 -0.033416
5.017065 0.041267 0.009160
4.981088 -0.010866 -0.044765
5.000985 0.014323 -0.021899
5.063191 0.028768 -0.048783
4.951832 -0.024521 0.052196
5.031728 0.053711 0.005306
4.998715 -0.032425 0.015491
4.999115 -0.002040 0.053542
5.001210 0.044929 -0.042642
5.085643 -0.006198 0.026216
5.030988 -0.009921 0.029571
5.031130 -0.016394 -0.016039
5.006359 0.001535 0.046794
5.026080 0.002887 0.023182
4.943600 -0.013459 0.013635
5.038461 0.010993 0.048747
5.031038 -0.009650 0.000799
5.017253 -0.008459 0.050939
4.971738 0.014483 0.027063
4.995597 -0.011164 0.002718
5.029360 -0.009995 -0.027068
5.039518 0.016979 0.035236
5.027780 0.070397 0.038449
4.983278 0.019108 -0.011725
4.991376 -0.037375 -0.003583
5.021351 0.003019 -0.027981
4.959309 0.068355 0.014755
4.980278 0.018854 0.070676
5.023614 -0.078612 0.084569
4.949523 -0.001180 -0.029002
4.982800 0.013532 -0.057131
5.002293 0.039420 -0.020297
4.963291 0.000821 -0.005150
4.987143 -0.030650 0.020576
5.022858 -0.026969 -0.022818
5.009095 -0.023949 0.010360
5.049041 0.003205 -0.031408
5.016763 -0.000330 0.000495
5.019260 0.025731 0.006065
5.003180 0.066906 0.041017
5.030006 0.008936 -0.025172
5.038822 0.009329 -0.012315
4.997706 -0.023985 0.036720
5.025491 0.010449 0.003716
4.984580 -0.058902 -0.037388
4.982721 -0.021789 0.013681
5.029345 0.001147 0.047268
4.981513 0.000934 0.003470
5.037766 0.008177 0.009007
4.955355 -0.021997 0.037879
4.942740 0.045290 0.019990
4.982574 -0.019961 0.061879
5.047342 0.001417 0.009038
4.985615 0.009044 -0.015217
5.002644 0.059310 0.002132
4.973559 -0.035991 0.008814
4.982173 0.012398 -0.043585
5.025708 -0.026805 0.006389
4.994851 0.056552 0.010145
5.063364 0.021822 0.047762
4.998736 0.015365 0.041559
5.032149 0.020930 -0.004838
5.000237 0.039130 0.045377
4.987214 -0.017313 -0.022124
5.029891 -0.022884 0.029528
5.021371 -0.011353 0.051916
4.961132 0.054786 0.014567
4.942796 0.052756 0.034166
4.992154 -0.023942 -0.042072
5.077463 -0.022701 -0.032908
5.013038 -0.044137 -0.024446
5.034849 0.018926 -0.006591
5.005549 -0.008274 0.003140
4.982146 -0.012407 -0.013320
4.983224 0.036317 0.028104
4.977029 -0.030832 0.000282
5.069659 -0.025831 0.000163
5.007662 0.001741 -0.008746
5.039652 0.018634 0.030374
5.022681 0.031818 0.052532
5.044931 0.074744 0.041520
4.984917 0.030419 0.026313
5.062609 -0.024015 0.021739
4.984568 0.020376 -0.001442
5.019384 -0.037310 0.028797
5.011182 0.009566 0.063507
4.993525 0.015268 0.008008
5.010941 0.071654 0.006914
4.987982 0.061127 -0.004231
4.956845 -0.017225 -0.032398
4.951001 -0.005890 0.002894
5.040416 0.023882 0.022515
4.978204 0.031548 0.046737
5.016837 0.017676 -0.032941
5.036633 0.058425 0.014689
4.987169 0.000140 -0.007613
4.994187 0.024439 0.013384
5.035118 0.016127 -0.020923
4.989979 -0.011885 -0.000594
5.058841 0.063647 0.030098
5.008563 -0.035850 0.011600
4.981300 0.053916 -0.043183
5.016535 -0.021227 0.004715
5.024982 0.035659 0.003179
5.027836 -0.014874 0.012366
5.035066 0.014963 -0.010880
4.996629 0.035470 -0.027755
4.976671 0.023048 -0.008174
4.961408 0.045525 -0.027988
4.999017 -0.013586 -0.003931
4.978461 0.026428 0.008325
5.034510 -0.013275 0.068991
4.947861 -0.042554 0.057593
5.019221 0.015242 0.017938
5.022136 0.013993 -0.023977
5.029546 0.024820 0.047853
5.057927 0.014914 -0.031826
5.058176 -0.025544 0.015139
4.997298 -0.007919 0.027929
5.012334 0.020397 -0.019471
4.999778 -0.018086 -0.000972
5.001437 0.060329 -0.002782
4.941232 0.046853 0.018478
5.001070 -0.008116 -0.023408
5.063141 0.006555 -0.047133
5.014832 0.041185 0.009693
4.977952 -0.024732 -0.022520
5.050650 0.002850 -0.045362
5.016524 0.009231 -0.008467
4.974388 -0.026917 0.037599
5.012425 0.019359 0.012343
5.014831 -0.009052 -0.001175
5.039947 0.047438 -0.031663
4.998752 0.030179 0.061462
5.058459 -0.018873 0.043251
5.006759 0.036332 0.028648
4.967081 0.021499 0.035171
5.004395 -0.002389 -0.042150
5.025509 0.011262 -0.022666
4.995225 0.009635 -0.011759
5.005080 -0.047498 0.045483
5.005477 -0.027981 -0.068791
5.035874 0.021743 0.011321
5.030909 0.030827 0.010833
4.997374 -0.007514 0.017628
5.046911 0.001913 0.049294
5.016195 0.016421 0.077153
5.054580 0.055358 -0.018928
5.070765 0.002533 -0.001825
4.940223 0.014789 -0.027501
5.017248 -0.029847 0.058931
5.021547 0.073396 -0.025691
5.051475 -0.049081 0.011242
4.986051 -0.008439 -0.010495
4.977559 -0.032791 -0.008273
5.008481 0.039911 0.013861
5.039996 -0.039345 -0.007989
5.026330 0.015296 -0.020835
5.033022 -0.010938 -0.018321
5.019608 0.005185 -0.010687
4.988294 -0.027094 -0.006872
5.038000 0.012337 0.033758
5.020482 -0.013367 -0.044474
4.977194 -0.015137 -0.017457
5.034431 0.034118 0.071356
4.982088 0.052923 0.052738
4.998032 0.019207 0.042222
5.003232 0.000908 -0.013820
4.934199 0.007114 -0.016296
4.972740 0.017666 -0.038539
5.029182 0.019508 -0.007006
5.003101 -0.030707 0.027510
5.010621 0.012855 0.020057
4.985728 -0.040572 0.033720
5.025662 -0.011061 0.017273
5.042739 0.039161 -0.011937
4.960337 -0.034516 -0.004352
5.048870 -0.016853 -0.012890
4.986493 -0.010952 0.004663
4.966598 0.037531 0.000655
5.079374 -0.030207 0.052696
5.046740 -0.007351 -0.006852
4.977361 -0.022295 0.004982
5.005621 -0.043071 0.073805
4.997214 0.006968 -0.013787
4.996990 -0.005736 0.004912
5.004562 0.029146 0.011817
5.026128 0.004706 0.011938
4.997761 0.035093 0.014679
5.000258 -0.000637 0.001723
5.005913 0.003309 -0.011765
5.027947 0.029842 0.058516
4.986891 0.024993 -0.052274
5.029871 -0.038697 -0.024530
5.014967 -0.013645 -0.017751
4.990456 0.026889 -0.022987
5.003375 -0.006360 0.029597
5.030438 -0.050058 0.036353
4.986677 0.012089 -0.023167
5.016134 0.081540 0.008815
4.991205 -0.001965 -0.039071
5.048469 0.014386 -0.026467
4.974510 0.005458 0.032960
4.970470 0.038402 0.002251
4.977093 -0.009031 0.057457
4.963354 -0.016957 0.033578
5.011494 -0.018737 0.033944
5.035369 0.014942 -0.013372
4.991251 0.013540 -0.034358
5.044834 0.056006 -0.002079
5.015683 0.040574 0.063667
5.051709 -0.047066 -0.004467
5.020021 -0.009827 0.058483
5.053881 -0.019478 0.000128
4.982513 -0.000854 -0.001763
5.033628 -0.021654 -0.073502
4.956864 -0.025849 -0.014671
5.010615 -0.027394 -0.031333
4.977117 -0.028470 -0.011635
4.987081 0.025672 -0.024686
4.994272 -0.011351 0.029267
5.000372 0.036521 -0.029571
5.003519 -0.012277 -0.031781
5.002975 0.056988 -0.020587
5.001176 -0.034367 -0.038777
4.981382 -0.008499 -0.007167
4.998219 -0.044450 -0.013778
5.020053 -0.035747 -0.005654
5.013785 -0.018468 0.015246
4.959366 0.031653 0.015974
5.006670 0.038745 -0.004880
4.986464 0.046176 0.060223
4.984197 0.001588 0.036351
5.002656 0.022838 0.028412
4.988131 0.017578 0.004814
4.968494 -0.024690 -0.014573
5.032856 0.033841 0.027497
5.018203 0.017385 0.013327
5.017228 0.019261 -0.037133
4.981293 -0.025868 0.038214
5.054623 -0.060071 0.051944
5.007602 0.035382 0.020194
5.048212 0.011292 -0.035904
5.001830 0.020470 -0.001479
5.024732 0.003029 -0.012865
4.972421 -0.006754 0.011137
4.946218 -0.018402 -0.054901
4.986488 0.040919 -0.030583
5.026095 0.090465 0.048606
5.009005 0.030753 -0.036090
4.957798 0.005861 0.016958
5.037832 -0.012063 0.010802
5.009773 0.001058 0.002826
4.979359 0.013391 0.010851
3.991800 0.474973 0.035835
4.025321 0.423727 0.007989
3.977657 0.457897 -0.022226
4.043315 0.478500 0.039590
4.036552 0.446882 -0.007768
4.057252 0.450046 -0.035637
4.035224 0.459313 0.050178
4.012289 0.454400 0.050784
3.958846 0.437439 -0.021621
3.939148 0.481195 -0.011723
4.032161 0.466673 0.023214
3.991338 0.432073 0.007693
4.032575 0.453489 -0.016058
3.969029 0.461125 -0.011622
4.002848 0.447837 -0.008333
4.013814 0.471635 0.063958
4.027739 0.502810 -0.019558
3.956972 0.454567 0.030741
4.026035 0.491341 -0.071096
4.042589 0.465064 -0.041320
4.026706 0.460084 0.016437
4.034973 0.467908 -0.039185
4.000709 0.406471 0.024472
4.046939 0.417756 -0.015144
3.978529 0.441383 0.017373
3.991708 0.474576 0.036961
4.038053 0.421455 0.046578
4.048982 0.501580 0.000266
3.982445 0.425473 -0.028053
4.005351 0.480436 0.044197
3.990433 0.453839 0.001874
3.985942 0.477072 0.015885
4.009255 0.465749 0.023464
4.023163 0.429845 0.031890
4.012661 0.441962 0.012027
4.015334 0.487454 -0.026385
4.044750 0.455695 -0.010185
3.988897 0.424959 -0.047227
4.025322 0.514427 -0.043528
3.976487 0.477547 0.003631
4.030033 0.451948 -0.012419
3.998225 0.383537 -0.029305
4.033448 0.490757 0.047185
4.018226 0.387318 -0.014050
4.044740 0.503692 0.045879
3.997912 0.415803 0.003781
4.005444 0.501967 0.011834
4.005500 0.457205 0.016996
4.023793 0.433264 -0.026729
4.046117 0.405769 0.054132
3.947680 0.437464 0.034156
4.005010 0.415506 0.017793
4.007010 0.448519 -0.013718
4.003962 0.437542 0.078036
3.997799 0.443787 -0.011249
4.058309 0.405828 0.015783
3.997821 0.412298 -0.019572
4.014509 0.429068 0.012787
4.056875 0.460118 -0.038605
3.979596 0.446438 -0.005567
4.009560 0.464373 0.056916
4.004888 0.420434 0.039614
4.042891 0.461973 -0.002392
4.023676 0.448668 -0.056671
4.021904 0.481768 0.048233
3.983077 0.461785 0.012434
4.007561 0.458446 0.006114
4.011352 0.477220 0.041609
3.982310 0.449831 -0.007678
3.988030 0.406519 0.005727
4.019380 0.450347 0.004731
4.017553 0.497334 -0.007593
3.969852 0.452287 0.061507
3.970173 0.474504 0.039737
3.934034 0.467307 0.023102
3.996980 0.435607 -0.012720
3.995143 0.445937 -0.009723
3.994666 0.490724 -0.031433
3.952528 0.491204 -0.000761
3.993353 0.451663 0.011278
3.989278 0.470178 -0.023868
3.995945 0.388559 0.040167
3.999717 0.475103 0.019297
4.021494 0.454767 0.016647
3.976161 0.419865 0.001967
3.984607 0.497764 0.016254
3.983506 0.446854 0.008990
4.002960 0.463152 0.007060
3.963280 0.390473 -0.006208
4.021815 0.444129 0.042097
4.003593 0.495716 0.039557
4.036539 0.418895 0.005514
4.041683 0.463170 0.021631
3.963363 0.512564 -0.018741
3.945167 0.444466 -0.068425
3.972446 0.531755 -0.006401
3.962166 0.455759 -0.021934
4.030936 0.428314 0.013122
3.970588 0.532971 0.020109
4.000635 0.446211 -0.011608
3.982173 0.431348 0.055350
3.988422 0.391117 -0.029979
4.032832 0.447430 0.000978
4.040094 0.431685 0.023973
3.984964 0.472276 -0.006734
3.997754 0.479604 0.027441
4.000037 0.440851 0.052974
4.022680 0.443266 -0.014593
4.035747 0.458462 0.000093
4.008449 0.465134 0.003299
4.041111 0.492780 0.020957
4.046242 0.455255 0.025710
4.035134 0.485571 0.032480
4.023936 0.513714 -0.011191
4.000343 0.448565 -0.006042
3.945337 0.496246 -0.025781
4.010094 0.412344 0.023621
3.981438 0.420921 0.010830
3.983978 0.437775 0.010154
4.029000 0.430448 -0.024736
4.005705 0.471178 0.048883
3.972860 0.445461 0.040274
4.064193 0.425207 -0.017164
4.016433 0.437668 -0.017777
4.012334 0.501483 -0.034284
4.049950 0.437757 0.015374
4.052726 0.464760 -0.003925
4.026545 0.449805 0.020641
3.998860 0.480835 -0.036827
3.974594 0.412732 0.003307
3.959114 0.434245 -0.028225
4.049390 0.425280 -0.033596
4.012450 0.505605 0.001518
4.003838 0.493723 0.031347
4.017762 0.437530 0.018679
3.964176 0.436290 0.047944
4.044060 0.468125 -0.052881
3.968753 0.434616 -0.000151
3.967488 0.447611 0.058019
4.017025 0.461565 -0.025527
3.955830 0.418154 -0.045382
4.007251 0.466517 -0.023959
4.009438 0.499070 0.063731
4.028112 0.449755 0.027143
4.045554 0.394783 0.049462
3.988662 0.438951 -0.005648
4.014603 0.421662 -0.003544
4.020758 0.461557 0.016424
3.995281 0.475811 0.036692
4.034893 0.467828 0.033167
4.031132 0.535295 0.041542
4.002338 0.427650 -0.002834
3.995046 0.470343 -0.016008
4.040765 0.413313 -0.043976
4.000947 0.429723 -0.032747
3.985888 0.432155 0.005304
3.986386 0.438826 0.004854
4.035427 0.499122 0.009433
4.011766 0.449504 0.019437
4.016707 0.494775 -0.051661
3.997965 0.465176 0.004211
3.976825 0.416019 0.029190
3.982292 0.402353 0.030697
4.018769 0.451524 -0.022437
4.001597 0.491468 -0.043441
3.958081 0.436167 0.004201
3.990111 0.474284 0.037665
4.013363 0.471813 0.013163
4.005285 0.416193 -0.025840
3.964472 0.450545 0.011968
3.961522 0.457178 -0.021256
3.972924 0.436240 -0.028614
4.023200 0.449960 0.029456
3.991695 0.442829 0.061201
3.956308 0.493534 0.054636
4.027975 0.445086 0.047807
3.995347 0.433826 -0.006648
3.987894 0.426601 0.038300
3.981797 0.454111 -0.038313
4.005924 0.420322 -0.030415
4.001721 0.486709 0.018212
4.020274 0.451102 -0.005069
4.028734 0.438105 0.030033
4.042078 0.429758 -0.015833
3.988629 0.410991 -0.009082
4.044043 0.423633 0.044756
3.991997 0.518421 -0.015454
4.000681 0.427695 -0.015631
4.045145 0.469236 0.035865
3.965532 0.474645 -0.024143
3.964880 0.462163 0.011856
4.006600 0.476527 0.031207
4.049092 0.419290 0.050060
4.061469 0.444013 -0.045055
3.963495 0.441144 0.065424
4.005512 0.436484 -0.015562
3.965318 0.481237 0.002238
4.067995 0.473846 0.029898
3.997737 0.422269 -0.021207
3.963923 0.482312 -0.006547
4.033575 0.459077 -0.003785
3.969912 0.464049 -0.001559
4.032066 0.433538 0.023483
4.054225 0.463177 0.028559
4.022157 0.511943 0.016147
4.025999 0.453912 -0.018232
3.968755 0.493008 -0.025251
4.027376 0.467480 0.032534
3.989559 0.431278 0.016351
3.996230 0.418069 0.063156
3.981258 0.425191 -0.002264
4.042586 0.389998 0.040097
3.977656 0.462936 -0.015280
4.064758 0.458739 -0.016243
3.995967 0.457689 0.010330
4.018163 0.454958 -0.036315
3.994792 0.473200 -0.015096
4.025183 0.455952 -0.001532
4.040824 0.402856 -0.015260
4.041973 0.509901 0.073580
4.006511 0.468737 0.029523
4.043252 0.464393 0.032784
4.018793 0.470667 -0.022551
3.995124 0.439317 -0.030667
3.955452 0.442291 -0.002916
4.008151 0.471672 0.010644
3.997293 0.427546 0.031312
4.001945 0.441986 -0.000594
3.983018 0.439080 -0.011874
3.996380 0.474673 0.017213
4.051402 0.491352 0.063693
4.021775 0.471293 -0.009622
4.029780 0.435316 -0.039114
4.050790 0.417525 0.018166
3.978590 0.488800 0.042888
4.020875 0.492391 0.005220
4.072025 0.477385 -0.022017
4.007088 0.450425 -0.002513
3.955286 0.466606 -0.036573
3.929238 0.444680 -0.017677
3.979154 0.361907 -0.020525
3.999791 0.435975 0.016620
4.046780 0.470491 0.035792
4.038274 0.424434 0.018173
4.034855 0.441921 -0.018719
4.020912 0.410551 -0.027640
3.984997 0.468515 0.011567
4.035971 0.427344 -0.024264
4.020717 0.431040 -0.013105
3.949297 0.463725 0.051239
3.974121 0.485651 0.003218
3.952038 0.428158 -0.023694
3.995504 0.467585 0.060468
3.962066 0.440457 -0.021879
3.966961 0.457863 0.005044
3.950586 0.455545 -0.031162
4.005355 0.493085 0.018892
4.010326 0.439137 0.007006
4.021898 0.468925 0.002023
4.011521 0.415503 -0.017030
4.026227 0.480261 0.007808
4.049369 0.470241 -0.001994
3.968407 0.498162 0.028110
4.058949 0.520005 -0.033608
3.966470 0.369104 0.032551
4.024694 0.457933 -0.031784
4.002329 0.460541 0.028482
4.013190 0.474914 0.001276
4.040444 0.473952 -0.030608
4.046677 0.491767 0.018964
4.013422 0.504758 -0.043999
4.042237 0.440714 0.037855
4.008611 0.417712 -0.009896
4.035652 0.448694 -0.013645
3.986155 0.474267 0.057519
3.940773 0.539021 0.011112
4.022407 0.441912 0.004895
4.010775 0.423527 -0.019170
4.040537 0.408430 0.018231
3.993884 0.426179 0.064158
3.976365 0.421097 -0.000609
3.981943 0.455191 0.009662
4.012040 0.451283 -0.016065
4.024302 0.451649 -0.009869
4.049400 0.451361 0.037760
4.041805 0.493630 0.025735
4.004981 0.453079 -0.002324
3.939993 0.476564 0.012334
4.029766 0.451490 0.024945
3.963675 0.419922 -0.069286
4.000970 0.431824 -0.022101
4.015040 0.442235 -0.037993
4.081343 0.453890 -0.027495
3.984905 0.449806 -0.000257
4.044065 0.452617 0.060656
3.992027 0.467793 0.035659
4.040855 0.494356 -0.003160
4.004835 0.380617 -0.000880
4.037738 0.481905 0.002405
4.055974 0.443480 -0.016484
3.990955 0.421326 0.023672
4.013654 0.473299 -0.007431
4.003258 0.389647 0.016287
4.007965 0.421984 0.001860
3.997265 0.507929 -0.026834
4.014943 0.422277 -0.011736
4.013305 0.448659 0.004820
4.014982 0.440189 0.031524
3.995836 0.452073 0.015839
4.011810 0.474327 0.014509
4.019071 0.445239 -0.027063
3.962171 0.404879 0.057882
3.938617 0.490812 -0.019626
4.040593 0.388924 -0.002053
4.048621 0.476396 -0.005118
3.946711 0.415325 0.046674
3.994553 0.452845 0.013506
3.965915 0.467219 -0.007588
4.013811 0.437658 -0.042193
3.992179 0.474223 0.016822
4.005928 0.481944 -0.001108
4.006688 0.440607 0.033699
4.013746 0.438291 -0.039671
4.038149 0.432678 0.007162
4.075578 0.479045 0.053334
3.988856 0.487129 0.005800
4.015981 0.515625 -0.003359
4.005578 0.427904 0.031654
3.988181 0.485681 -0.044497
4.021459 0.435689 0.026916
4.004593 0.438940 -0.006597
3.979488 0.480134 -0.026459
3.996988 0.465357 0.053405
4.004721 0.447725 0.013209
3.942796 0.419041 -0.006261
3.983611 0.406975 0.030733
4.012793 0.459208 -0.015820
4.007382 0.470433 -0.002947
4.018337 0.431118 0.007925
4.039275 0.491961 0.044828
4.013567 0.455948 -0.008464
3.950775 0.414653 -0.000042
4.001751 0.497367 0.044444
3.984405 0.479550 -0.009312
4.025478 0.479181 0.042263
3.990221 0.485429 -0.051184
4.043886 0.454249 0.004888
3.943877 0.443340 0.045664
3.992199 0.476404 0.006037
4.036880 0.460745 -0.022954
4.006694 0.503037 0.019929
4.001507 0.522672 0.039776
4.029502 0.464520 0.026908
4.027882 0.389516 0.016848
4.000176 0.440007 -0.000863
3.958325 0.400862 0.042395
4.018865 0.382610 -0.012292
4.031417 0.446600 0.042350
4.036493 0.414299 0.000700
3.991557 0.413323 -0.038628
3.980819 0.435772 0.013497
4.036326 0.470409 0.027511
3.997001 0.473090 0.000549
3.991756 0.511913 -0.064914
3.948801 0.466481 -0.002949
3.961890 0.423362 -0.022732
4.031770 0.491372 0.054187
3.957330 0.413986 -0.038069
4.043666 0.467517 0.007406
4.011889 0.453297 -0.028634
4.020395 0.449416 -0.031010
4.022229 0.442226 0.011825
4.001251 0.481741 0.011605
3.978489 0.464660 0.015641
4.020340 0.486076 -0.013479
4.025038 0.403255 0.001400
3.996760 0.498435 0.000310
4.023240 0.402147 -0.005553
3.979609 0.529265 -0.015004
4.007198 0.458797 -0.042684
3.989219 0.467143 0.007572
3.935988 0.437990 0.035625
4.022647 0.491541 -0.024569
4.043428 0.453668 0.052767
4.005099 0.393576 0.030478
3.991695 0.443713 -0.038593
4.053666 0.439367 0.052251
3.992063 0.427168 0.044586
4.002800 0.453093 -0.033449
3.991271 0.467861 -0.033975
3.988827 0.442387 0.006993
4.049387 0.446001 -0.015715
4.087391 0.442004 -0.000720
3.994265 0.446697 0.007333
4.032624 0.467120 0.037313
4.036321 0.461257 0.016289
4.038262 0.421664 0.079946
3.989622 0.444471 -0.031357
3.969535 0.484221 0.073106
3.987983 0.465419 0.011605
4.035007 0.521561 0.050629
3.997840 0.470863 0.023842
4.004397 0.422122 -0.018963
4.039445 0.492539 -0.001227
4.012832 0.490918 -0.046128
3.991609 0.515536 0.013979
3.971124 0.458518 0.035643
3.928604 0.460289 -0.006172
3.955740 0.457458 0.000906
4.004277 0.444552 -0.025640
3.961356 0.434279 0.030778
4.011992 0.452925 -0.026193
3.993783 0.477115 0.020144
3.990684 0.376658 -0.015245
3.990519 0.427787 -0.007395
4.029497 0.453881 0.034691
3.959749 0.445848 -0.053171
3.992203 0.423630 0.043438
4.017291 0.485445 -0.007880
3.974408 0.423453 0.012963
4.059305 0.467371 -0.006243
3.999337 0.454061 0.065799
4.042008 0.462799 0.008292
4.013981 0.469828 -0.007396
3.979678 0.485967 0.005659
4.033462 0.504385 0.020618
4.015756 0.551007 0.011211
3.972284 0.446563 0.051551
3.966175 0.432426 0.038193
3.996851 0.451693 0.037201
3.983495 0.410942 -0.036667
4.022453 0.462774 -0.015777
3.970236 0.446883 0.038496
3.979925 0.435119 -0.030716
3.993978 0.465142 0.068455
4.011533 0.453390 0.030888
4.025886 0.437670 0.074062
4.004268 0.462091 0.021540
4.015376 0.500762 -0.012697
4.028501 0.459937 0.034482
3.998550 0.444488 0.026962
4.015740 0.430391 0.045368
4.026975 0.452774 -0.009047
4.015924 0.474815 -0.042822
4.016270 0.474577 -0.065573
4.010886 0.475838 0.022426
4.029073 0.445173 -0.026197
3.951008 0.487767 0.026092
4.040055 0.433246 0.029115
3.959920 0.428915 0.008779
4.024896 0.505370 -0.002202
3.979028 0.427486 -0.015635
4.071631 0.477706 0.038376
3.997830 0.454951 0.025978
3.989826 0.446261 -0.015241
3.991575 0.456469 -0.019651
4.013579 0.463537 -0.000377
3.980176 0.458149 -0.010147
4.006398 0.487944 -0.032588
4.070205 0.452824 0.017355
3.982417 0.489266 0.001231
3.993176 0.437735 -0.003055
4.017550 0.460184 0.003804
3.983657 0.431925 -0.008826
4.018808 0.474868 0.028911
4.004956 0.466507 -0.000054
3.952731 0.448522 -0.006260
3.973829 0.437978 0.009053
3.971003 0.433676 0.051437
3.956919 0.449505 -0.029989
3.982451 0.449068 -0.024627
4.022218 0.495535 0.030250
4.035738 0.413608 -0.002292
4.019023 0.481136 0.057601
4.037071 0.481895 0.084008
4.007889 0.446328 0.010321
3.977548 0.457029 -0.046806
3.989114 0.451540 0.033489
4.038333 0.426091 0.067281
4.009451 0.462201 -0.043531
3.986398 0.486495 0.010093
4.008234 0.461815 -0.038296
4.002102 0.497250 0.037601
4.001244 0.501910 -0.032773
3.975849 0.510909 0.022339
3.996333 0.453340 -0.019199
4.013298 0.460922 0.005597
3.970207 0.462943 -0.010885
3.975421 0.493002 0.070092
4.063279 0.474504 -0.002968
4.002889 0.467168 -0.007607
4.044564 0.393928 -0.003872
4.029032 0.429645 -0.002204
4.022809 0.500548 -0.033818
3.963958 0.426619 -0.041126
3.961009 0.425820 0.042005
3.995638 0.455941 -0.023664
4.024006 0.511273 -0.021629
4.056742 0.465933 0.005506
4.017004 0.466716 0.060713
4.020607 0.471233 -0.007645
4.030172 0.426295 0.008270
4.091499 0.379874 0.011994
4.013149 0.448157 -0.001136
4.007742 0.447440 0.011659
3.990372 0.515672 -0.002560
4.022088 0.434929 0.032994
4.027004 0.467578 -0.025820
3.982428 0.505585 -0.017904
4.024227 0.426660 0.035251
3.984408 0.426104 -0.016370
3.988386 0.467140 0.007082
3.972145 0.454162 -0.029305
4.024307 0.479807 0.004282
4.013150 0.507564 0.000272
3.976672 0.472376 -0.028980
3.998683 0.437030 -0.016055
3.997497 0.481997 0.038170
4.032786 0.465091 -0.002731
3.934265 0.466030 -0.063380
3.947299 0.450150 0.012937
3.991467 0.501066 0.018863
3.997518 0.496589 0.051953
4.020377 0.431742 -0.011508
4.961598 0.003727 -0.026501
4.995128 0.012818 -0.054511
4.967088 -0.010205 0.003424
4.990183 -0.003116 -0.016186
4.961518 -0.011043 -0.001395
4.995688 0.008354 0.017567
5.025452 -0.014007 -0.042274
5.043148 0.016563 -0.023640
5.013331 0.037040 0.056875
5.012518 0.036790 -0.031288
5.003923 -0.005050 0.015277
5.053336 0.012497 -0.023131
4.967097 0.054373 0.020414
5.018442 -0.005312 0.013036
4.975391 0.016616 -0.030246
4.994221 -0.014287 -0.092721
4.994597 -0.021966 -0.001312
5.005052 0.058038 0.014141
5.015023 0.019868 0.031154
5.018628 0.013451 0.026337
4.932201 0.067672 0.052692
5.011514 -0.037390 0.041311
4.984184 0.021015 -0.033487
5.071792 -0.038267 0.007070
4.941334 0.003763 -0.007759
5.039116 -0.007761 0.039159
4.974276 -0.003459 -0.002857
5.019868 0.016051 0.026667
5.013005 0.024839 -0.021936
5.016664 0.053246 -0.045400
5.019670 0.025303 0.048836
5.026781 0.008009 0.017902
4.982949 -0.006639 -0.035071
5.049611 0.018505 -0.022483
5.013141 0.039780 0.034784
4.977171 -0.089015 0.016862
4.978394 0.023670 0.033508
5.038409 0.057342 0.042091
5.057486 0.046372 0.048987
5.003774 -0.033680 0.079468
5.006889 0.041861 -0.011508
5.033918 -0.068349 -0.007313
5.002048 0.018878 0.037161
4.972176 0.024799 0.041800
5.075377 0.026199 -0.008785
4.966847 0.059876 0.027120
5.004341 -0.043595 -0.022936
5.023940 0.015615 -0.053390
5.023978 -0.042053 0.045620
5.011257 -0.008903 0.034705
5.015605 0.044748 0.007414
5.009165 -0.003558 0.012889
5.055939 -0.010083 0.024439
4.978587 -0.057002 0.011224
5.016112 0.001698 -0.039880
5.014129 0.012989 -0.021663
4.964395 -0.002572 0.024588
5.017500 -0.021425 0.009108
5.031614 -0.030180 0.006895
5.045189 -0.033248 0.039666
5.053576 -0.001666 -0.005290
5.035993 -0.000584 -0.065594
5.002036 0.019112 0.027203
4.978581 -0.003094 0.034307
5.003200 -0.040862 0.042129
4.998577 0.037737 -0.036864
5.001370 0.020292 0.002386
4.969510 -0.066604 0.050698
5.012441 0.040004 0.032860
5.022905 -0.004640 0.019693
5.047976 0.007490 0.062051
4.960017 -0.043207 0.034642
4.980438 0.066300 0.045120
5.052627 0.031533 -0.022648
4.955220 0.049859 -0.039987
5.052547 0.025088 0.002712
5.018261 0.018959 -0.001072
5.047771 0.046742 0.009670
4.987000 0.044179 -0.055677
5.018317 0.027187 -0.019851
5.034214 0.004208 -0.011371
5.033897 -0.027571 0.031076
4.945530 0.013571 0.006315
4.988809 0.016689 0.002613
5.036641 0.021805 0.018581
5.013756 -0.009165 -0.004054
5.012446 -0.000201 0.038344
5.007804 0.016279 -0.037081
5.033297 -0.012435 -0.026280
5.054386 0.025929 0.034313
5.018635 0.002205 -0.003388
5.028373 0.038976 0.002954
5.067176 -0.000920 -0.036820
4.953354 -0.045633 -0.007414
4.998039 0.025478 0.004142
5.030301 0.006347 0.005406
4.987675 0.047678 -0.040945
5.014039 -0.000450 0.028453
5.004375 0.005259 -0.002999
5.046798 0.005072 0.064090
5.013167 0.005653 0.000640
5.021927 -0.012652 0.009372
5.005244 0.014757 0.015501
5.017060 0.007847 0.052068
5.017677 0.083180 0.006496
5.033767 -0.016781 0.047024
4.983871 0.018676 -0.002933
5.018560 -0.002044 -0.018678
4.996852 0.051247 0.019018
4.966334 0.037861 -0.021745
5.027301 0.021595 0.023489
5.060596 -0.019859 0.023324
5.042788 -0.014300 -0.017373
4.996384 0.014742 -0.037314
5.021542 -0.037252 0.043800
5.020413 0.062394 0.025064
4.995857 -0.018960 0.012167
5.004092 0.040584 -0.022859
5.065627 0.043243 -0.001106
5.058935 -0.018494 0.011168
4.966706 0.060397 -0.044422
4.961787 -0.014041 0.044670
5.033645 0.008662 0.035568
5.001538 0.017673 0.054552
4.997601 -0.017991 0.019111
5.027208 0.008313 0.035101
4.998962 0.008826 0.016237
5.013621 0.053398 0.016087
4.995883 0.020839 0.035266
5.028227 0.026564 -0.039942
4.930225 0.043258 0.018166
5.004353 0.025829 0.062819
5.047406 0.033867 -0.021602
4.982296 -0.066592 0.024005
5.038259 0.040705 0.025263
5.000378 -0.011928 -0.019761
5.000097 -0.024335 0.057679
4.965929 -0.000912 -0.053087
5.013897 0.004928 -0.005704
4.977017 0.005074 -0.011334
5.000894 0.063723 0.010165
5.020986 -0.008934 -0.018533
5.004311 0.080118 -0.003623
5.015843 -0.019852 -0.077658
4.981305 0.076421 0.022862
5.054228 -0.005432 -0.065705
4.971739 0.016911 0.012128
5.004687 -0.010907 0.033191
4.989960 0.014235 0.010860
4.993945 -0.021439 -0.007820
5.061209 0.038373 0.035612
4.981406 -0.038131 0.037895
5.032143 0.009117 -0.006116
4.961082 0.031022 0.040584
4.984627 -0.017878 0.042232
4.985744 0.058372 0.001728
4.993403 0.006353 -0.006599
5.038786 0.031574 0.037643
5.010536 -0.008691 0.004728
4.992229 0.048998 0.035068
5.002254 -0.022794 0.051225
5.009101 0.001095 0.051490
4.989702 -0.004568 -0.001923
4.965503 0.014472 -0.017870
4.987878 -0.016133 -0.012612
4.979833 0.012416 0.000332
5.006440 0.075614 0.000333
5.023148 0.026562 0.003114
5.013214 0.005621 0.011077
4.987404 -0.009826 0.005508
4.945843 0.049882 0.069826
5.010111 0.024964 0.037432
4.965260 0.032848 -0.007793
5.073722 -0.000648 0.032245
4.999648 0.070901 -0.010371
5.039953 0.023800 0.017129
5.011870 -0.015010 -0.072582
5.037232 -0.009665 0.040088
5.015551 0.041008 0.029057
4.931059 0.023447 -0.005310
5.039950 0.022736 0.023089
4.996833 -0.022378 -0.007987
4.951003 -0.012710 -0.038925
4.961868 0.008494 0.021021
5.004046 -0.009964 -0.023422
4.995484 -0.019667 0.003115
4.959354 0.026040 -0.012011
5.016288 0.031617 0.014836
5.028974 -0.056999 -0.009786
5.038092 0.020277 0.060454
5.056131 0.013988 -0.002559
4.976247 -0.009274 -0.007247
4.987203 -0.022550 0.017047
5.055899 0.032998 -0.004673
5.035421 0.015400 0.003779
5.001906 -0.000998 0.024532
5.009190 -0.016853 -0.018306
5.014177 0.017860 -0.004394
4.971040 0.042529 0.036158
4.945379 0.045187 -0.001269
5.010700 0.039147 0.054576
5.035086 0.012231 -0.036269
4.944213 0.031345 0.045261
4.980561 -0.003093 -0.011718
4.987483 0.037249 0.011551
4.998125 0.084726 -0.038033
5.021437 -0.026469 0.000277
5.009459 0.030338 -0.002835
4.993992 -0.003373 -0.027399
5.023969 0.013440 0.018055
5.002914 -0.000786 0.040268
5.035654 0.047444 0.016178
5.045580 -0.007482 -0.001026
5.040853 0.030303 -0.003714
4.973612 -0.001119 -0.015546
5.056735 0.027801 -0.017978
4.973650 -0.018349 -0.011765
4.999999 0.038436 -0.023996
5.073686 -0.023299 -0.037271
5.055649 0.044638 -0.000470
5.016440 0.017197 0.009101
4.966106 -0.069459 -0.020342
5.059485 0.060662 -0.002855
4.976261 0.013344 0.018169
5.023022 -0.070811 0.099733
5.038974 -0.000936 -0.016554
5.034619 0.019862 0.007764
5.018750 0.001618 0.017056
5.026791 0.015300 0.013728
5.046786 -0.042913 -0.018936
5.005797 -0.016896 -0.006881
5.043632 0.000531 -0.049876
4.992300 0.006743 0.006191
5.021681 0.019232 0.000835
4.969209 -0.008234 -0.013683
4.996447 0.025735 0.017123
5.029720 -0.006522 0.050251
5.025185 0.008367 0.023100
4.984727 -0.058263 -0.013201
5.027424 0.007406 0.000895
4.979565 -0.053675 0.047745
4.998763 -0.007886 -0.015149
5.042636 0.031441 -0.024017
5.039936 0.000648 -0.013316
4.996192 -0.018499 -0.034626
5.028284 -0.001621 0.023516
5.013616 0.021456 -0.056380
4.978997 0.022081 -0.033245
5.016192 -0.036721 0.005493
5.053300 0.028238 -0.050522
5.030451 0.059667 0.088910
5.019252 -0.035933 0.018040
5.052881 -0.000613 0.036293
4.979812 0.016171 -0.069687
4.976490 0.004816 -0.005901
4.965981 -0.009990 0.014890
5.002413 0.006828 0.026959
4.994705 0.045775 -0.024678
5.062840 0.038391 -0.005680
4.996320 0.011202 0.022960
5.037836 -0.035218 0.018123
4.941505 -0.000319 0.048617
4.962472 -0.042977 0.011624
5.046623 0.014762 -0.052139
4.954506 0.007932 -0.030377
5.009101 0.010880 -0.009693
5.059443 0.022714 0.041348
5.032617 0.000498 -0.000833
4.996071 0.025433 -0.014511
5.056751 -0.017376 0.011434
4.998128 -0.008524 0.070170
4.991828 -0.004142 -0.014924
5.006231 0.001961 -0.028578
4.992269 0.023291 0.035810
5.005720 0.006770 -0.005830
4.989927 -0.022587 -0.041699
4.983927 0.032122 -0.007733
4.994619 -0.005965 0.042341
4.977149 0.013312 0.002946
5.007038 0.012331 0.006715
5.028791 0.004122 0.057331
5.006334 -0.046104 0.024149
5.016763 0.005976 -0.002787
4.941561 -0.053405 0.054426
4.987435 0.033969 -0.043091
4.973594 0.025359 0.001925
5.021130 0.004591 -0.001230
4.984599 -0.030820 0.047081
5.052019 -0.026161 -0.028122
4.994567 0.015213 -0.000455
5.019986 0.003523 0.001561
5.077392 -0.010756 0.054198
5.048406 0.020123 -0.052784
5.005932 -0.010441 0.005603
4.973111 0.027688 0.034550
5.040101 -0.006465 -0.026783
5.015550 0.057682 0.007082
5.018569 -0.002048 -0.010104
5.024748 0.001818 0.017106
5.020225 0.015426 0.021736
4.979410 -0.022421 0.003721
5.004443 -0.010670 0.012230
5.032247 0.040625 0.047368
4.965556 -0.029890 -0.003689
5.007409 -0.002153 -0.011579
4.995867 0.019499 -0.034889
5.075301 0.005630 0.036525
4.987600 0.022230 0.008003
5.030704 -0.000959 0.051547
4.960238 0.033481 0.008562
4.974450 0.063562 0.060461
4.942784 0.010304 0.026170
5.018251 0.050466 0.044229
5.012956 0.073313 0.033105
4.994458 -0.011570 0.042300
4.981211 -0.007292 -0.002187
5.015670 -0.000804 -0.034509
5.039862 -0.007132 0.065598
5.014120 0.043016 0.023926
5.044452 0.022110 0.012055
5.037797 0.079579 -0.003094
5.028848 0.004843 0.020182
5.006265 -0.059732 -0.001006
5.034987 -0.017956 0.032628
5.010508 -0.000745 0.032174
5.025431 0.017616 0.035477
5.011093 -0.044340 -0.006344
4.950868 0.024721 0.031886
5.033251 0.019673 0.034038
4.957702 0.001773 -0.037447
4.994250 0.053488 0.037797
5.024869 -0.000449 -0.024808
5.010611 0.038320 0.017296
4.957429 0.008138 -0.052400
5.029126 -0.015790 -0.031694
5.029538 0.021781 0.011972
5.070751 0.024050 -0.014349
5.020576 -0.003582 0.043003
5.013429 0.016398 -0.038271
5.006841 0.003312 -0.025726
4.998355 0.018073 0.004870
4.962637 -0.003197 -0.009041
5.010805 0.007566 -0.007348
4.991480 0.007017 0.033889
5.013359 0.047692 0.038996
5.049900 0.046059 0.051888
4.970406 0.024423 0.041550
5.046971 -0.018122 0.024721
5.007256 0.060412 -0.036619
4.981921 -0.049319 0.009338
5.072915 0.003670 0.008031
5.021507 0.001511 0.015981
5.016766 -0.020367 0.002179
5.027258 0.032857 0.043955
5.015063 0.015674 0.027506
4.987157 -0.014073 0.001256
4.966749 0.017207 0.036472
4.983699 0.018054 -0.013874
4.974503 0.066667 -0.025067
4.966620 0.011441 0.013056
5.025017 0.065037 -0.018314
4.987647 0.053264 0.033174
5.029002 -0.012696 0.038777
5.029095 0.010686 -0.012548
5.008201 0.054455 -0.027819
4.981006 -0.013834 -0.007325
5.004528 0.033757 0.018842
5.006825 0.013310 0.023720
4.954549 0.037148 -0.019792
4.991695 0.015213 0.002738
5.019608 0.009255 -0.003680
5.050863 0.026242 0.014064
5.025776 -0.016160 0.070243
4.972371 0.008395 -0.003593
4.995268 -0.008628 -0.018151
5.040650 -0.031141 0.034507
5.024456 -0.006427 0.020978
5.000263 -0.028030 -0.027713
5.024663 0.023107 0.012260
4.993255 -0.000713 -0.004767
4.952592 0.006838 0.020674
5.007028 0.058074 -0.025137
4.985167 0.008991 0.012313
4.947964 0.023081 0.012450
4.941418 0.001499 -0.019256
4.991400 -0.035143 0.017486
5.057853 0.012951 -0.059782
5.013568 -0.000839 -0.028030
5.015609 0.031393 -0.015055
4.955688 -0.055350 -0.014971
5.000335 -0.010480 -0.015498
5.022037 0.018885 0.010988
5.029495 -0.014689 -0.027837
4.989330 -0.012739 -0.056539
4.988633 0.038146 0.029026
5.020756 0.008949 0.048467
4.973195 -0.023945 0.038729
5.005828 -0.015135 0.021558
4.991846 -0.020126 -0.020961
5.014646 0.011174 0.050502
3.996297 0.445786 0.048189
4.034569 0.459347 -0.041830
3.980644 0.423377 0.006094
3.989750 0.503087 -0.042143
3.970160 0.462339 0.020643
3.927386 0.402938 -0.002908
4.045681 0.511633 -0.007435
3.999881 0.429894 0.023996
4.050856 0.492681 0.004130
3.979844 0.455246 0.046424
3.992984 0.400537 -0.005800
3.996629 0.400361 0.011961
4.020180 0.510797 -0.034971
4.026916 0.484005 0.020589
3.974796 0.423052 0.007916
4.007705 0.438217 0.043749
3.992977 0.398189 -0.001722
4.019408 0.465259 0.015027
4.049820 0.421556 -0.007711
4.051352 0.395980 0.003389
4.041868 0.491420 0.024803
4.025563 0.423769 0.046195
3.968998 0.420788 0.016636
3.990210 0.461201 0.017923
4.058343 0.468012 -0.013556
4.025295 0.430047 0.032395
4.006939 0.467016 -0.048420
3.937478 0.409957 0.057373
3.970555 0.476969 -0.014257
3.997799 0.453658 0.054313
4.022535 0.466551 0.043901
3.986004 0.487050 0.032039
4.031697 0.450349 -0.008119
3.978905 0.430785 -0.022510
4.016005 0.448150 0.017942
4.019636 0.423207 -0.027693
3.998140 0.431746 -0.021412
4.055871 0.408999 0.065692
4.013666 0.484587 0.031050
4.023509 0.504855 -0.027473
4.000309 0.429415 -0.045882
3.985163 0.511176 -0.000204
4.064505 0.517575 0.094854
4.062165 0.525744 0.014755
4.011850 0.463845 0.005002
4.009490 0.477565 -0.008975
3.963671 0.465909 -0.015784
3.987322 0.450717 -0.006164
4.038301 0.449998 0.039813
4.011180 0.452344 0.009747
3.966251 0.465142 0.030476
4.034726 0.414435 -0.040569
3.988895 0.496540 0.011629
3.981759 0.411412 -0.015520
3.982453 0.483069 0.035376
3.973503 0.477595 0.024523
3.969610 0.452485 0.015225
4.009897 0.403684 0.008935
4.024088 0.502388 -0.015064
3.988636 0.448734 0.013736
4.007911 0.473129 -0.028756
4.016906 0.432734 0.000700
4.056240 0.413053 -0.003384
3.966761 0.459592 0.036447
4.010090 0.451499 0.044852
4.014915 0.479587 0.026458
3.918713 0.452700 -0.027342
3.980120 0.499238 -0.006244
4.061777 0.412769 -0.027510
4.027871 0.444759 0.014220
4.001631 0.450723 -0.004127
4.010385 0.474249 0.053433
3.998925 0.443191 -0.010674
4.049094 0.475710 -0.051971
3.946706 0.430098 0.011904
4.003996 0.470443 -0.000263
4.046923 0.478163 0.007327
4.039360 0.405533 0.002448
4.009125 0.473061 -0.046455
3.997188 0.467014 0.019315
4.040584 0.477845 0.003175
4.025249 0.448959 0.009403
4.028844 0.453641 0.015860
4.033839 0.476365 0.042004
4.074853 0.476088 -0.008839
4.020355 0.469065 0.023405
4.049850 0.404477 0.050415
4.060513 0.472042 0.022764
3.997751 0.455190 0.025939
4.024007 0.476621 0.023800
4.031952 0.478599 -0.025730
4.029968 0.510758 0.004201
4.049984 0.427481 0.004107
3.985765 0.496377 0.054214
4.002024 0.490132 0.054519
4.004012 0.458893 0.027008
3.979724 0.458303 0.069284
3.990000 0.480615 0.020714
4.000087 0.461650 0.057579
4.021608 0.476295 0.053026
3.996318 0.423593 0.058050
4.009096 0.481808 -0.017870
4.016656 0.422092 0.006912
3.985562 0.428670 -0.004094
3.936198 0.420203 0.028472
4.015430 0.422774 0.021436
3.978654 0.476659 0.001531
3.995246 0.452268 0.081786
3.982236 0.461797 0.028441
3.976128 0.407172 -0.013033
4.027784 0.444740 -0.001933
4.032323 0.430810 0.002337
3.959585 0.464622 0.011885
4.028866 0.420642 -0.000757
3.966646 0.447617 0.049454
3.995377 0.414022 -0.015396
3.956671 0.416127 0.025130
3.961612 0.464370 0.005772
3.989054 0.461820 -0.023130
4.030225 0.434050 -0.006591
3.989839 0.475684 0.021333
3.926349 0.462627 -0.047338
3.994760 0.451755 -0.005562
4.020025 0.476602 -0.018204
3.980706 0.453921 -0.041312
3.990691 0.495442 -0.040189
3.994796 0.437231 0.065158
3.988864 0.440606 -0.025923
4.005280 0.463105 -0.021575
4.034662 0.463132 0.030557
3.995156 0.462296 -0.001393
4.048730 0.458488 0.005263
3.991253 0.439521 0.012132
4.029588 0.434463 0.008797
4.010525 0.465751 -0.046225
3.977258 0.414025 0.005987
3.977971 0.440113 -0.030828
3.992903 0.421277 0.027737
4.019377 0.459507 -0.004058
3.943869 0.441254 -0.017844
4.012418 0.473591 0.014739
4.042891 0.437951 -0.013293
4.036136 0.459986 -0.002410
4.060396 0.472332 -0.000716
3.984422 0.494795 0.011210
4.005736 0.475288 0.031403
4.021496 0.481519 0.018541
4.021647 0.433051 0.059311
3.967990 0.464281 -0.035103
4.002056 0.437861 0.009073
4.015253 0.426310 0.004118
4.046810 0.415632 -0.020622
4.030823 0.457327 0.009535
4.035669 0.431178 -0.010580
3.985721 0.444554 0.045186
3.953968 0.419173 -0.035970
4.047051 0.436568 -0.004800
3.956561 0.447128 0.030996
4.012589 0.451764 -0.041947
3.995161 0.459407 -0.024755
4.024647 0.481552 -0.010859
4.026775 0.451708 0.039414
4.066025 0.422190 0.028085
4.044149 0.425880 -0.012254
3.987409 0.451017 -0.005691
3.999051 0.480140 -0.051874
3.975783 0.475098 0.021583
3.973244 0.471791 0.044806
4.003529 0.424761 0.031249
4.056691 0.428416 0.006178
4.037705 0.458461 -0.047419
4.018303 0.425636 -0.033122
3.953168 0.490712 -0.020041
4.015000 0.472369 0.009855
4.013897 0.466431 0.009143
3.982195 0.429520 0.001851
4.001215 0.467880 0.038050
4.015317 0.430673 -0.060435
3.981932 0.414665 -0.016911
4.012268 0.457532 0.060745
4.019492 0.512275 0.026454
4.037571 0.444233 -0.027235
3.991531 0.454644 -0.013845
3.974966 0.467505 -0.025162
3.958995 0.421337 -0.002031
3.975272 0.448157 0.023013
4.022233 0.435175 -0.034118
3.987731 0.474669 0.031676
4.015587 0.491043 0.056876
3.990503 0.499597 -0.002816
4.035595 0.476257 -0.054312
3.976013 0.418361 -0.048461
4.031379 0.517063 -0.002730
4.030625 0.499539 0.011250
4.004241 0.447629 0.021127
4.031241 0.468854 0.017824
4.003464 0.407211 0.031931
3.966461 0.473582 0.027672
3.970787 0.436766 0.068644
4.002616 0.418394 0.029026
3.981820 0.397384 0.020593
3.977501 0.464636 -0.019381
4.026216 0.460505 -0.072676
4.016460 0.446308 0.047502
4.016856 0.477685 -0.016316
3.981298 0.454231 -0.005818
4.045140 0.450400 -0.031745
3.980173 0.483952 -0.000018
3.998379 0.486806 -0.022443
3.937945 0.429414 0.012263
3.997515 0.408187 0.035482
4.009905 0.466670 0.017588
3.966044 0.464086 0.032224
4.039209 0.476638 0.020394
3.952877 0.454552 -0.023697
4.043465 0.488911 -0.023516
4.003621 0.462455 0.032024
3.954731 0.388711 0.006144
3.929057 0.459757 0.022766
4.042082 0.436323 0.009835
4.024545 0.419728 0.032460
4.013230 0.436837 0.009241
4.000820 0.478402 -0.005814
4.011813 0.436372 -0.023135
4.010146 0.428097 0.029017
4.022767 0.432047 0.011413
3.981909 0.406871 -0.012917
4.003490 0.470642 0.009484
4.032230 0.425565 -0.006301
4.054331 0.397068 -0.008559
3.972855 0.449138 -0.008033
4.023065 0.462666 -0.034169
3.987355 0.454996 0.027181
4.077989 0.476084 -0.025375
4.002185 0.460429 -0.010582
4.019108 0.386859 0.021594
3.990708 0.451709 0.048972
3.967154 0.463182 0.028818
4.010110 0.406574 0.045512
3.998659 0.439174 -0.004314
3.993536 0.419295 0.009949
3.987083 0.475127 0.020528
4.053770 0.448651 -0.019097
3.960908 0.520800 0.024863
3.984227 0.505795 0.045685
3.964462 0.432396 0.001030
3.972897 0.452103 0.026359
3.963802 0.463790 0.040055
4.017007 0.452732 -0.015043
4.029925 0.419692 0.012284
4.005765 0.488768 -0.012482
3.990068 0.417744 0.018119
3.992286 0.429138 -0.018004
4.021113 0.421911 -0.025425
4.031891 0.450016 0.033663
3.994219 0.454966 0.009689
4.046619 0.494176 0.039597
3.986135 0.425395 0.027824
4.046303 0.489885 0.005391
4.026834 0.477362 0.009468
4.010771 0.457946 -0.018643
3.984418 0.433955 -0.042977
4.009286 0.453783 0.027859
4.042822 0.494729 0.047554
3.982288 0.412041 0.032922
4.046464 0.501680 0.019550
3.945099 0.465968 0.021663
4.042562 0.497889 0.032289
3.987382 0.424126 0.021019
3.981228 0.499254 -0.046137
4.022007 0.464586 -0.001203
3.977247 0.393147 -0.010943
3.989584 0.488352 -0.018486
4.018583 0.416233 0.019407
3.937869 0.517859 0.000768
3.921165 0.433468 -0.021270
3.985325 0.444061 -0.014879
3.980508 0.420240 0.029654
4.041034 0.447363 0.004471
3.971210 0.457131 0.011899
3.998418 0.466882 0.014261
3.973376 0.490791 -0.001229
4.055267 0.467613 0.064128
4.040258 0.461816 -0.016693
3.983953 0.470991 0.009294
3.987329 0.479992 0.006163
4.030170 0.425736 0.034984
4.020030 0.490927 0.034323
4.002451 0.450039 0.058491
3.996283 0.477453 -0.006442
3.949144 0.418180 0.017178
4.026034 0.467276 0.039378
4.016738 0.431743 0.022829
4.010088 0.437733 0.019176
4.007381 0.436850 -0.000336
4.047407 0.496427 0.010644
4.006718 0.412009 0.056581
4.036090 0.477559 -0.063242
4.006228 0.451186 0.025484
3.991469 0.448049 0.023582
3.981793 0.437779 0.010800
4.045155 0.479254 0.037262
4.006900 0.499852 -0.047235
4.065667 0.519553 0.018698
4.029968 0.453860 -0.001287
3.986674 0.453530 0.021678
4.017597 0.514598 0.008008
3.960335 0.504329 -0.031629
3.988218 0.463152 0.017515
3.961637 0.432606 -0.039423
4.023651 0.490501 -0.031655
4.034870 0.482923 -0.014772
3.945523 0.422862 -0.012858
4.051250 0.451451 -0.025205
4.009435 0.416140 0.020430
3.975670 0.430024 0.016265
4.057507 0.520934 -0.026196
3.987102 0.470466 0.040064
3.940077 0.457620 -0.009614
3.947279 0.414885 -0.012033
4.006764 0.485243 0.015630
4.033426 0.455802 -0.016148
3.999488 0.475866 0.035977
4.000564 0.427127 0.015070
4.019339 0.491982 -0.015363
3.984966 0.477685 -0.007223
3.991509 0.492624 -0.036130
4.066686 0.436621 0.031002
4.001736 0.463141 -0.002884
4.030697 0.444580 -0.012188
4.059400 0.455881 -0.015271
3.960291 0.510967 -0.011558
4.066855 0.466966 0.009287
4.010095 0.521479 -0.060767
4.011430 0.447044 -0.001393
4.009479 0.447012 0.010644
4.004293 0.415593 0.016441
4.026482 0.438738 0.061037
4.045067 0.480319 0.029955
4.005903 0.489241 0.052123
4.029241 0.437891 0.003810
4.022210 0.480132 0.002676
3.987996 0.502526 -0.027170
3.976760 0.415186 -0.023307
4.042420 0.493425 0.002779
4.019889 0.454685 -0.030759
4.071543 0.496242 0.015633
3.979323 0.448252 -0.015773
4.007927 0.464298 -0.005234
3.961368 0.518962 0.012126
4.018698 0.442328 -0.041860
4.002501 0.445303 0.026286
4.032182 0.477951 0.034648
4.059110 0.466696 0.037976
4.019816 0.397999 0.000364
3.978969 0.461943 -0.018730
4.023170 0.484431 0.041107
4.053578 0.404719 -0.030970
4.092834 0.485286 0.011733
4.005961 0.453294 -0.053012
3.981830 0.451645 -0.016476
3.987446 0.531762 -0.002550
4.013344 0.462276 0.022684
3.990682 0.492409 0.018307
3.966385 0.451775 -0.000164
3.998455 0.470279 0.024042
4.020500 0.465167 0.007569
3.940464 0.478337 0.019651
3.975457 0.463417 0.024438
4.040137 0.470309 0.014648
4.033403 0.445804 0.017360
3.986367 0.488309 -0.043291
4.029502 0.455531 0.033962
3.981584 0.457700 0.006819
4.018017 0.423573 0.024086
3.949623 0.434965 -0.041882
4.029847 0.467004 0.018681
4.049196 0.445522 0.023288
4.006981 0.452413 0.044199
4.067456 0.442056 0.030012
4.014574 0.464933 0.012415
3.995008 0.347451 0.051044
3.984158 0.447753 -0.001609
3.981486 0.462207 0.003671
3.983504 0.459479 0.004009
4.032835 0.414789 -0.019162
4.026759 0.435808 -0.022102
3.987291 0.451971 0.002085
3.998701 0.424143 0.028195
4.044787 0.397687 -0.041606
4.035086 0.502094 -0.058875
4.029463 0.504136 -0.020872
4.052390 0.449660 0.014439
3.983423 0.485031 0.030034
4.056741 0.498218 0.004725
4.098251 0.495524 0.021215
3.975085 0.409099 -0.038351
3.976990 0.496319 0.019613
3.986599 0.450924 -0.002732
4.029002 0.428636 0.015491
4.014003 0.429534 0.052640
3.996133 0.425217 0.030586
4.006635 0.467253 -0.030540
4.029372 0.520173 -0.032885
4.015626 0.431441 0.085688
4.042189 0.463463 -0.031836
3.975418 0.477388 -0.035875
3.965067 0.455265 0.009003
4.016401 0.441814 0.032604
3.979146 0.473799 0.011424
4.023019 0.490460 -0.008660
3.985168 0.404348 -0.055570
3.999721 0.451774 -0.027582
3.978867 0.500704 0.031275
3.967152 0.441730 0.017180
3.986206 0.430739 -0.005147
4.037720 0.490442 -0.017063
4.018817 0.454808 -0.025247
3.996088 0.417073 0.039892
4.051574 0.442683 -0.014472
4.036638 0.491484 -0.028432
4.000559 0.453232 -0.018123
4.016579 0.434002 -0.011208
4.001960 0.410328 -0.056694
4.032548 0.432790 0.069046
4.064155 0.439806 0.075172
4.033127 0.435641 -0.072455
4.025645 0.455939 0.017941
3.998135 0.420684 -0.007811
4.026199 0.444369 -0.005813
3.959418 0.457736 -0.028358
4.032556 0.432977 -0.003871
4.069920 0.445803 -0.008217
4.022569 0.401442 0.042524
4.034818 0.470734 -0.096313
3.997218 0.416814 0.038723
4.036577 0.466640 -0.031093
4.049829 0.447132 0.059161
4.012962 0.470204 -0.008809
4.047209 0.473253 0.048287
4.010326 0.453589 0.022854
4.048276 0.485502 0.009147
3.949283 0.479312 -0.038161
4.006050 0.451527 -0.037533
4.016175 0.519630 -0.004378
4.027976 0.525671 0.030878
3.985655 0.462110 0.019423
4.048014 0.491422 -0.078097
3.979314 0.452899 -0.025459
3.893997 0.433231 0.004892
3.989241 0.425092 0.006244
4.015293 0.440942 0.046152
4.006731 0.428855 -0.028736
3.998611 0.488403 -0.019711
4.022876 0.457837 0.064797
4.016708 0.434053 0.027091
4.028101 0.443090 -0.029920
4.021081 0.456905 -0.040497
4.012636 0.435890 -0.040468
3.994437 0.493488 0.041242
4.033403 0.463077 0.022874
4.007959 0.421848 -0.022165
3.986785 0.497041 0.037301
3.972604 0.456602 -0.007078
4.000347 0.438919 0.047171
4.004433 0.461485 0.011728
3.974167 0.458257 0.036870
4.049181 0.420566 -0.040558
4.006864 0.488276 0.015788
4.025409 0.414193 -0.012160
3.939117 0.450725 -0.059927
4.044980 0.501645 0.009219
3.959623 0.466271 0.060774
4.019272 0.490550 -0.009555
3.978864 0.452874 -0.052801
4.072923 0.459190 0.031003
3.991155 0.408707 0.047774
3.971277 0.465465 0.018293
4.007219 0.431462 0.000511
3.976498 0.479275 0.022146
4.004358 0.437949 0.068220
3.965938 0.408662 0.002540
3.997259 0.487927 0.024383
4.005886 0.470010 0.019465
4.068107 0.462601 -0.015432
4.010955 0.376440 0.004021
4.037789 0.473066 0.013957
4.024477 0.488098 0.047757
4.018424 0.445517 -0.064406
4.034345 0.470456 0.009580
3.984358 0.483955 -0.002717
4.003967 0.453320 0.018496
3.970541 0.471877 -0.016627
3.984426 0.481557 -0.024851
4.031503 0.458041 -0.044448
4.045934 0.464308 0.016824
4.035217 0.499977 0.011031
4.023519 0.466136 -0.005286
3.957497 0.461448 0.046368
4.022500 0.422977 0.037926
3.995716 0.392239 0.035537
3.976639 0.508422 0.039433
3.998166 0.468781 0.077718
4.035000 0.462146 0.091675
4.008527 0.472454 -0.023086
3.954758 0.446366 0.006152
4.014878 0.412407 0.024820
3.980088 0.473262 0.033048
3.993135 0.426085 0.051309
4.031187 0.459559 0.049053
4.007498 0.436385 -0.025051
4.001766 0.478152 0.046693
4.005705 0.491394 -0.001428
3.981552 0.415811 -0.010187
3.966940 0.515285 0.018179
4.002132 0.506660 -0.034068
4.000886 0.514990 0.000679
4.078404 0.478568 0.044178
4.045047 0.455048 -0.009646
4.001537 0.425392 0.003021
4.004868 0.505677 0.022798
4.075879 0.390214 -0.031511
3.994340 0.499775 0.001713
3.960965 0.447646 -0.030928
4.963191 0.064965 -0.005548
5.010195 0.002211 -0.002545
4.979780 -0.004319 0.015117
5.047559 0.033423 -0.031572
5.034656 0.019263 -0.013742
5.010463 0.022169 0.006412
5.019407 -0.020889 0.064785
4.947121 0.022336 0.016003
5.024288 -0.016251 0.040076
5.001761 -0.030586 -0.027844
5.008741 -0.042896 0.059015
5.036468 0.059805 0.056643
4.994443 -0.021080 -0.075333
4.992813 0.057970 -0.019836
4.998702 -0.011637 0.016250
5.043583 -0.041176 -0.035433
5.049599 0.026992 -0.002781
5.056212 -0.035951 0.032936
5.002953 0.023196 -0.066615
4.997179 0.027104 0.003100
5.042659 0.041654 -0.023757
5.029720 -0.024780 0.006620
5.024684 -0.020058 0.028608
4.989839 -0.012421 0.026200
4.979921 -0.021605 0.036235
5.008257 -0.038624 0.030669
4.992802 -0.037090 -0.070219
5.032102 -0.020798 -0.032315
5.024182 0.029174 -0.018613
5.032379 0.066647 0.045400
5.040732 0.014424 -0.008312
5.003323 0.018222 -0.032725
4.981919 -0.037833 0.012056
5.007492 -0.014581 0.029615
4.973662 -0.015695 0.028416
5.032864 -0.018872 0.011961
4.981636 -0.000920 0.009315
5.021811 0.014527 0.013195
4.972645 0.016648 0.021532
5.025668 -0.016586 0.032468
4.965483 -0.007925 -0.003266
4.967128 -0.003721 0.011644
4.950227 -0.006841 -0.047452
5.066246 0.011375 0.008775
5.011962 0.023136 0.034345
4.958093 0.044305 0.042375
5.003010 0.001438 -0.088083
4.967680 0.020565 0.041019
5.026865 0.002729 0.062776
5.035155 -0.006815 0.070463
4.972115 -0.039155 -0.007633
4.982241 -0.005948 0.028943
5.003981 0.004751 0.006764
4.935630 -0.040458 -0.006559
4.979712 -0.001954 0.047124
5.002767 -0.034665 -0.018793
5.056317 0.050975 0.022876
4.958126 0.014204 0.016511
5.005766 -0.012100 -0.005879
4.985809 -0.029352 0.045980
5.031469 -0.003548 0.015565
5.016691 0.075287 0.031177
5.030043 0.006139 -0.008033
5.046481 0.024568 -0.019886
5.018616 0.030122 -0.057875
4.977328 0.015883 -0.052734
4.952016 -0.003114 0.019746
5.021134 0.052472 0.007468
4.993820 -0.034221 -0.006539
5.026226 0.027582 0.012939
5.021413 0.043292 0.007258
5.046020 -0.016799 0.002801
4.990575 0.028781 -0.025435
4.995347 -0.050790 0.022831
5.042404 0.032321 0.029379
5.030182 0.025991 0.023432
5.025367 -0.014670 -0.001006
5.007107 -0.005071 -0.041989
4.967950 0.011899 0.032173
5.005280 0.087945 -0.022593
5.018348 0.043736 0.036970
5.024652 0.037108 0.006662
5.054886 0.043495 -0.020567
5.014647 -0.041419 0.050654
5.011727 0.045463 0.001719
4.949312 0.084121 0.008933
4.974994 0.039373 0.066076
4.998927 0.002023 0.012141
4.971671 -0.015720 0.058458
5.001034 -0.020127 -0.008561
5.037185 -0.054277 0.012639
5.078867 0.065932 0.022196
5.044493 0.044205 0.001224
5.032744 0.058657 -0.032913
5.022300 0.015844 0.008095
5.005439 0.011950 0.014467
5.038558 0.019295 -0.000336
4.979802 -0.009173 0.012835
4.983818 0.033376 0.017902
5.039306 -0.014165 -0.019932
5.039082 0.008899 -0.001076
5.025960 0.024843 -0.032673
5.046539 -0.007312 0.056001
4.964994 0.014522 -0.000569
4.945743 0.024746 -0.052718
4.996250 0.038128 -0.010901
4.977888 0.029011 -0.002486
4.992848 0.043250 -0.030018
4.991212 0.030993 -0.031958
5.058260 -0.001505 0.031236
5.031173 0.000431 -0.009370
5.003711 0.026381 -0.024593
4.968902 0.049526 -0.017046
5.015623 -0.001066 0.000264
5.047912 0.002445 -0.005705
4.996909 -0.010104 -0.015103
4.990017 0.054896 0.026345
4.994644 0.034450 -0.042616
5.046270 0.043855 0.072090
5.035347 0.018117 0.043734
4.986226 -0.006862 0.003073
5.046066 -0.020676 -0.023862
5.012096 0.026526 -0.016092
5.025113 0.046052 0.041014
5.015599 0.002282 0.057069
5.005462 0.033211 0.063748
5.030058 -0.024913 -0.032171
4.996071 0.026285 0.018344
5.071212 0.018052 -0.004823
4.971000 0.040413 0.004818
4.959816 0.005668 -0.024872
4.992231 0.005186 -0.022155
4.990371 -0.017324 -0.016519
4.974759 -0.009483 -0.021841
5.022598 0.011024 0.040841
5.061601 0.025320 0.018488
5.027210 0.018998 0.006506
5.004120 -0.025650 0.030168
5.004061 0.048486 0.032454
4.986221 0.042401 -0.071822
5.062907 -0.035153 0.019853
5.017822 0.038712 -0.004861
4.940634 -0.004819 -0.001575
4.943524 0.006361 -0.027276
5.024473 -0.002382 0.063833
4.997315 0.017912 -0.001392
4.956302 -0.001141 0.027602
5.023060 -0.003798 -0.038703
5.024334 0.017585 0.030302
4.996777 -0.045531 0.021013
5.004726 0.046751 0.005862
5.003636 0.017518 -0.012908
4.985646 0.002063 -0.022612
4.998127 0.063187 0.036279
5.014241 0.051550 -0.019747
5.079713 -0.008815 0.065114
5.064982 -0.047597 0.049013
4.996483 -0.012039 0.020739
4.974763 0.020060 -0.023224
5.010312 0.045061 0.016596
4.994206 0.021242 -0.037194
4.979834 -0.007908 0.028606
5.017174 0.021055 0.004179
4.981357 0.049644 -0.015934
5.017571 0.001637 0.021890
4.986835 0.036580 0.046348
5.034740 0.009729 -0.008054
5.089663 -0.024749 0.031437
5.014984 0.003124 0.010555
4.989694 0.017812 0.014505
5.085330 0.037125 0.020476
5.022267 0.060186 -0.024113
4.999518 -0.052214 0.021763
5.030445 -0.024868 0.048052
4.983434 -0.005274 0.008587
5.052826 -0.020746 0.013737
5.028245 0.022054 0.023162
5.027845 -0.011642 0.055633
5.001666 -0.002315 0.045429
4.986083 0.014608 -0.016685
5.080577 0.074260 0.001693
5.020596 0.005156 -0.005458
5.008589 0.003782 -0.040620
5.012891 0.003731 0.014366
5.002674 -0.005810 0.031247
5.020994 0.046881 0.019842
4.999072 0.023503 -0.054418
5.068110 0.013231 0.070534
4.978920 -0.028529 0.015975
5.015876 0.015147 0.010575
4.986156 -0.039561 0.013495
4.966522 -0.036310 -0.006419
5.017920 0.064633 0.034378
5.047997 0.024610 0.016006
5.080174 -0.034686 -0.007397
4.994945 0.031807 -0.024363
5.027903 0.022389 0.029400
5.028857 0.051150 0.003524
5.020905 -0.017096 -0.023944
5.057945 -0.019364 0.024239
5.020931 0.040249 -0.044746
5.031736 0.003259 -0.012997
4.997475 0.036103 0.026937
5.001162 -0.029173 -0.027056
5.027591 -0.033332 0.001455
5.085432 0.018787 0.027267
4.973169 -0.031819 0.028875
4.996529 0.040209 0.009294
5.111691 -0.009170 0.016674
4.981176 0.038962 0.021215
4.979164 -0.001519 0.049155
5.045551 -0.034432 -0.005979
5.062642 0.002985 0.013503
5.038808 -0.031965 -0.020191
4.998289 0.044139 0.038593
5.029593 0.003825 0.041887
5.003421 0.025339 0.035361
5.058905 0.006310 -0.002878
5.046852 0.049156 -0.008301
4.974849 0.044571 -0.041252
4.957216 -0.000049 0.008073
4.973201 0.011656 0.012994
4.990588 0.066004 0.017893
5.038855 -0.038686 -0.038945
5.018802 0.060646 -0.025298
5.009301 -0.032053 -0.016559
5.010793 -0.009778 -0.034166
4.965162 -0.051580 0.019298
5.022927 0.022777 -0.022275
5.035179 0.026203 0.005219
5.000295 -0.014473 0.010765
5.053517 0.039136 -0.002686
5.021159 -0.028043 0.026902
4.980074 0.025708 0.094072
4.987900 0.092684 0.019719
4.982511 -0.018864 0.075949
5.019790 -0.011985 -0.001104
5.017923 0.004738 0.015377
5.058208 -0.028839 0.024339
5.002813 -0.009971 0.037165
4.961157 -0.065993 0.011736
5.000855 -0.035585 -0.046317
5.062919 0.018890 0.005589
5.070857 0.035662 0.058078
4.969601 -0.031522 0.023512
5.017435 0.042490 -0.043924
5.026108 0.034678 0.033085
4.992799 0.020558 -0.018270
4.996212 -0.026288 -0.017760
4.997771 -0.009728 -0.017764
4.966012 0.063833 -0.010017
5.014899 -0.047769 0.045729
5.010015 -0.008316 -0.008054
5.031082 -0.083593 -0.019726
5.001427 0.001082 0.080159
4.994872 0.034707 0.059350
5.025118 -0.015214 -0.033535
5.027363 0.054351 0.021379
5.042003 0.082758 0.030121
4.971981 0.006532 0.046106
4.997537 0.050171 0.002992
5.015030 -0.005522 0.009786
5.011373 -0.043256 -0.008248
4.968004 -0.007213 -0.018855
5.035355 0.035702 0.021809
4.966971 0.002056 -0.035416
5.000581 0.024423 0.034763
5.019185 0.042754 0.012793
4.997993 0.031210 0.032194
4.989275 0.016369 -0.003829
4.944742 0.018203 -0.033836
5.014847 -0.041059 -0.016590
4.991992 0.041052 -0.011005
4.972751 0.015930 -0.001509
5.028717 -0.025356 0.011326
5.079087 -0.002178 0.010602
4.955169 -0.020589 0.018792
4.995103 0.023433 0.017748
4.965459 0.035459 -0.032281
4.982052 0.011885 0.052011
4.974884 0.009431 0.009681
5.024721 0.040521 -0.007122
5.035355 0.044910 0.058519
5.020058 0.009723 -0.009238
4.961230 -0.003339 0.008370
5.001715 0.022932 -0.038625
4.999541 0.064843 0.034868
5.023486 0.016720 -0.005963
4.952378 0.018714 -0.068453
4.995233 0.004890 -0.008416
5.070141 0.059730 0.035984
4.977240 0.062642 0.023569
4.976741 0.005982 0.033757
4.987034 0.009216 0.014494
4.971974 -0.003103 -0.025764
5.031060 -0.022242 0.013754
4.963295 -0.029003 -0.030456
4.996313 0.010411 0.015943
4.951833 -0.000059 -0.017517
5.021025 -0.003029 0.002575
4.982652 0.056739 -0.033507
4.993008 0.008228 -0.002541
4.982082 -0.049351 -0.015745
4.976218 0.055377 0.072941
5.003476 -0.037143 0.027141
4.975568 -0.011475 -0.013865
4.989985 -0.005642 -0.034405
4.983940 0.035598 0.003993
5.008759 -0.061967 0.033434
4.984434 0.038719 0.009628
4.988138 -0.045334 0.070245
5.029097 0.030892 0.059565
5.011723 0.045572 -0.009357
5.027127 -0.013903 -0.010116
5.007910 -0.033022 0.014883
4.995641 -0.054627 -0.008730
4.994648 0.030585 0.013556
5.048424 0.020603 -0.011619
5.003249 -0.005441 0.019639
5.006795 -0.013857 0.005258
5.018835 -0.025193 0.014510
4.957640 0.038167 0.020815
5.053878 -0.028498 0.039004
5.033073 -0.000467 -0.006299
4.972446 -0.035374 -0.017537
4.967327 0.052872 -0.040062
5.009467 0.018071 0.015725
5.018359 0.033392 -0.008378
5.007627 -0.003807 0.044076
5.067996 -0.030818 -0.055933
5.022074 0.037111 0.063709
5.027137 0.046873 0.054802
5.048943 0.031435 -0.033466
5.004749 0.014001 0.002006
5.003857 0.052017 -0.017705
5.028972 0.014493 -0.020726
4.972702 -0.046039 0.019567
5.003103 -0.019773 -0.051283
5.017981 -0.000212 -0.016411
4.976079 -0.002157 0.019100
4.995101 -0.030656 0.003256
5.036366 0.006208 0.007053
4.995230 -0.021690 -0.022687
4.955144 0.040437 0.018874
5.007475 0.013867 0.015186
4.982964 -0.004758 -0.009226
5.080343 0.035606 0.010036
5.045980 0.042191 -0.036416
4.998314 0.004510 0.023346
4.998280 0.002044 -0.008840
5.036468 -0.038300 -0.007821
4.949690 -0.025889 0.014515
5.015085 -0.004396 0.038720
5.045621 0.002923 0.012513
4.991424 0.023807 -0.030822
5.058875 0.039200 -0.030968
4.981329 0.017637 -0.005148
5.021338 -0.005782 0.050744
5.005249 0.077617 0.023080
4.964518 0.067595 0.037960
5.016404 0.024399 -0.030671
4.950869 0.003748 0.046363
5.016871 0.056275 0.044637
5.005618 0.040513 0.050678
5.002595 -0.001413 0.009214
4.932643 0.013413 0.026613
5.009335 0.015340 0.003696
4.945089 0.054878 -0.006035
4.986467 0.045739 0.034361
5.013192 0.028081 -0.029650
5.002573 0.043844 -0.015314
4.975050 0.007358 0.008062
5.024427 -0.036345 -0.071481
5.032637 -0.027489 -0.013300
4.939503 0.035687 0.015510
5.014306 0.014104 -0.056805
4.975445 -0.008552 -0.017462
4.996855 0.012386 0.035193
4.960594 0.004735 0.026346
4.977278 -0.000785 0.018997
5.005336 0.025226 0.007841
4.995644 -0.030181 0.012415
5.007999 -0.024785 0.022462
5.043038 -0.014803 -0.016829
4.982076 -0.045360 0.065134
4.991533 -0.020754 -0.028803
4.993361 -0.015856 0.048142
4.967538 -0.041156 0.021554
5.001784 -0.001688 0.021789
5.009101 0.003595 -0.037169
4.954957 -0.016013 -0.027531
5.013076 -0.048961 -0.008415
4.999808 0.003810 0.016969
4.995204 -0.015025 0.042334
4.995399 0.047574 -0.004754
5.004512 0.000838 0.011937
4.992405 0.007884 0.050924
5.036466 0.036672 -0.035258
4.969596 0.011533 0.028122
4.989426 -0.015928 0.046815
4.025576 0.486740 -0.008244
3.989399 0.483467 -0.002882
3.986674 0.427604 -0.010339
4.031253 0.409710 0.023872
3.983753 0.448691 0.000613
3.998378 0.446386 -0.008331
3.987857 0.494593 0.005751
4.001222 0.435660 -0.007238
3.985765 0.477960 -0.017608
3.937613 0.456749 -0.003382
3.987426 0.482347 -0.077006
4.052287 0.486640 -0.013842
3.991476 0.470132 0.020936
3.985984 0.406497 0.068411
4.033684 0.459706 0.010273
4.023640 0.477232 -0.057591
3.994474 0.441355 0.000157
4.028124 0.401298 -0.035474
3.984548 0.459630 0.029964
4.053940 0.446409 0.029914
4.026305 0.471250 0.004272
3.993014 0.423038 -0.028948
4.015412 0.453367 -0.007465
4.024944 0.448985 -0.022395
3.997005 0.479619 -0.025705
4.011278 0.453337 -0.017824
3.996199 0.407850 0.008289
3.964058 0.487173 0.002241
3.987846 0.489817 -0.025955
3.982570 0.400123 0.044285
4.061186 0.404792 -0.019473
4.007094 0.439529 0.004061
4.001472 0.467227 -0.023829
4.010780 0.421516 -0.007356
3.952897 0.442864 -0.012182
4.033307 0.453222 0.008675
4.004326 0.391127 -0.054908
3.995440 0.463357 -0.002046
3.979078 0.447791 -0.004813
4.028370 0.476691 -0.011602
4.003502 0.463286 0.017739
4.054578 0.454156 0.040062
3.970198 0.435870 -0.059075
4.009539 0.474426 -0.071662
4.010649 0.473126 0.021417
3.969124 0.478194 0.005279
4.022731 0.451224 0.016431
4.038277 0.448879 0.013523
4.042493 0.451003 -0.028762
4.025281 0.498046 0.043664
4.026450 0.384675 -0.014075
3.987462 0.456346 0.055648
3.972584 0.522266 -0.006470
3.981993 0.480356 0.032729
4.024498 0.431916 0.020061
3.973993 0.431083 0.002154
3.980401 0.486582 -0.012345
3.998386 0.428594 0.036128
3.985016 0.489260 0.037056
3.991622 0.455890 -0.009211
4.021372 0.449166 -0.007524
4.006385 0.407534 0.002725
4.024488 0.459142 0.033550
3.993681 0.441221 -0.028520
3.992828 0.513977 0.013266
3.987434 0.424816 -0.042956
3.980088 0.477776 -0.007811
3.976255 0.429554 0.024484
4.002562 0.436184 -0.004252
4.071176 0.491589 0.049059
3.952437 0.450467 -0.014344
4.021315 0.486794 0.014793
3.978826 0.435170 0.023617
4.026602 0.459229 0.008894
4.006504 0.463073 0.026479
4.023905 0.455708 0.003529
4.002381 0.431590 -0.018791
4.021319 0.433614 0.029418
4.003460 0.479588 0.024109
4.030288 0.440709 0.017267
4.027137 0.408460 0.056051
4.072979 0.483419 0.029176
4.022663 0.445297 0.001695
4.033932 0.425803 -0.026822
3.993080 0.474688 -0.020978
3.998238 0.451800 -0.025356
3.931807 0.424205 0.012827
4.019584 0.469831 0.023287
3.986208 0.429782 0.016252
3.998647 0.482212 0.016441
4.043515 0.441034 0.037026
4.066040 0.456612 0.019979
3.977084 0.481822 0.038872
3.990166 0.472585 0.013414
4.016724 0.479361 0.020567
4.000830 0.479999 0.038356
3.988374 0.454946 -0.048061
4.022508 0.491694 -0.002719
4.009003 0.448394 -0.006517
4.011965 0.431473 -0.002058
3.977863 0.472672 0.012177
3.992063 0.456112 -0.001622
4.039317 0.441770 0.024051
3.983844 0.479427 0.036119
4.037535 0.499131 0.013773
4.042138 0.503725 -0.028662
3.986903 0.410129 0.036834
3.959744 0.401605 -0.027922
3.952851 0.463165 -0.027536
3.954292 0.453744 0.005513
3.948907 0.433589 0.002761
3.994295 0.445116 0.040379
4.069396 0.445601 -0.034656
3.997963 0.460829 0.003402
4.023321 0.521357 -0.046394
3.989788 0.501234 -0.010661
4.028685 0.473927 0.042106
4.062400 0.464992 -0.047375
3.983988 0.520582 -0.037426
4.019904 0.379565 -0.035537
4.031608 0.456079 -0.006293
3.980569 0.395104 0.025802
3.996506 0.409344 0.005906
4.022437 0.448980 0.008480
4.006144 0.433796 0.006628
4.027057 0.486039 0.028722
3.984747 0.474086 0.018964
3.983709 0.441071 0.025391
4.046307 0.400650 0.054202
4.039925 0.460974 -0.002221
4.016713 0.435783 -0.000331
3.960749 0.402754 0.074969
4.006892 0.461111 0.004078
3.980167 0.445788 0.007736
3.999101 0.432434 0.019385
4.010651 0.466787 0.026151
3.999884 0.449933 0.049474
3.976680 0.398791 0.021666
3.986119 0.422679 0.031557
4.000657 0.417093 0.063048
3.956679 0.452400 -0.051678
4.013120 0.435767 0.029578
4.004478 0.495518 -0.007891
3.956864 0.462125 -0.002577
3.950422 0.423339 -0.017114
4.051662 0.476223 -0.005432
4.019126 0.393816 -0.011947
4.017030 0.459961 -0.011181
4.003851 0.465143 0.004719
4.030830 0.464561 0.020337
4.056407 0.479825 0.057229
3.984843 0.407228 0.000792
3.998232 0.498782 -0.028901
4.002634 0.467155 0.008003
3.999854 0.465757 0.037373
4.051072 0.455984 -0.019475
4.051036 0.422671 0.058717
4.045324 0.499682 0.025562
3.941625 0.423826 0.014207
3.984731 0.445542 0.023384
3.999901 0.418429 0.031570
4.020447 0.447530 0.026338
4.007851 0.494941 0.009536
4.044718 0.398790 0.018777
3.993064 0.429228 0.039755
4.031673 0.394806 0.026465
4.022824 0.433308 -0.020059
3.957283 0.444874 -0.000325
4.028910 0.463081 -0.026797
4.012166 0.447379 -0.023045
3.957315 0.473744 0.018392
4.021703 0.433153 0.010132
3.963739 0.425403 0.006012
4.012871 0.406135 -0.026726
3.994038 0.483756 -0.019393
4.009217 0.462362 -0.002491
4.013041 0.414652 -0.014674
4.048031 0.500143 0.030288
4.038012 0.400223 -0.023461
3.995667 0.527469 -0.004393
4.027347 0.466351 0.015684
4.004294 0.418999 -0.076035
4.043455 0.436505 -0.051013
4.018139 0.467564 0.028037
4.038471 0.427430 -0.021249
3.995439 0.479649 -0.058079
4.008846 0.482964 0.031726
4.026257 0.486890 -0.077415
4.053404 0.464912 0.045040
3.969761 0.402385 0.058591
3.977204 0.445675 0.020824
4.028187 0.487352 0.011702
3.973371 0.476199 0.026677
3.950549 0.497561 -0.069612
4.036032 0.435977 0.026165
4.020306 0.453886 0.018533
4.002407 0.476419 0.070558
3.964763 0.359356 -0.007470
3.990479 0.443673 -0.022793
4.031173 0.413560 0.018523
4.024154 0.464494 0.019614
4.033478 0.456607 -0.005395
4.019591 0.473011 0.031690
3.953628 0.449494 -0.026961
4.021829 0.476801 -0.003232
3.983122 0.472909 0.001003
4.047794 0.508189 0.035021
4.011980 0.509767 0.012222
3.990624 0.434740 -0.016105
4.004809 0.468893 -0.037455
3.991532 0.461386 0.024309
4.004222 0.462335 -0.032156
3.977646 0.453174 0.020317
4.011939 0.429535 -0.002097
4.050355 0.471328 0.000124
3.974225 0.433599 0.005198
4.013278 0.471967 0.016640
3.993893 0.439667 0.066410
3.988306 0.416249 -0.044162
3.994404 0.483200 -0.012278
4.049325 0.454782 0.038287
3.982268 0.432733 0.007731
4.019477 0.449631 0.013774
4.022655 0.412385 -0.005228
3.989440 0.440896 0.017206
3.989856 0.394848 -0.002096
3.973068 0.469890 0.029171
3.939755 0.431773 0.015601
3.962734 0.478480 0.036479
4.000140 0.431783 -0.064317
4.029421 0.515076 0.058870
3.999151 0.422220 0.030129
4.001194 0.469344 0.014083
4.007790 0.485855 0.036970
3.989319 0.427307 -0.069973
3.994615 0.422200 0.017576
3.994924 0.448177 0.029359
4.016918 0.451499 0.055593
4.027144 0.442524 -0.006138
4.028651 0.461085 -0.028635
4.031841 0.492717 0.040442
4.051282 0.517076 0.056899
4.015220 0.448747 -0.049888
4.005326 0.470574 0.006307
3.948353 0.446401 0.024360
3.974223 0.459971 0.017949
4.038539 0.506378 -0.006335
4.010513 0.461452 0.024481
4.021122 0.497750 -0.064939
4.017541 0.469622 -0.002057
3.937080 0.453170 -0.016317
4.055339 0.466259 -0.018865
3.943421 0.472719 0.025884
3.998527 0.473110 -0.005448
4.037016 0.484781 -0.044168
3.963144 0.515938 0.032966
3.967129 0.407889 0.011233
3.970731 0.445499 0.003582
4.002287 0.488796 0.060043
3.990632 0.421080 0.016665
4.053944 0.442904 0.030511
3.979886 0.455638 -0.029858
4.005325 0.451506 0.023244
4.058342 0.443333 -0.054992
3.998937 0.463980 0.011057
4.000277 0.499631 0.009086
4.001856 0.431669 -0.047401
4.014877 0.462363 -0.026780
4.003669 0.450684 -0.013735
3.981201 0.467152 -0.001774
3.987270 0.429150 0.001100
4.032735 0.461199 -0.002114
4.014255 0.495932 0.019712
4.012806 0.474156 0.000260
4.010522 0.440331 -0.041517
4.015285 0.465400 -0.003631
4.036075 0.433352 -0.048142
3.984087 0.408772 0.015141
3.982438 0.484541 0.033914
3.977251 0.430757 0.021033
4.034395 0.394621 0.013450
3.939072 0.438545 0.037810
4.095293 0.447835 -0.032413
3.989595 0.456982 -0.015107
3.977255 0.442194 0.016867
3.999918 0.428552 -0.015102
3.992584 0.425017 -0.016214
4.024309 0.448090 -0.047605
4.035748 0.467502 -0.036494
3.994039 0.431237 0.025307
3.993850 0.452817 -0.000676
3.960596 0.497162 0.024870
3.982578 0.460756 0.034224
4.006672 0.501703 0.092536
4.001216 0.437524 -0.024682
3.938593 0.492444 -0.005605
4.031261 0.487294 -0.027429
3.977076 0.507341 0.002898
3.985191 0.423645 0.000756
4.050237 0.475563 0.010453
4.052656 0.496873 0.015024
4.088284 0.447577 0.037941
3.993210 0.482085 -0.002452
4.018841 0.526704 0.033556
4.019305 0.431759 0.010647
3.974760 0.481609 0.030856
3.999611 0.504906 0.050687
4.009489 0.471965 -0.012654
3.996835 0.422660 -0.009350
4.001868 0.405189 0.022304
4.035664 0.454762 -0.075917
3.997410 0.413198 -0.013289
4.048558 0.381966 -0.019491
4.029887 0.433942 -0.018353
4.065972 0.466352 0.033029
4.019840 0.459851 0.042921
4.062160 0.404494 0.003940
4.003704 0.442122 0.034432
4.012707 0.512764 0.038008
4.045941 0.419025 -0.019183
3.983289 0.494694 -0.024015
3.976862 0.421359 0.087591
4.000733 0.470897 -0.029219
4.033778 0.401790 -0.024370
3.983059 0.461566 -0.018792
4.050720 0.470097 -0.015688
4.034929 0.443201 -0.012713
4.031874 0.381415 0.027045
3.983607 0.433562 0.063744
3.989064 0.483677 0.013377
4.016490 0.447484 -0.004081
4.050840 0.482914 -0.009990
3.973624 0.437466 0.034445
4.040361 0.471648 -0.043503
4.027613 0.494107 0.010207
4.064394 0.415371 0.025544
3.974393 0.486756 0.023386
4.059041 0.469991 -0.007120
3.990268 0.447495 -0.010322
4.045413 0.493269 -0.039897
4.006151 0.456875 -0.018439
4.018147 0.498826 0.031754
4.045412 0.433446 0.006095
3.982031 0.462183 0.014884
4.033795 0.494405 0.025669
3.979195 0.414435 0.020601
4.050016 0.454256 -0.040822
4.067543 0.469682 0.010134
3.969961 0.455486 0.025607
4.020091 0.434603 0.003288
3.986520 0.504925 0.031846
3.989270 0.419946 0.013334
3.990215 0.442451 -0.029056
3.974658 0.459880 -0.003006
4.079895 0.472828 -0.029551
3.958931 0.466945 -0.006906
4.044944 0.463456 -0.054476
3.974417 0.434742 0.018261
3.973417 0.459585 -0.035084
4.005186 0.466101 0.048845
4.012367 0.430498 0.049790
3.999505 0.478207 -0.013387
4.007723 0.430962 0.014668
4.029115 0.440156 -0.011530
4.015705 0.430250 -0.040538
4.015596 0.451769 0.001134
4.020632 0.474823 0.000170
3.971320 0.435842 0.022549
4.009092 0.438507 -0.018532
4.023535 0.448350 0.027582
4.031380 0.445615 0.033489
4.009152 0.463033 -0.060662
3.975872 0.427499 -0.004560
4.008431 0.459658 0.013572
3.984452 0.475741 0.059279
3.994400 0.435090 -0.015560
4.007564 0.439227 -0.046910
3.961297 0.485606 0.043454
4.052997 0.461789 -0.024727
3.991860 0.410258 -0.040897
4.012658 0.471170 0.063751
4.002507 0.414265 0.001342
3.996526 0.440263 0.015312
3.968566 0.458922 0.024547
4.047592 0.464311 0.036294
3.991683 0.445871 0.045435
3.963852 0.442906 0.038853
3.998667 0.446432 -0.002960
4.008515 0.487583 0.032727
4.005344 0.487772 0.015254
4.030774 0.424149 0.057157
4.011606 0.372551 0.054786
4.005152 0.443135 -0.013170
4.018185 0.428348 -0.012307
3.988414 0.446233 -0.010456
4.030584 0.463132 0.016791
4.023318 0.452207 -0.025609
4.059155 0.482826 0.053385
4.036036 0.441189 -0.065439
3.968127 0.474096 0.001948
3.992405 0.380133 0.004606
3.972547 0.433269 0.030503
3.974126 0.426989 0.010567
4.031171 0.442919 0.049016
3.966640 0.411378 -0.041179
3.955434 0.465096 -0.024334
3.962694 0.466394 0.029718
4.036526 0.481259 -0.022543
4.013283 0.469906 -0.009246
4.009943 0.417451 -0.013828
4.016154 0.500226 0.039543
4.024826 0.457391 0.002743
3.961572 0.429935 -0.019086
4.022243 0.483348 0.027097
4.040480 0.457168 -0.024488
4.003502 0.433255 0.024736
3.994227 0.452044 0.025809
3.982767 0.483919 -0.035428
4.014197 0.452273 0.029820
3.963769 0.409076 0.027501
3.993272 0.452276 -0.014792
4.032384 0.463976 0.012220
3.969911 0.470045 -0.024766
3.985243 0.414040 0.000304
4.036934 0.461801 -0.008255
4.008274 0.458108 0.006982
4.010320 0.423800 0.008196
3.952343 0.472269 -0.028082
4.040328 0.381643 0.055233
3.955823 0.419002 0.013972
4.023561 0.446498 0.031778
3.981103 0.443009 -0.004062
3.988848 0.396975 0.004260
4.001550 0.487345 -0.033578
3.985818 0.491105 0.013799
4.021481 0.468603 0.018736
4.059631 0.457746 -0.025340
4.024164 0.438003 0.001702
4.016105 0.430359 -0.010309
4.019275 0.438541 0.034202
3.975415 0.425314 0.062182
3.959093 0.454199 0.060545
4.004142 0.495403 0.024574
4.004784 0.451081 -0.058580
3.995427 0.461967 0.011950
4.078976 0.463429 0.023904
4.039949 0.471215 0.002419
4.002564 0.444480 0.018326
3.999890 0.473748 -0.025273
4.009405 0.501562 -0.001739
4.060290 0.459910 0.003305
4.008499 0.445657 -0.054417
4.031405 0.520781 0.019413
4.021240 0.449522 0.039734
4.003822 0.463017 -0.041956
3.989120 0.466021 0.032216
4.033048 0.407625 -0.039333
4.022524 0.432596 0.031838
3.956095 0.452048 0.003973
4.019414 0.424065 -0.054003
4.010138 0.470793 0.035224
3.994243 0.478270 0.019573
4.044672 0.453338 -0.046897
4.002970 0.457654 0.020546
3.959020 0.445639 0.031043
4.001877 0.445828 0.062190
3.972900 0.491995 0.035637
3.998245 0.454013 0.003906
4.010458 0.437164 -0.007844
3.994343 0.445301 -0.004323
3.937775 0.457929 -0.010824
3.948996 0.444498 -0.006429
4.043257 0.438823 0.025034
4.046484 0.436158 0.003575
4.056861 0.461869 0.016212
3.992782 0.475612 0.003811
3.950037 0.444343 -0.030495
4.008367 0.427495 0.019344
4.006343 0.417560 -0.009776
4.023617 0.489440 -0.022073
3.972077 0.513530 0.004707
4.007744 0.432818 0.011457
4.056453 0.462631 0.036949
4.005870 0.424226 -0.015497
3.971466 0.461534 0.041717
4.009830 0.445767 -0.018689
4.015663 0.417856 -0.029023
4.032005 0.446668 -0.003924
3.999928 0.476776 0.009965
3.982708 0.433787 -0.000853
4.014067 0.453935 0.001265
4.006389 0.453913 -0.018411
4.038212 0.440531 0.008877
3.943190 0.448545 -0.027988
3.975629 0.527666 0.012486
4.041781 0.480659 0.034497
3.999028 0.503192 0.030401
4.006240 0.462899 0.000898
4.006567 0.453692 0.016446
4.057199 0.418844 0.039271
3.993953 0.493090 -0.005003
4.017383 0.450235 -0.046918
4.057169 0.426717 0.007516
3.973427 0.414890 -0.001148
3.987195 0.419936 0.003937
3.960543 0.458764 0.001180
3.930588 0.439307 0.019052
3.973094 0.470354 0.017980
3.974468 0.454632 0.029750
3.978707 0.448826 0.039507
3.979271 0.468775 -0.027376
4.000171 0.468402 -0.067136
3.988970 0.467880 0.011775
3.989329 0.421863 0.023854
3.995328 0.471360 0.016407
3.991577 0.487177 -0.012828
4.040714 0.494639 0.036503
3.999583 0.531412 0.009555
4.012232 0.454338 -0.028893
4.043852 0.437828 0.032588
4.039787 0.473100 -0.015759
3.994768 0.374688 0.001506
4.029081 0.447875 -0.012702
