{
  "dataset": "ch4_rf_2d_positioning",
  "preset": "optimal",
  "geometry": {
    "type": "optimal",
    "num_beacons": 4,
    "area_size_m": 20.0
  },
  "trajectory": {
    "type": "grid",
    "num_points": 100
  },
  "measurements": {
    "toa_noise_std_m": 0.1,
    "tdoa_noise_std_m": 0.1,
    "aoa_noise_std_deg": 2.0
  },
  "nlos": {
    "enabled": false,
    "beacon_indices": [],
    "bias_m": 0.0
  },
  "dop": {
    "toa": {
      "mean": 1.0193490627190913,
      "min": 1.0000980986200851,
      "max": 1.0688183597827718
    },
    "tdoa": {
      "mean": 1.0891930437738122,
      "min": 0.8129881360873321,
      "max": 2.1149176841596615
    },
    "aoa": {
      "mean": 11.535332314551304,
      "min": 9.817492271027291,
      "max": 13.411265984749894
    }
  },
  "performance": {
    "toa_error_mean_m": 0.10489347297050827,
    "tdoa_error_mean_m": 8.574911745437058e+16,
    "aoa_error_mean_m": 0.33635545501930514
  },
  "equations": [
    "4.1-4.3",
    "4.27-4.33",
    "4.63-4.66",
    "4.5 (DOP)"
  ],
  "seed": 42
}